Method,PixelsOccluded,LogitDrop,QueryLogit,InstanceIdx,NumSpOccluded,TotalSPs,SLICSegments,AreaPercent,Logit,ClassSame,QueryProb,Prob,ProbDrop,Dist_NN_CCR
Superpixel,4631,1.0154085159301758,13.099201202392578,0,1,7,10,9.22951211734694,,,,,,
CAM,4631,3.684439659118652,13.099201202392578,0,1,7,10,9.22951211734694,,,,,,
FAM,4631,4.231425285339356,13.099201202392578,0,1,7,10,9.22951211734694,,,,,,
Random,4631,9.176743745803831,13.099201202392578,0,1,7,10,9.22951211734694,,,,,,
Superpixel,6118,-1.1006107330322266,14.3037748336792,1,1,7,10,12.193080357142858,,,,,,
CAM,6118,6.143963813781738,14.3037748336792,1,1,7,10,12.193080357142858,,,,,,
FAM,6118,5.071535110473633,14.3037748336792,1,1,7,10,12.193080357142858,,,,,,
Random,6118,4.847952842712402,14.3037748336792,1,1,7,10,12.193080357142858,,,,,,
Superpixel,7717,1.64508056640625,9.7085542678833,2,1,8,10,15.37986288265306,,,,,,
CAM,7717,0.967082977294922,9.7085542678833,2,1,8,10,15.37986288265306,,,,,,
FAM,7717,3.225548267364502,9.7085542678833,2,1,8,10,15.37986288265306,,,,,,
Random,7717,4.002347469329834,9.7085542678833,2,1,8,10,15.37986288265306,,,,,,
Superpixel,6287,3.5331106185913086,12.617070198059082,3,1,9,10,12.529894770408164,,,,,,
CAM,6287,4.417150497436523,12.617070198059082,3,1,9,10,12.529894770408164,,,,,,
FAM,6287,2.171438217163086,12.617070198059082,3,1,9,10,12.529894770408164,,,,,,
Random,6287,0.1421375274658203,12.617070198059082,3,1,9,10,12.529894770408164,,,,,,
Superpixel,7898,0.2211227416992187,13.0728178024292,4,1,6,10,15.740593112244897,,,,,,
CAM,7898,4.699176788330078,13.0728178024292,4,1,6,10,15.740593112244897,,,,,,
FAM,7898,3.157657623291016,13.0728178024292,4,1,6,10,15.740593112244897,,,,,,
Random,7898,2.52444839477539,13.0728178024292,4,1,6,10,15.740593112244897,,,,,,
Superpixel,7329,1.7667622566223145,6.779087066650391,5,1,6,10,14.606584821428571,,,,,,
CAM,7329,2.1696434020996094,6.779087066650391,5,1,6,10,14.606584821428571,,,,,,
FAM,7329,0.4507126808166504,6.779087066650391,5,1,6,10,14.606584821428571,,,,,,
Random,7329,2.94883131980896,6.779087066650391,5,1,6,10,14.606584821428571,,,,,,
Superpixel,4627,-0.3838977813720703,14.718029975891112,6,1,9,10,9.221540178571429,,,,,,
CAM,4627,12.179214000701904,14.718029975891112,6,1,9,10,9.221540178571429,,,,,,
FAM,4627,3.3703203201293945,14.718029975891112,6,1,9,10,9.221540178571429,,,,,,
Random,4627,4.5229692459106445,14.718029975891112,6,1,9,10,9.221540178571429,,,,,,
Superpixel,9906,3.389802932739258,14.793753623962402,7,1,7,10,19.74250637755102,,,,,,
CAM,9906,9.656768321990969,14.793753623962402,7,1,7,10,19.74250637755102,,,,,,
FAM,9906,8.32182502746582,14.793753623962402,7,1,7,10,19.74250637755102,,,,,,
Random,9906,7.532853126525879,14.793753623962402,7,1,7,10,19.74250637755102,,,,,,
Superpixel,6008,0.6046857833862305,11.846647262573242,8,1,9,10,11.973852040816327,,,,,,
CAM,6008,7.545875549316406,11.846647262573242,8,1,9,10,11.973852040816327,,,,,,
FAM,6008,9.889888405799866,11.846647262573242,8,1,9,10,11.973852040816327,,,,,,
Random,6008,4.8505048751831055,11.846647262573242,8,1,9,10,11.973852040816327,,,,,,
Superpixel,9590,0.6670856475830078,15.714459419250488,9,1,9,10,19.112723214285715,,,,,,
CAM,9590,11.727582931518556,15.714459419250488,9,1,9,10,19.112723214285715,,,,,,
FAM,9590,9.830785274505615,15.714459419250488,9,1,9,10,19.112723214285715,,,,,,
Random,9590,0.4906997680664062,15.714459419250488,9,1,9,10,19.112723214285715,,,,,,
Superpixel,8207,-1.0740280151367188,14.797472953796388,10,1,7,10,16.35642538265306,,,,,,
CAM,8207,4.891517639160156,14.797472953796388,10,1,7,10,16.35642538265306,,,,,,
FAM,8207,1.8297624588012693,14.797472953796388,10,1,7,10,16.35642538265306,,,,,,
Random,8207,2.656611442565918,14.797472953796388,10,1,7,10,16.35642538265306,,,,,,
Superpixel,14160,4.931642532348633,15.955321311950684,11,1,8,10,28.22066326530612,,,,,,
CAM,14160,5.76239013671875,15.955321311950684,11,1,8,10,28.22066326530612,,,,,,
FAM,14160,-0.5713071823120117,15.955321311950684,11,1,8,10,28.22066326530612,,,,,,
Random,14160,0.4512186050415039,15.955321311950684,11,1,8,10,28.22066326530612,,,,,,
Superpixel,4648,5.988003253936768,12.503718376159668,12,1,7,10,9.263392857142858,,,,,,
CAM,4648,10.455698251724243,12.503718376159668,12,1,7,10,9.263392857142858,,,,,,
FAM,4648,8.49926233291626,12.503718376159668,12,1,7,10,9.263392857142858,,,,,,
Random,4648,6.669763088226318,12.503718376159668,12,1,7,10,9.263392857142858,,,,,,
Superpixel,5446,0.5474252700805664,12.631207466125488,13,1,7,10,10.853794642857142,,,,,,
CAM,5446,4.511325836181641,12.631207466125488,13,1,7,10,10.853794642857142,,,,,,
FAM,5446,-0.4788274765014648,12.631207466125488,13,1,7,10,10.853794642857142,,,,,,
Random,5446,4.3187456130981445,12.631207466125488,13,1,7,10,10.853794642857142,,,,,,
Superpixel,10181,2.910900115966797,11.779589653015137,14,1,6,10,20.290577168367346,,,,,,
CAM,10181,7.282172203063965,11.779589653015137,14,1,6,10,20.290577168367346,,,,,,
FAM,10181,6.115267276763916,11.779589653015137,14,1,6,10,20.290577168367346,,,,,,
Random,10181,5.669240474700928,11.779589653015137,14,1,6,10,20.290577168367346,,,,,,
Superpixel,5046,-1.2560663223266602,12.841392517089844,15,1,7,10,10.056600765306122,,,,,,
CAM,5046,9.424368858337402,12.841392517089844,15,1,7,10,10.056600765306122,,,,,,
FAM,5046,7.1348090171813965,12.841392517089844,15,1,7,10,10.056600765306122,,,,,,
Random,5046,0.3653993606567383,12.841392517089844,15,1,7,10,10.056600765306122,,,,,,
Superpixel,6301,5.68187952041626,11.09400463104248,16,1,9,10,12.55779655612245,,,,,,
CAM,6301,5.152906894683838,11.09400463104248,16,1,9,10,12.55779655612245,,,,,,
FAM,6301,8.419560194015503,11.09400463104248,16,1,9,10,12.55779655612245,,,,,,
Random,6301,6.831282138824463,11.09400463104248,16,1,9,10,12.55779655612245,,,,,,
Superpixel,4041,0.679286003112793,12.585721015930176,17,1,9,10,8.053651147959185,,,,,,
CAM,4041,6.061122894287109,12.585721015930176,17,1,9,10,8.053651147959185,,,,,,
FAM,4041,-0.0360794067382812,12.585721015930176,17,1,9,10,8.053651147959185,,,,,,
Random,4041,0.383432388305664,12.585721015930176,17,1,9,10,8.053651147959185,,,,,,
Superpixel,8520,-1.7206106185913086,12.694380760192873,18,1,7,10,16.980229591836736,,,,,,
CAM,8520,9.499024391174316,12.694380760192873,18,1,7,10,16.980229591836736,,,,,,
FAM,8520,9.299943923950195,12.694380760192873,18,1,7,10,16.980229591836736,,,,,,
Random,8520,-2.4366455078125,12.694380760192873,18,1,7,10,16.980229591836736,,,,,,
Superpixel,10035,2.79438591003418,12.989941596984863,19,1,7,10,19.999601403061224,,,,,,
CAM,10035,4.505132675170898,12.989941596984863,19,1,7,10,19.999601403061224,,,,,,
FAM,10035,6.540201663970947,12.989941596984863,19,1,7,10,19.999601403061224,,,,,,
Random,10035,5.1741461753845215,12.989941596984863,19,1,7,10,19.999601403061224,,,,,,
Superpixel,4669,5.196030616760254,16.128185272216797,20,1,8,10,9.305245535714286,,,,,,
CAM,4669,11.954273700714111,16.128185272216797,20,1,8,10,9.305245535714286,,,,,,
FAM,4669,10.727136135101318,16.128185272216797,20,1,8,10,9.305245535714286,,,,,,
Random,4669,2.325270652770996,16.128185272216797,20,1,8,10,9.305245535714286,,,,,,
Superpixel,6279,-2.2071638107299805,12.184077262878418,21,1,9,10,12.513950892857142,,,,,,
CAM,6279,6.736898422241211,12.184077262878418,21,1,9,10,12.513950892857142,,,,,,
FAM,6279,2.204472541809082,12.184077262878418,21,1,9,10,12.513950892857142,,,,,,
Random,6279,-0.8936080932617188,12.184077262878418,21,1,9,10,12.513950892857142,,,,,,
Superpixel,7240,5.062136650085449,14.059261322021484,22,1,9,10,14.42920918367347,,,,,,
CAM,7240,10.519123315811155,14.059261322021484,22,1,9,10,14.42920918367347,,,,,,
FAM,7240,10.094237804412842,14.059261322021484,22,1,9,10,14.42920918367347,,,,,,
Random,7240,2.16886043548584,14.059261322021484,22,1,9,10,14.42920918367347,,,,,,
Superpixel,7131,-0.4784803390502929,12.09141731262207,23,1,9,10,14.211973852040815,,,,,,
CAM,7131,10.992818713188171,12.09141731262207,23,1,9,10,14.211973852040815,,,,,,
FAM,7131,11.716011703014374,12.09141731262207,23,1,9,10,14.211973852040815,,,,,,
Random,7131,3.288832664489746,12.09141731262207,23,1,9,10,14.211973852040815,,,,,,
Superpixel,8627,3.450991630554199,12.06894302368164,24,1,8,10,17.19347895408163,,,,,,
CAM,8627,8.409150123596191,12.06894302368164,24,1,8,10,17.19347895408163,,,,,,
FAM,8627,4.42222261428833,12.06894302368164,24,1,8,10,17.19347895408163,,,,,,
Random,8627,6.212156295776367,12.06894302368164,24,1,8,10,17.19347895408163,,,,,,
Superpixel,7024,-0.0047073364257812,9.44813632965088,25,1,9,10,13.99872448979592,,,,,,
CAM,7024,9.499329920858145,9.44813632965088,25,1,9,10,13.99872448979592,,,,,,
FAM,7024,9.396882023662329,9.44813632965088,25,1,9,10,13.99872448979592,,,,,,
Random,7024,4.213328838348389,9.44813632965088,25,1,9,10,13.99872448979592,,,,,,
Superpixel,9052,2.8125925064086914,13.162083625793455,26,1,6,10,18.0404974489796,,,,,,
CAM,9052,9.061494827270508,13.162083625793455,26,1,6,10,18.0404974489796,,,,,,
FAM,9052,11.108596086502075,13.162083625793455,26,1,6,10,18.0404974489796,,,,,,
Random,9052,5.612767219543457,13.162083625793455,26,1,6,10,18.0404974489796,,,,,,
Superpixel,5433,3.9945497512817374,12.336620330810549,27,1,8,10,10.827885841836734,,,,,,
CAM,5433,6.988368511199951,12.336620330810549,27,1,8,10,10.827885841836734,,,,,,
FAM,5433,1.9631452560424805,12.336620330810549,27,1,8,10,10.827885841836734,,,,,,
Random,5433,1.9103460311889648,12.336620330810549,27,1,8,10,10.827885841836734,,,,,,
Superpixel,6196,0.1642532348632812,12.569396018981934,28,1,8,10,12.348533163265303,,,,,,
CAM,6196,10.78867530822754,12.569396018981934,28,1,8,10,12.348533163265303,,,,,,
FAM,6196,-0.2522296905517578,12.569396018981934,28,1,8,10,12.348533163265303,,,,,,
Random,6196,1.8252592086791992,12.569396018981934,28,1,8,10,12.348533163265303,,,,,,
Superpixel,6533,2.170421600341797,11.978230476379396,29,1,8,10,13.020169005102042,,,,,,
CAM,6533,5.821288585662842,11.978230476379396,29,1,8,10,13.020169005102042,,,,,,
FAM,6533,4.030868053436279,11.978230476379396,29,1,8,10,13.020169005102042,,,,,,
Random,6533,3.2515268325805664,11.978230476379396,29,1,8,10,13.020169005102042,,,,,,
Superpixel,8089,0.7481584548950195,9.819235801696776,30,1,8,10,16.121253188775512,,,,,,
CAM,8089,9.377606242895126,9.819235801696776,30,1,8,10,16.121253188775512,,,,,,
FAM,8089,2.487977981567383,9.819235801696776,30,1,8,10,16.121253188775512,,,,,,
Random,8089,1.905388355255127,9.819235801696776,30,1,8,10,16.121253188775512,,,,,,
Superpixel,3554,4.72772216796875,10.437777519226074,31,1,7,10,7.083067602040815,,,,,,
CAM,3554,4.301126956939697,10.437777519226074,31,1,7,10,7.083067602040815,,,,,,
FAM,3554,5.038907527923584,10.437777519226074,31,1,7,10,7.083067602040815,,,,,,
Random,3554,-0.7194232940673828,10.437777519226074,31,1,7,10,7.083067602040815,,,,,,
Superpixel,6275,0.2089595794677734,14.931035041809082,32,1,8,10,12.50597895408163,,,,,,
CAM,6275,7.860325813293457,14.931035041809082,32,1,8,10,12.50597895408163,,,,,,
FAM,6275,5.399017333984375,14.931035041809082,32,1,8,10,12.50597895408163,,,,,,
Random,6275,3.74920654296875,14.931035041809082,32,1,8,10,12.50597895408163,,,,,,
Superpixel,3110,8.333930492401123,16.01531219482422,33,1,9,10,6.198182397959184,,,,,,
CAM,3110,15.657683819532394,16.01531219482422,33,1,9,10,6.198182397959184,,,,,,
FAM,3110,16.34612414240837,16.01531219482422,33,1,9,10,6.198182397959184,,,,,,
Random,3110,3.845709800720215,16.01531219482422,33,1,9,10,6.198182397959184,,,,,,
Superpixel,7914,2.3438267707824707,8.661576271057129,34,1,7,10,15.77248086734694,,,,,,
CAM,7914,1.80739164352417,8.661576271057129,34,1,7,10,15.77248086734694,,,,,,
FAM,7914,0.7699723243713379,8.661576271057129,34,1,7,10,15.77248086734694,,,,,,
Random,7914,3.414475440979004,8.661576271057129,34,1,7,10,15.77248086734694,,,,,,
Superpixel,3427,1.1144332885742188,13.425541877746582,35,1,7,10,6.829958545918367,,,,,,
CAM,3427,11.92528247833252,13.425541877746582,35,1,7,10,6.829958545918367,,,,,,
FAM,3427,10.063617706298828,13.425541877746582,35,1,7,10,6.829958545918367,,,,,,
Random,3427,1.137603759765625,13.425541877746582,35,1,7,10,6.829958545918367,,,,,,
Superpixel,5143,1.6193227767944336,16.96900749206543,36,1,7,10,10.249920280612244,,,,,,
CAM,5143,16.10880732536316,16.96900749206543,36,1,7,10,10.249920280612244,,,,,,
FAM,5143,12.328539848327637,16.96900749206543,36,1,7,10,10.249920280612244,,,,,,
Random,5143,6.039044380187988,16.96900749206543,36,1,7,10,10.249920280612244,,,,,,
Superpixel,6349,0.1265859603881836,13.132783889770508,37,1,7,10,12.653459821428571,,,,,,
CAM,6349,1.9678049087524407,13.132783889770508,37,1,7,10,12.653459821428571,,,,,,
FAM,6349,4.204219818115234,13.132783889770508,37,1,7,10,12.653459821428571,,,,,,
Random,6349,0.6020383834838867,13.132783889770508,37,1,7,10,12.653459821428571,,,,,,
Superpixel,6353,3.521483421325684,10.501419067382812,38,1,7,10,12.66143176020408,,,,,,
CAM,6353,6.836970090866089,10.501419067382812,38,1,7,10,12.66143176020408,,,,,,
FAM,6353,3.577057361602783,10.501419067382812,38,1,7,10,12.66143176020408,,,,,,
Random,6353,2.251852035522461,10.501419067382812,38,1,7,10,12.66143176020408,,,,,,
Superpixel,3260,2.155120849609375,14.97776699066162,39,1,8,10,6.497130102040815,,,,,,
CAM,3260,7.243652820587158,14.97776699066162,39,1,8,10,6.497130102040815,,,,,,
FAM,3260,11.644852638244627,14.97776699066162,39,1,8,10,6.497130102040815,,,,,,
Random,3260,4.858393669128418,14.97776699066162,39,1,8,10,6.497130102040815,,,,,,
Superpixel,9231,7.278129577636719,14.156771659851074,40,1,6,10,18.397241709183675,,,,,,
CAM,9231,6.146015167236328,14.156771659851074,40,1,6,10,18.397241709183675,,,,,,
FAM,9231,7.974488735198975,14.156771659851074,40,1,6,10,18.397241709183675,,,,,,
Random,9231,4.393133163452148,14.156771659851074,40,1,6,10,18.397241709183675,,,,,,
Superpixel,6488,3.425340175628662,9.808170318603516,41,1,7,10,12.93048469387755,,,,,,
CAM,6488,4.45102071762085,9.808170318603516,41,1,7,10,12.93048469387755,,,,,,
FAM,6488,2.308899402618408,9.808170318603516,41,1,7,10,12.93048469387755,,,,,,
Random,6488,1.5880451202392578,9.808170318603516,41,1,7,10,12.93048469387755,,,,,,
Superpixel,8736,3.0219969749450684,6.9113450050354,42,1,9,10,17.410714285714285,,,,,,
CAM,8736,1.3482961654663086,6.9113450050354,42,1,9,10,17.410714285714285,,,,,,
FAM,8736,3.725520133972168,6.9113450050354,42,1,9,10,17.410714285714285,,,,,,
Random,8736,5.738116264343262,6.9113450050354,42,1,9,10,17.410714285714285,,,,,,
Superpixel,15856,2.5148234367370605,8.154461860656738,43,1,7,10,31.600765306122447,,,,,,
CAM,15856,6.179006934165955,8.154461860656738,43,1,7,10,31.600765306122447,,,,,,
FAM,15856,2.6230268478393555,8.154461860656738,43,1,7,10,31.600765306122447,,,,,,
Random,15856,0.9604105949401855,8.154461860656738,43,1,7,10,31.600765306122447,,,,,,
Superpixel,7456,3.9457740783691406,7.419267177581787,44,1,8,10,14.85969387755102,,,,,,
CAM,7456,4.060670137405396,7.419267177581787,44,1,8,10,14.85969387755102,,,,,,
FAM,7456,0.7647910118103027,7.419267177581787,44,1,8,10,14.85969387755102,,,,,,
Random,7456,2.355681896209717,7.419267177581787,44,1,8,10,14.85969387755102,,,,,,
Superpixel,11003,3.352258682250977,16.02260971069336,45,1,6,10,21.92881058673469,,,,,,
CAM,11003,4.771586418151856,16.02260971069336,45,1,6,10,21.92881058673469,,,,,,
FAM,11003,2.905653953552246,16.02260971069336,45,1,6,10,21.92881058673469,,,,,,
Random,11003,5.391477584838867,16.02260971069336,45,1,6,10,21.92881058673469,,,,,,
Superpixel,6294,1.321918487548828,13.61289119720459,46,1,8,10,12.543845663265309,,,,,,
CAM,6294,11.997477531433104,13.61289119720459,46,1,8,10,12.543845663265309,,,,,,
FAM,6294,6.0281758308410645,13.61289119720459,46,1,8,10,12.543845663265309,,,,,,
Random,6294,4.667874336242676,13.61289119720459,46,1,8,10,12.543845663265309,,,,,,
Superpixel,11047,0.0328540802001953,12.235228538513184,47,1,7,10,22.01650191326531,,,,,,
CAM,11047,4.241684436798096,12.235228538513184,47,1,7,10,22.01650191326531,,,,,,
FAM,11047,3.76290225982666,12.235228538513184,47,1,7,10,22.01650191326531,,,,,,
Random,11047,2.847348213195801,12.235228538513184,47,1,7,10,22.01650191326531,,,,,,
Superpixel,17376,1.7690720558166504,6.241652488708496,48,1,8,10,34.630102040816325,,,,,,
CAM,17376,0.9236855506896972,6.241652488708496,48,1,8,10,34.630102040816325,,,,,,
FAM,17376,1.3537836074829102,6.241652488708496,48,1,8,10,34.630102040816325,,,,,,
Random,17376,3.9282190799713135,6.241652488708496,48,1,8,10,34.630102040816325,,,,,,
Superpixel,5394,3.704182147979736,9.01724624633789,49,1,7,10,10.75015943877551,,,,,,
CAM,5394,3.314527034759521,9.01724624633789,49,1,7,10,10.75015943877551,,,,,,
FAM,5394,2.928964138031006,9.01724624633789,49,1,7,10,10.75015943877551,,,,,,
Random,5394,2.130479335784912,9.01724624633789,49,1,7,10,10.75015943877551,,,,,,
Superpixel,9735,3.847512245178223,12.316967964172363,50,1,7,10,19.40170599489796,,,,,,
CAM,9735,10.61290442943573,12.316967964172363,50,1,7,10,19.40170599489796,,,,,,
FAM,9735,8.906935930252075,12.316967964172363,50,1,7,10,19.40170599489796,,,,,,
Random,9735,6.022082328796387,12.316967964172363,50,1,7,10,19.40170599489796,,,,,,
Superpixel,5745,4.3829851150512695,9.366311073303224,51,1,8,10,11.44969706632653,,,,,,
CAM,5745,7.4959036111831665,9.366311073303224,51,1,8,10,11.44969706632653,,,,,,
FAM,5745,7.69385302066803,9.366311073303224,51,1,8,10,11.44969706632653,,,,,,
Random,5745,4.6447954177856445,9.366311073303224,51,1,8,10,11.44969706632653,,,,,,
Superpixel,6201,2.139355659484864,11.969888687133787,52,1,8,10,12.358498086734697,,,,,,
CAM,6201,9.140666246414185,11.969888687133787,52,1,8,10,12.358498086734697,,,,,,
FAM,6201,-0.2655048370361328,11.969888687133787,52,1,8,10,12.358498086734697,,,,,,
Random,6201,2.271492958068848,11.969888687133787,52,1,8,10,12.358498086734697,,,,,,
Superpixel,3120,-0.0153779983520507,8.190380096435547,53,1,8,10,6.218112244897959,,,,,,
CAM,3120,1.8878059387207031,8.190380096435547,53,1,8,10,6.218112244897959,,,,,,
FAM,3120,5.216736555099487,8.190380096435547,53,1,8,10,6.218112244897959,,,,,,
Random,3120,5.091625452041626,8.190380096435547,53,1,8,10,6.218112244897959,,,,,,
Superpixel,3900,5.991286277770996,14.023322105407717,54,1,7,10,7.772640306122448,,,,,,
CAM,3900,8.14686918258667,14.023322105407717,54,1,7,10,7.772640306122448,,,,,,
FAM,3900,0.1041889190673828,14.023322105407717,54,1,7,10,7.772640306122448,,,,,,
Random,3900,1.418050765991211,14.023322105407717,54,1,7,10,7.772640306122448,,,,,,
Superpixel,7937,5.50050163269043,13.847554206848145,55,1,7,10,15.818319515306122,,,,,,
CAM,7937,8.545917510986328,13.847554206848145,55,1,7,10,15.818319515306122,,,,,,
FAM,7937,7.308038711547852,13.847554206848145,55,1,7,10,15.818319515306122,,,,,,
Random,7937,8.247920036315918,13.847554206848145,55,1,7,10,15.818319515306122,,,,,,
Superpixel,5920,-0.1838541030883789,9.499467849731444,56,1,7,10,11.798469387755102,,,,,,
CAM,5920,6.571553945541382,9.499467849731444,56,1,7,10,11.798469387755102,,,,,,
FAM,5920,4.915865421295166,9.499467849731444,56,1,7,10,11.798469387755102,,,,,,
Random,5920,2.7652549743652344,9.499467849731444,56,1,7,10,11.798469387755102,,,,,,
Superpixel,5758,4.31688117980957,15.408567428588867,57,1,8,10,11.47560586734694,,,,,,
CAM,5758,7.897183895111084,15.408567428588867,57,1,8,10,11.47560586734694,,,,,,
FAM,5758,-0.2757072448730469,15.408567428588867,57,1,8,10,11.47560586734694,,,,,,
Random,5758,1.40277099609375,15.408567428588867,57,1,8,10,11.47560586734694,,,,,,
Superpixel,10474,2.450771808624268,7.831768989562988,58,1,7,10,20.874521683673468,,,,,,
CAM,10474,6.072371959686279,7.831768989562988,58,1,7,10,20.874521683673468,,,,,,
FAM,10474,4.95335865020752,7.831768989562988,58,1,7,10,20.874521683673468,,,,,,
Random,10474,4.708120107650757,7.831768989562988,58,1,7,10,20.874521683673468,,,,,,
Superpixel,7024,1.2041730880737305,10.82791805267334,59,1,8,10,13.99872448979592,,,,,,
CAM,7024,0.4222249984741211,10.82791805267334,59,1,8,10,13.99872448979592,,,,,,
FAM,7024,2.026219367980957,10.82791805267334,59,1,8,10,13.99872448979592,,,,,,
Random,7024,-3.054201126098633,10.82791805267334,59,1,8,10,13.99872448979592,,,,,,
Superpixel,10638,6.866365432739258,11.512099266052246,60,1,8,10,21.20137117346939,,,,,,
CAM,10638,6.637863636016846,11.512099266052246,60,1,8,10,21.20137117346939,,,,,,
FAM,10638,2.848631858825684,11.512099266052246,60,1,8,10,21.20137117346939,,,,,,
Random,10638,6.465799331665039,11.512099266052246,60,1,8,10,21.20137117346939,,,,,,
Superpixel,8060,-0.2619819641113281,6.567867755889893,61,1,8,10,16.06345663265306,,,,,,
CAM,8060,-1.3132209777832031,6.567867755889893,61,1,8,10,16.06345663265306,,,,,,
FAM,8060,-1.0889039039611816,6.567867755889893,61,1,8,10,16.06345663265306,,,,,,
Random,8060,-7.442615985870361,6.567867755889893,61,1,8,10,16.06345663265306,,,,,,
Superpixel,4369,8.711913585662842,12.996379852294922,62,1,9,10,8.70735012755102,,,,,,
CAM,4369,7.463759422302246,12.996379852294922,62,1,9,10,8.70735012755102,,,,,,
FAM,4369,3.859719276428223,12.996379852294922,62,1,9,10,8.70735012755102,,,,,,
Random,4369,4.059596061706543,12.996379852294922,62,1,9,10,8.70735012755102,,,,,,
Superpixel,10778,5.092734336853027,13.005719184875488,63,1,6,10,21.480389030612244,,,,,,
CAM,10778,5.046869277954102,13.005719184875488,63,1,6,10,21.480389030612244,,,,,,
FAM,10778,8.475320816040039,13.005719184875488,63,1,6,10,21.480389030612244,,,,,,
Random,10778,6.9850616455078125,13.005719184875488,63,1,6,10,21.480389030612244,,,,,,
Superpixel,3393,8.636514663696289,14.693999290466309,64,1,9,10,6.7621970663265305,,,,,,
CAM,3393,13.813082575798036,14.693999290466309,64,1,9,10,6.7621970663265305,,,,,,
FAM,3393,8.147906303405762,14.693999290466309,64,1,9,10,6.7621970663265305,,,,,,
Random,3393,8.244487762451172,14.693999290466309,64,1,9,10,6.7621970663265305,,,,,,
Superpixel,3897,6.151129722595215,14.149901390075684,65,1,9,10,7.766661352040815,,,,,,
CAM,3897,8.855966567993164,14.149901390075684,65,1,9,10,7.766661352040815,,,,,,
FAM,3897,10.189616441726685,14.149901390075684,65,1,9,10,7.766661352040815,,,,,,
Random,3897,2.155794143676758,14.149901390075684,65,1,9,10,7.766661352040815,,,,,,
Superpixel,13965,10.01494598388672,18.68174362182617,66,1,6,10,27.83203125,,,,,,
CAM,13965,12.54354190826416,18.68174362182617,66,1,6,10,27.83203125,,,,,,
FAM,13965,11.555156707763672,18.68174362182617,66,1,6,10,27.83203125,,,,,,
Random,13965,11.738601684570312,18.68174362182617,66,1,6,10,27.83203125,,,,,,
Superpixel,8367,1.5830750465393066,5.601407051086426,67,1,9,10,16.675302933673468,,,,,,
CAM,8367,1.1127691268920898,5.601407051086426,67,1,9,10,16.675302933673468,,,,,,
FAM,8367,2.320690393447876,5.601407051086426,67,1,9,10,16.675302933673468,,,,,,
Random,8367,-1.01271390914917,5.601407051086426,67,1,9,10,16.675302933673468,,,,,,
Superpixel,10082,3.568103790283203,15.8436918258667,68,1,7,10,20.093271683673468,,,,,,
CAM,10082,5.822446823120117,15.8436918258667,68,1,7,10,20.093271683673468,,,,,,
FAM,10082,8.445475578308105,15.8436918258667,68,1,7,10,20.093271683673468,,,,,,
Random,10082,4.1940507888793945,15.8436918258667,68,1,7,10,20.093271683673468,,,,,,
Superpixel,7994,0.914682388305664,10.574131965637209,69,1,8,10,15.931919642857142,,,,,,
CAM,7994,2.400188446044922,10.574131965637209,69,1,8,10,15.931919642857142,,,,,,
FAM,7994,3.735010147094727,10.574131965637209,69,1,8,10,15.931919642857142,,,,,,
Random,7994,2.535846710205078,10.574131965637209,69,1,8,10,15.931919642857142,,,,,,
Superpixel,7230,2.6611785888671875,10.96778392791748,70,1,9,10,14.409279336734691,,,,,,
CAM,7230,6.6146159172058105,10.96778392791748,70,1,9,10,14.409279336734691,,,,,,
FAM,7230,5.298059940338135,10.96778392791748,70,1,9,10,14.409279336734691,,,,,,
Random,7230,2.2028160095214844,10.96778392791748,70,1,9,10,14.409279336734691,,,,,,
Superpixel,3275,-0.1094827651977539,13.712986946105955,71,1,7,10,6.527024872448979,,,,,,
CAM,3275,1.8571100234985352,13.712986946105955,71,1,7,10,6.527024872448979,,,,,,
FAM,3275,3.4372787475585938,13.712986946105955,71,1,7,10,6.527024872448979,,,,,,
Random,3275,2.015003204345703,13.712986946105955,71,1,7,10,6.527024872448979,,,,,,
Superpixel,4316,0.4394807815551758,7.891994476318359,72,1,6,10,8.60172193877551,,,,,,
CAM,4316,3.7824010848999023,7.891994476318359,72,1,6,10,8.60172193877551,,,,,,
FAM,4316,-0.955571174621582,7.891994476318359,72,1,6,10,8.60172193877551,,,,,,
Random,4316,2.8353004455566406,7.891994476318359,72,1,6,10,8.60172193877551,,,,,,
Superpixel,8817,-0.367741584777832,9.226783752441406,73,1,9,10,17.57214604591837,,,,,,
CAM,8817,5.164856910705566,9.226783752441406,73,1,9,10,17.57214604591837,,,,,,
FAM,8817,4.327136516571045,9.226783752441406,73,1,9,10,17.57214604591837,,,,,,
Random,8817,1.625922679901123,9.226783752441406,73,1,9,10,17.57214604591837,,,,,,
Superpixel,6257,6.588441848754883,13.885249137878418,74,1,7,10,12.470105229591836,,,,,,
CAM,6257,6.527327537536621,13.885249137878418,74,1,7,10,12.470105229591836,,,,,,
FAM,6257,5.182773590087891,13.885249137878418,74,1,7,10,12.470105229591836,,,,,,
Random,6257,5.621112823486328,13.885249137878418,74,1,7,10,12.470105229591836,,,,,,
Superpixel,5121,2.383338928222656,12.7848539352417,75,1,9,10,10.20607461734694,,,,,,
CAM,5121,5.361738204956055,12.7848539352417,75,1,9,10,10.20607461734694,,,,,,
FAM,5121,2.3771352767944336,12.7848539352417,75,1,9,10,10.20607461734694,,,,,,
Random,5121,4.089191436767578,12.7848539352417,75,1,9,10,10.20607461734694,,,,,,
Superpixel,4404,3.43667984008789,14.082791328430176,76,1,8,10,8.777104591836734,,,,,,
CAM,4404,4.518777847290039,14.082791328430176,76,1,8,10,8.777104591836734,,,,,,
FAM,4404,3.5515756607055664,14.082791328430176,76,1,8,10,8.777104591836734,,,,,,
Random,4404,2.307126998901367,14.082791328430176,76,1,8,10,8.777104591836734,,,,,,
Superpixel,5433,0.441319465637207,11.567422866821287,77,1,7,10,10.827885841836734,,,,,,
CAM,5433,4.361038684844971,11.567422866821287,77,1,7,10,10.827885841836734,,,,,,
FAM,5433,4.348394393920898,11.567422866821287,77,1,7,10,10.827885841836734,,,,,,
Random,5433,5.262872219085693,11.567422866821287,77,1,7,10,10.827885841836734,,,,,,
Superpixel,5701,1.812321662902832,9.01831340789795,78,1,8,10,11.36200573979592,,,,,,
CAM,5701,6.15753173828125,9.01831340789795,78,1,8,10,11.36200573979592,,,,,,
FAM,5701,6.316266298294067,9.01831340789795,78,1,8,10,11.36200573979592,,,,,,
Random,5701,3.7556447982788086,9.01831340789795,78,1,8,10,11.36200573979592,,,,,,
Superpixel,7738,3.81254243850708,11.042000770568848,79,1,7,10,15.421715561224488,,,,,,
CAM,7738,9.596808791160583,11.042000770568848,79,1,7,10,15.421715561224488,,,,,,
FAM,7738,9.664064526557922,11.042000770568848,79,1,7,10,15.421715561224488,,,,,,
Random,7738,7.312261581420898,11.042000770568848,79,1,7,10,15.421715561224488,,,,,,
Superpixel,7097,-0.5735836029052734,13.937752723693848,80,1,10,10,14.14421237244898,,,,,,
CAM,7097,6.186907768249512,13.937752723693848,80,1,10,10,14.14421237244898,,,,,,
FAM,7097,4.437824249267578,13.937752723693848,80,1,10,10,14.14421237244898,,,,,,
Random,7097,8.802133083343506,13.937752723693848,80,1,10,10,14.14421237244898,,,,,,
Superpixel,6528,6.060970306396484,15.349525451660156,81,1,8,10,13.010204081632654,,,,,,
CAM,6528,5.477890968322754,15.349525451660156,81,1,8,10,13.010204081632654,,,,,,
FAM,6528,7.940954208374023,15.349525451660156,81,1,8,10,13.010204081632654,,,,,,
Random,6528,10.083805084228516,15.349525451660156,81,1,8,10,13.010204081632654,,,,,,
Superpixel,4923,10.056341648101808,17.41687774658203,82,1,5,10,9.811463647959185,,,,,,
CAM,4923,12.398088455200195,17.41687774658203,82,1,5,10,9.811463647959185,,,,,,
FAM,4923,12.031580924987791,17.41687774658203,82,1,5,10,9.811463647959185,,,,,,
Random,4923,9.78407621383667,17.41687774658203,82,1,5,10,9.811463647959185,,,,,,
Superpixel,3898,8.205784559249878,10.657397270202637,83,1,8,10,7.768654336734694,,,,,,
CAM,3898,7.569268226623535,10.657397270202637,83,1,8,10,7.768654336734694,,,,,,
FAM,3898,0.8138656616210938,10.657397270202637,83,1,8,10,7.768654336734694,,,,,,
Random,3898,3.570499420166016,10.657397270202637,83,1,8,10,7.768654336734694,,,,,,
Superpixel,5503,4.656430244445801,13.52542209625244,84,1,9,10,10.967394770408164,,,,,,
CAM,5503,9.503148078918455,13.52542209625244,84,1,9,10,10.967394770408164,,,,,,
FAM,5503,4.187287330627441,13.52542209625244,84,1,9,10,10.967394770408164,,,,,,
Random,5503,5.927243709564209,13.52542209625244,84,1,9,10,10.967394770408164,,,,,,
Superpixel,3017,8.260403633117676,18.503782272338867,85,1,8,10,6.012834821428571,,,,,,
CAM,3017,11.446062088012695,18.503782272338867,85,1,8,10,6.012834821428571,,,,,,
FAM,3017,5.232598304748535,18.503782272338867,85,1,8,10,6.012834821428571,,,,,,
Random,3017,8.778740882873535,18.503782272338867,85,1,8,10,6.012834821428571,,,,,,
Superpixel,7815,6.043085098266602,15.802794456481934,86,1,8,10,15.57517538265306,,,,,,
CAM,7815,11.072763442993164,15.802794456481934,86,1,8,10,15.57517538265306,,,,,,
FAM,7815,8.2343168258667,15.802794456481934,86,1,8,10,15.57517538265306,,,,,,
Random,7815,5.586795806884766,15.802794456481934,86,1,8,10,15.57517538265306,,,,,,
Superpixel,3390,3.948774337768554,15.148703575134276,87,1,9,10,6.756218112244898,,,,,,
CAM,3390,2.4543285369873047,15.148703575134276,87,1,9,10,6.756218112244898,,,,,,
FAM,3390,3.0946521759033203,15.148703575134276,87,1,9,10,6.756218112244898,,,,,,
Random,3390,2.9956188201904297,15.148703575134276,87,1,9,10,6.756218112244898,,,,,,
Superpixel,5810,-0.3115501403808594,11.899752616882324,88,1,7,10,11.579241071428571,,,,,,
CAM,5810,7.994100570678711,11.899752616882324,88,1,7,10,11.579241071428571,,,,,,
FAM,5810,4.211367130279541,11.899752616882324,88,1,7,10,11.579241071428571,,,,,,
Random,5810,8.037649869918823,11.899752616882324,88,1,7,10,11.579241071428571,,,,,,
Superpixel,6760,1.990827560424805,11.500370025634766,89,1,8,10,13.472576530612246,,,,,,
CAM,6760,5.784032344818115,11.500370025634766,89,1,8,10,13.472576530612246,,,,,,
FAM,6760,4.162781715393066,11.500370025634766,89,1,8,10,13.472576530612246,,,,,,
Random,6760,6.023910999298096,11.500370025634766,89,1,8,10,13.472576530612246,,,,,,
Superpixel,12552,4.674755811691284,6.8654656410217285,90,1,7,10,25.015943877551024,,,,,,
CAM,12552,6.126447319984436,6.8654656410217285,90,1,7,10,25.015943877551024,,,,,,
FAM,12552,6.071156799793243,6.8654656410217285,90,1,7,10,25.015943877551024,,,,,,
Random,12552,4.7817981243133545,6.8654656410217285,90,1,7,10,25.015943877551024,,,,,,
Superpixel,6046,3.3378143310546875,14.688021659851074,91,1,8,10,12.049585459183673,,,,,,
CAM,6046,15.652038991451263,14.688021659851074,91,1,8,10,12.049585459183673,,,,,,
FAM,6046,15.366711795330048,14.688021659851074,91,1,8,10,12.049585459183673,,,,,,
Random,6046,7.23180627822876,14.688021659851074,91,1,8,10,12.049585459183673,,,,,,
Superpixel,7990,7.011144399642944,10.596505165100098,92,1,8,10,15.92394770408163,,,,,,
CAM,7990,8.73085880279541,10.596505165100098,92,1,8,10,15.92394770408163,,,,,,
FAM,7990,8.350460767745972,10.596505165100098,92,1,8,10,15.92394770408163,,,,,,
Random,7990,11.176683127880096,10.596505165100098,92,1,8,10,15.92394770408163,,,,,,
Superpixel,13900,2.4913330078125,13.045243263244627,93,1,8,10,27.70248724489796,,,,,,
CAM,13900,11.80787742137909,13.045243263244627,93,1,8,10,27.70248724489796,,,,,,
FAM,13900,0.8663253784179688,13.045243263244627,93,1,8,10,27.70248724489796,,,,,,
Random,13900,9.586429119110107,13.045243263244627,93,1,8,10,27.70248724489796,,,,,,
Superpixel,6614,-0.2541894912719726,9.30405616760254,94,1,7,10,13.181600765306122,,,,,,
CAM,6614,4.5474534034729,9.30405616760254,94,1,7,10,13.181600765306122,,,,,,
FAM,6614,2.792949676513672,9.30405616760254,94,1,7,10,13.181600765306122,,,,,,
Random,6614,7.400038599967955,9.30405616760254,94,1,7,10,13.181600765306122,,,,,,
Superpixel,6736,1.499506950378418,14.818351745605469,95,1,10,10,13.424744897959185,,,,,,
CAM,6736,3.4186553955078125,14.818351745605469,95,1,10,10,13.424744897959185,,,,,,
FAM,6736,4.020495414733887,14.818351745605469,95,1,10,10,13.424744897959185,,,,,,
Random,6736,6.2725019454956055,14.818351745605469,95,1,10,10,13.424744897959185,,,,,,
Superpixel,3861,4.3060302734375,12.893231391906738,96,1,9,10,7.694913903061225,,,,,,
CAM,3861,8.893999338150024,12.893231391906738,96,1,9,10,7.694913903061225,,,,,,
FAM,3861,8.414348125457764,12.893231391906738,96,1,9,10,7.694913903061225,,,,,,
Random,3861,6.350131511688232,12.893231391906738,96,1,9,10,7.694913903061225,,,,,,
Superpixel,5825,2.708683013916016,13.632012367248535,97,1,9,10,11.609135841836734,,,,,,
CAM,5825,7.585299015045166,13.632012367248535,97,1,9,10,11.609135841836734,,,,,,
FAM,5825,1.995878219604492,13.632012367248535,97,1,9,10,11.609135841836734,,,,,,
Random,5825,7.602456092834473,13.632012367248535,97,1,9,10,11.609135841836734,,,,,,
Superpixel,15431,8.886126518249512,17.183658599853516,98,1,6,10,30.75374681122449,,,,,,
CAM,15431,13.899999380111694,17.183658599853516,98,1,6,10,30.75374681122449,,,,,,
FAM,15431,11.4765625,17.183658599853516,98,1,6,10,30.75374681122449,,,,,,
Random,15431,11.221063137054443,17.183658599853516,98,1,6,10,30.75374681122449,,,,,,
Superpixel,6592,0.4133739471435547,14.828822135925291,99,1,8,10,13.137755102040815,,,,,,
CAM,6592,5.845924377441406,14.828822135925291,99,1,8,10,13.137755102040815,,,,,,
FAM,6592,7.180785179138184,14.828822135925291,99,1,8,10,13.137755102040815,,,,,,
Random,6592,9.136423110961914,14.828822135925291,99,1,8,10,13.137755102040815,,,,,,
Superpixel,8989,-1.645247459411621,12.216415405273438,100,1,8,10,17.91493941326531,,,,,,
CAM,8989,12.395156383514404,12.216415405273438,100,1,8,10,17.91493941326531,,,,,,
FAM,8989,12.060580492019652,12.216415405273438,100,1,8,10,17.91493941326531,,,,,,
Random,8989,7.31699800491333,12.216415405273438,100,1,8,10,17.91493941326531,,,,,,
Superpixel,8048,7.635116100311279,15.428936958312988,101,1,9,10,16.039540816326532,,,,,,
CAM,8048,14.913537085056303,15.428936958312988,101,1,9,10,16.039540816326532,,,,,,
FAM,8048,13.734117150306702,15.428936958312988,101,1,9,10,16.039540816326532,,,,,,
Random,8048,13.788818836212158,15.428936958312988,101,1,9,10,16.039540816326532,,,,,,
Superpixel,6094,1.556316375732422,15.503938674926758,102,1,8,10,12.145248724489797,,,,,,
CAM,6094,11.779698610305786,15.503938674926758,102,1,8,10,12.145248724489797,,,,,,
FAM,6094,14.93260020017624,15.503938674926758,102,1,8,10,12.145248724489797,,,,,,
Random,6094,7.046313285827637,15.503938674926758,102,1,8,10,12.145248724489797,,,,,,
Superpixel,6930,1.645305633544922,18.070388793945312,103,1,8,10,13.811383928571429,,,,,,
CAM,6930,14.939261198043823,18.070388793945312,103,1,8,10,13.811383928571429,,,,,,
FAM,6930,12.46076488494873,18.070388793945312,103,1,8,10,13.811383928571429,,,,,,
Random,6930,14.958762407302856,18.070388793945312,103,1,8,10,13.811383928571429,,,,,,
Superpixel,9130,5.038099765777588,12.477803230285645,104,1,6,10,18.19595025510204,,,,,,
CAM,9130,7.833031177520752,12.477803230285645,104,1,6,10,18.19595025510204,,,,,,
FAM,9130,3.934164047241211,12.477803230285645,104,1,6,10,18.19595025510204,,,,,,
Random,9130,5.792840480804443,12.477803230285645,104,1,6,10,18.19595025510204,,,,,,
Superpixel,10350,0.923381805419922,17.71215057373047,105,1,7,10,20.62739158163265,,,,,,
CAM,10350,11.87128210067749,17.71215057373047,105,1,7,10,20.62739158163265,,,,,,
FAM,10350,6.714292526245117,17.71215057373047,105,1,7,10,20.62739158163265,,,,,,
Random,10350,12.472710609436035,17.71215057373047,105,1,7,10,20.62739158163265,,,,,,
Superpixel,12327,3.653085708618164,13.822314262390137,106,1,7,10,24.567522321428573,,,,,,
CAM,12327,12.155115723609924,13.822314262390137,106,1,7,10,24.567522321428573,,,,,,
FAM,12327,9.79644536972046,13.822314262390137,106,1,7,10,24.567522321428573,,,,,,
Random,12327,10.13010048866272,13.822314262390137,106,1,7,10,24.567522321428573,,,,,,
Superpixel,7422,4.2496843338012695,14.434985160827637,107,1,8,10,14.791932397959185,,,,,,
CAM,7422,9.276756286621094,14.434985160827637,107,1,8,10,14.791932397959185,,,,,,
FAM,7422,3.2239131927490234,14.434985160827637,107,1,8,10,14.791932397959185,,,,,,
Random,7422,-0.994455337524414,14.434985160827637,107,1,8,10,14.791932397959185,,,,,,
Superpixel,13036,9.123357772827148,18.18814468383789,108,1,8,10,25.98054846938776,,,,,,
CAM,13036,16.413161039352417,18.18814468383789,108,1,8,10,25.98054846938776,,,,,,
FAM,13036,16.385653495788574,18.18814468383789,108,1,8,10,25.98054846938776,,,,,,
Random,13036,13.89529514312744,18.18814468383789,108,1,8,10,25.98054846938776,,,,,,
Superpixel,7425,2.025383949279785,11.207807540893556,109,1,8,10,14.797911352040815,,,,,,
CAM,7425,9.099287748336792,11.207807540893556,109,1,8,10,14.797911352040815,,,,,,
FAM,7425,3.453070640563965,11.207807540893556,109,1,8,10,14.797911352040815,,,,,,
Random,7425,4.072873592376709,11.207807540893556,109,1,8,10,14.797911352040815,,,,,,
Superpixel,5535,3.789057731628418,12.709710121154783,110,1,6,10,11.031170280612244,,,,,,
CAM,5535,6.65460205078125,12.709710121154783,110,1,6,10,11.031170280612244,,,,,,
FAM,5535,5.580965518951416,12.709710121154783,110,1,6,10,11.031170280612244,,,,,,
Random,5535,11.783160746097565,12.709710121154783,110,1,6,10,11.031170280612244,,,,,,
Superpixel,10640,1.8319120407104488,12.161798477172852,111,1,7,10,21.205357142857142,,,,,,
CAM,10640,8.946707487106323,12.161798477172852,111,1,7,10,21.205357142857142,,,,,,
FAM,10640,8.33131718635559,12.161798477172852,111,1,7,10,21.205357142857142,,,,,,
Random,10640,9.336023092269896,12.161798477172852,111,1,7,10,21.205357142857142,,,,,,
Superpixel,8333,2.564781188964844,14.646283149719238,112,1,8,10,16.60754145408163,,,,,,
CAM,8333,3.643434524536133,14.646283149719238,112,1,8,10,16.60754145408163,,,,,,
FAM,8333,4.173650741577148,14.646283149719238,112,1,8,10,16.60754145408163,,,,,,
Random,8333,13.720280289649963,14.646283149719238,112,1,8,10,16.60754145408163,,,,,,
Superpixel,6306,-0.5215301513671875,11.354926109313965,113,1,8,10,12.567761479591836,,,,,,
CAM,6306,9.66873574256897,11.354926109313965,113,1,8,10,12.567761479591836,,,,,,
FAM,6306,9.247108459472656,11.354926109313965,113,1,8,10,12.567761479591836,,,,,,
Random,6306,7.004245281219482,11.354926109313965,113,1,8,10,12.567761479591836,,,,,,
Superpixel,7740,3.855377197265625,11.279419898986816,114,1,7,10,15.425701530612246,,,,,,
CAM,7740,1.6305408477783203,11.279419898986816,114,1,7,10,15.425701530612246,,,,,,
FAM,7740,5.14700174331665,11.279419898986816,114,1,7,10,15.425701530612246,,,,,,
Random,7740,6.226796627044678,11.279419898986816,114,1,7,10,15.425701530612246,,,,,,
Superpixel,6105,1.4917354583740234,9.643073081970217,115,1,8,10,12.16717155612245,,,,,,
CAM,6105,6.302661180496216,9.643073081970217,115,1,8,10,12.16717155612245,,,,,,
FAM,6105,0.4628372192382812,9.643073081970217,115,1,8,10,12.16717155612245,,,,,,
Random,6105,6.73228931427002,9.643073081970217,115,1,8,10,12.16717155612245,,,,,,
Superpixel,9117,4.099747180938721,9.141690254211426,116,1,9,10,18.17004145408163,,,,,,
CAM,9117,1.8965697288513184,9.141690254211426,116,1,9,10,18.17004145408163,,,,,,
FAM,9117,-0.4798545837402344,9.141690254211426,116,1,9,10,18.17004145408163,,,,,,
Random,9117,-0.3908033370971679,9.141690254211426,116,1,9,10,18.17004145408163,,,,,,
Superpixel,7882,5.934150218963623,10.933367729187012,117,1,8,10,15.708705357142858,,,,,,
CAM,7882,10.390192329883575,10.933367729187012,117,1,8,10,15.708705357142858,,,,,,
FAM,7882,9.531547904014587,10.933367729187012,117,1,8,10,15.708705357142858,,,,,,
Random,7882,6.608748912811279,10.933367729187012,117,1,8,10,15.708705357142858,,,,,,
Superpixel,6350,4.023419380187988,13.120966911315918,118,1,8,10,12.65545280612245,,,,,,
CAM,6350,7.757039070129394,13.120966911315918,118,1,8,10,12.65545280612245,,,,,,
FAM,6350,3.242826461791992,13.120966911315918,118,1,8,10,12.65545280612245,,,,,,
Random,6350,8.444005489349365,13.120966911315918,118,1,8,10,12.65545280612245,,,,,,
Superpixel,6867,1.1856718063354492,16.402366638183594,119,1,9,10,13.685825892857142,,,,,,
CAM,6867,8.355057716369629,16.402366638183594,119,1,9,10,13.685825892857142,,,,,,
FAM,6867,8.225865364074707,16.402366638183594,119,1,9,10,13.685825892857142,,,,,,
Random,6867,7.134189605712891,16.402366638183594,119,1,9,10,13.685825892857142,,,,,,
Superpixel,10015,5.562895059585571,8.822118759155273,120,1,7,10,19.959741709183675,,,,,,
CAM,10015,0.8477668762207031,8.822118759155273,120,1,7,10,19.959741709183675,,,,,,
FAM,10015,-0.7483015060424805,8.822118759155273,120,1,7,10,19.959741709183675,,,,,,
Random,10015,5.773658752441406,8.822118759155273,120,1,7,10,19.959741709183675,,,,,,
Superpixel,6993,-0.1519856452941894,6.235069751739502,121,1,8,10,13.936941964285715,,,,,,
CAM,6993,3.923457622528076,6.235069751739502,121,1,8,10,13.936941964285715,,,,,,
FAM,6993,4.12851619720459,6.235069751739502,121,1,8,10,13.936941964285715,,,,,,
Random,6993,1.8755879402160645,6.235069751739502,121,1,8,10,13.936941964285715,,,,,,
Superpixel,6188,-1.2009687423706057,13.506736755371094,122,1,8,10,12.332589285714286,,,,,,
CAM,6188,7.221620559692383,13.506736755371094,122,1,8,10,12.332589285714286,,,,,,
FAM,6188,5.186375617980957,13.506736755371094,122,1,8,10,12.332589285714286,,,,,,
Random,6188,7.951024055480957,13.506736755371094,122,1,8,10,12.332589285714286,,,,,,
Superpixel,5694,1.1409826278686523,11.120905876159668,123,1,9,10,11.348054846938776,,,,,,
CAM,5694,4.891277313232422,11.120905876159668,123,1,9,10,11.348054846938776,,,,,,
FAM,5694,2.156919479370117,11.120905876159668,123,1,9,10,11.348054846938776,,,,,,
Random,5694,3.321320056915283,11.120905876159668,123,1,9,10,11.348054846938776,,,,,,
Superpixel,8313,8.709888458251953,16.80983543395996,124,1,8,10,16.56768176020408,,,,,,
CAM,8313,6.012709617614746,16.80983543395996,124,1,8,10,16.56768176020408,,,,,,
FAM,8313,7.997785568237305,16.80983543395996,124,1,8,10,16.56768176020408,,,,,,
Random,8313,14.057593584060667,16.80983543395996,124,1,8,10,16.56768176020408,,,,,,
Superpixel,10449,8.658185005187988,16.302902221679688,125,1,6,10,20.82469706632653,,,,,,
CAM,10449,6.858728408813477,16.302902221679688,125,1,6,10,20.82469706632653,,,,,,
FAM,10449,2.820545196533203,16.302902221679688,125,1,6,10,20.82469706632653,,,,,,
Random,10449,8.908461093902588,16.302902221679688,125,1,6,10,20.82469706632653,,,,,,
Superpixel,4318,4.821518898010254,14.29814910888672,126,1,9,10,8.605707908163266,,,,,,
CAM,4318,1.6920995712280271,14.29814910888672,126,1,9,10,8.605707908163266,,,,,,
FAM,4318,2.0116586685180664,14.29814910888672,126,1,9,10,8.605707908163266,,,,,,
Random,4318,5.131146430969238,14.29814910888672,126,1,9,10,8.605707908163266,,,,,,
Superpixel,8116,2.9414777755737305,13.200457572937012,127,1,8,10,16.175063775510203,,,,,,
CAM,8116,7.25637149810791,13.200457572937012,127,1,8,10,16.175063775510203,,,,,,
FAM,8116,5.018865585327148,13.200457572937012,127,1,8,10,16.175063775510203,,,,,,
Random,8116,1.0425539016723633,13.200457572937012,127,1,8,10,16.175063775510203,,,,,,
Superpixel,6832,0.8575830459594727,9.345117568969728,128,1,8,10,13.616071428571429,,,,,,
CAM,6832,4.512731552124023,9.345117568969728,128,1,8,10,13.616071428571429,,,,,,
FAM,6832,0.3790788650512695,9.345117568969728,128,1,8,10,13.616071428571429,,,,,,
Random,6832,7.139383792877197,9.345117568969728,128,1,8,10,13.616071428571429,,,,,,
Superpixel,8898,0.8189868927001953,13.32651424407959,129,1,9,10,17.73357780612245,,,,,,
CAM,8898,5.435827255249023,13.32651424407959,129,1,9,10,17.73357780612245,,,,,,
FAM,8898,4.661935806274414,13.32651424407959,129,1,9,10,17.73357780612245,,,,,,
Random,8898,8.15390682220459,13.32651424407959,129,1,9,10,17.73357780612245,,,,,,
Superpixel,7509,0.5819149017333984,7.179259300231934,130,1,8,10,14.96532206632653,,,,,,
CAM,7509,2.3244762420654297,7.179259300231934,130,1,8,10,14.96532206632653,,,,,,
FAM,7509,1.4336252212524414,7.179259300231934,130,1,8,10,14.96532206632653,,,,,,
Random,7509,0.1405868530273437,7.179259300231934,130,1,8,10,14.96532206632653,,,,,,
Superpixel,4649,4.397891998291016,12.296734809875488,131,1,9,10,9.265385841836734,,,,,,
CAM,4649,8.154057502746582,12.296734809875488,131,1,9,10,9.265385841836734,,,,,,
FAM,4649,5.14278507232666,12.296734809875488,131,1,9,10,9.265385841836734,,,,,,
Random,4649,1.5074529647827148,12.296734809875488,131,1,9,10,9.265385841836734,,,,,,
Superpixel,5080,4.758950233459473,15.042993545532228,132,1,8,10,10.12436224489796,,,,,,
CAM,5080,2.6826066970825195,15.042993545532228,132,1,8,10,10.12436224489796,,,,,,
FAM,5080,3.591512680053711,15.042993545532228,132,1,8,10,10.12436224489796,,,,,,
Random,5080,9.529417514801024,15.042993545532228,132,1,8,10,10.12436224489796,,,,,,
Superpixel,6409,6.8047776222229,12.704119682312012,133,1,7,10,12.773038903061224,,,,,,
CAM,6409,8.1725754737854,12.704119682312012,133,1,7,10,12.773038903061224,,,,,,
FAM,6409,3.621344566345215,12.704119682312012,133,1,7,10,12.773038903061224,,,,,,
Random,6409,2.289013862609864,12.704119682312012,133,1,7,10,12.773038903061224,,,,,,
Superpixel,5679,6.139948129653931,9.561964988708496,134,1,9,10,11.318160076530612,,,,,,
CAM,5679,6.543038606643677,9.561964988708496,134,1,9,10,11.318160076530612,,,,,,
FAM,5679,7.795352220535278,9.561964988708496,134,1,9,10,11.318160076530612,,,,,,
Random,5679,6.405438423156738,9.561964988708496,134,1,9,10,11.318160076530612,,,,,,
Superpixel,6962,4.332453727722168,11.64293098449707,135,1,7,10,13.875159438775512,,,,,,
CAM,6962,9.137661218643188,11.64293098449707,135,1,7,10,13.875159438775512,,,,,,
FAM,6962,8.359351396560669,11.64293098449707,135,1,7,10,13.875159438775512,,,,,,
Random,6962,9.481522798538208,11.64293098449707,135,1,7,10,13.875159438775512,,,,,,
Superpixel,6640,8.899272441864014,11.275784492492676,136,1,8,10,13.23341836734694,,,,,,
CAM,6640,8.070740461349487,11.275784492492676,136,1,8,10,13.23341836734694,,,,,,
FAM,6640,5.6405558586120605,11.275784492492676,136,1,8,10,13.23341836734694,,,,,,
Random,6640,3.4937705993652344,11.275784492492676,136,1,8,10,13.23341836734694,,,,,,
Superpixel,3981,-0.0864143371582031,15.144980430603027,137,1,9,10,7.93407206632653,,,,,,
CAM,3981,9.572068691253662,15.144980430603027,137,1,9,10,7.93407206632653,,,,,,
FAM,3981,7.973185539245605,15.144980430603027,137,1,9,10,7.93407206632653,,,,,,
Random,3981,18.047685623168945,15.144980430603027,137,1,9,10,7.93407206632653,,,,,,
Superpixel,8733,1.08831787109375,12.23999309539795,138,1,8,10,17.404735331632654,,,,,,
CAM,8733,5.703330039978027,12.23999309539795,138,1,8,10,17.404735331632654,,,,,,
FAM,8733,1.830039978027344,12.23999309539795,138,1,8,10,17.404735331632654,,,,,,
Random,8733,11.315102994441986,12.23999309539795,138,1,8,10,17.404735331632654,,,,,,
Superpixel,7858,-0.3965015411376953,6.806970119476318,139,1,8,10,15.660873724489797,,,,,,
CAM,7858,2.384152889251709,6.806970119476318,139,1,8,10,15.660873724489797,,,,,,
FAM,7858,2.055661201477051,6.806970119476318,139,1,8,10,15.660873724489797,,,,,,
Random,7858,4.185267925262451,6.806970119476318,139,1,8,10,15.660873724489797,,,,,,
Superpixel,8695,6.956195831298828,11.610396385192873,140,1,8,10,17.32900191326531,,,,,,
CAM,8695,6.156948089599609,11.610396385192873,140,1,8,10,17.32900191326531,,,,,,
FAM,8695,2.97509765625,11.610396385192873,140,1,8,10,17.32900191326531,,,,,,
Random,8695,8.787101030349731,11.610396385192873,140,1,8,10,17.32900191326531,,,,,,
Superpixel,4613,7.983613014221191,15.713963508605955,141,1,9,10,9.193638392857142,,,,,,
CAM,4613,13.652854681015016,15.713963508605955,141,1,9,10,9.193638392857142,,,,,,
FAM,4613,0.0156431198120117,15.713963508605955,141,1,9,10,9.193638392857142,,,,,,
Random,4613,6.594781875610352,15.713963508605955,141,1,9,10,9.193638392857142,,,,,,
Superpixel,5732,4.935781478881836,14.730679512023926,142,1,9,10,11.423788265306122,,,,,,
CAM,5732,5.443134307861328,14.730679512023926,142,1,9,10,11.423788265306122,,,,,,
FAM,5732,1.5185041427612305,14.730679512023926,142,1,9,10,11.423788265306122,,,,,,
Random,5732,10.208653450012209,14.730679512023926,142,1,9,10,11.423788265306122,,,,,,
Superpixel,7238,2.653346061706543,14.311620712280272,143,1,9,10,14.425223214285715,,,,,,
CAM,7238,4.312488555908203,14.311620712280272,143,1,9,10,14.425223214285715,,,,,,
FAM,7238,4.823227882385254,14.311620712280272,143,1,9,10,14.425223214285715,,,,,,
Random,7238,3.894533157348633,14.311620712280272,143,1,9,10,14.425223214285715,,,,,,
Superpixel,5706,5.404264450073242,13.337560653686523,144,1,8,10,11.371970663265303,,,,,,
CAM,5706,6.607923984527588,13.337560653686523,144,1,8,10,11.371970663265303,,,,,,
FAM,5706,7.187362194061279,13.337560653686523,144,1,8,10,11.371970663265303,,,,,,
Random,5706,10.266550302505491,13.337560653686523,144,1,8,10,11.371970663265303,,,,,,
Superpixel,6555,3.859485626220703,17.006467819213867,145,1,7,10,13.064014668367346,,,,,,
CAM,6555,8.201841354370117,17.006467819213867,145,1,7,10,13.064014668367346,,,,,,
FAM,6555,7.001828193664551,17.006467819213867,145,1,7,10,13.064014668367346,,,,,,
Random,6555,4.811532974243164,17.006467819213867,145,1,7,10,13.064014668367346,,,,,,
Superpixel,9940,4.818927764892578,13.564491271972656,146,1,6,10,19.810267857142858,,,,,,
CAM,9940,10.497417211532593,13.564491271972656,146,1,6,10,19.810267857142858,,,,,,
FAM,9940,6.197967529296875,13.564491271972656,146,1,6,10,19.810267857142858,,,,,,
Random,9940,3.5133867263793945,13.564491271972656,146,1,6,10,19.810267857142858,,,,,,
Superpixel,11695,6.414797782897949,17.26859474182129,147,1,6,10,23.30795599489796,,,,,,
CAM,11695,11.746910572052002,17.26859474182129,147,1,6,10,23.30795599489796,,,,,,
FAM,11695,9.011675834655762,17.26859474182129,147,1,6,10,23.30795599489796,,,,,,
Random,11695,12.752179145812988,17.26859474182129,147,1,6,10,23.30795599489796,,,,,,
Superpixel,6859,8.537063598632812,18.31349372863769,148,1,8,10,13.669882015306122,,,,,,
CAM,6859,9.509499549865724,18.31349372863769,148,1,8,10,13.669882015306122,,,,,,
FAM,6859,8.738908767700195,18.31349372863769,148,1,8,10,13.669882015306122,,,,,,
Random,6859,11.670543670654297,18.31349372863769,148,1,8,10,13.669882015306122,,,,,,
Superpixel,25664,4.153079986572266,11.154372215270996,149,1,4,10,51.14795918367348,,,,,,
CAM,25664,9.028160333633425,11.154372215270996,149,1,4,10,51.14795918367348,,,,,,
FAM,25664,7.615884780883789,11.154372215270996,149,1,4,10,51.14795918367348,,,,,,
Random,25664,10.1668461561203,11.154372215270996,149,1,4,10,51.14795918367348,,,,,,
Superpixel,8798,3.342531204223633,13.237960815429688,150,1,7,10,17.53427933673469,,,,,,
CAM,8798,6.9848313331604,13.237960815429688,150,1,7,10,17.53427933673469,,,,,,
FAM,8798,2.1813135147094727,13.237960815429688,150,1,7,10,17.53427933673469,,,,,,
Random,8798,2.5001115798950195,13.237960815429688,150,1,7,10,17.53427933673469,,,,,,
Superpixel,9759,3.276021957397461,13.540781021118164,151,1,6,10,19.44953762755102,,,,,,
CAM,9759,9.6513512134552,13.540781021118164,151,1,6,10,19.44953762755102,,,,,,
FAM,9759,8.045536518096924,13.540781021118164,151,1,6,10,19.44953762755102,,,,,,
Random,9759,4.046727180480957,13.540781021118164,151,1,6,10,19.44953762755102,,,,,,
Superpixel,6460,6.404376029968262,16.670333862304688,152,1,9,10,12.87468112244898,,,,,,
CAM,6460,6.134088516235352,16.670333862304688,152,1,9,10,12.87468112244898,,,,,,
FAM,6460,4.259716033935547,16.670333862304688,152,1,9,10,12.87468112244898,,,,,,
Random,6460,15.480490326881409,16.670333862304688,152,1,9,10,12.87468112244898,,,,,,
Superpixel,5394,2.602594375610352,14.594741821289062,153,1,8,10,10.75015943877551,,,,,,
CAM,5394,4.278838157653809,14.594741821289062,153,1,8,10,10.75015943877551,,,,,,
FAM,5394,5.211830139160156,14.594741821289062,153,1,8,10,10.75015943877551,,,,,,
Random,5394,4.142627716064453,14.594741821289062,153,1,8,10,10.75015943877551,,,,,,
Superpixel,10671,5.520023345947266,13.016481399536133,154,1,7,10,21.267139668367346,,,,,,
CAM,10671,12.579429179430008,13.016481399536133,154,1,7,10,21.267139668367346,,,,,,
FAM,10671,7.768642902374268,13.016481399536133,154,1,7,10,21.267139668367346,,,,,,
Random,10671,0.0487842559814453,13.016481399536133,154,1,7,10,21.267139668367346,,,,,,
Superpixel,3166,6.02313232421875,9.030038833618164,155,1,9,10,6.309789540816327,,,,,,
CAM,3166,6.939719438552856,9.030038833618164,155,1,9,10,6.309789540816327,,,,,,
FAM,3166,8.906002074480057,9.030038833618164,155,1,9,10,6.309789540816327,,,,,,
Random,3166,3.729137897491455,9.030038833618164,155,1,9,10,6.309789540816327,,,,,,
Superpixel,8270,1.2283048629760742,16.346372604370117,156,1,8,10,16.481983418367346,,,,,,
CAM,8270,7.987884521484375,16.346372604370117,156,1,8,10,16.481983418367346,,,,,,
FAM,8270,7.960934638977051,16.346372604370117,156,1,8,10,16.481983418367346,,,,,,
Random,8270,9.239585876464844,16.346372604370117,156,1,8,10,16.481983418367346,,,,,,
Superpixel,5540,11.75844144821167,18.035762786865234,157,1,9,10,11.041135204081632,,,,,,
CAM,5540,11.678666591644289,18.035762786865234,157,1,9,10,11.041135204081632,,,,,,
FAM,5540,12.27116584777832,18.035762786865234,157,1,9,10,11.041135204081632,,,,,,
Random,5540,5.873331069946289,18.035762786865234,157,1,9,10,11.041135204081632,,,,,,
Superpixel,8807,7.610954761505127,14.329495429992676,158,1,8,10,17.552216198979593,,,,,,
CAM,8807,9.059312343597412,14.329495429992676,158,1,8,10,17.552216198979593,,,,,,
FAM,8807,9.30948543548584,14.329495429992676,158,1,8,10,17.552216198979593,,,,,,
Random,8807,9.952731609344482,14.329495429992676,158,1,8,10,17.552216198979593,,,,,,
Superpixel,8765,5.726276397705078,15.876619338989258,159,1,8,10,17.468510841836736,,,,,,
CAM,8765,4.781798362731934,15.876619338989258,159,1,8,10,17.468510841836736,,,,,,
FAM,8765,6.59165096282959,15.876619338989258,159,1,8,10,17.468510841836736,,,,,,
Random,8765,5.040073394775391,15.876619338989258,159,1,8,10,17.468510841836736,,,,,,
Superpixel,10285,0.5696344375610352,12.079415321350098,160,1,9,10,20.49784757653061,,,,,,
CAM,10285,5.146129131317139,12.079415321350098,160,1,9,10,20.49784757653061,,,,,,
FAM,10285,0.0651807785034179,12.079415321350098,160,1,9,10,20.49784757653061,,,,,,
Random,10285,-0.1017751693725586,12.079415321350098,160,1,9,10,20.49784757653061,,,,,,
Superpixel,9845,5.421670913696289,17.422378540039062,161,1,7,10,19.620934311224488,,,,,,
CAM,9845,6.697853088378906,17.422378540039062,161,1,7,10,19.620934311224488,,,,,,
FAM,9845,5.182722091674805,17.422378540039062,161,1,7,10,19.620934311224488,,,,,,
Random,9845,14.047980546951294,17.422378540039062,161,1,7,10,19.620934311224488,,,,,,
Superpixel,11763,6.697417259216309,15.753741264343262,162,1,7,10,23.44347895408163,,,,,,
CAM,11763,7.136926651000977,15.753741264343262,162,1,7,10,23.44347895408163,,,,,,
FAM,11763,7.617640495300293,15.753741264343262,162,1,7,10,23.44347895408163,,,,,,
Random,11763,2.2388715744018555,15.753741264343262,162,1,7,10,23.44347895408163,,,,,,
Superpixel,12729,8.680526971817017,11.835968017578123,163,1,6,10,25.368702168367346,,,,,,
CAM,12729,9.40818190574646,11.835968017578123,163,1,6,10,25.368702168367346,,,,,,
FAM,12729,6.377678394317627,11.835968017578123,163,1,6,10,25.368702168367346,,,,,,
Random,12729,4.032010555267334,11.835968017578123,163,1,6,10,25.368702168367346,,,,,,
Superpixel,7013,2.49912166595459,9.605253219604492,164,1,8,10,13.976801658163266,,,,,,
CAM,7013,4.327070236206055,9.605253219604492,164,1,8,10,13.976801658163266,,,,,,
FAM,7013,5.689968824386597,9.605253219604492,164,1,8,10,13.976801658163266,,,,,,
Random,7013,-0.03424072265625,9.605253219604492,164,1,8,10,13.976801658163266,,,,,,
Superpixel,9341,2.715947151184082,9.482483863830566,165,1,8,10,18.616470025510203,,,,,,
CAM,9341,3.0467562675476074,9.482483863830566,165,1,8,10,18.616470025510203,,,,,,
FAM,9341,0.4725942611694336,9.482483863830566,165,1,8,10,18.616470025510203,,,,,,
Random,9341,1.1574335098266602,9.482483863830566,165,1,8,10,18.616470025510203,,,,,,
Superpixel,10555,2.376028060913086,12.970099449157717,166,1,7,10,21.03595344387755,,,,,,
CAM,10555,5.007869243621826,12.970099449157717,166,1,7,10,21.03595344387755,,,,,,
FAM,10555,5.734954357147217,12.970099449157717,166,1,7,10,21.03595344387755,,,,,,
Random,10555,2.947772026062012,12.970099449157717,166,1,7,10,21.03595344387755,,,,,,
Superpixel,9948,-0.9472074508666992,14.106159210205078,167,1,7,10,19.82621173469388,,,,,,
CAM,9948,4.383278846740723,14.106159210205078,167,1,7,10,19.82621173469388,,,,,,
FAM,9948,3.65323543548584,14.106159210205078,167,1,7,10,19.82621173469388,,,,,,
Random,9948,5.371415138244629,14.106159210205078,167,1,7,10,19.82621173469388,,,,,,
Superpixel,3642,3.2937965393066406,15.383405685424805,168,1,9,10,7.258450255102041,,,,,,
CAM,3642,6.135542869567871,15.383405685424805,168,1,9,10,7.258450255102041,,,,,,
FAM,3642,5.272103309631348,15.383405685424805,168,1,9,10,7.258450255102041,,,,,,
Random,3642,8.843882083892822,15.383405685424805,168,1,9,10,7.258450255102041,,,,,,
Superpixel,5002,5.809956073760986,9.903432846069336,169,1,8,10,9.96890943877551,,,,,,
CAM,5002,6.397792100906372,9.903432846069336,169,1,8,10,9.96890943877551,,,,,,
FAM,5002,0.182748794555664,9.903432846069336,169,1,8,10,9.96890943877551,,,,,,
Random,5002,3.661591529846192,9.903432846069336,169,1,8,10,9.96890943877551,,,,,,
Superpixel,10517,-3.778211116790772,7.970113277435303,170,1,8,10,20.960220025510203,,,,,,
CAM,10517,-0.1977505683898925,7.970113277435303,170,1,8,10,20.960220025510203,,,,,,
FAM,10517,-1.2371373176574707,7.970113277435303,170,1,8,10,20.960220025510203,,,,,,
Random,10517,3.825326919555664,7.970113277435303,170,1,8,10,20.960220025510203,,,,,,
Superpixel,3744,4.519131183624268,8.926592826843262,171,1,9,10,7.461734693877552,,,,,,
CAM,3744,5.521340847015381,8.926592826843262,171,1,9,10,7.461734693877552,,,,,,
FAM,3744,4.607799053192139,8.926592826843262,171,1,9,10,7.461734693877552,,,,,,
Random,3744,1.129478931427002,8.926592826843262,171,1,9,10,7.461734693877552,,,,,,
Superpixel,4058,6.5607757568359375,15.47469997406006,172,1,9,10,8.087531887755102,,,,,,
CAM,4058,9.07547903060913,15.47469997406006,172,1,9,10,8.087531887755102,,,,,,
FAM,4058,7.485739231109619,15.47469997406006,172,1,9,10,8.087531887755102,,,,,,
Random,4058,4.435110092163086,15.47469997406006,172,1,9,10,8.087531887755102,,,,,,
Superpixel,9923,3.931442260742188,11.197237968444824,173,1,6,10,19.77638711734694,,,,,,
CAM,9923,2.732650756835937,11.197237968444824,173,1,6,10,19.77638711734694,,,,,,
FAM,9923,1.6758804321289062,11.197237968444824,173,1,6,10,19.77638711734694,,,,,,
Random,9923,3.303019046783448,11.197237968444824,173,1,6,10,19.77638711734694,,,,,,
Superpixel,10831,3.9065542221069336,15.447246551513672,174,1,7,10,21.58601721938776,,,,,,
CAM,10831,5.757767677307129,15.447246551513672,174,1,7,10,21.58601721938776,,,,,,
FAM,10831,7.05039119720459,15.447246551513672,174,1,7,10,21.58601721938776,,,,,,
Random,10831,4.328822135925293,15.447246551513672,174,1,7,10,21.58601721938776,,,,,,
Superpixel,9265,9.258994102478027,19.444435119628903,175,1,8,10,18.465003188775512,,,,,,
CAM,9265,11.64110517501831,19.444435119628903,175,1,8,10,18.465003188775512,,,,,,
FAM,9265,9.218770027160645,19.444435119628903,175,1,8,10,18.465003188775512,,,,,,
Random,9265,14.491055011749268,19.444435119628903,175,1,8,10,18.465003188775512,,,,,,
Superpixel,11686,7.344127178192139,13.659045219421388,176,1,7,10,23.29001913265306,,,,,,
CAM,11686,7.061265468597412,13.659045219421388,176,1,7,10,23.29001913265306,,,,,,
FAM,11686,6.72161865234375,13.659045219421388,176,1,7,10,23.29001913265306,,,,,,
Random,11686,6.908449649810791,13.659045219421388,176,1,7,10,23.29001913265306,,,,,,
Superpixel,12293,0.2898120880126953,11.38173007965088,177,1,7,10,24.499760841836736,,,,,,
CAM,12293,6.567719459533691,11.38173007965088,177,1,7,10,24.499760841836736,,,,,,
FAM,12293,5.187666416168213,11.38173007965088,177,1,7,10,24.499760841836736,,,,,,
Random,12293,5.023571014404297,11.38173007965088,177,1,7,10,24.499760841836736,,,,,,
Superpixel,7769,3.629672527313232,11.553726196289062,178,1,7,10,15.483498086734691,,,,,,
CAM,7769,5.583864688873291,11.553726196289062,178,1,7,10,15.483498086734691,,,,,,
FAM,7769,2.8060731887817383,11.553726196289062,178,1,7,10,15.483498086734691,,,,,,
Random,7769,3.735705852508545,11.553726196289062,178,1,7,10,15.483498086734691,,,,,,
Superpixel,10531,2.838460922241211,11.74983024597168,179,1,8,10,20.988121811224488,,,,,,
CAM,10531,4.8354597091674805,11.74983024597168,179,1,8,10,20.988121811224488,,,,,,
FAM,10531,4.029479026794434,11.74983024597168,179,1,8,10,20.988121811224488,,,,,,
Random,10531,11.524084702134132,11.74983024597168,179,1,8,10,20.988121811224488,,,,,,
Superpixel,14469,0.8341636657714844,11.495020866394045,180,1,6,10,28.836495535714285,,,,,,
CAM,14469,3.869786262512207,11.495020866394045,180,1,6,10,28.836495535714285,,,,,,
FAM,14469,1.4770469665527344,11.495020866394045,180,1,6,10,28.836495535714285,,,,,,
Random,14469,6.602590084075928,11.495020866394045,180,1,6,10,28.836495535714285,,,,,,
Superpixel,3937,2.180353164672852,9.231075286865234,181,1,9,10,7.846380739795919,,,,,,
CAM,3937,5.431665420532227,9.231075286865234,181,1,9,10,7.846380739795919,,,,,,
FAM,3937,2.8803200721740723,9.231075286865234,181,1,9,10,7.846380739795919,,,,,,
Random,3937,5.294601440429688,9.231075286865234,181,1,9,10,7.846380739795919,,,,,,
Superpixel,3346,3.92162561416626,11.02761173248291,182,1,9,10,6.668526785714287,,,,,,
CAM,3346,8.609174251556396,11.02761173248291,182,1,9,10,6.668526785714287,,,,,,
FAM,3346,8.226633787155151,11.02761173248291,182,1,9,10,6.668526785714287,,,,,,
Random,3346,6.359337329864502,11.02761173248291,182,1,9,10,6.668526785714287,,,,,,
Superpixel,13265,3.029104709625244,7.090257167816162,183,1,7,10,26.436941964285715,,,,,,
CAM,13265,1.8043975830078125,7.090257167816162,183,1,7,10,26.436941964285715,,,,,,
FAM,13265,2.20641565322876,7.090257167816162,183,1,7,10,26.436941964285715,,,,,,
Random,13265,1.5276870727539062,7.090257167816162,183,1,7,10,26.436941964285715,,,,,,
Superpixel,8327,3.187448501586914,9.7734956741333,184,1,9,10,16.59558354591837,,,,,,
CAM,8327,3.550867080688477,9.7734956741333,184,1,9,10,16.59558354591837,,,,,,
FAM,8327,-2.1864166259765625,9.7734956741333,184,1,9,10,16.59558354591837,,,,,,
Random,8327,-1.8361701965332031,9.7734956741333,184,1,9,10,16.59558354591837,,,,,,
Superpixel,10476,3.9040260314941406,15.033140182495115,185,1,8,10,20.878507653061224,,,,,,
CAM,10476,11.457571268081663,15.033140182495115,185,1,8,10,20.878507653061224,,,,,,
FAM,10476,14.245905101299286,15.033140182495115,185,1,8,10,20.878507653061224,,,,,,
Random,10476,8.526202201843262,15.033140182495115,185,1,8,10,20.878507653061224,,,,,,
Superpixel,3517,3.447184085845948,8.812786102294922,186,1,9,10,7.009327168367347,,,,,,
CAM,3517,-0.5869245529174805,8.812786102294922,186,1,9,10,7.009327168367347,,,,,,
FAM,3517,3.754971504211426,8.812786102294922,186,1,9,10,7.009327168367347,,,,,,
Random,3517,3.3861618041992188,8.812786102294922,186,1,9,10,7.009327168367347,,,,,,
Superpixel,12069,0.9651327133178712,12.115702629089355,187,1,8,10,24.053332270408163,,,,,,
CAM,12069,6.960230350494385,12.115702629089355,187,1,8,10,24.053332270408163,,,,,,
FAM,12069,7.364535331726074,12.115702629089355,187,1,8,10,24.053332270408163,,,,,,
Random,12069,8.698079347610474,12.115702629089355,187,1,8,10,24.053332270408163,,,,,,
Superpixel,6351,0.0006370544433593,11.069998741149902,188,1,8,10,12.657445790816327,,,,,,
CAM,6351,6.301296710968018,11.069998741149902,188,1,8,10,12.657445790816327,,,,,,
FAM,6351,4.835054874420166,11.069998741149902,188,1,8,10,12.657445790816327,,,,,,
Random,6351,-0.2878580093383789,11.069998741149902,188,1,8,10,12.657445790816327,,,,,,
Superpixel,9254,2.7108259201049805,11.380338668823242,189,1,9,10,18.443080357142858,,,,,,
CAM,9254,4.922898769378662,11.380338668823242,189,1,9,10,18.443080357142858,,,,,,
FAM,9254,3.799476623535156,11.380338668823242,189,1,9,10,18.443080357142858,,,,,,
Random,9254,4.383028507232666,11.380338668823242,189,1,9,10,18.443080357142858,,,,,,
Superpixel,5337,3.383620262145996,6.347030162811279,190,1,8,10,10.63655931122449,,,,,,
CAM,5337,5.9974371790885925,6.347030162811279,190,1,8,10,10.63655931122449,,,,,,
FAM,5337,4.730415463447571,6.347030162811279,190,1,8,10,10.63655931122449,,,,,,
Random,5337,-0.1547060012817382,6.347030162811279,190,1,8,10,10.63655931122449,,,,,,
Superpixel,9688,4.793979167938232,12.793618202209473,191,1,8,10,19.308035714285715,,,,,,
CAM,9688,8.449488162994385,12.793618202209473,191,1,8,10,19.308035714285715,,,,,,
FAM,9688,7.602269172668457,12.793618202209473,191,1,8,10,19.308035714285715,,,,,,
Random,9688,8.153283596038818,12.793618202209473,191,1,8,10,19.308035714285715,,,,,,
Superpixel,6417,0.3644599914550781,12.087818145751951,192,1,9,10,12.788982780612246,,,,,,
CAM,6417,3.1113710403442383,12.087818145751951,192,1,9,10,12.788982780612246,,,,,,
FAM,6417,3.426815986633301,12.087818145751951,192,1,9,10,12.788982780612246,,,,,,
Random,6417,3.6486215591430655,12.087818145751951,192,1,9,10,12.788982780612246,,,,,,
Superpixel,13632,3.776352882385254,13.9094820022583,193,1,7,10,27.168367346938776,,,,,,
CAM,13632,8.451723098754883,13.9094820022583,193,1,7,10,27.168367346938776,,,,,,
FAM,13632,6.945224285125732,13.9094820022583,193,1,7,10,27.168367346938776,,,,,,
Random,13632,7.661981582641602,13.9094820022583,193,1,7,10,27.168367346938776,,,,,,
Superpixel,9175,-2.8316097259521484,6.818569183349609,194,1,7,10,18.28563456632653,,,,,,
CAM,9175,2.971907138824463,6.818569183349609,194,1,7,10,18.28563456632653,,,,,,
FAM,9175,3.0348825454711914,6.818569183349609,194,1,7,10,18.28563456632653,,,,,,
Random,9175,3.439703941345215,6.818569183349609,194,1,7,10,18.28563456632653,,,,,,
Superpixel,9225,3.838435649871826,8.56313705444336,195,1,8,10,18.385283801020407,,,,,,
CAM,9225,5.060981035232544,8.56313705444336,195,1,8,10,18.385283801020407,,,,,,
FAM,9225,4.590945243835449,8.56313705444336,195,1,8,10,18.385283801020407,,,,,,
Random,9225,4.118865489959717,8.56313705444336,195,1,8,10,18.385283801020407,,,,,,
Superpixel,11783,1.4684925079345703,12.835895538330078,196,1,9,10,23.483338647959183,,,,,,
CAM,11783,1.0252628326416016,12.835895538330078,196,1,9,10,23.483338647959183,,,,,,
FAM,11783,0.8624134063720703,12.835895538330078,196,1,9,10,23.483338647959183,,,,,,
Random,11783,5.822240829467773,12.835895538330078,196,1,9,10,23.483338647959183,,,,,,
Superpixel,3651,4.1305670738220215,10.101577758789062,197,1,7,10,7.276387117346939,,,,,,
CAM,3651,2.7940783500671387,10.101577758789062,197,1,7,10,7.276387117346939,,,,,,
FAM,3651,3.749274730682373,10.101577758789062,197,1,7,10,7.276387117346939,,,,,,
Random,3651,1.47918701171875,10.101577758789062,197,1,7,10,7.276387117346939,,,,,,
Superpixel,12319,3.104787826538086,11.389898300170898,198,1,7,10,24.55157844387755,,,,,,
CAM,12319,6.119199752807617,11.389898300170898,198,1,7,10,24.55157844387755,,,,,,
FAM,12319,0.8525829315185547,11.389898300170898,198,1,7,10,24.55157844387755,,,,,,
Random,12319,4.626681804656982,11.389898300170898,198,1,7,10,24.55157844387755,,,,,,
Superpixel,6277,3.891084671020508,11.502920150756836,199,1,9,10,12.509964923469388,,,,,,
CAM,6277,4.404861927032471,11.502920150756836,199,1,9,10,12.509964923469388,,,,,,
FAM,6277,2.64797592163086,11.502920150756836,199,1,9,10,12.509964923469388,,,,,,
Random,6277,2.8506221771240234,11.502920150756836,199,1,9,10,12.509964923469388,,,,,,
Superpixel,9735,1.999514102935791,8.195829391479492,200,1,7,10,19.40170599489796,,,,,,
CAM,9735,4.100484371185303,8.195829391479492,200,1,7,10,19.40170599489796,,,,,,
FAM,9735,5.883474349975586,8.195829391479492,200,1,7,10,19.40170599489796,,,,,,
Random,9735,9.558635473251345,8.195829391479492,200,1,7,10,19.40170599489796,,,,,,
Superpixel,7867,4.852071285247803,11.555458068847656,201,1,8,10,15.678810586734691,,,,,,
CAM,7867,5.0633721351623535,11.555458068847656,201,1,8,10,15.678810586734691,,,,,,
FAM,7867,4.726261615753174,11.555458068847656,201,1,8,10,15.678810586734691,,,,,,
Random,7867,1.4986324310302734,11.555458068847656,201,1,8,10,15.678810586734691,,,,,,
Superpixel,5569,3.496628761291504,10.537670135498049,202,1,9,10,11.09893176020408,,,,,,
CAM,5569,5.165144443511963,10.537670135498049,202,1,9,10,11.09893176020408,,,,,,
FAM,5569,2.768750667572021,10.537670135498049,202,1,9,10,11.09893176020408,,,,,,
Random,5569,3.777773380279541,10.537670135498049,202,1,9,10,11.09893176020408,,,,,,
Superpixel,7649,1.6662397384643557,13.45071792602539,203,1,9,10,15.244339923469388,,,,,,
CAM,7649,3.798742294311523,13.45071792602539,203,1,9,10,15.244339923469388,,,,,,
FAM,7649,7.351102352142334,13.45071792602539,203,1,9,10,15.244339923469388,,,,,,
Random,7649,6.673084735870361,13.45071792602539,203,1,9,10,15.244339923469388,,,,,,
Superpixel,11254,3.0571365356445312,14.600278854370115,204,1,7,10,22.42904974489796,,,,,,
CAM,11254,5.912210464477539,14.600278854370115,204,1,7,10,22.42904974489796,,,,,,
FAM,11254,5.141912460327148,14.600278854370115,204,1,7,10,22.42904974489796,,,,,,
Random,11254,8.890796184539795,14.600278854370115,204,1,7,10,22.42904974489796,,,,,,
Superpixel,9006,2.5178470611572266,11.467634201049805,205,1,8,10,17.948820153061224,,,,,,
CAM,9006,4.500190734863281,11.467634201049805,205,1,8,10,17.948820153061224,,,,,,
FAM,9006,0.6051311492919922,11.467634201049805,205,1,8,10,17.948820153061224,,,,,,
Random,9006,2.6599178314208984,11.467634201049805,205,1,8,10,17.948820153061224,,,,,,
Superpixel,6811,4.574164390563965,11.214329719543455,206,1,7,10,13.57421875,,,,,,
CAM,6811,4.536062240600586,11.214329719543455,206,1,7,10,13.57421875,,,,,,
FAM,6811,4.543265342712402,11.214329719543455,206,1,7,10,13.57421875,,,,,,
Random,6811,3.428802013397217,11.214329719543455,206,1,7,10,13.57421875,,,,,,
Superpixel,10780,3.5842485427856445,9.128189086914062,207,1,6,10,21.484375,,,,,,
CAM,10780,2.845412254333496,9.128189086914062,207,1,6,10,21.484375,,,,,,
FAM,10780,1.0438013076782229,9.128189086914062,207,1,6,10,21.484375,,,,,,
Random,10780,0.6825141906738281,9.128189086914062,207,1,6,10,21.484375,,,,,,
Superpixel,9894,5.662723064422607,10.57050323486328,208,1,9,10,19.718590561224488,,,,,,
CAM,9894,3.5616331100463867,10.57050323486328,208,1,9,10,19.718590561224488,,,,,,
FAM,9894,7.548737525939941,10.57050323486328,208,1,9,10,19.718590561224488,,,,,,
Random,9894,7.409958600997925,10.57050323486328,208,1,9,10,19.718590561224488,,,,,,
Superpixel,9492,0.1946983337402343,14.310815811157228,209,1,6,10,18.917410714285715,,,,,,
CAM,9492,1.6646232604980469,14.310815811157228,209,1,6,10,18.917410714285715,,,,,,
FAM,9492,2.1648082733154297,14.310815811157228,209,1,6,10,18.917410714285715,,,,,,
Random,9492,4.696798324584961,14.310815811157228,209,1,6,10,18.917410714285715,,,,,,
Superpixel,8657,-0.2045345306396484,12.199350357055664,210,1,5,10,17.25326849489796,,,,,,
CAM,8657,1.7061786651611328,12.199350357055664,210,1,5,10,17.25326849489796,,,,,,
FAM,8657,2.896093368530273,12.199350357055664,210,1,5,10,17.25326849489796,,,,,,
Random,8657,2.3088693618774414,12.199350357055664,210,1,5,10,17.25326849489796,,,,,,
Superpixel,6610,3.4254112243652344,14.319704055786133,211,1,7,10,13.173628826530612,,,,,,
CAM,6610,4.454654693603516,14.319704055786133,211,1,7,10,13.173628826530612,,,,,,
FAM,6610,4.274417877197266,14.319704055786133,211,1,7,10,13.173628826530612,,,,,,
Random,6610,-0.2207145690917968,14.319704055786133,211,1,7,10,13.173628826530612,,,,,,
Superpixel,9000,3.879802703857422,14.56499481201172,212,1,5,10,17.93686224489796,,,,,,
CAM,9000,4.139307022094727,14.56499481201172,212,1,5,10,17.93686224489796,,,,,,
FAM,9000,3.876249313354492,14.56499481201172,212,1,5,10,17.93686224489796,,,,,,
Random,9000,4.361004829406738,14.56499481201172,212,1,5,10,17.93686224489796,,,,,,
Superpixel,9903,1.3481464385986328,10.492862701416016,213,1,7,10,19.73652742346939,,,,,,
CAM,9903,3.141350746154785,10.492862701416016,213,1,7,10,19.73652742346939,,,,,,
FAM,9903,5.635396480560303,10.492862701416016,213,1,7,10,19.73652742346939,,,,,,
Random,9903,5.828325748443604,10.492862701416016,213,1,7,10,19.73652742346939,,,,,,
Superpixel,10329,3.045117378234864,7.865429878234863,214,1,8,10,20.585538903061224,,,,,,
CAM,10329,4.424493789672852,7.865429878234863,214,1,8,10,20.585538903061224,,,,,,
FAM,10329,5.654944658279419,7.865429878234863,214,1,8,10,20.585538903061224,,,,,,
Random,10329,6.11733090877533,7.865429878234863,214,1,8,10,20.585538903061224,,,,,,
Superpixel,10859,7.728188037872314,13.465513229370115,215,1,6,10,21.641820790816325,,,,,,
CAM,10859,9.28372287750244,13.465513229370115,215,1,6,10,21.641820790816325,,,,,,
FAM,10859,7.021834373474121,13.465513229370115,215,1,6,10,21.641820790816325,,,,,,
Random,10859,4.165484428405762,13.465513229370115,215,1,6,10,21.641820790816325,,,,,,
Superpixel,5677,11.87364935874939,13.941645622253418,216,1,8,10,11.314174107142858,,,,,,
CAM,5677,9.404409408569336,13.941645622253418,216,1,8,10,11.314174107142858,,,,,,
FAM,5677,7.532049179077148,13.941645622253418,216,1,8,10,11.314174107142858,,,,,,
Random,5677,10.893300771713257,13.941645622253418,216,1,8,10,11.314174107142858,,,,,,
Superpixel,12514,7.004237651824951,13.641757011413574,217,1,6,10,24.940210459183675,,,,,,
CAM,12514,7.211869239807129,13.641757011413574,217,1,6,10,24.940210459183675,,,,,,
FAM,12514,6.824349403381348,13.641757011413574,217,1,6,10,24.940210459183675,,,,,,
Random,12514,9.581192016601562,13.641757011413574,217,1,6,10,24.940210459183675,,,,,,
Superpixel,4641,6.324387550354004,12.63535976409912,218,1,7,10,9.249441964285714,,,,,,
CAM,4641,8.307556629180908,12.63535976409912,218,1,7,10,9.249441964285714,,,,,,
FAM,4641,4.971935749053955,12.63535976409912,218,1,7,10,9.249441964285714,,,,,,
Random,4641,10.086916208267212,12.63535976409912,218,1,7,10,9.249441964285714,,,,,,
Superpixel,9184,6.0413535833358765,6.633218288421631,219,1,9,10,18.303571428571427,,,,,,
CAM,9184,7.701542615890503,6.633218288421631,219,1,9,10,18.303571428571427,,,,,,
FAM,9184,4.173578500747681,6.633218288421631,219,1,9,10,18.303571428571427,,,,,,
Random,9184,8.608569502830505,6.633218288421631,219,1,9,10,18.303571428571427,,,,,,
Superpixel,15162,2.4860916137695312,10.356335639953612,220,1,5,10,30.21763392857143,,,,,,
CAM,15162,4.911004066467285,10.356335639953612,220,1,5,10,30.21763392857143,,,,,,
FAM,15162,4.43065357208252,10.356335639953612,220,1,5,10,30.21763392857143,,,,,,
Random,15162,7.014050960540772,10.356335639953612,220,1,5,10,30.21763392857143,,,,,,
Superpixel,9615,4.723197937011719,9.833575248718262,221,1,7,10,19.16254783163265,,,,,,
CAM,9615,3.574182510375977,9.833575248718262,221,1,7,10,19.16254783163265,,,,,,
FAM,9615,5.563698768615723,9.833575248718262,221,1,7,10,19.16254783163265,,,,,,
Random,9615,5.3365631103515625,9.833575248718262,221,1,7,10,19.16254783163265,,,,,,
Superpixel,9439,5.042934417724609,12.622729301452637,222,1,6,10,18.811782525510203,,,,,,
CAM,9439,5.758935928344727,12.622729301452637,222,1,6,10,18.811782525510203,,,,,,
FAM,9439,6.56363582611084,12.622729301452637,222,1,6,10,18.811782525510203,,,,,,
Random,9439,3.61113166809082,12.622729301452637,222,1,6,10,18.811782525510203,,,,,,
Superpixel,13797,4.10275936126709,13.83360767364502,223,1,8,10,27.49720982142857,,,,,,
CAM,13797,10.66262149810791,13.83360767364502,223,1,8,10,27.49720982142857,,,,,,
FAM,13797,10.442442178726196,13.83360767364502,223,1,8,10,27.49720982142857,,,,,,
Random,13797,1.6371774673461914,13.83360767364502,223,1,8,10,27.49720982142857,,,,,,
Superpixel,11003,-1.1817512512207031,9.163905143737791,224,1,9,10,21.92881058673469,,,,,,
CAM,11003,6.279480457305908,9.163905143737791,224,1,9,10,21.92881058673469,,,,,,
FAM,11003,6.388883352279663,9.163905143737791,224,1,9,10,21.92881058673469,,,,,,
Random,11003,9.823854565620422,9.163905143737791,224,1,9,10,21.92881058673469,,,,,,
Superpixel,9638,7.265730261802673,8.729039192199707,225,1,8,10,19.20838647959184,,,,,,
CAM,9638,4.9046361446380615,8.729039192199707,225,1,8,10,19.20838647959184,,,,,,
FAM,9638,4.12186336517334,8.729039192199707,225,1,8,10,19.20838647959184,,,,,,
Random,9638,0.9953207969665528,8.729039192199707,225,1,8,10,19.20838647959184,,,,,,
Superpixel,15736,10.955301016569138,11.11911678314209,226,1,6,10,31.361607142857142,,,,,,
CAM,15736,6.448138236999512,11.11911678314209,226,1,6,10,31.361607142857142,,,,,,
FAM,15736,2.820568084716797,11.11911678314209,226,1,6,10,31.361607142857142,,,,,,
Random,15736,9.118448972702026,11.11911678314209,226,1,6,10,31.361607142857142,,,,,,
Superpixel,9239,4.479029655456543,14.863521575927734,227,1,8,10,18.41318558673469,,,,,,
CAM,9239,9.130151271820068,14.863521575927734,227,1,8,10,18.41318558673469,,,,,,
FAM,9239,11.509419202804564,14.863521575927734,227,1,8,10,18.41318558673469,,,,,,
Random,9239,6.691704750061035,14.863521575927734,227,1,8,10,18.41318558673469,,,,,,
Superpixel,4960,0.0262823104858398,7.561272621154785,228,1,8,10,9.885204081632654,,,,,,
CAM,4960,-0.6391696929931641,7.561272621154785,228,1,8,10,9.885204081632654,,,,,,
FAM,4960,1.1650071144104004,7.561272621154785,228,1,8,10,9.885204081632654,,,,,,
Random,4960,0.0227375030517578,7.561272621154785,228,1,8,10,9.885204081632654,,,,,,
Superpixel,12470,7.04603385925293,12.991989135742188,229,1,6,10,24.85251913265306,,,,,,
CAM,12470,7.236937999725342,12.991989135742188,229,1,6,10,24.85251913265306,,,,,,
FAM,12470,6.807444095611572,12.991989135742188,229,1,6,10,24.85251913265306,,,,,,
Random,12470,4.240839958190918,12.991989135742188,229,1,6,10,24.85251913265306,,,,,,
Superpixel,9576,2.127030372619629,11.151324272155762,230,1,7,10,19.084821428571427,,,,,,
CAM,9576,1.4543380737304688,11.151324272155762,230,1,7,10,19.084821428571427,,,,,,
FAM,9576,1.8415603637695312,11.151324272155762,230,1,7,10,19.084821428571427,,,,,,
Random,9576,0.6349649429321289,11.151324272155762,230,1,7,10,19.084821428571427,,,,,,
Superpixel,7347,0.9084300994873048,11.318161964416504,231,1,7,10,14.64245854591837,,,,,,
CAM,7347,4.871575355529785,11.318161964416504,231,1,7,10,14.64245854591837,,,,,,
FAM,7347,-0.3073081970214844,11.318161964416504,231,1,7,10,14.64245854591837,,,,,,
Random,7347,3.390192031860352,11.318161964416504,231,1,7,10,14.64245854591837,,,,,,
Superpixel,5167,5.08073616027832,14.989322662353516,232,1,6,10,10.297751913265303,,,,,,
CAM,5167,3.2401323318481445,14.989322662353516,232,1,6,10,10.297751913265303,,,,,,
FAM,5167,6.967408180236816,14.989322662353516,232,1,6,10,10.297751913265303,,,,,,
Random,5167,1.760538101196289,14.989322662353516,232,1,6,10,10.297751913265303,,,,,,
Superpixel,11399,1.9853105545043943,10.468459129333496,233,1,7,10,22.718032525510203,,,,,,
CAM,11399,5.337367057800293,10.468459129333496,233,1,7,10,22.718032525510203,,,,,,
FAM,11399,6.120433330535889,10.468459129333496,233,1,7,10,22.718032525510203,,,,,,
Random,11399,4.411954879760742,10.468459129333496,233,1,7,10,22.718032525510203,,,,,,
Superpixel,9442,12.549547910690308,14.936963081359863,234,1,6,10,18.81776147959184,,,,,,
CAM,9442,9.918902397155762,14.936963081359863,234,1,6,10,18.81776147959184,,,,,,
FAM,9442,12.736724853515623,14.936963081359863,234,1,6,10,18.81776147959184,,,,,,
Random,9442,6.807584762573242,14.936963081359863,234,1,6,10,18.81776147959184,,,,,,
Superpixel,4242,4.9908447265625,15.006619453430176,235,1,8,10,8.454241071428571,,,,,,
CAM,4242,4.686593055725098,15.006619453430176,235,1,8,10,8.454241071428571,,,,,,
FAM,4242,3.326400756835937,15.006619453430176,235,1,8,10,8.454241071428571,,,,,,
Random,4242,-1.7547025680541992,15.006619453430176,235,1,8,10,8.454241071428571,,,,,,
Superpixel,4031,3.75576400756836,13.495749473571776,236,1,8,10,8.033721301020408,,,,,,
CAM,4031,2.6743364334106445,13.495749473571776,236,1,8,10,8.033721301020408,,,,,,
FAM,4031,4.073476791381836,13.495749473571776,236,1,8,10,8.033721301020408,,,,,,
Random,4031,0.8769092559814453,13.495749473571776,236,1,8,10,8.033721301020408,,,,,,
Superpixel,5647,5.717391014099121,14.807310104370115,237,1,8,10,11.25438456632653,,,,,,
CAM,5647,4.684150695800781,14.807310104370115,237,1,8,10,11.25438456632653,,,,,,
FAM,5647,6.618023872375488,14.807310104370115,237,1,8,10,11.25438456632653,,,,,,
Random,5647,2.286305427551269,14.807310104370115,237,1,8,10,11.25438456632653,,,,,,
Superpixel,11938,-0.4215011596679687,10.925312042236328,238,1,7,10,23.792251275510203,,,,,,
CAM,11938,4.58506965637207,10.925312042236328,238,1,7,10,23.792251275510203,,,,,,
FAM,11938,1.7340373992919922,10.925312042236328,238,1,7,10,23.792251275510203,,,,,,
Random,11938,5.567474365234375,10.925312042236328,238,1,7,10,23.792251275510203,,,,,,
Superpixel,2943,5.492324352264404,13.17171573638916,239,1,8,10,5.865353954081633,,,,,,
CAM,2943,2.51838493347168,13.17171573638916,239,1,8,10,5.865353954081633,,,,,,
FAM,2943,3.5774497985839844,13.17171573638916,239,1,8,10,5.865353954081633,,,,,,
Random,2943,1.3208322525024414,13.17171573638916,239,1,8,10,5.865353954081633,,,,,,
Superpixel,7541,2.967963218688965,13.959877967834473,240,1,9,10,15.029097576530612,,,,,,
CAM,7541,6.730660438537598,13.959877967834473,240,1,9,10,15.029097576530612,,,,,,
FAM,7541,4.908575057983398,13.959877967834473,240,1,9,10,15.029097576530612,,,,,,
Random,7541,1.050537109375,13.959877967834473,240,1,9,10,15.029097576530612,,,,,,
Superpixel,5183,4.087843894958496,14.099804878234863,241,1,9,10,10.329639668367346,,,,,,
CAM,5183,2.668281555175781,14.099804878234863,241,1,9,10,10.329639668367346,,,,,,
FAM,5183,7.259128570556641,14.099804878234863,241,1,9,10,10.329639668367346,,,,,,
Random,5183,1.4564332962036133,14.099804878234863,241,1,9,10,10.329639668367346,,,,,,
Superpixel,5082,2.341569900512696,13.501015663146973,242,1,8,10,10.128348214285714,,,,,,
CAM,5082,6.61900520324707,13.501015663146973,242,1,8,10,10.128348214285714,,,,,,
FAM,5082,6.670131683349609,13.501015663146973,242,1,8,10,10.128348214285714,,,,,,
Random,5082,5.107156753540039,13.501015663146973,242,1,8,10,10.128348214285714,,,,,,
Superpixel,7009,2.973247528076172,15.295615196228027,243,1,9,10,13.968829719387754,,,,,,
CAM,7009,7.243306159973144,15.295615196228027,243,1,9,10,13.968829719387754,,,,,,
FAM,7009,5.970711708068848,15.295615196228027,243,1,9,10,13.968829719387754,,,,,,
Random,7009,6.144888877868652,15.295615196228027,243,1,9,10,13.968829719387754,,,,,,
Superpixel,10501,4.3909592628479,9.232186317443848,244,1,6,10,20.928332270408163,,,,,,
CAM,10501,4.887929916381836,9.232186317443848,244,1,6,10,20.928332270408163,,,,,,
FAM,10501,1.9237470626831048,9.232186317443848,244,1,6,10,20.928332270408163,,,,,,
Random,10501,1.7584776878356934,9.232186317443848,244,1,6,10,20.928332270408163,,,,,,
Superpixel,7626,6.217533111572266,15.88653564453125,245,1,9,10,15.198501275510203,,,,,,
CAM,7626,13.675572156906128,15.88653564453125,245,1,9,10,15.198501275510203,,,,,,
FAM,7626,13.237754821777344,15.88653564453125,245,1,9,10,15.198501275510203,,,,,,
Random,7626,14.844313979148865,15.88653564453125,245,1,9,10,15.198501275510203,,,,,,
Superpixel,6787,4.85749101638794,10.786697387695312,246,1,9,10,13.52638711734694,,,,,,
CAM,6787,3.745873928070069,10.786697387695312,246,1,9,10,13.52638711734694,,,,,,
FAM,6787,3.261143207550049,10.786697387695312,246,1,9,10,13.52638711734694,,,,,,
Random,6787,2.794468402862549,10.786697387695312,246,1,9,10,13.52638711734694,,,,,,
Superpixel,13674,-0.629206657409668,11.99916648864746,247,1,7,10,27.25207270408163,,,,,,
CAM,13674,0.4418449401855469,11.99916648864746,247,1,7,10,27.25207270408163,,,,,,
FAM,13674,0.6007232666015625,11.99916648864746,247,1,7,10,27.25207270408163,,,,,,
Random,13674,0.9490385055541992,11.99916648864746,247,1,7,10,27.25207270408163,,,,,,
Superpixel,13732,3.657238483428955,11.57615089416504,248,1,6,10,27.36766581632653,,,,,,
CAM,13732,7.136250019073486,11.57615089416504,248,1,6,10,27.36766581632653,,,,,,
FAM,13732,6.875411510467529,11.57615089416504,248,1,6,10,27.36766581632653,,,,,,
Random,13732,8.834580183029175,11.57615089416504,248,1,6,10,27.36766581632653,,,,,,
Superpixel,5545,5.321857452392578,14.28640842437744,249,1,5,10,11.05110012755102,,,,,,
CAM,5545,2.1296253204345703,14.28640842437744,249,1,5,10,11.05110012755102,,,,,,
FAM,5545,2.933367729187012,14.28640842437744,249,1,5,10,11.05110012755102,,,,,,
Random,5545,9.189126014709473,14.28640842437744,249,1,5,10,11.05110012755102,,,,,,
Superpixel,13811,1.9621315002441408,8.568169593811035,250,1,8,10,27.52511160714285,,,,,,
CAM,13811,3.789672374725342,8.568169593811035,250,1,8,10,27.52511160714285,,,,,,
FAM,13811,4.372274875640869,8.568169593811035,250,1,8,10,27.52511160714285,,,,,,
Random,13811,6.496635913848877,8.568169593811035,250,1,8,10,27.52511160714285,,,,,,
Superpixel,8928,2.375485420227051,7.943912029266357,251,1,7,10,17.793367346938776,,,,,,
CAM,8928,4.6956305503845215,7.943912029266357,251,1,7,10,17.793367346938776,,,,,,
FAM,8928,0.6570134162902832,7.943912029266357,251,1,7,10,17.793367346938776,,,,,,
Random,8928,7.141533970832825,7.943912029266357,251,1,7,10,17.793367346938776,,,,,,
Superpixel,9236,4.195051193237305,12.735684394836426,252,1,9,10,18.40720663265306,,,,,,
CAM,9236,7.282044410705566,12.735684394836426,252,1,9,10,18.40720663265306,,,,,,
FAM,9236,2.9373607635498047,12.735684394836426,252,1,9,10,18.40720663265306,,,,,,
Random,9236,7.274346828460693,12.735684394836426,252,1,9,10,18.40720663265306,,,,,,
Superpixel,4757,0.9575314521789552,8.80982494354248,253,1,7,10,9.48062818877551,,,,,,
CAM,4757,4.2846269607543945,8.80982494354248,253,1,7,10,9.48062818877551,,,,,,
FAM,4757,1.7732081413269043,8.80982494354248,253,1,7,10,9.48062818877551,,,,,,
Random,4757,3.608924865722656,8.80982494354248,253,1,7,10,9.48062818877551,,,,,,
Superpixel,3582,4.3681817054748535,9.8247652053833,254,1,7,10,7.138871173469388,,,,,,
CAM,3582,2.1262078285217285,9.8247652053833,254,1,7,10,7.138871173469388,,,,,,
FAM,3582,3.410295963287353,9.8247652053833,254,1,7,10,7.138871173469388,,,,,,
Random,3582,7.378127336502075,9.8247652053833,254,1,7,10,7.138871173469388,,,,,,
Superpixel,3931,1.4781417846679688,10.662772178649902,255,1,9,10,7.834422831632653,,,,,,
CAM,3931,4.606945991516113,10.662772178649902,255,1,9,10,7.834422831632653,,,,,,
FAM,3931,5.2480316162109375,10.662772178649902,255,1,9,10,7.834422831632653,,,,,,
Random,3931,7.594855070114136,10.662772178649902,255,1,9,10,7.834422831632653,,,,,,
Superpixel,3965,7.3501129150390625,15.382043838500977,256,1,9,10,7.90218431122449,,,,,,
CAM,3965,5.699493408203125,15.382043838500977,256,1,9,10,7.90218431122449,,,,,,
FAM,3965,5.958641052246094,15.382043838500977,256,1,9,10,7.90218431122449,,,,,,
Random,3965,0.9956436157226562,15.382043838500977,256,1,9,10,7.90218431122449,,,,,,
Superpixel,4759,5.37694787979126,10.048593521118164,257,1,8,10,9.484614158163266,,,,,,
CAM,4759,4.998439788818359,10.048593521118164,257,1,8,10,9.484614158163266,,,,,,
FAM,4759,4.2094807624816895,10.048593521118164,257,1,8,10,9.484614158163266,,,,,,
Random,4759,7.335896015167236,10.048593521118164,257,1,8,10,9.484614158163266,,,,,,
Superpixel,5012,3.546745777130127,9.058530807495115,258,1,8,10,9.988839285714286,,,,,,
CAM,5012,2.778438091278076,9.058530807495115,258,1,8,10,9.988839285714286,,,,,,
FAM,5012,3.0095276832580566,9.058530807495115,258,1,8,10,9.988839285714286,,,,,,
Random,5012,4.900913238525391,9.058530807495115,258,1,8,10,9.988839285714286,,,,,,
Superpixel,5786,4.54806661605835,11.10348129272461,259,1,8,10,11.53140943877551,,,,,,
CAM,5786,10.183960139751434,11.10348129272461,259,1,8,10,11.53140943877551,,,,,,
FAM,5786,7.541449546813965,11.10348129272461,259,1,8,10,11.53140943877551,,,,,,
Random,5786,7.417870759963989,11.10348129272461,259,1,8,10,11.53140943877551,,,,,,
Superpixel,8378,6.620100617408752,7.782178401947021,260,1,9,10,16.697225765306122,,,,,,
CAM,8378,7.703275255858898,7.782178401947021,260,1,9,10,16.697225765306122,,,,,,
FAM,8378,7.9758856147527695,7.782178401947021,260,1,9,10,16.697225765306122,,,,,,
Random,8378,5.684147834777832,7.782178401947021,260,1,9,10,16.697225765306122,,,,,,
Superpixel,9150,4.947316646575928,10.589920997619627,261,1,9,10,18.2358099489796,,,,,,
CAM,9150,7.998015642166138,10.589920997619627,261,1,9,10,18.2358099489796,,,,,,
FAM,9150,9.839349925518036,10.589920997619627,261,1,9,10,18.2358099489796,,,,,,
Random,9150,9.238199710845947,10.589920997619627,261,1,9,10,18.2358099489796,,,,,,
Superpixel,5482,1.2218809127807615,10.4232177734375,262,1,8,10,10.925542091836734,,,,,,
CAM,5482,3.483261108398437,10.4232177734375,262,1,8,10,10.925542091836734,,,,,,
FAM,5482,5.456406116485596,10.4232177734375,262,1,8,10,10.925542091836734,,,,,,
Random,5482,2.464771747589112,10.4232177734375,262,1,8,10,10.925542091836734,,,,,,
Superpixel,6749,6.128915786743164,12.715682983398438,263,1,8,10,13.450653698979592,,,,,,
CAM,6749,12.70579039119184,12.715682983398438,263,1,8,10,13.450653698979592,,,,,,
FAM,6749,11.27760660648346,12.715682983398438,263,1,8,10,13.450653698979592,,,,,,
Random,6749,9.463135480880736,12.715682983398438,263,1,8,10,13.450653698979592,,,,,,
Superpixel,17377,6.154325008392334,8.014638900756836,264,1,6,10,34.6320950255102,,,,,,
CAM,17377,4.1958959102630615,8.014638900756836,264,1,6,10,34.6320950255102,,,,,,
FAM,17377,2.956626415252685,8.014638900756836,264,1,6,10,34.6320950255102,,,,,,
Random,17377,3.994693756103516,8.014638900756836,264,1,6,10,34.6320950255102,,,,,,
Superpixel,5665,6.277652740478516,16.590599060058594,265,1,7,10,11.290258290816327,,,,,,
CAM,5665,7.013961791992188,16.590599060058594,265,1,7,10,11.290258290816327,,,,,,
FAM,5665,7.493947982788086,16.590599060058594,265,1,7,10,11.290258290816327,,,,,,
Random,5665,8.201272964477539,16.590599060058594,265,1,7,10,11.290258290816327,,,,,,
Superpixel,6121,9.67960810661316,11.956788063049316,266,1,9,10,12.19905931122449,,,,,,
CAM,6121,11.848309837281704,11.956788063049316,266,1,9,10,12.19905931122449,,,,,,
FAM,6121,11.315297603607178,11.956788063049316,266,1,9,10,12.19905931122449,,,,,,
Random,6121,9.520408868789673,11.956788063049316,266,1,9,10,12.19905931122449,,,,,,
Superpixel,8916,6.809498310089111,13.110607147216797,267,1,8,10,17.769451530612244,,,,,,
CAM,8916,10.18882441520691,13.110607147216797,267,1,8,10,17.769451530612244,,,,,,
FAM,8916,8.440267086029053,13.110607147216797,267,1,8,10,17.769451530612244,,,,,,
Random,8916,4.349278450012207,13.110607147216797,267,1,8,10,17.769451530612244,,,,,,
Superpixel,9072,0.6050710678100586,10.649499893188477,268,1,7,10,18.080357142857142,,,,,,
CAM,9072,1.8952150344848635,10.649499893188477,268,1,7,10,18.080357142857142,,,,,,
FAM,9072,0.1333265304565429,10.649499893188477,268,1,7,10,18.080357142857142,,,,,,
Random,9072,3.521456241607666,10.649499893188477,268,1,7,10,18.080357142857142,,,,,,
Superpixel,5186,3.497018337249756,11.300662994384766,269,1,9,10,10.33561862244898,,,,,,
CAM,5186,2.5553884506225586,11.300662994384766,269,1,9,10,10.33561862244898,,,,,,
FAM,5186,3.2441511154174805,11.300662994384766,269,1,9,10,10.33561862244898,,,,,,
Random,5186,2.3492660522460938,11.300662994384766,269,1,9,10,10.33561862244898,,,,,,
Superpixel,7848,1.9490623474121087,13.387718200683594,270,1,6,10,15.64094387755102,,,,,,
CAM,7848,8.343347072601318,13.387718200683594,270,1,6,10,15.64094387755102,,,,,,
FAM,7848,10.603269815444946,13.387718200683594,270,1,6,10,15.64094387755102,,,,,,
Random,7848,9.823327541351318,13.387718200683594,270,1,6,10,15.64094387755102,,,,,,
Superpixel,8088,0.6167631149291992,8.00174331665039,271,1,8,10,16.11926020408163,,,,,,
CAM,8088,8.169586420059204,8.00174331665039,271,1,8,10,16.11926020408163,,,,,,
FAM,8088,7.417523980140686,8.00174331665039,271,1,8,10,16.11926020408163,,,,,,
Random,8088,7.8819683119654655,8.00174331665039,271,1,8,10,16.11926020408163,,,,,,
Superpixel,2844,6.564688205718994,10.862751960754396,272,1,10,10,5.668048469387755,,,,,,
CAM,2844,5.510995388031006,10.862751960754396,272,1,10,10,5.668048469387755,,,,,,
FAM,2844,4.297666549682617,10.862751960754396,272,1,10,10,5.668048469387755,,,,,,
Random,2844,6.203475475311279,10.862751960754396,272,1,10,10,5.668048469387755,,,,,,
Superpixel,4934,8.66700792312622,12.18566608428955,273,1,8,10,9.833386479591836,,,,,,
CAM,4934,9.636357069015505,12.18566608428955,273,1,8,10,9.833386479591836,,,,,,
FAM,4934,7.761222839355469,12.18566608428955,273,1,8,10,9.833386479591836,,,,,,
Random,4934,1.6298036575317385,12.18566608428955,273,1,8,10,9.833386479591836,,,,,,
Superpixel,5439,4.426707267761231,16.64673614501953,274,1,8,10,10.83984375,,,,,,
CAM,5439,3.321029663085937,16.64673614501953,274,1,8,10,10.83984375,,,,,,
FAM,5439,8.532634735107422,16.64673614501953,274,1,8,10,10.83984375,,,,,,
Random,5439,7.650208473205566,16.64673614501953,274,1,8,10,10.83984375,,,,,,
Superpixel,7443,5.562200546264648,15.19886589050293,275,1,8,10,14.833785076530612,,,,,,
CAM,7443,8.033294677734375,15.19886589050293,275,1,8,10,14.833785076530612,,,,,,
FAM,7443,2.1440792083740234,15.19886589050293,275,1,8,10,14.833785076530612,,,,,,
Random,7443,5.831038475036621,15.19886589050293,275,1,8,10,14.833785076530612,,,,,,
Superpixel,8082,8.972280025482178,13.627459526062012,276,1,7,10,16.10730229591837,,,,,,
CAM,8082,2.4187440872192383,13.627459526062012,276,1,7,10,16.10730229591837,,,,,,
FAM,8082,8.7930326461792,13.627459526062012,276,1,7,10,16.10730229591837,,,,,,
Random,8082,-0.8617916107177734,13.627459526062012,276,1,7,10,16.10730229591837,,,,,,
Superpixel,9309,-0.4693861007690429,10.346400260925291,277,1,6,10,18.55269451530612,,,,,,
CAM,9309,2.534785270690918,10.346400260925291,277,1,6,10,18.55269451530612,,,,,,
FAM,9309,0.5089693069458008,10.346400260925291,277,1,6,10,18.55269451530612,,,,,,
Random,9309,-0.8378467559814453,10.346400260925291,277,1,6,10,18.55269451530612,,,,,,
Superpixel,10532,7.389876365661621,11.518095016479492,278,1,7,10,20.99011479591837,,,,,,
CAM,10532,7.821258306503296,11.518095016479492,278,1,7,10,20.99011479591837,,,,,,
FAM,10532,4.363483428955078,11.518095016479492,278,1,7,10,20.99011479591837,,,,,,
Random,10532,3.807587146759033,11.518095016479492,278,1,7,10,20.99011479591837,,,,,,
Superpixel,13235,5.1340203285217285,9.506635665893556,279,1,7,10,26.377152423469383,,,,,,
CAM,13235,5.129240989685059,9.506635665893556,279,1,7,10,26.377152423469383,,,,,,
FAM,13235,2.1033854484558105,9.506635665893556,279,1,7,10,26.377152423469383,,,,,,
Random,13235,5.08824634552002,9.506635665893556,279,1,7,10,26.377152423469383,,,,,,
Superpixel,5436,1.0810394287109375,9.351788520812988,280,1,8,10,10.833864795918368,,,,,,
CAM,5436,2.701866149902344,9.351788520812988,280,1,8,10,10.833864795918368,,,,,,
FAM,5436,-0.4585533142089844,9.351788520812988,280,1,8,10,10.833864795918368,,,,,,
Random,5436,5.401181221008301,9.351788520812988,280,1,8,10,10.833864795918368,,,,,,
Superpixel,7386,6.011353492736816,15.694868087768556,281,1,8,10,14.720184948979592,,,,,,
CAM,7386,6.318757057189941,15.694868087768556,281,1,8,10,14.720184948979592,,,,,,
FAM,7386,6.89932918548584,15.694868087768556,281,1,8,10,14.720184948979592,,,,,,
Random,7386,6.384211540222168,15.694868087768556,281,1,8,10,14.720184948979592,,,,,,
Superpixel,9594,6.869053840637207,13.979659080505373,282,1,7,10,19.120695153061224,,,,,,
CAM,9594,8.473138332366943,13.979659080505373,282,1,7,10,19.120695153061224,,,,,,
FAM,9594,1.403717041015625,13.979659080505373,282,1,7,10,19.120695153061224,,,,,,
Random,9594,1.9264450073242188,13.979659080505373,282,1,7,10,19.120695153061224,,,,,,
Superpixel,7068,1.2188396453857422,13.835700035095217,283,1,7,10,14.08641581632653,,,,,,
CAM,7068,6.994748115539551,13.835700035095217,283,1,7,10,14.08641581632653,,,,,,
FAM,7068,3.970495223999024,13.835700035095217,283,1,7,10,14.08641581632653,,,,,,
Random,7068,3.646038055419922,13.835700035095217,283,1,7,10,14.08641581632653,,,,,,
Superpixel,7343,6.943633556365967,9.070479393005373,284,1,8,10,14.634486607142858,,,,,,
CAM,7343,4.064273834228516,9.070479393005373,284,1,8,10,14.634486607142858,,,,,,
FAM,7343,4.0080766677856445,9.070479393005373,284,1,8,10,14.634486607142858,,,,,,
Random,7343,2.367130279541016,9.070479393005373,284,1,8,10,14.634486607142858,,,,,,
Superpixel,10771,2.847977638244629,11.145997047424316,285,1,7,10,21.4664381377551,,,,,,
CAM,10771,4.588572025299072,11.145997047424316,285,1,7,10,21.4664381377551,,,,,,
FAM,10771,2.986130714416504,11.145997047424316,285,1,7,10,21.4664381377551,,,,,,
Random,10771,2.9207305908203125,11.145997047424316,285,1,7,10,21.4664381377551,,,,,,
Superpixel,11139,4.835763931274414,12.168622970581056,286,1,7,10,22.19985650510204,,,,,,
CAM,11139,4.908381462097168,12.168622970581056,286,1,7,10,22.19985650510204,,,,,,
FAM,11139,-0.3561544418334961,12.168622970581056,286,1,7,10,22.19985650510204,,,,,,
Random,11139,3.581439971923828,12.168622970581056,286,1,7,10,22.19985650510204,,,,,,
Superpixel,7643,7.428745269775391,15.902518272399902,287,1,7,10,15.232382015306122,,,,,,
CAM,7643,8.315924644470215,15.902518272399902,287,1,7,10,15.232382015306122,,,,,,
FAM,7643,6.733591079711914,15.902518272399902,287,1,7,10,15.232382015306122,,,,,,
Random,7643,5.238080024719238,15.902518272399902,287,1,7,10,15.232382015306122,,,,,,
Superpixel,9514,5.248056411743164,14.044625282287598,288,1,7,10,18.96125637755102,,,,,,
CAM,9514,6.737423896789551,14.044625282287598,288,1,7,10,18.96125637755102,,,,,,
FAM,9514,7.328347206115723,14.044625282287598,288,1,7,10,18.96125637755102,,,,,,
Random,9514,-0.7210798263549805,14.044625282287598,288,1,7,10,18.96125637755102,,,,,,
Superpixel,5246,0.5393180847167969,11.880253791809082,289,1,7,10,10.455197704081632,,,,,,
CAM,5246,5.858865737915039,11.880253791809082,289,1,7,10,10.455197704081632,,,,,,
FAM,5246,6.345022201538086,11.880253791809082,289,1,7,10,10.455197704081632,,,,,,
Random,5246,2.637528419494629,11.880253791809082,289,1,7,10,10.455197704081632,,,,,,
Superpixel,4795,6.201909065246582,14.989495277404783,290,1,8,10,9.556361607142858,,,,,,
CAM,4795,5.846897125244141,14.989495277404783,290,1,8,10,9.556361607142858,,,,,,
FAM,4795,10.400498390197754,14.989495277404783,290,1,8,10,9.556361607142858,,,,,,
Random,4795,2.4732227325439453,14.989495277404783,290,1,8,10,9.556361607142858,,,,,,
Superpixel,8118,10.257847309112549,17.239116668701172,291,1,7,10,16.17904974489796,,,,,,
CAM,8118,12.528399467468262,17.239116668701172,291,1,7,10,16.17904974489796,,,,,,
FAM,8118,11.79110860824585,17.239116668701172,291,1,7,10,16.17904974489796,,,,,,
Random,8118,5.92332935333252,17.239116668701172,291,1,7,10,16.17904974489796,,,,,,
Superpixel,7875,3.869731903076172,12.583741188049316,292,1,8,10,15.694754464285715,,,,,,
CAM,7875,1.415919303894043,12.583741188049316,292,1,8,10,15.694754464285715,,,,,,
FAM,7875,8.39436149597168,12.583741188049316,292,1,8,10,15.694754464285715,,,,,,
Random,7875,1.717606544494629,12.583741188049316,292,1,8,10,15.694754464285715,,,,,,
Superpixel,11440,11.89084815979004,14.344529151916504,293,1,8,10,22.799744897959183,,,,,,
CAM,11440,11.577817678451538,14.344529151916504,293,1,8,10,22.799744897959183,,,,,,
FAM,11440,10.570029973983765,14.344529151916504,293,1,8,10,22.799744897959183,,,,,,
Random,11440,5.656349182128906,14.344529151916504,293,1,8,10,22.799744897959183,,,,,,
Superpixel,7801,5.133667469024658,9.774456977844238,294,1,8,10,15.547273596938776,,,,,,
CAM,7801,6.107989311218262,9.774456977844238,294,1,8,10,15.547273596938776,,,,,,
FAM,7801,5.185200214385986,9.774456977844238,294,1,8,10,15.547273596938776,,,,,,
Random,7801,2.789257049560547,9.774456977844238,294,1,8,10,15.547273596938776,,,,,,
Superpixel,8971,7.753121852874756,15.452606201171877,295,1,8,10,17.879065688775512,,,,,,
CAM,8971,10.35976791381836,15.452606201171877,295,1,8,10,17.879065688775512,,,,,,
FAM,8971,11.096809387207031,15.452606201171877,295,1,8,10,17.879065688775512,,,,,,
Random,8971,3.429385185241699,15.452606201171877,295,1,8,10,17.879065688775512,,,,,,
Superpixel,9857,11.010691404342651,13.88781452178955,296,1,8,10,19.64485012755102,,,,,,
CAM,9857,8.035496234893799,13.88781452178955,296,1,8,10,19.64485012755102,,,,,,
FAM,9857,3.365617752075196,13.88781452178955,296,1,8,10,19.64485012755102,,,,,,
Random,9857,11.634074687957764,13.88781452178955,296,1,8,10,19.64485012755102,,,,,,
Superpixel,16021,9.734753608703612,16.863059997558594,297,1,5,10,31.929607780612244,,,,,,
CAM,16021,10.563231468200684,16.863059997558594,297,1,5,10,31.929607780612244,,,,,,
FAM,16021,8.476014137268066,16.863059997558594,297,1,5,10,31.929607780612244,,,,,,
Random,16021,5.0427446365356445,16.863059997558594,297,1,5,10,31.929607780612244,,,,,,
Superpixel,15861,9.985844135284424,14.96630573272705,298,1,7,10,31.61073022959184,,,,,,
CAM,15861,12.388385772705078,14.96630573272705,298,1,7,10,31.61073022959184,,,,,,
FAM,15861,11.703275918960571,14.96630573272705,298,1,7,10,31.61073022959184,,,,,,
Random,15861,4.25706958770752,14.96630573272705,298,1,7,10,31.61073022959184,,,,,,
Superpixel,7640,0.0230236053466796,13.316693305969238,299,1,8,10,15.226403061224488,,,,,,
CAM,7640,7.343309879302978,13.316693305969238,299,1,8,10,15.226403061224488,,,,,,
FAM,7640,0.9396028518676758,13.316693305969238,299,1,8,10,15.226403061224488,,,,,,
Random,7640,7.150584697723389,13.316693305969238,299,1,8,10,15.226403061224488,,,,,,
Superpixel,5251,8.770849704742432,11.20712184906006,300,1,8,10,10.46516262755102,,,,,,
CAM,5251,12.748303174972534,11.20712184906006,300,1,8,10,10.46516262755102,,,,,,
FAM,5251,12.873652815818788,11.20712184906006,300,1,8,10,10.46516262755102,,,,,,
Random,5251,3.0194711685180664,11.20712184906006,300,1,8,10,10.46516262755102,,,,,,
Superpixel,3902,2.1589412689208984,15.920042991638184,301,1,9,10,7.776626275510204,,,,,,
CAM,3902,1.4789543151855469,15.920042991638184,301,1,9,10,7.776626275510204,,,,,,
FAM,3902,4.834743499755859,15.920042991638184,301,1,9,10,7.776626275510204,,,,,,
Random,3902,3.231420516967773,15.920042991638184,301,1,9,10,7.776626275510204,,,,,,
Superpixel,7688,3.3278541564941406,12.91293239593506,302,1,8,10,15.322066326530612,,,,,,
CAM,7688,8.101421356201172,12.91293239593506,302,1,8,10,15.322066326530612,,,,,,
FAM,7688,8.05055570602417,12.91293239593506,302,1,8,10,15.322066326530612,,,,,,
Random,7688,7.4865217208862305,12.91293239593506,302,1,8,10,15.322066326530612,,,,,,
Superpixel,4098,8.930472493171692,8.65047550201416,303,1,8,10,8.167251275510203,,,,,,
CAM,4098,8.35787147283554,8.65047550201416,303,1,8,10,8.167251275510203,,,,,,
FAM,4098,7.833523273468018,8.65047550201416,303,1,8,10,8.167251275510203,,,,,,
Random,4098,3.2394909858703613,8.65047550201416,303,1,8,10,8.167251275510203,,,,,,
Superpixel,9407,6.76916891336441,7.639223575592041,304,1,8,10,18.74800701530612,,,,,,
CAM,9407,7.484094753861427,7.639223575592041,304,1,8,10,18.74800701530612,,,,,,
FAM,9407,1.30621337890625,7.639223575592041,304,1,8,10,18.74800701530612,,,,,,
Random,9407,7.8229735642671585,7.639223575592041,304,1,8,10,18.74800701530612,,,,,,
Superpixel,9648,4.481236934661865,10.562777519226074,305,1,7,10,19.22831632653061,,,,,,
CAM,9648,7.430031776428223,10.562777519226074,305,1,7,10,19.22831632653061,,,,,,
FAM,9648,8.669193506240845,10.562777519226074,305,1,7,10,19.22831632653061,,,,,,
Random,9648,7.86083722114563,10.562777519226074,305,1,7,10,19.22831632653061,,,,,,
Superpixel,6914,3.498948097229004,12.521405220031738,306,1,8,10,13.779496173469388,,,,,,
CAM,6914,7.80826997756958,12.521405220031738,306,1,8,10,13.779496173469388,,,,,,
FAM,6914,8.478379249572754,12.521405220031738,306,1,8,10,13.779496173469388,,,,,,
Random,6914,6.991818904876709,12.521405220031738,306,1,8,10,13.779496173469388,,,,,,
Superpixel,10565,3.091099262237549,7.956989765167236,307,1,5,10,21.055883290816325,,,,,,
CAM,10565,7.569286644458771,7.956989765167236,307,1,5,10,21.055883290816325,,,,,,
FAM,10565,4.815199613571167,7.956989765167236,307,1,5,10,21.055883290816325,,,,,,
Random,10565,6.602632999420166,7.956989765167236,307,1,5,10,21.055883290816325,,,,,,
Superpixel,5393,4.310194253921509,7.983482360839844,308,1,8,10,10.748166454081632,,,,,,
CAM,5393,4.01125168800354,7.983482360839844,308,1,8,10,10.748166454081632,,,,,,
FAM,5393,4.7123939990997314,7.983482360839844,308,1,8,10,10.748166454081632,,,,,,
Random,5393,0.0540060997009277,7.983482360839844,308,1,8,10,10.748166454081632,,,,,,
Superpixel,6341,2.482763290405273,13.487833976745604,309,1,8,10,12.63751594387755,,,,,,
CAM,6341,5.042448997497559,13.487833976745604,309,1,8,10,12.63751594387755,,,,,,
FAM,6341,7.353075504302978,13.487833976745604,309,1,8,10,12.63751594387755,,,,,,
Random,6341,2.986051559448242,13.487833976745604,309,1,8,10,12.63751594387755,,,,,,
Superpixel,12665,7.274909496307373,11.885712623596191,310,1,6,10,25.241151147959183,,,,,,
CAM,12665,8.770477056503296,11.885712623596191,310,1,6,10,25.241151147959183,,,,,,
FAM,12665,9.123865365982056,11.885712623596191,310,1,6,10,25.241151147959183,,,,,,
Random,12665,9.86928915977478,11.885712623596191,310,1,6,10,25.241151147959183,,,,,,
Superpixel,5383,10.375762701034546,9.580245018005373,311,1,9,10,10.728236607142858,,,,,,
CAM,5383,8.60759723186493,9.580245018005373,311,1,9,10,10.728236607142858,,,,,,
FAM,5383,10.48110842704773,9.580245018005373,311,1,9,10,10.728236607142858,,,,,,
Random,5383,8.684194922447205,9.580245018005373,311,1,9,10,10.728236607142858,,,,,,
Superpixel,10655,6.685118675231934,15.623077392578123,312,1,8,10,21.23525191326531,,,,,,
CAM,10655,8.231202125549316,15.623077392578123,312,1,8,10,21.23525191326531,,,,,,
FAM,10655,11.455464839935305,15.623077392578123,312,1,8,10,21.23525191326531,,,,,,
Random,10655,11.010446548461914,15.623077392578123,312,1,8,10,21.23525191326531,,,,,,
Superpixel,9592,1.266958236694336,10.70521068572998,313,1,7,10,19.116709183673468,,,,,,
CAM,9592,-0.4515190124511719,10.70521068572998,313,1,7,10,19.116709183673468,,,,,,
FAM,9592,2.19384765625,10.70521068572998,313,1,7,10,19.116709183673468,,,,,,
Random,9592,-0.4067401885986328,10.70521068572998,313,1,7,10,19.116709183673468,,,,,,
Superpixel,7181,4.185832738876343,8.181416511535645,314,1,8,10,14.311623086734691,,,,,,
CAM,7181,4.615934610366821,8.181416511535645,314,1,8,10,14.311623086734691,,,,,,
FAM,7181,6.431108713150024,8.181416511535645,314,1,8,10,14.311623086734691,,,,,,
Random,7181,6.961032390594482,8.181416511535645,314,1,8,10,14.311623086734691,,,,,,
Superpixel,7552,8.24393606185913,16.103334426879883,315,1,8,10,15.051020408163266,,,,,,
CAM,7552,7.424714088439941,16.103334426879883,315,1,8,10,15.051020408163266,,,,,,
FAM,7552,10.495339393615724,16.103334426879883,315,1,8,10,15.051020408163266,,,,,,
Random,7552,10.721024990081789,16.103334426879883,315,1,8,10,15.051020408163266,,,,,,
Superpixel,7164,2.873080253601074,11.279531478881836,316,1,7,10,14.277742346938776,,,,,,
CAM,7164,3.3273730278015137,11.279531478881836,316,1,7,10,14.277742346938776,,,,,,
FAM,7164,-0.1985015869140625,11.279531478881836,316,1,7,10,14.277742346938776,,,,,,
Random,7164,1.5618581771850586,11.279531478881836,316,1,7,10,14.277742346938776,,,,,,
Superpixel,9562,9.944349527359009,12.5090913772583,317,1,8,10,19.056919642857142,,,,,,
CAM,9562,7.822601795196533,12.5090913772583,317,1,8,10,19.056919642857142,,,,,,
FAM,9562,9.650906324386597,12.5090913772583,317,1,8,10,19.056919642857142,,,,,,
Random,9562,3.5884037017822266,12.5090913772583,317,1,8,10,19.056919642857142,,,,,,
Superpixel,3171,0.9373297691345216,8.307381629943848,318,1,6,10,6.3197544642857135,,,,,,
CAM,3171,6.397862076759338,8.307381629943848,318,1,6,10,6.3197544642857135,,,,,,
FAM,3171,3.285646915435791,8.307381629943848,318,1,6,10,6.3197544642857135,,,,,,
Random,3171,4.167834758758545,8.307381629943848,318,1,6,10,6.3197544642857135,,,,,,
Superpixel,13475,12.74773931503296,16.697917938232422,319,1,6,10,26.85546875,,,,,,
CAM,13475,12.110156059265137,16.697917938232422,319,1,6,10,26.85546875,,,,,,
FAM,13475,13.447705030441284,16.697917938232422,319,1,6,10,26.85546875,,,,,,
Random,13475,9.93974494934082,16.697917938232422,319,1,6,10,26.85546875,,,,,,
Superpixel,5519,0.6037712097167969,12.64309787750244,320,1,7,10,10.999282525510203,,,,,,
CAM,5519,6.939493656158447,12.64309787750244,320,1,7,10,10.999282525510203,,,,,,
FAM,5519,6.165274143218994,12.64309787750244,320,1,7,10,10.999282525510203,,,,,,
Random,5519,7.670405387878418,12.64309787750244,320,1,7,10,10.999282525510203,,,,,,
Superpixel,7890,9.050068855285645,13.365646362304688,321,1,8,10,15.724649234693878,,,,,,
CAM,7890,7.768730640411377,13.365646362304688,321,1,8,10,15.724649234693878,,,,,,
FAM,7890,7.104301929473877,13.365646362304688,321,1,8,10,15.724649234693878,,,,,,
Random,7890,5.727474689483643,13.365646362304688,321,1,8,10,15.724649234693878,,,,,,
Superpixel,5520,10.834238529205322,15.43865203857422,322,1,8,10,11.00127551020408,,,,,,
CAM,5520,3.90152359008789,15.43865203857422,322,1,8,10,11.00127551020408,,,,,,
FAM,5520,7.4771623611450195,15.43865203857422,322,1,8,10,11.00127551020408,,,,,,
Random,5520,5.718138694763184,15.43865203857422,322,1,8,10,11.00127551020408,,,,,,
Superpixel,4315,0.3224382400512695,12.263620376586914,323,1,8,10,8.599728954081632,,,,,,
CAM,4315,0.7430305480957031,12.263620376586914,323,1,8,10,8.599728954081632,,,,,,
FAM,4315,1.6236686706542969,12.263620376586914,323,1,8,10,8.599728954081632,,,,,,
Random,4315,2.7677602767944336,12.263620376586914,323,1,8,10,8.599728954081632,,,,,,
Superpixel,5729,3.020987033843994,9.488368034362791,324,1,9,10,11.41780931122449,,,,,,
CAM,5729,3.6542835235595694,9.488368034362791,324,1,9,10,11.41780931122449,,,,,,
FAM,5729,7.079953908920288,9.488368034362791,324,1,9,10,11.41780931122449,,,,,,
Random,5729,7.277686357498169,9.488368034362791,324,1,9,10,11.41780931122449,,,,,,
Superpixel,6232,2.234973907470703,13.348353385925291,325,1,6,10,12.420280612244898,,,,,,
CAM,6232,4.653963088989258,13.348353385925291,325,1,6,10,12.420280612244898,,,,,,
FAM,6232,5.16682243347168,13.348353385925291,325,1,6,10,12.420280612244898,,,,,,
Random,6232,1.7917118072509766,13.348353385925291,325,1,6,10,12.420280612244898,,,,,,
Superpixel,8168,7.095461368560791,10.921833038330078,326,1,8,10,16.278698979591837,,,,,,
CAM,8168,7.182628154754639,10.921833038330078,326,1,8,10,16.278698979591837,,,,,,
FAM,8168,6.6808247566223145,10.921833038330078,326,1,8,10,16.278698979591837,,,,,,
Random,8168,7.664901733398437,10.921833038330078,326,1,8,10,16.278698979591837,,,,,,
Superpixel,6679,2.4563770294189453,15.813647270202637,327,1,9,10,13.311144770408164,,,,,,
CAM,6679,3.838722229003906,15.813647270202637,327,1,9,10,13.311144770408164,,,,,,
FAM,6679,9.522456169128418,15.813647270202637,327,1,9,10,13.311144770408164,,,,,,
Random,6679,9.276742935180664,15.813647270202637,327,1,9,10,13.311144770408164,,,,,,
Superpixel,8602,4.509857654571533,10.02759075164795,328,1,8,10,17.14365433673469,,,,,,
CAM,8602,8.384370923042297,10.02759075164795,328,1,8,10,17.14365433673469,,,,,,
FAM,8602,4.653378009796143,10.02759075164795,328,1,8,10,17.14365433673469,,,,,,
Random,8602,8.168711066246033,10.02759075164795,328,1,8,10,17.14365433673469,,,,,,
Superpixel,5051,8.303999423980713,14.073040008544922,329,1,8,10,10.06656568877551,,,,,,
CAM,5051,5.897850036621094,14.073040008544922,329,1,8,10,10.06656568877551,,,,,,
FAM,5051,7.198776721954346,14.073040008544922,329,1,8,10,10.06656568877551,,,,,,
Random,5051,3.590885162353516,14.073040008544922,329,1,8,10,10.06656568877551,,,,,,
Superpixel,6623,5.838513851165772,12.550060272216797,330,1,9,10,13.19953762755102,,,,,,
CAM,6623,6.827408790588379,12.550060272216797,330,1,9,10,13.19953762755102,,,,,,
FAM,6623,5.782999038696289,12.550060272216797,330,1,9,10,13.19953762755102,,,,,,
Random,6623,3.888850212097168,12.550060272216797,330,1,9,10,13.19953762755102,,,,,,
Superpixel,5184,14.442244440317154,13.943770408630373,331,1,8,10,10.331632653061224,,,,,,
CAM,5184,3.3569726943969727,13.943770408630373,331,1,8,10,10.331632653061224,,,,,,
FAM,5184,6.858888626098633,13.943770408630373,331,1,8,10,10.331632653061224,,,,,,
Random,5184,5.150791168212891,13.943770408630373,331,1,8,10,10.331632653061224,,,,,,
Superpixel,3670,13.81589686870575,13.27929973602295,332,1,8,10,7.314253826530612,,,,,,
CAM,3670,9.102535724639893,13.27929973602295,332,1,8,10,7.314253826530612,,,,,,
FAM,3670,7.968781471252441,13.27929973602295,332,1,8,10,7.314253826530612,,,,,,
Random,3670,3.691298484802246,13.27929973602295,332,1,8,10,7.314253826530612,,,,,,
Superpixel,3979,12.107747793197632,15.010395050048828,333,1,9,10,7.930086096938775,,,,,,
CAM,3979,7.227380275726318,15.010395050048828,333,1,9,10,7.930086096938775,,,,,,
FAM,3979,7.391621589660644,15.010395050048828,333,1,9,10,7.930086096938775,,,,,,
Random,3979,3.64223575592041,15.010395050048828,333,1,9,10,7.930086096938775,,,,,,
Superpixel,8294,11.167762398719788,12.984274864196776,334,1,7,10,16.529815051020407,,,,,,
CAM,8294,11.616735458374023,12.984274864196776,334,1,7,10,16.529815051020407,,,,,,
FAM,8294,11.544061303138731,12.984274864196776,334,1,7,10,16.529815051020407,,,,,,
Random,8294,5.334074974060059,12.984274864196776,334,1,7,10,16.529815051020407,,,,,,
Superpixel,4944,9.427181124687197,10.79786777496338,335,1,7,10,9.853316326530612,,,,,,
CAM,4944,10.271462976932526,10.79786777496338,335,1,7,10,9.853316326530612,,,,,,
FAM,4944,10.98321709036827,10.79786777496338,335,1,7,10,9.853316326530612,,,,,,
Random,4944,8.92258107662201,10.79786777496338,335,1,7,10,9.853316326530612,,,,,,
Superpixel,3267,10.558208703994753,13.823429107666016,336,1,8,10,6.511080994897959,,,,,,
CAM,3267,4.88762092590332,13.823429107666016,336,1,8,10,6.511080994897959,,,,,,
FAM,3267,5.828536033630371,13.823429107666016,336,1,8,10,6.511080994897959,,,,,,
Random,3267,-0.5763740539550781,13.823429107666016,336,1,8,10,6.511080994897959,,,,,,
Superpixel,4506,12.519856333732603,13.756704330444336,337,1,7,10,8.980389030612244,,,,,,
CAM,4506,7.639728546142578,13.756704330444336,337,1,7,10,8.980389030612244,,,,,,
FAM,4506,8.36853551864624,13.756704330444336,337,1,7,10,8.980389030612244,,,,,,
Random,4506,3.532743453979492,13.756704330444336,337,1,7,10,8.980389030612244,,,,,,
Superpixel,3834,11.610926866531372,15.13203239440918,338,1,9,10,7.64110331632653,,,,,,
CAM,3834,8.336156845092773,15.13203239440918,338,1,9,10,7.64110331632653,,,,,,
FAM,3834,7.943472862243652,15.13203239440918,338,1,9,10,7.64110331632653,,,,,,
Random,3834,4.227462768554688,15.13203239440918,338,1,9,10,7.64110331632653,,,,,,
Superpixel,3822,9.75740671157837,11.01680850982666,339,1,8,10,7.6171875,,,,,,
CAM,3822,5.028986930847168,11.01680850982666,339,1,8,10,7.6171875,,,,,,
FAM,3822,-0.4747953414916992,11.01680850982666,339,1,8,10,7.6171875,,,,,,
Random,3822,1.3824710845947266,11.01680850982666,339,1,8,10,7.6171875,,,,,,
Superpixel,10224,13.79218363761902,15.919769287109377,340,1,7,10,20.37627551020408,,,,,,
CAM,10224,12.61070990562439,15.919769287109377,340,1,7,10,20.37627551020408,,,,,,
FAM,10224,13.256552934646606,15.919769287109377,340,1,7,10,20.37627551020408,,,,,,
Random,10224,15.07624226808548,15.919769287109377,340,1,7,10,20.37627551020408,,,,,,
Superpixel,9315,10.571057796478271,16.254274368286133,341,1,7,10,18.56465242346939,,,,,,
CAM,9315,12.371833801269531,16.254274368286133,341,1,7,10,18.56465242346939,,,,,,
FAM,9315,4.815620422363281,16.254274368286133,341,1,7,10,18.56465242346939,,,,,,
Random,9315,1.6177053451538086,16.254274368286133,341,1,7,10,18.56465242346939,,,,,,
Superpixel,13744,13.348617434501648,14.408669471740724,342,1,6,10,27.39158163265306,,,,,,
CAM,13744,12.131476163864136,14.408669471740724,342,1,6,10,27.39158163265306,,,,,,
FAM,13744,11.88006854057312,14.408669471740724,342,1,6,10,27.39158163265306,,,,,,
Random,13744,9.847644805908203,14.408669471740724,342,1,6,10,27.39158163265306,,,,,,
Superpixel,19469,11.951406449079514,12.208805084228516,343,1,7,10,38.80141900510204,,,,,,
CAM,19469,10.726017236709597,12.208805084228516,343,1,7,10,38.80141900510204,,,,,,
FAM,19469,10.490710139274595,12.208805084228516,343,1,7,10,38.80141900510204,,,,,,
Random,19469,10.198577165603638,12.208805084228516,343,1,7,10,38.80141900510204,,,,,,
Superpixel,10138,11.543522119522097,13.76335906982422,344,1,7,10,20.20487882653061,,,,,,
CAM,10138,11.33306121826172,13.76335906982422,344,1,7,10,20.20487882653061,,,,,,
FAM,10138,3.643228530883789,13.76335906982422,344,1,7,10,20.20487882653061,,,,,,
Random,10138,6.009994983673096,13.76335906982422,344,1,7,10,20.20487882653061,,,,,,
Superpixel,3438,10.323792934417725,13.20321273803711,345,1,7,10,6.851881377551021,,,,,,
CAM,3438,7.605618476867676,13.20321273803711,345,1,7,10,6.851881377551021,,,,,,
FAM,3438,6.818698883056641,13.20321273803711,345,1,7,10,6.851881377551021,,,,,,
Random,3438,0.5924043655395508,13.20321273803711,345,1,7,10,6.851881377551021,,,,,,
Superpixel,5560,1.704667091369629,16.150007247924805,346,1,9,10,11.080994897959185,,,,,,
CAM,5560,12.20035982131958,16.150007247924805,346,1,9,10,11.080994897959185,,,,,,
FAM,5560,11.560590744018556,16.150007247924805,346,1,9,10,11.080994897959185,,,,,,
Random,5560,2.1635704040527344,16.150007247924805,346,1,9,10,11.080994897959185,,,,,,
Superpixel,3773,11.297716617584229,12.391377449035645,347,1,7,10,7.51953125,,,,,,
CAM,3773,3.5156850814819336,12.391377449035645,347,1,7,10,7.51953125,,,,,,
FAM,3773,8.294507503509521,12.391377449035645,347,1,7,10,7.51953125,,,,,,
Random,3773,-0.0288658142089843,12.391377449035645,347,1,7,10,7.51953125,,,,,,
Superpixel,13645,9.29635775089264,10.273602485656738,348,1,7,10,27.194276147959183,,,,,,
CAM,13645,12.515778303146362,10.273602485656738,348,1,7,10,27.194276147959183,,,,,,
FAM,13645,11.842318058013916,10.273602485656738,348,1,7,10,27.194276147959183,,,,,,
Random,13645,9.952406406402588,10.273602485656738,348,1,7,10,27.194276147959183,,,,,,
Superpixel,18962,9.699110507965088,10.695701599121094,349,1,5,10,37.79097576530612,,,,,,
CAM,18962,9.471534013748167,10.695701599121094,349,1,5,10,37.79097576530612,,,,,,
FAM,18962,8.693007707595825,10.695701599121094,349,1,5,10,37.79097576530612,,,,,,
Random,18962,6.297389030456543,10.695701599121094,349,1,5,10,37.79097576530612,,,,,,
Superpixel,15132,5.83790397644043,13.8681640625,350,1,7,10,30.1578443877551,,,,,,
CAM,15132,12.268401741981506,13.8681640625,350,1,7,10,30.1578443877551,,,,,,
FAM,15132,12.44663107395172,13.8681640625,350,1,7,10,30.1578443877551,,,,,,
Random,15132,5.430438041687012,13.8681640625,350,1,7,10,30.1578443877551,,,,,,
Superpixel,3317,7.430944204330444,11.2779541015625,351,1,7,10,6.610730229591836,,,,,,
CAM,3317,0.756138801574707,11.2779541015625,351,1,7,10,6.610730229591836,,,,,,
FAM,3317,-0.5514259338378906,11.2779541015625,351,1,7,10,6.610730229591836,,,,,,
Random,3317,4.3917107582092285,11.2779541015625,351,1,7,10,6.610730229591836,,,,,,
Superpixel,10776,1.2921781539916992,8.580537796020508,352,1,7,10,21.476403061224488,,,,,,
CAM,10776,6.646707534790039,8.580537796020508,352,1,7,10,21.476403061224488,,,,,,
FAM,10776,4.712431907653809,8.580537796020508,352,1,7,10,21.476403061224488,,,,,,
Random,10776,3.273420810699463,8.580537796020508,352,1,7,10,21.476403061224488,,,,,,
Superpixel,7630,8.8679039478302,11.65229606628418,353,1,8,10,15.206473214285715,,,,,,
CAM,7630,10.597919940948486,11.65229606628418,353,1,8,10,15.206473214285715,,,,,,
FAM,7630,13.610087752342224,11.65229606628418,353,1,8,10,15.206473214285715,,,,,,
Random,7630,7.626049518585205,11.65229606628418,353,1,8,10,15.206473214285715,,,,,,
Superpixel,3651,10.555606961250303,12.064424514770508,354,1,8,10,7.276387117346939,,,,,,
CAM,3651,6.570757389068604,12.064424514770508,354,1,8,10,7.276387117346939,,,,,,
FAM,3651,1.3625421524047852,12.064424514770508,354,1,8,10,7.276387117346939,,,,,,
Random,3651,2.733173370361328,12.064424514770508,354,1,8,10,7.276387117346939,,,,,,
Superpixel,3762,10.492239475250244,12.731801986694336,355,1,8,10,7.497608418367347,,,,,,
CAM,3762,7.152518272399902,12.731801986694336,355,1,8,10,7.497608418367347,,,,,,
FAM,3762,7.493443489074707,12.731801986694336,355,1,8,10,7.497608418367347,,,,,,
Random,3762,2.0760440826416016,12.731801986694336,355,1,8,10,7.497608418367347,,,,,,
Superpixel,3048,9.91746735572815,12.03252410888672,356,1,8,10,6.074617346938775,,,,,,
CAM,3048,5.011191368103027,12.03252410888672,356,1,8,10,6.074617346938775,,,,,,
FAM,3048,-2.9350242614746094,12.03252410888672,356,1,8,10,6.074617346938775,,,,,,
Random,3048,6.440600872039795,12.03252410888672,356,1,8,10,6.074617346938775,,,,,,
Superpixel,4541,8.867102146148682,11.188125610351562,357,1,8,10,9.05014349489796,,,,,,
CAM,4541,7.109777450561523,11.188125610351562,357,1,8,10,9.05014349489796,,,,,,
FAM,4541,6.637153625488281,11.188125610351562,357,1,8,10,9.05014349489796,,,,,,
Random,4541,1.6463756561279297,11.188125610351562,357,1,8,10,9.05014349489796,,,,,,
Superpixel,4866,9.81416130065918,15.25149154663086,358,1,6,10,9.697863520408164,,,,,,
CAM,4866,3.593170166015625,15.25149154663086,358,1,6,10,9.697863520408164,,,,,,
FAM,4866,2.977975845336914,15.25149154663086,358,1,6,10,9.697863520408164,,,,,,
Random,4866,3.430866241455078,15.25149154663086,358,1,6,10,9.697863520408164,,,,,,
Superpixel,7263,12.012094557285309,12.692386627197266,359,1,6,10,14.475047831632654,,,,,,
CAM,7263,11.31407082080841,12.692386627197266,359,1,6,10,14.475047831632654,,,,,,
FAM,7263,12.230368584394457,12.692386627197266,359,1,6,10,14.475047831632654,,,,,,
Random,7263,2.1847381591796875,12.692386627197266,359,1,6,10,14.475047831632654,,,,,,
Superpixel,9816,10.027548789978027,9.10841178894043,360,1,7,10,19.56313775510204,,,,,,
CAM,9816,10.594532251358032,9.10841178894043,360,1,7,10,19.56313775510204,,,,,,
FAM,9816,10.355257391929626,9.10841178894043,360,1,7,10,19.56313775510204,,,,,,
Random,9816,5.33772873878479,9.10841178894043,360,1,7,10,19.56313775510204,,,,,,
Superpixel,4535,3.3304877281188965,9.318045616149902,361,1,6,10,9.038185586734697,,,,,,
CAM,4535,9.526342064142227,9.318045616149902,361,1,6,10,9.038185586734697,,,,,,
FAM,4535,1.9738616943359373,9.318045616149902,361,1,6,10,9.038185586734697,,,,,,
Random,4535,-1.3408136367797852,9.318045616149902,361,1,6,10,9.038185586734697,,,,,,
Superpixel,9865,10.147066831588743,8.096786499023438,362,1,6,10,19.66079400510204,,,,,,
CAM,9865,10.35435962677002,8.096786499023438,362,1,6,10,19.66079400510204,,,,,,
FAM,9865,11.35796856880188,8.096786499023438,362,1,6,10,19.66079400510204,,,,,,
Random,9865,-1.2700510025024414,8.096786499023438,362,1,6,10,19.66079400510204,,,,,,
Superpixel,9538,15.866796553134918,15.25532341003418,363,1,7,10,19.00908801020408,,,,,,
CAM,9538,16.91384470462799,15.25532341003418,363,1,7,10,19.00908801020408,,,,,,
FAM,9538,16.625683188438416,15.25532341003418,363,1,7,10,19.00908801020408,,,,,,
Random,9538,13.192217826843262,15.25532341003418,363,1,7,10,19.00908801020408,,,,,,
Superpixel,3974,9.147352933883669,13.018765449523926,364,1,9,10,7.920121173469388,,,,,,
CAM,3974,14.931562066078186,13.018765449523926,364,1,9,10,7.920121173469388,,,,,,
FAM,3974,1.889094352722168,13.018765449523926,364,1,9,10,7.920121173469388,,,,,,
Random,3974,1.237776756286621,13.018765449523926,364,1,9,10,7.920121173469388,,,,,,
Superpixel,10563,11.010420620441437,10.416288375854492,365,1,6,10,21.051897321428573,,,,,,
CAM,10563,11.21963769197464,10.416288375854492,365,1,6,10,21.051897321428573,,,,,,
FAM,10563,11.562845945358276,10.416288375854492,365,1,6,10,21.051897321428573,,,,,,
Random,10563,6.575031995773315,10.416288375854492,365,1,6,10,21.051897321428573,,,,,,
Superpixel,6751,9.889158457517624,10.232054710388184,366,1,8,10,13.454639668367346,,,,,,
CAM,6751,9.123188138008118,10.232054710388184,366,1,8,10,13.454639668367346,,,,,,
FAM,6751,9.25657957792282,10.232054710388184,366,1,8,10,13.454639668367346,,,,,,
Random,6751,-0.8534173965454102,10.232054710388184,366,1,8,10,13.454639668367346,,,,,,
Superpixel,4186,14.02995240688324,13.314410209655762,367,1,8,10,8.342633928571429,,,,,,
CAM,4186,10.108087301254272,13.314410209655762,367,1,8,10,8.342633928571429,,,,,,
FAM,4186,1.529275894165039,13.314410209655762,367,1,8,10,8.342633928571429,,,,,,
Random,4186,3.2839508056640625,13.314410209655762,367,1,8,10,8.342633928571429,,,,,,
Superpixel,5932,10.501634657382963,11.276439666748049,368,1,6,10,11.822385204081632,,,,,,
CAM,5932,11.538204401731493,11.276439666748049,368,1,6,10,11.822385204081632,,,,,,
FAM,5932,12.238594830036163,11.276439666748049,368,1,6,10,11.822385204081632,,,,,,
Random,5932,6.830895900726318,11.276439666748049,368,1,6,10,11.822385204081632,,,,,,
Superpixel,4541,14.44726037979126,13.268479347229004,369,1,8,10,9.05014349489796,,,,,,
CAM,4541,14.171543538570404,13.268479347229004,369,1,8,10,9.05014349489796,,,,,,
FAM,4541,8.529898166656494,13.268479347229004,369,1,8,10,9.05014349489796,,,,,,
Random,4541,-0.7569618225097656,13.268479347229004,369,1,8,10,9.05014349489796,,,,,,
Superpixel,4595,8.908945560455322,13.779359817504885,370,1,7,10,9.157764668367346,,,,,,
CAM,4595,9.706928730010986,13.779359817504885,370,1,7,10,9.157764668367346,,,,,,
FAM,4595,0.7852039337158203,13.779359817504885,370,1,7,10,9.157764668367346,,,,,,
Random,4595,5.006377220153809,13.779359817504885,370,1,7,10,9.157764668367346,,,,,,
Superpixel,6239,1.5992512702941897,7.364414691925049,371,1,5,10,12.43423150510204,,,,,,
CAM,6239,4.847394704818726,7.364414691925049,371,1,5,10,12.43423150510204,,,,,,
FAM,6239,3.71834135055542,7.364414691925049,371,1,5,10,12.43423150510204,,,,,,
Random,6239,5.471176505088806,7.364414691925049,371,1,5,10,12.43423150510204,,,,,,
Superpixel,6719,12.457519888877869,12.759831428527832,372,1,7,10,13.390864158163266,,,,,,
CAM,6719,12.825252525508404,12.759831428527832,372,1,7,10,13.390864158163266,,,,,,
FAM,6719,1.101536750793457,12.759831428527832,372,1,7,10,13.390864158163266,,,,,,
Random,6719,3.177886962890625,12.759831428527832,372,1,7,10,13.390864158163266,,,,,,
Superpixel,6351,8.706025838851929,12.169473648071287,373,1,8,10,12.657445790816327,,,,,,
CAM,6351,14.702188730239868,12.169473648071287,373,1,8,10,12.657445790816327,,,,,,
FAM,6351,10.359903335571287,12.169473648071287,373,1,8,10,12.657445790816327,,,,,,
Random,6351,2.832925796508789,12.169473648071287,373,1,8,10,12.657445790816327,,,,,,
Superpixel,12029,13.328487157821655,12.124338150024414,374,1,7,10,23.97361288265306,,,,,,
CAM,12029,10.971303343772888,12.124338150024414,374,1,7,10,23.97361288265306,,,,,,
FAM,12029,15.92925477027893,12.124338150024414,374,1,7,10,23.97361288265306,,,,,,
Random,12029,9.678622484207152,12.124338150024414,374,1,7,10,23.97361288265306,,,,,,
Superpixel,5471,11.35966145992279,12.336267471313477,375,1,8,10,10.90361926020408,,,,,,
CAM,5471,7.404595851898193,12.336267471313477,375,1,8,10,10.90361926020408,,,,,,
FAM,5471,6.433077812194824,12.336267471313477,375,1,8,10,10.90361926020408,,,,,,
Random,5471,8.399364471435547,12.336267471313477,375,1,8,10,10.90361926020408,,,,,,
Superpixel,11170,12.743902750313282,12.838436126708984,376,1,7,10,22.261639030612244,,,,,,
CAM,11170,12.54696238040924,12.838436126708984,376,1,7,10,22.261639030612244,,,,,,
FAM,11170,11.996383845806122,12.838436126708984,376,1,7,10,22.261639030612244,,,,,,
Random,11170,0.059615135192871,12.838436126708984,376,1,7,10,22.261639030612244,,,,,,
Superpixel,12761,10.416410207748411,13.869569778442385,377,1,7,10,25.43247767857143,,,,,,
CAM,12761,15.89340329170227,13.869569778442385,377,1,7,10,25.43247767857143,,,,,,
FAM,12761,3.353999137878418,13.869569778442385,377,1,7,10,25.43247767857143,,,,,,
Random,12761,3.610872268676758,13.869569778442385,377,1,7,10,25.43247767857143,,,,,,
Superpixel,3692,11.12505290657282,11.192914962768556,378,1,9,10,7.358099489795919,,,,,,
CAM,3692,10.104609608650208,11.192914962768556,378,1,9,10,7.358099489795919,,,,,,
FAM,3692,0.7816104888916016,11.192914962768556,378,1,9,10,7.358099489795919,,,,,,
Random,3692,-0.4023818969726562,11.192914962768556,378,1,9,10,7.358099489795919,,,,,,
Superpixel,6657,-1.2207393646240234,10.514068603515623,379,1,8,10,13.267299107142858,,,,,,
CAM,6657,11.537506937980652,10.514068603515623,379,1,8,10,13.267299107142858,,,,,,
FAM,6657,11.9272723197937,10.514068603515623,379,1,8,10,13.267299107142858,,,,,,
Random,6657,2.2641735076904297,10.514068603515623,379,1,8,10,13.267299107142858,,,,,,
Superpixel,4474,11.150631308555605,12.40369987487793,380,1,8,10,8.916613520408163,,,,,,
CAM,4474,13.079678773880005,12.40369987487793,380,1,8,10,8.916613520408163,,,,,,
FAM,4474,12.585730582475662,12.40369987487793,380,1,8,10,8.916613520408163,,,,,,
Random,4474,3.054544448852539,12.40369987487793,380,1,8,10,8.916613520408163,,,,,,
Superpixel,6137,11.254913479089735,11.587076187133787,381,1,6,10,12.23094706632653,,,,,,
CAM,6137,5.8963799476623535,11.587076187133787,381,1,6,10,12.23094706632653,,,,,,
FAM,6137,5.205177307128906,11.587076187133787,381,1,6,10,12.23094706632653,,,,,,
Random,6137,5.566674709320068,11.587076187133787,381,1,6,10,12.23094706632653,,,,,,
Superpixel,11857,4.241801738739014,9.604865074157717,382,1,5,10,23.63081951530612,,,,,,
CAM,11857,12.145891427993774,9.604865074157717,382,1,5,10,23.63081951530612,,,,,,
FAM,11857,6.750782251358032,9.604865074157717,382,1,5,10,23.63081951530612,,,,,,
Random,11857,0.9523916244506836,9.604865074157717,382,1,5,10,23.63081951530612,,,,,,
Superpixel,2856,9.008962005376816,9.45546054840088,383,1,9,10,5.691964285714286,,,,,,
CAM,2856,5.696756362915039,9.45546054840088,383,1,9,10,5.691964285714286,,,,,,
FAM,2856,6.556045055389404,9.45546054840088,383,1,9,10,5.691964285714286,,,,,,
Random,2856,2.1309189796447754,9.45546054840088,383,1,9,10,5.691964285714286,,,,,,
Superpixel,5273,6.853516578674316,10.80064582824707,384,1,7,10,10.509008290816327,,,,,,
CAM,5273,5.334651470184326,10.80064582824707,384,1,7,10,10.509008290816327,,,,,,
FAM,5273,5.370569705963135,10.80064582824707,384,1,7,10,10.509008290816327,,,,,,
Random,5273,0.3592977523803711,10.80064582824707,384,1,7,10,10.509008290816327,,,,,,
Superpixel,13036,8.678038597106934,10.962685585021973,385,1,7,10,25.98054846938776,,,,,,
CAM,13036,9.634936928749084,10.962685585021973,385,1,7,10,25.98054846938776,,,,,,
FAM,13036,9.549835801124573,10.962685585021973,385,1,7,10,25.98054846938776,,,,,,
Random,13036,3.6547460556030273,10.962685585021973,385,1,7,10,25.98054846938776,,,,,,
Superpixel,4144,1.8168630599975584,11.96926212310791,386,1,7,10,8.258928571428571,,,,,,
CAM,4144,5.707489013671875,11.96926212310791,386,1,7,10,8.258928571428571,,,,,,
FAM,4144,1.4069766998291016,11.96926212310791,386,1,7,10,8.258928571428571,,,,,,
Random,4144,1.1867265701293943,11.96926212310791,386,1,7,10,8.258928571428571,,,,,,
Superpixel,9083,0.7348260879516602,12.72247314453125,387,1,6,10,18.1022799744898,,,,,,
CAM,9083,6.797909736633301,12.72247314453125,387,1,6,10,18.1022799744898,,,,,,
FAM,9083,5.030752658843994,12.72247314453125,387,1,6,10,18.1022799744898,,,,,,
Random,9083,0.3381595611572265,12.72247314453125,387,1,6,10,18.1022799744898,,,,,,
Superpixel,8238,4.633439064025879,12.81272792816162,388,1,7,10,16.418207908163264,,,,,,
CAM,8238,10.71036982536316,12.81272792816162,388,1,7,10,16.418207908163264,,,,,,
FAM,8238,7.873773574829102,12.81272792816162,388,1,7,10,16.418207908163264,,,,,,
Random,8238,3.0263891220092773,12.81272792816162,388,1,7,10,16.418207908163264,,,,,,
Superpixel,8955,10.612800121307371,14.838385581970217,389,1,7,10,17.847177933673468,,,,,,
CAM,8955,14.352823853492737,14.838385581970217,389,1,7,10,17.847177933673468,,,,,,
FAM,8955,13.31965696811676,14.838385581970217,389,1,7,10,17.847177933673468,,,,,,
Random,8955,8.407007217407227,14.838385581970217,389,1,7,10,17.847177933673468,,,,,,
Superpixel,7608,2.770435333251953,14.416349411010742,390,1,8,10,15.162627551020408,,,,,,
CAM,7608,11.459774017333984,14.416349411010742,390,1,8,10,15.162627551020408,,,,,,
FAM,7608,10.73123049736023,14.416349411010742,390,1,8,10,15.162627551020408,,,,,,
Random,7608,2.6337814331054688,14.416349411010742,390,1,8,10,15.162627551020408,,,,,,
Superpixel,3024,8.039048194885254,10.637313842773438,391,1,7,10,6.026785714285714,,,,,,
CAM,3024,6.547896862030029,10.637313842773438,391,1,7,10,6.026785714285714,,,,,,
FAM,3024,6.471877574920654,10.637313842773438,391,1,7,10,6.026785714285714,,,,,,
Random,3024,6.291446208953857,10.637313842773438,391,1,7,10,6.026785714285714,,,,,,
Superpixel,7778,13.266538798809052,14.043931007385254,392,1,8,10,15.501434948979592,,,,,,
CAM,7778,13.10475504398346,14.043931007385254,392,1,8,10,15.501434948979592,,,,,,
FAM,7778,12.417176485061646,14.043931007385254,392,1,8,10,15.501434948979592,,,,,,
Random,7778,11.146099090576172,14.043931007385254,392,1,8,10,15.501434948979592,,,,,,
Superpixel,17771,10.933438301086426,13.663690567016602,393,1,7,10,35.41733099489796,,,,,,
CAM,17771,12.381475925445557,13.663690567016602,393,1,7,10,35.41733099489796,,,,,,
FAM,17771,12.401500940322876,13.663690567016602,393,1,7,10,35.41733099489796,,,,,,
Random,17771,8.309666633605957,13.663690567016602,393,1,7,10,35.41733099489796,,,,,,
Superpixel,6775,3.131875991821289,13.726884841918944,394,1,7,10,13.502471301020408,,,,,,
CAM,6775,7.1042656898498535,13.726884841918944,394,1,7,10,13.502471301020408,,,,,,
FAM,6775,8.310103416442871,13.726884841918944,394,1,7,10,13.502471301020408,,,,,,
Random,6775,2.104778289794922,13.726884841918944,394,1,7,10,13.502471301020408,,,,,,
Superpixel,6684,1.857239246368408,9.495702743530272,395,1,8,10,13.32110969387755,,,,,,
CAM,6684,9.23779594898224,9.495702743530272,395,1,8,10,13.32110969387755,,,,,,
FAM,6684,10.144839465618134,9.495702743530272,395,1,8,10,13.32110969387755,,,,,,
Random,6684,8.119990825653076,9.495702743530272,395,1,8,10,13.32110969387755,,,,,,
Superpixel,16258,11.40809690952301,12.505420684814451,396,1,7,10,32.40194515306122,,,,,,
CAM,16258,11.361529350280762,12.505420684814451,396,1,7,10,32.40194515306122,,,,,,
FAM,16258,10.153669595718384,12.505420684814451,396,1,7,10,32.40194515306122,,,,,,
Random,16258,5.037487983703613,12.505420684814451,396,1,7,10,32.40194515306122,,,,,,
Superpixel,7038,13.875605627894402,14.099834442138672,397,1,8,10,14.026626275510203,,,,,,
CAM,7038,13.121379554271698,14.099834442138672,397,1,8,10,14.026626275510203,,,,,,
FAM,7038,12.937514424324036,14.099834442138672,397,1,8,10,14.026626275510203,,,,,,
Random,7038,9.89651584625244,14.099834442138672,397,1,8,10,14.026626275510203,,,,,,
Superpixel,8153,2.4072465896606445,12.498822212219238,398,1,6,10,16.248804209183675,,,,,,
CAM,8153,11.355774164199827,12.498822212219238,398,1,6,10,16.248804209183675,,,,,,
FAM,8153,11.801057934761047,12.498822212219238,398,1,6,10,16.248804209183675,,,,,,
Random,8153,3.863984107971192,12.498822212219238,398,1,6,10,16.248804209183675,,,,,,
Superpixel,8512,7.644505500793457,13.913810729980469,399,1,6,10,16.964285714285715,,,,,,
CAM,8512,7.943334102630615,13.913810729980469,399,1,6,10,16.964285714285715,,,,,,
FAM,8512,7.307002544403076,13.913810729980469,399,1,6,10,16.964285714285715,,,,,,
Random,8512,2.3897953033447266,13.913810729980469,399,1,6,10,16.964285714285715,,,,,,
Superpixel,5323,13.251477122306824,14.361162185668944,400,1,6,10,10.608657525510203,,,,,,
CAM,5323,12.915685534477234,14.361162185668944,400,1,6,10,10.608657525510203,,,,,,
FAM,5323,13.927520096302032,14.361162185668944,400,1,6,10,10.608657525510203,,,,,,
Random,5323,3.635723114013672,14.361162185668944,400,1,6,10,10.608657525510203,,,,,,
Superpixel,15505,9.607834815979004,13.111021041870115,401,1,7,10,30.90122767857143,,,,,,
CAM,15505,12.03957486152649,13.111021041870115,401,1,7,10,30.90122767857143,,,,,,
FAM,15505,12.046642184257507,13.111021041870115,401,1,7,10,30.90122767857143,,,,,,
Random,15505,5.948211193084717,13.111021041870115,401,1,7,10,30.90122767857143,,,,,,
Superpixel,8516,7.224825859069824,14.034173965454102,402,1,7,10,16.972257653061224,,,,,,
CAM,8516,9.876336097717283,14.034173965454102,402,1,7,10,16.972257653061224,,,,,,
FAM,8516,6.314741134643555,14.034173965454102,402,1,7,10,16.972257653061224,,,,,,
Random,8516,1.2431163787841797,14.034173965454102,402,1,7,10,16.972257653061224,,,,,,
Superpixel,11589,2.180662155151367,13.451725959777832,403,1,6,10,23.09669961734694,,,,,,
CAM,11589,8.13605260848999,13.451725959777832,403,1,6,10,23.09669961734694,,,,,,
FAM,11589,9.435994148254396,13.451725959777832,403,1,6,10,23.09669961734694,,,,,,
Random,11589,2.9292306900024414,13.451725959777832,403,1,6,10,23.09669961734694,,,,,,
Superpixel,12461,13.87711501121521,14.420814514160156,404,1,7,10,24.834582270408163,,,,,,
CAM,12461,12.626973867416382,14.420814514160156,404,1,7,10,24.834582270408163,,,,,,
FAM,12461,12.331262826919556,14.420814514160156,404,1,7,10,24.834582270408163,,,,,,
Random,12461,2.374875068664551,14.420814514160156,404,1,7,10,24.834582270408163,,,,,,
Superpixel,7969,9.96702192723751,9.922111511230469,405,1,8,10,15.882095025510203,,,,,,
CAM,7969,10.38615083694458,9.922111511230469,405,1,8,10,15.882095025510203,,,,,,
FAM,7969,9.520097970962524,9.922111511230469,405,1,8,10,15.882095025510203,,,,,,
Random,7969,6.113226175308228,9.922111511230469,405,1,8,10,15.882095025510203,,,,,,
Superpixel,2965,11.03712558746338,16.47260284423828,406,1,7,10,5.909199617346939,,,,,,
CAM,2965,13.114149332046509,16.47260284423828,406,1,7,10,5.909199617346939,,,,,,
FAM,2965,11.06614112854004,16.47260284423828,406,1,7,10,5.909199617346939,,,,,,
Random,2965,2.648077964782715,16.47260284423828,406,1,7,10,5.909199617346939,,,,,,
Superpixel,8861,8.275089800357819,9.179950714111328,407,1,8,10,17.65983737244898,,,,,,
CAM,8861,7.898711681365967,9.179950714111328,407,1,8,10,17.65983737244898,,,,,,
FAM,8861,5.172181606292725,9.179950714111328,407,1,8,10,17.65983737244898,,,,,,
Random,8861,4.923884391784668,9.179950714111328,407,1,8,10,17.65983737244898,,,,,,
Superpixel,3534,3.413999557495117,11.914968490600586,408,1,7,10,7.043207908163265,,,,,,
CAM,3534,4.949020385742188,11.914968490600586,408,1,7,10,7.043207908163265,,,,,,
FAM,3534,2.6562461853027344,11.914968490600586,408,1,7,10,7.043207908163265,,,,,,
Random,3534,1.906083106994629,11.914968490600586,408,1,7,10,7.043207908163265,,,,,,
Superpixel,9435,14.264022469520569,15.533082008361816,409,1,6,10,18.80381058673469,,,,,,
CAM,9435,13.388871908187866,15.533082008361816,409,1,6,10,18.80381058673469,,,,,,
FAM,9435,10.880383968353271,15.533082008361816,409,1,6,10,18.80381058673469,,,,,,
Random,9435,3.9427194595336914,15.533082008361816,409,1,6,10,18.80381058673469,,,,,,
Superpixel,7756,7.031292915344238,10.72856616973877,410,1,7,10,15.457589285714285,,,,,,
CAM,7756,9.059668898582458,10.72856616973877,410,1,7,10,15.457589285714285,,,,,,
FAM,7756,8.010921478271484,10.72856616973877,410,1,7,10,15.457589285714285,,,,,,
Random,7756,5.052964687347412,10.72856616973877,410,1,7,10,15.457589285714285,,,,,,
Superpixel,11098,13.77434253692627,14.577210426330566,411,1,5,10,22.11814413265306,,,,,,
CAM,11098,13.025234580039978,14.577210426330566,411,1,5,10,22.11814413265306,,,,,,
FAM,11098,12.170205354690552,14.577210426330566,411,1,5,10,22.11814413265306,,,,,,
Random,11098,5.108029365539551,14.577210426330566,411,1,5,10,22.11814413265306,,,,,,
Superpixel,11705,13.493146181106567,15.82571506500244,412,1,8,10,23.327885841836736,,,,,,
CAM,11705,13.195502758026125,15.82571506500244,412,1,8,10,23.327885841836736,,,,,,
FAM,11705,13.686954259872437,15.82571506500244,412,1,8,10,23.327885841836736,,,,,,
Random,11705,14.39733350276947,15.82571506500244,412,1,8,10,23.327885841836736,,,,,,
Superpixel,4253,9.20414972305298,9.7201509475708,413,1,9,10,8.476163903061225,,,,,,
CAM,4253,10.32213842868805,9.7201509475708,413,1,9,10,8.476163903061225,,,,,,
FAM,4253,8.968283832073212,9.7201509475708,413,1,9,10,8.476163903061225,,,,,,
Random,4253,9.134220957756042,9.7201509475708,413,1,9,10,8.476163903061225,,,,,,
Superpixel,5145,-0.0265998840332031,13.540246963500977,414,1,8,10,10.25390625,,,,,,
CAM,5145,8.125410079956055,13.540246963500977,414,1,8,10,10.25390625,,,,,,
FAM,5145,8.055410385131836,13.540246963500977,414,1,8,10,10.25390625,,,,,,
Random,5145,2.9778270721435547,13.540246963500977,414,1,8,10,10.25390625,,,,,,
Superpixel,4680,8.591867446899414,15.002659797668455,415,1,5,10,9.32716836734694,,,,,,
CAM,4680,7.80113935470581,15.002659797668455,415,1,5,10,9.32716836734694,,,,,,
FAM,4680,10.583226203918455,15.002659797668455,415,1,5,10,9.32716836734694,,,,,,
Random,4680,9.943648338317873,15.002659797668455,415,1,5,10,9.32716836734694,,,,,,
Superpixel,5495,2.9262351989746094,14.43680191040039,416,1,8,10,10.951450892857142,,,,,,
CAM,5495,5.729294776916504,14.43680191040039,416,1,8,10,10.951450892857142,,,,,,
FAM,5495,4.203463554382324,14.43680191040039,416,1,8,10,10.951450892857142,,,,,,
Random,5495,0.5509538650512695,14.43680191040039,416,1,8,10,10.951450892857142,,,,,,
Superpixel,4126,8.31049919128418,14.637850761413574,417,1,7,10,8.223054846938775,,,,,,
CAM,4126,8.660904884338379,14.637850761413574,417,1,7,10,8.223054846938775,,,,,,
FAM,4126,8.000429630279541,14.637850761413574,417,1,7,10,8.223054846938775,,,,,,
Random,4126,4.760176658630371,14.637850761413574,417,1,7,10,8.223054846938775,,,,,,
Superpixel,5692,11.793312549591064,12.88090705871582,418,1,8,10,11.34406887755102,,,,,,
CAM,5692,10.164059162139893,12.88090705871582,418,1,8,10,11.34406887755102,,,,,,
FAM,5692,9.117054224014282,12.88090705871582,418,1,8,10,11.34406887755102,,,,,,
Random,5692,6.169516563415527,12.88090705871582,418,1,8,10,11.34406887755102,,,,,,
Superpixel,3697,5.234264373779297,12.210949897766112,419,1,7,10,7.368064413265306,,,,,,
CAM,3697,4.084902763366699,12.210949897766112,419,1,7,10,7.368064413265306,,,,,,
FAM,3697,3.0482091903686523,12.210949897766112,419,1,7,10,7.368064413265306,,,,,,
Random,3697,1.9791374206542969,12.210949897766112,419,1,7,10,7.368064413265306,,,,,,
Superpixel,6894,4.011884689331055,14.427797317504885,420,1,6,10,13.739636479591836,,,,,,
CAM,6894,5.081806182861328,14.427797317504885,420,1,6,10,13.739636479591836,,,,,,
FAM,6894,6.7307658195495605,14.427797317504885,420,1,6,10,13.739636479591836,,,,,,
Random,6894,6.485720634460449,14.427797317504885,420,1,6,10,13.739636479591836,,,,,,
Superpixel,5476,11.65383243560791,16.625398635864258,421,1,8,10,10.91358418367347,,,,,,
CAM,5476,8.067439079284668,16.625398635864258,421,1,8,10,10.91358418367347,,,,,,
FAM,5476,6.461231231689453,16.625398635864258,421,1,8,10,10.91358418367347,,,,,,
Random,5476,4.02578067779541,16.625398635864258,421,1,8,10,10.91358418367347,,,,,,
Superpixel,4115,4.17924690246582,13.700872421264648,422,1,8,10,8.201132015306122,,,,,,
CAM,4115,3.3811330795288086,13.700872421264648,422,1,8,10,8.201132015306122,,,,,,
FAM,4115,3.668018341064453,13.700872421264648,422,1,8,10,8.201132015306122,,,,,,
Random,4115,1.0528678894042969,13.700872421264648,422,1,8,10,8.201132015306122,,,,,,
Superpixel,3217,11.712973698973656,11.946178436279297,423,1,7,10,6.411431760204081,,,,,,
CAM,3217,10.561965703964232,11.946178436279297,423,1,7,10,6.411431760204081,,,,,,
FAM,3217,1.3464727401733398,11.946178436279297,423,1,7,10,6.411431760204081,,,,,,
Random,3217,0.626286506652832,11.946178436279297,423,1,7,10,6.411431760204081,,,,,,
Superpixel,5291,7.457606315612793,14.980913162231444,424,1,7,10,10.544882015306122,,,,,,
CAM,5291,9.258923053741457,14.980913162231444,424,1,7,10,10.544882015306122,,,,,,
FAM,5291,4.725481986999512,14.980913162231444,424,1,7,10,10.544882015306122,,,,,,
Random,5291,2.588716506958008,14.980913162231444,424,1,7,10,10.544882015306122,,,,,,
Superpixel,5782,1.5392189025878906,12.120121002197266,425,1,8,10,11.5234375,,,,,,
CAM,5782,6.2035980224609375,12.120121002197266,425,1,8,10,11.5234375,,,,,,
FAM,5782,3.1152591705322266,12.120121002197266,425,1,8,10,11.5234375,,,,,,
Random,5782,2.400286674499512,12.120121002197266,425,1,8,10,11.5234375,,,,,,
Superpixel,6457,13.424348831176758,15.36510944366455,426,1,7,10,12.868702168367346,,,,,,
CAM,6457,9.544259071350098,15.36510944366455,426,1,7,10,12.868702168367346,,,,,,
FAM,6457,4.109875679016113,15.36510944366455,426,1,7,10,12.868702168367346,,,,,,
Random,6457,6.959031105041504,15.36510944366455,426,1,7,10,12.868702168367346,,,,,,
Superpixel,7404,12.006993293762209,16.099628448486328,427,1,9,10,14.756058673469388,,,,,,
CAM,7404,15.53952533006668,16.099628448486328,427,1,9,10,14.756058673469388,,,,,,
FAM,7404,14.89145541191101,16.099628448486328,427,1,9,10,14.756058673469388,,,,,,
Random,7404,10.621654510498049,16.099628448486328,427,1,9,10,14.756058673469388,,,,,,
Superpixel,8099,4.865599632263184,13.853906631469728,428,1,7,10,16.141183035714285,,,,,,
CAM,8099,6.981165885925293,13.853906631469728,428,1,7,10,16.141183035714285,,,,,,
FAM,8099,7.338550567626953,13.853906631469728,428,1,7,10,16.141183035714285,,,,,,
Random,8099,3.521249771118164,13.853906631469728,428,1,7,10,16.141183035714285,,,,,,
Superpixel,6984,6.009347021579742,7.009143352508545,429,1,7,10,13.919005102040815,,,,,,
CAM,6984,7.281377553939819,7.009143352508545,429,1,7,10,13.919005102040815,,,,,,
FAM,6984,6.296784937381744,7.009143352508545,429,1,7,10,13.919005102040815,,,,,,
Random,6984,5.009521961212158,7.009143352508545,429,1,7,10,13.919005102040815,,,,,,
Superpixel,4091,11.829664826393127,11.486364364624023,430,1,8,10,8.153300382653061,,,,,,
CAM,4091,7.189061641693115,11.486364364624023,430,1,8,10,8.153300382653061,,,,,,
FAM,4091,9.061585903167725,11.486364364624023,430,1,8,10,8.153300382653061,,,,,,
Random,4091,3.561713695526123,11.486364364624023,430,1,8,10,8.153300382653061,,,,,,
Superpixel,5798,4.051644325256348,12.940951347351074,431,1,9,10,11.55532525510204,,,,,,
CAM,5798,3.5503358840942383,12.940951347351074,431,1,9,10,11.55532525510204,,,,,,
FAM,5798,2.6140851974487305,12.940951347351074,431,1,9,10,11.55532525510204,,,,,,
Random,5798,3.192173957824707,12.940951347351074,431,1,9,10,11.55532525510204,,,,,,
Superpixel,7502,9.773689806461334,10.296008110046388,432,1,6,10,14.951371173469388,,,,,,
CAM,7502,6.763017654418945,10.296008110046388,432,1,6,10,14.951371173469388,,,,,,
FAM,7502,8.02291488647461,10.296008110046388,432,1,6,10,14.951371173469388,,,,,,
Random,7502,3.87101411819458,10.296008110046388,432,1,6,10,14.951371173469388,,,,,,
Superpixel,3118,5.512187004089356,11.46733283996582,433,1,9,10,6.214126275510204,,,,,,
CAM,3118,9.695781588554382,11.46733283996582,433,1,9,10,6.214126275510204,,,,,,
FAM,3118,6.60304069519043,11.46733283996582,433,1,9,10,6.214126275510204,,,,,,
Random,3118,5.566718101501465,11.46733283996582,433,1,9,10,6.214126275510204,,,,,,
Superpixel,14127,3.364302635192871,15.526396751403809,434,1,5,10,28.154894770408163,,,,,,
CAM,14127,16.01448130607605,15.526396751403809,434,1,5,10,28.154894770408163,,,,,,
FAM,14127,7.984118938446045,15.526396751403809,434,1,5,10,28.154894770408163,,,,,,
Random,14127,8.68266773223877,15.526396751403809,434,1,5,10,28.154894770408163,,,,,,
Superpixel,5143,1.9425277709960933,14.731511116027832,435,1,7,10,10.249920280612244,,,,,,
CAM,5143,5.416845321655273,14.731511116027832,435,1,7,10,10.249920280612244,,,,,,
FAM,5143,3.728529930114746,14.731511116027832,435,1,7,10,10.249920280612244,,,,,,
Random,5143,2.7113170623779297,14.731511116027832,435,1,7,10,10.249920280612244,,,,,,
Superpixel,5931,5.346013069152832,13.77619743347168,436,1,9,10,11.820392219387756,,,,,,
CAM,5931,5.795274257659912,13.77619743347168,436,1,9,10,11.820392219387756,,,,,,
FAM,5931,4.899920463562012,13.77619743347168,436,1,9,10,11.820392219387756,,,,,,
Random,5931,6.475086212158203,13.77619743347168,436,1,9,10,11.820392219387756,,,,,,
Superpixel,10851,6.086900234222412,11.253127098083496,437,1,8,10,21.62587691326531,,,,,,
CAM,10851,8.786996841430664,11.253127098083496,437,1,8,10,21.62587691326531,,,,,,
FAM,10851,5.691623687744141,11.253127098083496,437,1,8,10,21.62587691326531,,,,,,
Random,10851,0.8132944107055664,11.253127098083496,437,1,8,10,21.62587691326531,,,,,,
Superpixel,9892,9.758893966674805,16.001462936401367,438,1,8,10,19.714604591836736,,,,,,
CAM,9892,12.70879077911377,16.001462936401367,438,1,8,10,19.714604591836736,,,,,,
FAM,9892,11.194859504699709,16.001462936401367,438,1,8,10,19.714604591836736,,,,,,
Random,9892,5.25666618347168,16.001462936401367,438,1,8,10,19.714604591836736,,,,,,
Superpixel,4277,5.387052536010742,7.564890384674072,439,1,9,10,8.523995535714286,,,,,,
CAM,4277,4.472530841827393,7.564890384674072,439,1,9,10,8.523995535714286,,,,,,
FAM,4277,5.109649658203125,7.564890384674072,439,1,9,10,8.523995535714286,,,,,,
Random,4277,1.7537188529968262,7.564890384674072,439,1,9,10,8.523995535714286,,,,,,
Superpixel,4530,7.014824390411377,11.33091163635254,440,1,9,10,9.028220663265303,,,,,,
CAM,4530,6.120492935180664,11.33091163635254,440,1,9,10,9.028220663265303,,,,,,
FAM,4530,4.930720806121826,11.33091163635254,440,1,9,10,9.028220663265303,,,,,,
Random,4530,3.3149471282958984,11.33091163635254,440,1,9,10,9.028220663265303,,,,,,
Superpixel,7164,3.6117076873779297,13.593206405639648,441,1,9,10,14.277742346938776,,,,,,
CAM,7164,4.486827850341797,13.593206405639648,441,1,9,10,14.277742346938776,,,,,,
FAM,7164,5.689843654632568,13.593206405639648,441,1,9,10,14.277742346938776,,,,,,
Random,7164,4.407817840576172,13.593206405639648,441,1,9,10,14.277742346938776,,,,,,
Superpixel,6196,4.450686454772949,12.406341552734377,442,1,8,10,12.348533163265303,,,,,,
CAM,6196,2.910271644592285,12.406341552734377,442,1,8,10,12.348533163265303,,,,,,
FAM,6196,-0.2475690841674804,12.406341552734377,442,1,8,10,12.348533163265303,,,,,,
Random,6196,0.3382129669189453,12.406341552734377,442,1,8,10,12.348533163265303,,,,,,
Superpixel,6194,4.966189384460449,17.11969757080078,443,1,7,10,12.34454719387755,,,,,,
CAM,6194,10.233417510986328,17.11969757080078,443,1,7,10,12.34454719387755,,,,,,
FAM,6194,11.078327178955078,17.11969757080078,443,1,7,10,12.34454719387755,,,,,,
Random,6194,6.788636207580566,17.11969757080078,443,1,7,10,12.34454719387755,,,,,,
Superpixel,8592,10.171773195266724,12.829252243041992,444,1,9,10,17.12372448979592,,,,,,
CAM,8592,8.577272415161133,12.829252243041992,444,1,9,10,17.12372448979592,,,,,,
FAM,8592,9.876303672790527,12.829252243041992,444,1,9,10,17.12372448979592,,,,,,
Random,8592,3.436049461364746,12.829252243041992,444,1,9,10,17.12372448979592,,,,,,
Superpixel,14383,4.494217872619629,11.656576156616213,445,1,6,10,28.665098852040817,,,,,,
CAM,14383,8.799342155456543,11.656576156616213,445,1,6,10,28.665098852040817,,,,,,
FAM,14383,8.630627155303955,11.656576156616213,445,1,6,10,28.665098852040817,,,,,,
Random,14383,3.24318790435791,11.656576156616213,445,1,6,10,28.665098852040817,,,,,,
Superpixel,8867,8.916980266571045,13.522462844848633,446,1,9,10,17.671795280612244,,,,,,
CAM,8867,5.016572952270508,13.522462844848633,446,1,9,10,17.671795280612244,,,,,,
FAM,8867,2.48159408569336,13.522462844848633,446,1,9,10,17.671795280612244,,,,,,
Random,8867,6.657538890838623,13.522462844848633,446,1,9,10,17.671795280612244,,,,,,
Superpixel,4501,8.95163631439209,15.200650215148926,447,1,7,10,8.970424107142858,,,,,,
CAM,4501,7.911945819854736,15.200650215148926,447,1,7,10,8.970424107142858,,,,,,
FAM,4501,-0.0748090744018554,15.200650215148926,447,1,7,10,8.970424107142858,,,,,,
Random,4501,0.2016420364379882,15.200650215148926,447,1,7,10,8.970424107142858,,,,,,
Superpixel,7825,1.892670631408692,15.618755340576172,448,1,9,10,15.595105229591836,,,,,,
CAM,7825,1.1313133239746094,15.618755340576172,448,1,9,10,15.595105229591836,,,,,,
FAM,7825,-1.2817344665527344,15.618755340576172,448,1,9,10,15.595105229591836,,,,,,
Random,7825,-0.2146406173706054,15.618755340576172,448,1,9,10,15.595105229591836,,,,,,
Superpixel,5028,4.828122138977051,10.138473510742188,449,1,6,10,10.020727040816327,,,,,,
CAM,5028,6.1926679611206055,10.138473510742188,449,1,6,10,10.020727040816327,,,,,,
FAM,5028,2.500068664550781,10.138473510742188,449,1,6,10,10.020727040816327,,,,,,
Random,5028,0.6027183532714844,10.138473510742188,449,1,6,10,10.020727040816327,,,,,,
Superpixel,4515,2.8699893951416016,11.010433197021484,450,1,8,10,8.998325892857142,,,,,,
CAM,4515,4.619771957397461,11.010433197021484,450,1,8,10,8.998325892857142,,,,,,
FAM,4515,-0.5794792175292969,11.010433197021484,450,1,8,10,8.998325892857142,,,,,,
Random,4515,7.259798765182495,11.010433197021484,450,1,8,10,8.998325892857142,,,,,,
Superpixel,5848,7.928885936737059,13.473461151123049,451,1,9,10,11.65497448979592,,,,,,
CAM,5848,9.045002460479736,13.473461151123049,451,1,9,10,11.65497448979592,,,,,,
FAM,5848,8.441014289855957,13.473461151123049,451,1,9,10,11.65497448979592,,,,,,
Random,5848,0.6623916625976562,13.473461151123049,451,1,9,10,11.65497448979592,,,,,,
Superpixel,10198,6.780850887298584,13.558069229125977,452,1,4,10,20.324457908163264,,,,,,
CAM,10198,10.859094381332396,13.558069229125977,452,1,4,10,20.324457908163264,,,,,,
FAM,10198,11.657421588897703,13.558069229125977,452,1,4,10,20.324457908163264,,,,,,
Random,10198,-1.691481590270996,13.558069229125977,452,1,4,10,20.324457908163264,,,,,,
Superpixel,9618,7.146151542663574,15.751117706298828,453,1,5,10,19.168526785714285,,,,,,
CAM,9618,10.620570182800291,15.751117706298828,453,1,5,10,19.168526785714285,,,,,,
FAM,9618,3.2470645904541016,15.751117706298828,453,1,5,10,19.168526785714285,,,,,,
Random,9618,9.259704113006592,15.751117706298828,453,1,5,10,19.168526785714285,,,,,,
Superpixel,4941,3.520991325378418,10.423739433288574,454,1,7,10,9.84733737244898,,,,,,
CAM,4941,3.211658477783203,10.423739433288574,454,1,7,10,9.84733737244898,,,,,,
FAM,4941,4.795452117919922,10.423739433288574,454,1,7,10,9.84733737244898,,,,,,
Random,4941,-1.2080440521240234,10.423739433288574,454,1,7,10,9.84733737244898,,,,,,
Superpixel,10262,10.881728887557983,12.612786293029783,455,1,8,10,20.452008928571427,,,,,,
CAM,10262,9.454360961914062,12.612786293029783,455,1,8,10,20.452008928571427,,,,,,
FAM,10262,6.839750289916992,12.612786293029783,455,1,8,10,20.452008928571427,,,,,,
Random,10262,3.2477102279663086,12.612786293029783,455,1,8,10,20.452008928571427,,,,,,
Superpixel,4613,8.746726036071777,14.01921272277832,456,1,8,10,9.193638392857142,,,,,,
CAM,4613,5.287091255187988,14.01921272277832,456,1,8,10,9.193638392857142,,,,,,
FAM,4613,-0.1305770874023437,14.01921272277832,456,1,8,10,9.193638392857142,,,,,,
Random,4613,1.5491437911987305,14.01921272277832,456,1,8,10,9.193638392857142,,,,,,
Superpixel,10678,-1.8640727996826167,7.960134506225586,457,1,8,10,21.281090561224488,,,,,,
CAM,10678,4.890935659408569,7.960134506225586,457,1,8,10,21.281090561224488,,,,,,
FAM,10678,5.839773893356323,7.960134506225586,457,1,8,10,21.281090561224488,,,,,,
Random,10678,1.2877092361450195,7.960134506225586,457,1,8,10,21.281090561224488,,,,,,
Superpixel,12166,8.00107479095459,12.166885375976562,458,1,7,10,24.246651785714285,,,,,,
CAM,12166,5.066977024078369,12.166885375976562,458,1,7,10,24.246651785714285,,,,,,
FAM,12166,7.684349536895752,12.166885375976562,458,1,7,10,24.246651785714285,,,,,,
Random,12166,8.682440996170044,12.166885375976562,458,1,7,10,24.246651785714285,,,,,,
Superpixel,8450,9.330304622650146,14.432561874389648,459,1,9,10,16.84072066326531,,,,,,
CAM,8450,9.199191570281982,14.432561874389648,459,1,9,10,16.84072066326531,,,,,,
FAM,8450,12.078713655471802,14.432561874389648,459,1,9,10,16.84072066326531,,,,,,
Random,8450,10.351524829864502,14.432561874389648,459,1,9,10,16.84072066326531,,,,,,
Superpixel,8156,12.60196042060852,15.38392734527588,460,1,7,10,16.25478316326531,,,,,,
CAM,8156,12.982133150100708,15.38392734527588,460,1,7,10,16.25478316326531,,,,,,
FAM,8156,9.722107410430908,15.38392734527588,460,1,7,10,16.25478316326531,,,,,,
Random,8156,12.026376962661743,15.38392734527588,460,1,7,10,16.25478316326531,,,,,,
Superpixel,21964,6.347701549530029,13.74164867401123,461,1,5,10,43.77391581632653,,,,,,
CAM,21964,9.36966323852539,13.74164867401123,461,1,5,10,43.77391581632653,,,,,,
FAM,21964,9.876902341842651,13.74164867401123,461,1,5,10,43.77391581632653,,,,,,
Random,21964,8.177072525024414,13.74164867401123,461,1,5,10,43.77391581632653,,,,,,
Superpixel,8193,7.974399089813232,12.440019607543944,462,1,6,10,16.328523596938776,,,,,,
CAM,8193,9.405660390853882,12.440019607543944,462,1,6,10,16.328523596938776,,,,,,
FAM,8193,7.877923011779785,12.440019607543944,462,1,6,10,16.328523596938776,,,,,,
Random,8193,-0.4257678985595703,12.440019607543944,462,1,6,10,16.328523596938776,,,,,,
Superpixel,8584,0.5535659790039062,17.04639434814453,463,1,7,10,17.1077806122449,,,,,,
CAM,8584,12.50056505203247,17.04639434814453,463,1,7,10,17.1077806122449,,,,,,
FAM,8584,9.68418264389038,17.04639434814453,463,1,7,10,17.1077806122449,,,,,,
Random,8584,9.07016134262085,17.04639434814453,463,1,7,10,17.1077806122449,,,,,,
Superpixel,8817,7.429503917694092,11.91197681427002,464,1,9,10,17.57214604591837,,,,,,
CAM,8817,6.591536998748779,11.91197681427002,464,1,9,10,17.57214604591837,,,,,,
FAM,8817,4.837375164031982,11.91197681427002,464,1,9,10,17.57214604591837,,,,,,
Random,8817,1.0629186630249023,11.91197681427002,464,1,9,10,17.57214604591837,,,,,,
Superpixel,21351,6.401503562927246,10.815690994262695,465,1,4,10,42.55221619897959,,,,,,
CAM,21351,8.047292232513428,10.815690994262695,465,1,4,10,42.55221619897959,,,,,,
FAM,21351,7.556304216384888,10.815690994262695,465,1,4,10,42.55221619897959,,,,,,
Random,21351,9.443631768226624,10.815690994262695,465,1,4,10,42.55221619897959,,,,,,
Superpixel,3810,6.888529300689697,8.3627290725708,466,1,9,10,7.593271683673469,,,,,,
CAM,3810,4.538413763046265,8.3627290725708,466,1,9,10,7.593271683673469,,,,,,
FAM,3810,2.985107421875,8.3627290725708,466,1,9,10,7.593271683673469,,,,,,
Random,3810,1.6395988464355469,8.3627290725708,466,1,9,10,7.593271683673469,,,,,,
Superpixel,9332,10.888662815093994,13.153190612792969,467,1,8,10,18.59853316326531,,,,,,
CAM,9332,10.915703535079956,13.153190612792969,467,1,8,10,18.59853316326531,,,,,,
FAM,9332,5.754043102264404,13.153190612792969,467,1,8,10,18.59853316326531,,,,,,
Random,9332,4.961864471435547,13.153190612792969,467,1,8,10,18.59853316326531,,,,,,
Superpixel,9579,9.267267376184464,8.847951889038086,468,1,8,10,19.09080038265306,,,,,,
CAM,9579,10.695958256721497,8.847951889038086,468,1,8,10,19.09080038265306,,,,,,
FAM,9579,9.8624449968338,8.847951889038086,468,1,8,10,19.09080038265306,,,,,,
Random,9579,8.043257415294647,8.847951889038086,468,1,8,10,19.09080038265306,,,,,,
Superpixel,10317,3.822948455810547,9.869564056396484,469,1,6,10,20.56162308673469,,,,,,
CAM,10317,6.605227708816528,9.869564056396484,469,1,6,10,20.56162308673469,,,,,,
FAM,10317,6.231946229934692,9.869564056396484,469,1,6,10,20.56162308673469,,,,,,
Random,10317,5.952714681625366,9.869564056396484,469,1,6,10,20.56162308673469,,,,,,
Superpixel,11254,0.1243085861206054,8.535066604614258,470,1,8,10,22.42904974489796,,,,,,
CAM,11254,3.923017978668213,8.535066604614258,470,1,8,10,22.42904974489796,,,,,,
FAM,11254,5.703724145889282,8.535066604614258,470,1,8,10,22.42904974489796,,,,,,
Random,11254,4.296780586242676,8.535066604614258,470,1,8,10,22.42904974489796,,,,,,
Superpixel,3627,7.240663051605225,12.632489204406738,471,1,9,10,7.228555484693877,,,,,,
CAM,3627,5.852122783660889,12.632489204406738,471,1,9,10,7.228555484693877,,,,,,
FAM,3627,5.052728652954102,12.632489204406738,471,1,9,10,7.228555484693877,,,,,,
Random,3627,3.528039932250977,12.632489204406738,471,1,9,10,7.228555484693877,,,,,,
Superpixel,21546,6.820824146270752,12.620854377746582,472,1,6,10,42.94084821428572,,,,,,
CAM,21546,8.495270729064941,12.620854377746582,472,1,6,10,42.94084821428572,,,,,,
FAM,21546,8.885956764221191,12.620854377746582,472,1,6,10,42.94084821428572,,,,,,
Random,21546,8.362993717193604,12.620854377746582,472,1,6,10,42.94084821428572,,,,,,
Superpixel,17909,6.394232749938965,13.987737655639648,473,1,5,10,35.692362882653065,,,,,,
CAM,17909,9.22016716003418,13.987737655639648,473,1,5,10,35.692362882653065,,,,,,
FAM,17909,9.634578704833984,13.987737655639648,473,1,5,10,35.692362882653065,,,,,,
Random,17909,8.922464847564697,13.987737655639648,473,1,5,10,35.692362882653065,,,,,,
Superpixel,4459,1.675422191619873,8.992033958435059,474,1,9,10,8.88671875,,,,,,
CAM,4459,6.260849952697754,8.992033958435059,474,1,9,10,8.88671875,,,,,,
FAM,4459,7.666988968849182,8.992033958435059,474,1,9,10,8.88671875,,,,,,
Random,4459,3.4925427436828613,8.992033958435059,474,1,9,10,8.88671875,,,,,,
Superpixel,4799,10.436607360839844,13.59919548034668,475,1,8,10,9.564333545918368,,,,,,
CAM,4799,9.487990856170654,13.59919548034668,475,1,8,10,9.564333545918368,,,,,,
FAM,4799,11.59638237953186,13.59919548034668,475,1,8,10,9.564333545918368,,,,,,
Random,4799,8.304089069366455,13.59919548034668,475,1,8,10,9.564333545918368,,,,,,
Superpixel,5137,7.729782819747925,11.059993743896484,476,1,7,10,10.23796237244898,,,,,,
CAM,5137,8.06752324104309,11.059993743896484,476,1,7,10,10.23796237244898,,,,,,
FAM,5137,7.811433792114258,11.059993743896484,476,1,7,10,10.23796237244898,,,,,,
Random,5137,3.8892788887023926,11.059993743896484,476,1,7,10,10.23796237244898,,,,,,
Superpixel,17294,4.311951160430908,9.515256881713867,477,1,4,10,34.466677295918366,,,,,,
CAM,17294,6.185772657394409,9.515256881713867,477,1,4,10,34.466677295918366,,,,,,
FAM,17294,7.096107244491577,9.515256881713867,477,1,4,10,34.466677295918366,,,,,,
Random,17294,4.602548599243164,9.515256881713867,477,1,4,10,34.466677295918366,,,,,,
Superpixel,7291,6.670360207557678,8.106038093566895,478,1,7,10,14.530851403061224,,,,,,
CAM,7291,7.794279217720032,8.106038093566895,478,1,7,10,14.530851403061224,,,,,,
FAM,7291,3.5057830810546875,8.106038093566895,478,1,7,10,14.530851403061224,,,,,,
Random,7291,1.7303104400634766,8.106038093566895,478,1,7,10,14.530851403061224,,,,,,
Superpixel,14741,7.655829429626465,9.32462215423584,479,1,4,10,29.378587372448976,,,,,,
CAM,14741,9.837772846221924,9.32462215423584,479,1,4,10,29.378587372448976,,,,,,
FAM,14741,4.876442909240723,9.32462215423584,479,1,4,10,29.378587372448976,,,,,,
Random,14741,1.6288104057312012,9.32462215423584,479,1,4,10,29.378587372448976,,,,,,
Superpixel,12642,3.5330071449279785,8.69333267211914,480,1,8,10,25.1953125,,,,,,
CAM,12642,6.224567174911499,8.69333267211914,480,1,8,10,25.1953125,,,,,,
FAM,12642,6.016219854354858,8.69333267211914,480,1,8,10,25.1953125,,,,,,
Random,12642,5.440413236618042,8.69333267211914,480,1,8,10,25.1953125,,,,,,
Superpixel,9886,4.784139633178711,12.91010856628418,481,1,8,10,19.702646683673468,,,,,,
CAM,9886,9.805571794509888,12.91010856628418,481,1,8,10,19.702646683673468,,,,,,
FAM,9886,5.059736728668213,12.91010856628418,481,1,8,10,19.702646683673468,,,,,,
Random,9886,3.022647857666016,12.91010856628418,481,1,8,10,19.702646683673468,,,,,,
Superpixel,11070,4.357480525970459,11.24067497253418,482,1,5,10,22.062340561224488,,,,,,
CAM,11070,9.083497524261476,11.24067497253418,482,1,5,10,22.062340561224488,,,,,,
FAM,11070,8.0563645362854,11.24067497253418,482,1,5,10,22.062340561224488,,,,,,
Random,11070,4.6254730224609375,11.24067497253418,482,1,5,10,22.062340561224488,,,,,,
Superpixel,5606,6.573493480682373,12.510856628417969,483,1,8,10,11.17267219387755,,,,,,
CAM,5606,6.430877208709717,12.510856628417969,483,1,8,10,11.17267219387755,,,,,,
FAM,5606,1.80671501159668,12.510856628417969,483,1,8,10,11.17267219387755,,,,,,
Random,5606,3.4716758728027344,12.510856628417969,483,1,8,10,11.17267219387755,,,,,,
Superpixel,7091,2.027796745300293,13.336052894592283,484,1,6,10,14.132254464285715,,,,,,
CAM,7091,8.58959436416626,13.336052894592283,484,1,6,10,14.132254464285715,,,,,,
FAM,7091,6.847925186157227,13.336052894592283,484,1,6,10,14.132254464285715,,,,,,
Random,7091,6.761420726776123,13.336052894592283,484,1,6,10,14.132254464285715,,,,,,
Superpixel,5498,9.978994488716124,11.77963161468506,485,1,9,10,10.957429846938776,,,,,,
CAM,5498,5.5389814376831055,11.77963161468506,485,1,9,10,10.957429846938776,,,,,,
FAM,5498,6.316850185394287,11.77963161468506,485,1,9,10,10.957429846938776,,,,,,
Random,5498,2.736923217773437,11.77963161468506,485,1,9,10,10.957429846938776,,,,,,
Superpixel,9742,14.32177010178566,14.067773818969728,486,1,8,10,19.4156568877551,,,,,,
CAM,9742,12.134517312049866,14.067773818969728,486,1,8,10,19.4156568877551,,,,,,
FAM,9742,13.137858092784882,14.067773818969728,486,1,8,10,19.4156568877551,,,,,,
Random,9742,7.991480350494385,14.067773818969728,486,1,8,10,19.4156568877551,,,,,,
Superpixel,8853,5.654250144958496,13.88963222503662,487,1,8,10,17.64389349489796,,,,,,
CAM,8853,13.096779465675354,13.88963222503662,487,1,8,10,17.64389349489796,,,,,,
FAM,8853,12.897749960422516,13.88963222503662,487,1,8,10,17.64389349489796,,,,,,
Random,8853,13.084172070026398,13.88963222503662,487,1,8,10,17.64389349489796,,,,,,
Superpixel,7999,2.28494644165039,8.470479011535645,488,1,8,10,15.94188456632653,,,,,,
CAM,7999,6.987715005874634,8.470479011535645,488,1,8,10,15.94188456632653,,,,,,
FAM,7999,4.891972541809082,8.470479011535645,488,1,8,10,15.94188456632653,,,,,,
Random,7999,2.616365432739258,8.470479011535645,488,1,8,10,15.94188456632653,,,,,,
Superpixel,7418,0.5200576782226562,12.820167541503906,489,1,9,10,14.783960459183673,,,,,,
CAM,7418,10.209285736083984,12.820167541503906,489,1,9,10,14.783960459183673,,,,,,
FAM,7418,3.028813362121582,12.820167541503906,489,1,9,10,14.783960459183673,,,,,,
Random,7418,1.432474136352539,12.820167541503906,489,1,9,10,14.783960459183673,,,,,,
Superpixel,25102,14.55388069152832,14.74143409729004,490,1,4,10,50.02790178571429,,,,,,
CAM,25102,13.875963628292084,14.74143409729004,490,1,4,10,50.02790178571429,,,,,,
FAM,25102,15.199357390403748,14.74143409729004,490,1,4,10,50.02790178571429,,,,,,
Random,25102,14.228556454181671,14.74143409729004,490,1,4,10,50.02790178571429,,,,,,
Superpixel,4294,3.977818489074707,8.130158424377441,491,1,7,10,8.557876275510203,,,,,,
CAM,4294,3.8074851036071777,8.130158424377441,491,1,7,10,8.557876275510203,,,,,,
FAM,4294,0.7558088302612305,8.130158424377441,491,1,7,10,8.557876275510203,,,,,,
Random,4294,4.53232741355896,8.130158424377441,491,1,7,10,8.557876275510203,,,,,,
Superpixel,11714,15.50043362379074,16.23480224609375,492,1,7,10,23.34582270408163,,,,,,
CAM,11714,15.493939638137816,16.23480224609375,492,1,7,10,23.34582270408163,,,,,,
FAM,11714,15.362619578838348,16.23480224609375,492,1,7,10,23.34582270408163,,,,,,
Random,11714,11.58011531829834,16.23480224609375,492,1,7,10,23.34582270408163,,,,,,
Superpixel,6592,1.5056209564208984,16.02787971496582,493,1,8,10,13.137755102040815,,,,,,
CAM,6592,13.821051597595217,16.02787971496582,493,1,8,10,13.137755102040815,,,,,,
FAM,6592,14.29504919052124,16.02787971496582,493,1,8,10,13.137755102040815,,,,,,
Random,6592,13.230571508407593,16.02787971496582,493,1,8,10,13.137755102040815,,,,,,
Superpixel,3663,10.20890212059021,13.967168807983398,494,1,6,10,7.300302933673469,,,,,,
CAM,3663,4.344324111938477,13.967168807983398,494,1,6,10,7.300302933673469,,,,,,
FAM,3663,8.709017753601074,13.967168807983398,494,1,6,10,7.300302933673469,,,,,,
Random,3663,1.0197486877441406,13.967168807983398,494,1,6,10,7.300302933673469,,,,,,
Superpixel,12770,14.69240701198578,15.738525390625,495,1,5,10,25.450414540816325,,,,,,
CAM,12770,14.097009539604189,15.738525390625,495,1,5,10,25.450414540816325,,,,,,
FAM,12770,14.526216983795166,15.738525390625,495,1,5,10,25.450414540816325,,,,,,
Random,12770,13.498228073120115,15.738525390625,495,1,5,10,25.450414540816325,,,,,,
Superpixel,6698,4.984856605529785,10.49150562286377,496,1,8,10,13.349011479591836,,,,,,
CAM,6698,8.050214767456055,10.49150562286377,496,1,8,10,13.349011479591836,,,,,,
FAM,6698,8.772615551948547,10.49150562286377,496,1,8,10,13.349011479591836,,,,,,
Random,6698,8.6606365442276,10.49150562286377,496,1,8,10,13.349011479591836,,,,,,
Superpixel,4680,2.2669477462768555,13.761595726013184,497,1,7,10,9.32716836734694,,,,,,
CAM,4680,12.960733354091644,13.761595726013184,497,1,7,10,9.32716836734694,,,,,,
FAM,4680,12.945715248584747,13.761595726013184,497,1,7,10,9.32716836734694,,,,,,
Random,4680,11.676101922988892,13.761595726013184,497,1,7,10,9.32716836734694,,,,,,
Superpixel,6831,15.71716058254242,15.232110977172852,498,1,7,10,13.61407844387755,,,,,,
CAM,6831,15.09183804690838,15.232110977172852,498,1,7,10,13.61407844387755,,,,,,
FAM,6831,15.134483002126215,15.232110977172852,498,1,7,10,13.61407844387755,,,,,,
Random,6831,1.8499889373779297,15.232110977172852,498,1,7,10,13.61407844387755,,,,,,
Superpixel,5911,0.6294651031494141,11.105846405029297,499,1,9,10,11.780532525510203,,,,,,
CAM,5911,10.73032733798027,11.105846405029297,499,1,9,10,11.780532525510203,,,,,,
FAM,5911,8.777074337005615,11.105846405029297,499,1,9,10,11.780532525510203,,,,,,
Random,5911,11.315014734864237,11.105846405029297,499,1,9,10,11.780532525510203,,,,,,
Superpixel,5406,-0.4947099685668945,13.099201202392578,0,1,15,20,10.77407525510204,,,,,,
CAM,5406,4.21146297454834,13.099201202392578,0,1,15,20,10.77407525510204,,,,,,
FAM,5406,4.773037910461426,13.099201202392578,0,1,15,20,10.77407525510204,,,,,,
Random,5406,3.7226810455322266,13.099201202392578,0,1,15,20,10.77407525510204,,,,,,
Superpixel,3165,-1.1237688064575195,14.3037748336792,1,1,14,20,6.307796556122448,,,,,,
CAM,3165,4.410728454589844,14.3037748336792,1,1,14,20,6.307796556122448,,,,,,
FAM,3165,6.886953830718994,14.3037748336792,1,1,14,20,6.307796556122448,,,,,,
Random,3165,2.0326080322265625,14.3037748336792,1,1,14,20,6.307796556122448,,,,,,
Superpixel,4928,1.0458154678344729,9.7085542678833,2,1,13,20,9.821428571428571,,,,,,
CAM,4928,0.4839792251586914,9.7085542678833,2,1,13,20,9.821428571428571,,,,,,
FAM,4928,3.515988826751709,9.7085542678833,2,1,13,20,9.821428571428571,,,,,,
Random,4928,-0.0329246520996093,9.7085542678833,2,1,13,20,9.821428571428571,,,,,,
Superpixel,5357,-1.045762062072754,12.617070198059082,3,1,14,20,10.67641900510204,,,,,,
CAM,5357,4.56015682220459,12.617070198059082,3,1,14,20,10.67641900510204,,,,,,
FAM,5357,1.0479507446289062,12.617070198059082,3,1,14,20,10.67641900510204,,,,,,
Random,5357,3.0149879455566406,12.617070198059082,3,1,14,20,10.67641900510204,,,,,,
Superpixel,6224,-0.1620111465454101,13.0728178024292,4,1,10,20,12.404336734693878,,,,,,
CAM,6224,4.93172550201416,13.0728178024292,4,1,10,20,12.404336734693878,,,,,,
FAM,6224,2.756180763244629,13.0728178024292,4,1,10,20,12.404336734693878,,,,,,
Random,6224,-0.0656890869140625,13.0728178024292,4,1,10,20,12.404336734693878,,,,,,
Superpixel,2734,0.8506345748901367,6.779087066650391,5,1,11,20,5.448820153061225,,,,,,
CAM,2734,1.2470855712890625,6.779087066650391,5,1,11,20,5.448820153061225,,,,,,
FAM,2734,1.9575095176696773,6.779087066650391,5,1,11,20,5.448820153061225,,,,,,
Random,2734,3.70687198638916,6.779087066650391,5,1,11,20,5.448820153061225,,,,,,
Superpixel,3638,7.001574993133545,14.718029975891112,6,1,14,20,7.25047831632653,,,,,,
CAM,3638,12.150882005691528,14.718029975891112,6,1,14,20,7.25047831632653,,,,,,
FAM,3638,1.2328624725341797,14.718029975891112,6,1,14,20,7.25047831632653,,,,,,
Random,3638,7.669765472412109,14.718029975891112,6,1,14,20,7.25047831632653,,,,,,
Superpixel,3270,3.1361570358276367,14.793753623962402,7,1,12,20,6.517059948979592,,,,,,
CAM,3270,8.24769401550293,14.793753623962402,7,1,12,20,6.517059948979592,,,,,,
FAM,3270,2.6769161224365234,14.793753623962402,7,1,12,20,6.517059948979592,,,,,,
Random,3270,3.79337215423584,14.793753623962402,7,1,12,20,6.517059948979592,,,,,,
Superpixel,2383,3.159775733947754,11.846647262573242,8,1,16,20,4.749282525510204,,,,,,
CAM,2383,5.146185398101807,11.846647262573242,8,1,16,20,4.749282525510204,,,,,,
FAM,2383,7.27725887298584,11.846647262573242,8,1,16,20,4.749282525510204,,,,,,
Random,2383,3.8644423484802246,11.846647262573242,8,1,16,20,4.749282525510204,,,,,,
Superpixel,3769,1.2191057205200195,15.714459419250488,9,1,13,20,7.51155931122449,,,,,,
CAM,3769,5.945159912109375,15.714459419250488,9,1,13,20,7.51155931122449,,,,,,
FAM,3769,8.798111915588379,15.714459419250488,9,1,13,20,7.51155931122449,,,,,,
Random,3769,2.2771759033203125,15.714459419250488,9,1,13,20,7.51155931122449,,,,,,
Superpixel,2441,-0.393768310546875,14.797472953796388,10,1,17,20,4.864875637755102,,,,,,
CAM,2441,3.8460521697998047,14.797472953796388,10,1,17,20,4.864875637755102,,,,,,
FAM,2441,1.536346435546875,14.797472953796388,10,1,17,20,4.864875637755102,,,,,,
Random,2441,0.2429370880126953,14.797472953796388,10,1,17,20,4.864875637755102,,,,,,
Superpixel,4232,-0.3285303115844726,15.955321311950684,11,1,16,20,8.434311224489797,,,,,,
CAM,4232,1.6272087097167969,15.955321311950684,11,1,16,20,8.434311224489797,,,,,,
FAM,4232,-0.8795309066772461,15.955321311950684,11,1,16,20,8.434311224489797,,,,,,
Random,4232,4.2634782791137695,15.955321311950684,11,1,16,20,8.434311224489797,,,,,,
Superpixel,3950,1.7954750061035156,12.503718376159668,12,1,12,20,7.872289540816327,,,,,,
CAM,3950,9.40202522277832,12.503718376159668,12,1,12,20,7.872289540816327,,,,,,
FAM,3950,8.392199516296387,12.503718376159668,12,1,12,20,7.872289540816327,,,,,,
Random,3950,0.6331634521484375,12.503718376159668,12,1,12,20,7.872289540816327,,,,,,
Superpixel,5113,-0.1041336059570312,12.631207466125488,13,1,15,20,10.19013073979592,,,,,,
CAM,5113,5.156350612640381,12.631207466125488,13,1,15,20,10.19013073979592,,,,,,
FAM,5113,-0.5124130249023438,12.631207466125488,13,1,15,20,10.19013073979592,,,,,,
Random,5113,3.0851993560791016,12.631207466125488,13,1,15,20,10.19013073979592,,,,,,
Superpixel,5408,0.6393585205078125,11.779589653015137,14,1,10,20,10.778061224489797,,,,,,
CAM,5408,7.515649795532227,11.779589653015137,14,1,10,20,10.778061224489797,,,,,,
FAM,5408,3.180418968200684,11.779589653015137,14,1,10,20,10.778061224489797,,,,,,
Random,5408,0.3116703033447265,11.779589653015137,14,1,10,20,10.778061224489797,,,,,,
Superpixel,2737,-1.064194679260254,12.841392517089844,15,1,15,20,5.454799107142857,,,,,,
CAM,2737,6.118065357208252,12.841392517089844,15,1,15,20,5.454799107142857,,,,,,
FAM,2737,5.337944507598877,12.841392517089844,15,1,15,20,5.454799107142857,,,,,,
Random,2737,-0.4809646606445312,12.841392517089844,15,1,15,20,5.454799107142857,,,,,,
Superpixel,3348,7.097713232040405,11.09400463104248,16,1,12,20,6.672512755102041,,,,,,
CAM,3348,2.255354881286621,11.09400463104248,16,1,12,20,6.672512755102041,,,,,,
FAM,3348,6.422274589538574,11.09400463104248,16,1,12,20,6.672512755102041,,,,,,
Random,3348,6.771109104156494,11.09400463104248,16,1,12,20,6.672512755102041,,,,,,
Superpixel,3349,3.0972557067871094,12.585721015930176,17,1,14,20,6.674505739795919,,,,,,
CAM,3349,5.211333274841309,12.585721015930176,17,1,14,20,6.674505739795919,,,,,,
FAM,3349,0.9990997314453124,12.585721015930176,17,1,14,20,6.674505739795919,,,,,,
Random,3349,3.005703926086426,12.585721015930176,17,1,14,20,6.674505739795919,,,,,,
Superpixel,3542,2.666664123535156,12.694380760192873,18,1,16,20,7.059151785714287,,,,,,
CAM,3542,7.024744033813477,12.694380760192873,18,1,16,20,7.059151785714287,,,,,,
FAM,3542,6.754103183746338,12.694380760192873,18,1,16,20,7.059151785714287,,,,,,
Random,3542,1.8474445343017576,12.694380760192873,18,1,16,20,7.059151785714287,,,,,,
Superpixel,5352,0.0552558898925781,12.989941596984863,19,1,15,20,10.666454081632654,,,,,,
CAM,5352,4.089910507202148,12.989941596984863,19,1,15,20,10.666454081632654,,,,,,
FAM,5352,1.7035369873046875,12.989941596984863,19,1,15,20,10.666454081632654,,,,,,
Random,5352,0.6144561767578125,12.989941596984863,19,1,15,20,10.666454081632654,,,,,,
Superpixel,3209,5.628411293029785,16.128185272216797,20,1,15,20,6.395487882653061,,,,,,
CAM,3209,11.099695682525637,16.128185272216797,20,1,15,20,6.395487882653061,,,,,,
FAM,3209,7.999993324279785,16.128185272216797,20,1,15,20,6.395487882653061,,,,,,
Random,3209,3.355462074279785,16.128185272216797,20,1,15,20,6.395487882653061,,,,,,
Superpixel,2343,1.983556747436524,12.184077262878418,21,1,16,20,4.669563137755102,,,,,,
CAM,2343,3.4002561569213867,12.184077262878418,21,1,16,20,4.669563137755102,,,,,,
FAM,2343,0.7864017486572266,12.184077262878418,21,1,16,20,4.669563137755102,,,,,,
Random,2343,1.615941047668457,12.184077262878418,21,1,16,20,4.669563137755102,,,,,,
Superpixel,4002,5.254245758056641,14.059261322021484,22,1,16,20,7.975924744897959,,,,,,
CAM,4002,9.712722778320312,14.059261322021484,22,1,16,20,7.975924744897959,,,,,,
FAM,4002,7.735254764556885,14.059261322021484,22,1,16,20,7.975924744897959,,,,,,
Random,4002,3.2343196868896484,14.059261322021484,22,1,16,20,7.975924744897959,,,,,,
Superpixel,3478,-2.173919677734375,12.09141731262207,23,1,14,20,6.931600765306123,,,,,,
CAM,3478,11.224262416362762,12.09141731262207,23,1,14,20,6.931600765306123,,,,,,
FAM,3478,10.27204406261444,12.09141731262207,23,1,14,20,6.931600765306123,,,,,,
Random,3478,4.2690839767456055,12.09141731262207,23,1,14,20,6.931600765306123,,,,,,
Superpixel,3319,1.5415620803833008,12.06894302368164,24,1,15,20,6.614716198979592,,,,,,
CAM,3319,9.477030992507936,12.06894302368164,24,1,15,20,6.614716198979592,,,,,,
FAM,3319,2.569948196411133,12.06894302368164,24,1,15,20,6.614716198979592,,,,,,
Random,3319,8.640610218048096,12.06894302368164,24,1,15,20,6.614716198979592,,,,,,
Superpixel,2805,3.3609485626220703,9.44813632965088,25,1,14,20,5.5903220663265305,,,,,,
CAM,2805,9.715416342020037,9.44813632965088,25,1,14,20,5.5903220663265305,,,,,,
FAM,2805,10.451391339302065,9.44813632965088,25,1,14,20,5.5903220663265305,,,,,,
Random,2805,-0.6531124114990234,9.44813632965088,25,1,14,20,5.5903220663265305,,,,,,
Superpixel,2575,5.961773872375488,13.162083625793455,26,1,16,20,5.131935586734694,,,,,,
CAM,2575,8.132573127746582,13.162083625793455,26,1,16,20,5.131935586734694,,,,,,
FAM,2575,9.832479238510132,13.162083625793455,26,1,16,20,5.131935586734694,,,,,,
Random,2575,8.729705810546875,13.162083625793455,26,1,16,20,5.131935586734694,,,,,,
Superpixel,5004,-0.5768890380859375,12.336620330810549,27,1,13,20,9.972895408163266,,,,,,
CAM,5004,6.836062908172607,12.336620330810549,27,1,13,20,9.972895408163266,,,,,,
FAM,5004,2.272449493408203,12.336620330810549,27,1,13,20,9.972895408163266,,,,,,
Random,5004,0.1789722442626953,12.336620330810549,27,1,13,20,9.972895408163266,,,,,,
Superpixel,4289,-1.155012130737305,12.569396018981934,28,1,15,20,8.547911352040815,,,,,,
CAM,4289,11.264139294624329,12.569396018981934,28,1,15,20,8.547911352040815,,,,,,
FAM,4289,-1.1760120391845703,12.569396018981934,28,1,15,20,8.547911352040815,,,,,,
Random,4289,1.9470176696777344,12.569396018981934,28,1,15,20,8.547911352040815,,,,,,
Superpixel,4362,0.6385173797607422,11.978230476379396,29,1,14,20,8.693399234693878,,,,,,
CAM,4362,6.2579121589660645,11.978230476379396,29,1,14,20,8.693399234693878,,,,,,
FAM,4362,2.849960327148437,11.978230476379396,29,1,14,20,8.693399234693878,,,,,,
Random,4362,2.6671924591064453,11.978230476379396,29,1,14,20,8.693399234693878,,,,,,
Superpixel,3831,6.065876483917236,9.819235801696776,30,1,15,20,7.635124362244898,,,,,,
CAM,3831,10.39144629240036,9.819235801696776,30,1,15,20,7.635124362244898,,,,,,
FAM,3831,5.309331893920898,9.819235801696776,30,1,15,20,7.635124362244898,,,,,,
Random,3831,4.49622106552124,9.819235801696776,30,1,15,20,7.635124362244898,,,,,,
Superpixel,3006,3.614421844482422,10.437777519226074,31,1,15,20,5.990911989795919,,,,,,
CAM,3006,3.882379055023194,10.437777519226074,31,1,15,20,5.990911989795919,,,,,,
FAM,3006,4.061038494110107,10.437777519226074,31,1,15,20,5.990911989795919,,,,,,
Random,3006,0.0962362289428711,10.437777519226074,31,1,15,20,5.990911989795919,,,,,,
Superpixel,3574,-0.1052541732788086,14.931035041809082,32,1,14,20,7.122927295918367,,,,,,
CAM,3574,5.416806221008301,14.931035041809082,32,1,14,20,7.122927295918367,,,,,,
FAM,3574,2.8275909423828125,14.931035041809082,32,1,14,20,7.122927295918367,,,,,,
Random,3574,6.376640319824219,14.931035041809082,32,1,14,20,7.122927295918367,,,,,,
Superpixel,6421,11.277649402618408,16.01531219482422,33,1,13,20,12.796954719387754,,,,,,
CAM,6421,15.044386327266691,16.01531219482422,33,1,13,20,12.796954719387754,,,,,,
FAM,6421,12.71578812599182,16.01531219482422,33,1,13,20,12.796954719387754,,,,,,
Random,6421,3.7115888595581055,16.01531219482422,33,1,13,20,12.796954719387754,,,,,,
Superpixel,3505,5.261410713195801,8.661576271057129,34,1,14,20,6.985411352040815,,,,,,
CAM,3505,4.193576812744141,8.661576271057129,34,1,14,20,6.985411352040815,,,,,,
FAM,3505,-0.0006465911865234,8.661576271057129,34,1,14,20,6.985411352040815,,,,,,
Random,3505,0.2926197052001953,8.661576271057129,34,1,14,20,6.985411352040815,,,,,,
Superpixel,6635,-0.5856819152832031,13.425541877746582,35,1,10,20,13.22345344387755,,,,,,
CAM,6635,10.413673639297484,13.425541877746582,35,1,10,20,13.22345344387755,,,,,,
FAM,6635,7.653663158416748,13.425541877746582,35,1,10,20,13.22345344387755,,,,,,
Random,6635,1.9756107330322263,13.425541877746582,35,1,10,20,13.22345344387755,,,,,,
Superpixel,4617,1.0404052734375,16.96900749206543,36,1,14,20,9.201610331632654,,,,,,
CAM,4617,16.437323212623596,16.96900749206543,36,1,14,20,9.201610331632654,,,,,,
FAM,4617,14.279420137405396,16.96900749206543,36,1,14,20,9.201610331632654,,,,,,
Random,4617,2.9652109146118164,16.96900749206543,36,1,14,20,9.201610331632654,,,,,,
Superpixel,2932,-1.0729379653930664,13.132783889770508,37,1,15,20,5.84343112244898,,,,,,
CAM,2932,3.001284599304199,13.132783889770508,37,1,15,20,5.84343112244898,,,,,,
FAM,2932,3.615432739257813,13.132783889770508,37,1,15,20,5.84343112244898,,,,,,
Random,2932,2.7334375381469727,13.132783889770508,37,1,15,20,5.84343112244898,,,,,,
Superpixel,4292,9.248933792114258,10.501419067382812,38,1,15,20,8.55389030612245,,,,,,
CAM,4292,6.011266231536865,10.501419067382812,38,1,15,20,8.55389030612245,,,,,,
FAM,4292,4.568936347961426,10.501419067382812,38,1,15,20,8.55389030612245,,,,,,
Random,4292,1.932809829711914,10.501419067382812,38,1,15,20,8.55389030612245,,,,,,
Superpixel,3934,1.0521726608276367,14.97776699066162,39,1,14,20,7.8404017857142865,,,,,,
CAM,3934,6.935991287231445,14.97776699066162,39,1,14,20,7.8404017857142865,,,,,,
FAM,3934,11.89948868751526,14.97776699066162,39,1,14,20,7.8404017857142865,,,,,,
Random,3934,1.2532119750976562,14.97776699066162,39,1,14,20,7.8404017857142865,,,,,,
Superpixel,5475,7.865984439849853,14.156771659851074,40,1,15,20,10.911591198979592,,,,,,
CAM,5475,6.688610076904297,14.156771659851074,40,1,15,20,10.911591198979592,,,,,,
FAM,5475,7.650473594665527,14.156771659851074,40,1,15,20,10.911591198979592,,,,,,
Random,5475,3.573223114013672,14.156771659851074,40,1,15,20,10.911591198979592,,,,,,
Superpixel,3624,1.8080129623413088,9.808170318603516,41,1,14,20,7.222576530612244,,,,,,
CAM,3624,1.9966158866882324,9.808170318603516,41,1,14,20,7.222576530612244,,,,,,
FAM,3624,-1.8919038772583008,9.808170318603516,41,1,14,20,7.222576530612244,,,,,,
Random,3624,2.269960880279541,9.808170318603516,41,1,14,20,7.222576530612244,,,,,,
Superpixel,2042,1.242595672607422,6.9113450050354,42,1,15,20,4.069674744897959,,,,,,
CAM,2042,1.7021522521972656,6.9113450050354,42,1,15,20,4.069674744897959,,,,,,
FAM,2042,2.3722028732299805,6.9113450050354,42,1,15,20,4.069674744897959,,,,,,
Random,2042,3.086918830871582,6.9113450050354,42,1,15,20,4.069674744897959,,,,,,
Superpixel,2983,1.422271728515625,8.154461860656738,43,1,13,20,5.945073341836735,,,,,,
CAM,2983,2.5453476905822754,8.154461860656738,43,1,13,20,5.945073341836735,,,,,,
FAM,2983,-0.2496023178100586,8.154461860656738,43,1,13,20,5.945073341836735,,,,,,
Random,2983,-0.4228477478027344,8.154461860656738,43,1,13,20,5.945073341836735,,,,,,
Superpixel,4553,4.01594352722168,7.419267177581787,44,1,15,20,9.07405931122449,,,,,,
CAM,4553,0.7854409217834473,7.419267177581787,44,1,15,20,9.07405931122449,,,,,,
FAM,4553,-0.1805577278137207,7.419267177581787,44,1,15,20,9.07405931122449,,,,,,
Random,4553,-0.0796923637390136,7.419267177581787,44,1,15,20,9.07405931122449,,,,,,
Superpixel,6905,1.994346618652344,16.02260971069336,45,1,13,20,13.761559311224488,,,,,,
CAM,6905,4.029679298400879,16.02260971069336,45,1,13,20,13.761559311224488,,,,,,
FAM,6905,3.59816837310791,16.02260971069336,45,1,13,20,13.761559311224488,,,,,,
Random,6905,4.569146156311035,16.02260971069336,45,1,13,20,13.761559311224488,,,,,,
Superpixel,4106,0.9534320831298828,13.61289119720459,46,1,15,20,8.183195153061225,,,,,,
CAM,4106,12.446251153945925,13.61289119720459,46,1,15,20,8.183195153061225,,,,,,
FAM,4106,4.468027114868164,13.61289119720459,46,1,15,20,8.183195153061225,,,,,,
Random,4106,11.29434061050415,13.61289119720459,46,1,15,20,8.183195153061225,,,,,,
Superpixel,4686,0.4413299560546875,12.235228538513184,47,1,14,20,9.339126275510203,,,,,,
CAM,4686,5.044158458709717,12.235228538513184,47,1,14,20,9.339126275510203,,,,,,
FAM,4686,2.049335479736328,12.235228538513184,47,1,14,20,9.339126275510203,,,,,,
Random,4686,3.614741325378418,12.235228538513184,47,1,14,20,9.339126275510203,,,,,,
Superpixel,2932,-1.854108810424805,6.241652488708496,48,1,13,20,5.84343112244898,,,,,,
CAM,2932,-0.2020049095153808,6.241652488708496,48,1,13,20,5.84343112244898,,,,,,
FAM,2932,1.6550745964050293,6.241652488708496,48,1,13,20,5.84343112244898,,,,,,
Random,2932,1.1521072387695312,6.241652488708496,48,1,13,20,5.84343112244898,,,,,,
Superpixel,2550,3.832840442657471,9.01724624633789,49,1,15,20,5.082110969387755,,,,,,
CAM,2550,2.8434395790100098,9.01724624633789,49,1,15,20,5.082110969387755,,,,,,
FAM,2550,2.819763660430908,9.01724624633789,49,1,15,20,5.082110969387755,,,,,,
Random,2550,0.3813505172729492,9.01724624633789,49,1,15,20,5.082110969387755,,,,,,
Superpixel,3756,1.3230342864990234,12.316967964172363,50,1,13,20,7.485650510204081,,,,,,
CAM,3756,7.31922721862793,12.316967964172363,50,1,13,20,7.485650510204081,,,,,,
FAM,3756,8.653446674346924,12.316967964172363,50,1,13,20,7.485650510204081,,,,,,
Random,3756,6.245465755462647,12.316967964172363,50,1,13,20,7.485650510204081,,,,,,
Superpixel,2456,2.609097003936768,9.366311073303224,51,1,15,20,4.894770408163265,,,,,,
CAM,2456,6.231221914291382,9.366311073303224,51,1,15,20,4.894770408163265,,,,,,
FAM,2456,4.693615913391113,9.366311073303224,51,1,15,20,4.894770408163265,,,,,,
Random,2456,4.01015567779541,9.366311073303224,51,1,15,20,4.894770408163265,,,,,,
Superpixel,5950,0.9399576187133788,11.969888687133787,52,1,9,20,11.858258928571429,,,,,,
CAM,5950,9.642702579498293,11.969888687133787,52,1,9,20,11.858258928571429,,,,,,
FAM,5950,0.2043828964233398,11.969888687133787,52,1,9,20,11.858258928571429,,,,,,
Random,5950,0.929631233215332,11.969888687133787,52,1,9,20,11.858258928571429,,,,,,
Superpixel,2885,1.1844639778137207,8.190380096435547,53,1,13,20,5.749760841836735,,,,,,
CAM,2885,1.7615251541137695,8.190380096435547,53,1,13,20,5.749760841836735,,,,,,
FAM,2885,5.760706424713135,8.190380096435547,53,1,13,20,5.749760841836735,,,,,,
Random,2885,4.310947418212891,8.190380096435547,53,1,13,20,5.749760841836735,,,,,,
Superpixel,3273,10.237520933151243,14.023322105407717,54,1,15,20,6.523038903061225,,,,,,
CAM,3273,7.337763786315918,14.023322105407717,54,1,15,20,6.523038903061225,,,,,,
FAM,3273,-1.182480812072754,14.023322105407717,54,1,15,20,6.523038903061225,,,,,,
Random,3273,1.3050861358642578,14.023322105407717,54,1,15,20,6.523038903061225,,,,,,
Superpixel,4658,2.809625625610352,13.847554206848145,55,1,13,20,9.283322704081632,,,,,,
CAM,4658,7.895716667175293,13.847554206848145,55,1,13,20,9.283322704081632,,,,,,
FAM,4658,5.648678779602051,13.847554206848145,55,1,13,20,9.283322704081632,,,,,,
Random,4658,5.580027580261231,13.847554206848145,55,1,13,20,9.283322704081632,,,,,,
Superpixel,4552,-1.476710319519043,9.499467849731444,56,1,14,20,9.072066326530612,,,,,,
CAM,4552,7.20755410194397,9.499467849731444,56,1,14,20,9.072066326530612,,,,,,
FAM,4552,5.859246015548706,9.499467849731444,56,1,14,20,9.072066326530612,,,,,,
Random,4552,-0.0167779922485351,9.499467849731444,56,1,14,20,9.072066326530612,,,,,,
Superpixel,4515,1.009429931640625,15.408567428588867,57,1,14,20,8.998325892857142,,,,,,
CAM,4515,7.582099914550781,15.408567428588867,57,1,14,20,8.998325892857142,,,,,,
FAM,4515,1.712447166442871,15.408567428588867,57,1,14,20,8.998325892857142,,,,,,
Random,4515,5.440945625305176,15.408567428588867,57,1,14,20,8.998325892857142,,,,,,
Superpixel,2043,4.670064687728882,7.831768989562988,58,1,13,20,4.071667729591836,,,,,,
CAM,2043,3.390487670898437,7.831768989562988,58,1,13,20,4.071667729591836,,,,,,
FAM,2043,5.108029365539551,7.831768989562988,58,1,13,20,4.071667729591836,,,,,,
Random,2043,-1.1262521743774414,7.831768989562988,58,1,13,20,4.071667729591836,,,,,,
Superpixel,5613,0.3862390518188476,10.82791805267334,59,1,13,20,11.186623086734697,,,,,,
CAM,5613,-0.6621341705322266,10.82791805267334,59,1,13,20,11.186623086734697,,,,,,
FAM,5613,1.7211971282958984,10.82791805267334,59,1,13,20,11.186623086734697,,,,,,
Random,5613,-1.2218074798583984,10.82791805267334,59,1,13,20,11.186623086734697,,,,,,
Superpixel,2597,0.5280036926269531,11.512099266052246,60,1,15,20,5.17578125,,,,,,
CAM,2597,4.620364665985107,11.512099266052246,60,1,15,20,5.17578125,,,,,,
FAM,2597,1.0733985900878906,11.512099266052246,60,1,15,20,5.17578125,,,,,,
Random,2597,6.242112159729004,11.512099266052246,60,1,15,20,5.17578125,,,,,,
Superpixel,4740,-3.982985019683838,6.567867755889893,61,1,14,20,9.446747448979592,,,,,,
CAM,4740,-3.451767444610596,6.567867755889893,61,1,14,20,9.446747448979592,,,,,,
FAM,4740,-6.561191082000732,6.567867755889893,61,1,14,20,9.446747448979592,,,,,,
Random,4740,-5.8266472816467285,6.567867755889893,61,1,14,20,9.446747448979592,,,,,,
Superpixel,2431,7.267131805419922,12.996379852294922,62,1,13,20,4.844945790816327,,,,,,
CAM,2431,6.128342628479004,12.996379852294922,62,1,13,20,4.844945790816327,,,,,,
FAM,2431,1.894866943359375,12.996379852294922,62,1,13,20,4.844945790816327,,,,,,
Random,2431,1.9807186126708984,12.996379852294922,62,1,13,20,4.844945790816327,,,,,,
Superpixel,2114,2.0653772354125977,13.005719184875488,63,1,14,20,4.213169642857143,,,,,,
CAM,2114,6.290955066680908,13.005719184875488,63,1,14,20,4.213169642857143,,,,,,
FAM,2114,7.113921165466309,13.005719184875488,63,1,14,20,4.213169642857143,,,,,,
Random,2114,1.85247802734375,13.005719184875488,63,1,14,20,4.213169642857143,,,,,,
Superpixel,2347,7.484667778015137,14.693999290466309,64,1,16,20,4.677535076530613,,,,,,
CAM,2347,13.47942876815796,14.693999290466309,64,1,16,20,4.677535076530613,,,,,,
FAM,2347,5.928531646728516,14.693999290466309,64,1,16,20,4.677535076530613,,,,,,
Random,2347,6.73123836517334,14.693999290466309,64,1,16,20,4.677535076530613,,,,,,
Superpixel,3888,0.5183553695678711,14.149901390075684,65,1,14,20,7.748724489795919,,,,,,
CAM,3888,8.820160388946533,14.149901390075684,65,1,14,20,7.748724489795919,,,,,,
FAM,3888,10.142638683319092,14.149901390075684,65,1,14,20,7.748724489795919,,,,,,
Random,3888,4.842987060546875,14.149901390075684,65,1,14,20,7.748724489795919,,,,,,
Superpixel,4334,9.629904747009276,18.68174362182617,66,1,14,20,8.637595663265305,,,,,,
CAM,4334,11.404388427734377,18.68174362182617,66,1,14,20,8.637595663265305,,,,,,
FAM,4334,12.659019947052002,18.68174362182617,66,1,14,20,8.637595663265305,,,,,,
Random,4334,4.369100570678711,18.68174362182617,66,1,14,20,8.637595663265305,,,,,,
Superpixel,2806,0.2114334106445312,5.601407051086426,67,1,16,20,5.592315051020408,,,,,,
CAM,2806,0.3423085212707519,5.601407051086426,67,1,16,20,5.592315051020408,,,,,,
FAM,2806,3.1340765953063965,5.601407051086426,67,1,16,20,5.592315051020408,,,,,,
Random,2806,2.938577651977539,5.601407051086426,67,1,16,20,5.592315051020408,,,,,,
Superpixel,4824,2.130474090576172,15.8436918258667,68,1,13,20,9.614158163265303,,,,,,
CAM,4824,3.1375865936279297,15.8436918258667,68,1,13,20,9.614158163265303,,,,,,
FAM,4824,4.566303253173828,15.8436918258667,68,1,13,20,9.614158163265303,,,,,,
Random,4824,4.558055877685547,15.8436918258667,68,1,13,20,9.614158163265303,,,,,,
Superpixel,5387,1.026773452758789,10.574131965637209,69,1,15,20,10.736208545918368,,,,,,
CAM,5387,1.409587860107422,10.574131965637209,69,1,15,20,10.736208545918368,,,,,,
FAM,5387,2.2261552810668945,10.574131965637209,69,1,15,20,10.736208545918368,,,,,,
Random,5387,4.601243019104004,10.574131965637209,69,1,15,20,10.736208545918368,,,,,,
Superpixel,3567,2.634349822998047,10.96778392791748,70,1,15,20,7.108976403061225,,,,,,
CAM,3567,3.2495813369750977,10.96778392791748,70,1,15,20,7.108976403061225,,,,,,
FAM,3567,3.407181739807129,10.96778392791748,70,1,15,20,7.108976403061225,,,,,,
Random,3567,4.579129219055176,10.96778392791748,70,1,15,20,7.108976403061225,,,,,,
Superpixel,1828,-2.194790840148926,13.712986946105955,71,1,14,20,3.643176020408164,,,,,,
CAM,1828,-0.6099786758422852,13.712986946105955,71,1,14,20,3.643176020408164,,,,,,
FAM,1828,3.108182907104492,13.712986946105955,71,1,14,20,3.643176020408164,,,,,,
Random,1828,0.2519369125366211,13.712986946105955,71,1,14,20,3.643176020408164,,,,,,
Superpixel,4016,4.424661159515381,7.891994476318359,72,1,12,20,8.003826530612244,,,,,,
CAM,4016,4.506008148193359,7.891994476318359,72,1,12,20,8.003826530612244,,,,,,
FAM,4016,-1.7446165084838867,7.891994476318359,72,1,12,20,8.003826530612244,,,,,,
Random,4016,1.412126541137695,7.891994476318359,72,1,12,20,8.003826530612244,,,,,,
Superpixel,2352,1.6495332717895508,9.226783752441406,73,1,12,20,4.6875,,,,,,
CAM,2352,3.239591598510742,9.226783752441406,73,1,12,20,4.6875,,,,,,
FAM,2352,2.46756362915039,9.226783752441406,73,1,12,20,4.6875,,,,,,
Random,2352,0.1449575424194336,9.226783752441406,73,1,12,20,4.6875,,,,,,
Superpixel,6875,6.321956634521484,13.885249137878418,74,1,10,20,13.701769770408164,,,,,,
CAM,6875,7.199488639831543,13.885249137878418,74,1,10,20,13.701769770408164,,,,,,
FAM,6875,5.539053916931152,13.885249137878418,74,1,10,20,13.701769770408164,,,,,,
Random,6875,5.235172271728516,13.885249137878418,74,1,10,20,13.701769770408164,,,,,,
Superpixel,2180,0.8168392181396484,12.7848539352417,75,1,15,20,4.344706632653061,,,,,,
CAM,2180,2.659661293029785,12.7848539352417,75,1,15,20,4.344706632653061,,,,,,
FAM,2180,1.1807231903076172,12.7848539352417,75,1,15,20,4.344706632653061,,,,,,
Random,2180,5.570282936096191,12.7848539352417,75,1,15,20,4.344706632653061,,,,,,
Superpixel,2026,0.6036148071289062,14.082791328430176,76,1,13,20,4.037786989795919,,,,,,
CAM,2026,2.8296356201171875,14.082791328430176,76,1,13,20,4.037786989795919,,,,,,
FAM,2026,2.291736602783203,14.082791328430176,76,1,13,20,4.037786989795919,,,,,,
Random,2026,4.522128105163574,14.082791328430176,76,1,13,20,4.037786989795919,,,,,,
Superpixel,2904,6.509685516357422,11.567422866821287,77,1,16,20,5.787627551020408,,,,,,
CAM,2904,2.8477163314819336,11.567422866821287,77,1,16,20,5.787627551020408,,,,,,
FAM,2904,1.1067609786987305,11.567422866821287,77,1,16,20,5.787627551020408,,,,,,
Random,2904,3.291196823120117,11.567422866821287,77,1,16,20,5.787627551020408,,,,,,
Superpixel,2796,-0.1516733169555664,9.01831340789795,78,1,15,20,5.572385204081633,,,,,,
CAM,2796,3.58681583404541,9.01831340789795,78,1,15,20,5.572385204081633,,,,,,
FAM,2796,3.6392955780029297,9.01831340789795,78,1,15,20,5.572385204081633,,,,,,
Random,2796,2.79677963256836,9.01831340789795,78,1,15,20,5.572385204081633,,,,,,
Superpixel,4786,0.2020816802978515,11.042000770568848,79,1,14,20,9.53842474489796,,,,,,
CAM,4786,9.935888171195984,11.042000770568848,79,1,14,20,9.53842474489796,,,,,,
FAM,4786,8.62057113647461,11.042000770568848,79,1,14,20,9.53842474489796,,,,,,
Random,4786,2.040085792541504,11.042000770568848,79,1,14,20,9.53842474489796,,,,,,
Superpixel,3073,-0.073883056640625,13.937752723693848,80,1,15,20,6.124441964285714,,,,,,
CAM,3073,5.0756683349609375,13.937752723693848,80,1,15,20,6.124441964285714,,,,,,
FAM,3073,3.585455894470215,13.937752723693848,80,1,15,20,6.124441964285714,,,,,,
Random,3073,8.71551513671875,13.937752723693848,80,1,15,20,6.124441964285714,,,,,,
Superpixel,4769,4.403408050537109,15.349525451660156,81,1,14,20,9.50454400510204,,,,,,
CAM,4769,4.477901458740234,15.349525451660156,81,1,14,20,9.50454400510204,,,,,,
FAM,4769,7.253924369812012,15.349525451660156,81,1,14,20,9.50454400510204,,,,,,
Random,4769,10.071274757385254,15.349525451660156,81,1,14,20,9.50454400510204,,,,,,
Superpixel,4582,9.899682521820068,17.41687774658203,82,1,11,20,9.13185586734694,,,,,,
CAM,4582,12.471304893493652,17.41687774658203,82,1,11,20,9.13185586734694,,,,,,
FAM,4582,11.802052974700928,17.41687774658203,82,1,11,20,9.13185586734694,,,,,,
Random,4582,5.994442939758301,17.41687774658203,82,1,11,20,9.13185586734694,,,,,,
Superpixel,4211,2.0792465209960938,10.657397270202637,83,1,12,20,8.392458545918368,,,,,,
CAM,4211,6.813199520111084,10.657397270202637,83,1,12,20,8.392458545918368,,,,,,
FAM,4211,0.6217765808105469,10.657397270202637,83,1,12,20,8.392458545918368,,,,,,
Random,4211,3.870273113250733,10.657397270202637,83,1,12,20,8.392458545918368,,,,,,
Superpixel,3122,7.43327522277832,13.52542209625244,84,1,13,20,6.222098214285714,,,,,,
CAM,3122,7.452365875244141,13.52542209625244,84,1,13,20,6.222098214285714,,,,,,
FAM,3122,3.301554679870605,13.52542209625244,84,1,13,20,6.222098214285714,,,,,,
Random,3122,4.798786163330078,13.52542209625244,84,1,13,20,6.222098214285714,,,,,,
Superpixel,5990,7.918608665466309,18.503782272338867,85,1,16,20,11.93797831632653,,,,,,
CAM,5990,9.525437355041504,18.503782272338867,85,1,16,20,11.93797831632653,,,,,,
FAM,5990,11.74247932434082,18.503782272338867,85,1,16,20,11.93797831632653,,,,,,
Random,5990,12.14075231552124,18.503782272338867,85,1,16,20,11.93797831632653,,,,,,
Superpixel,1684,4.743860244750977,15.802794456481934,86,1,16,20,3.356186224489796,,,,,,
CAM,1684,5.835723876953125,15.802794456481934,86,1,16,20,3.356186224489796,,,,,,
FAM,1684,5.106769561767578,15.802794456481934,86,1,16,20,3.356186224489796,,,,,,
Random,1684,6.44813346862793,15.802794456481934,86,1,16,20,3.356186224489796,,,,,,
Superpixel,2383,3.262571334838867,15.148703575134276,87,1,16,20,4.749282525510204,,,,,,
CAM,2383,3.2915830612182617,15.148703575134276,87,1,16,20,4.749282525510204,,,,,,
FAM,2383,2.8148422241210938,15.148703575134276,87,1,16,20,4.749282525510204,,,,,,
Random,2383,0.7173557281494141,15.148703575134276,87,1,16,20,4.749282525510204,,,,,,
Superpixel,5748,-0.1997280120849609,11.899752616882324,88,1,14,20,11.455676020408164,,,,,,
CAM,5748,7.875043392181396,11.899752616882324,88,1,14,20,11.455676020408164,,,,,,
FAM,5748,4.176904678344727,11.899752616882324,88,1,14,20,11.455676020408164,,,,,,
Random,5748,5.151735782623291,11.899752616882324,88,1,14,20,11.455676020408164,,,,,,
Superpixel,3304,1.992671012878418,11.500370025634766,89,1,16,20,6.584821428571429,,,,,,
CAM,3304,2.8967771530151367,11.500370025634766,89,1,16,20,6.584821428571429,,,,,,
FAM,3304,4.513271808624268,11.500370025634766,89,1,16,20,6.584821428571429,,,,,,
Random,3304,3.60924243927002,11.500370025634766,89,1,16,20,6.584821428571429,,,,,,
Superpixel,3868,0.8886466026306152,6.8654656410217285,90,1,15,20,7.708864795918367,,,,,,
CAM,3868,4.482779741287232,6.8654656410217285,90,1,15,20,7.708864795918367,,,,,,
FAM,3868,7.148695766925812,6.8654656410217285,90,1,15,20,7.708864795918367,,,,,,
Random,3868,2.8722827434539795,6.8654656410217285,90,1,15,20,7.708864795918367,,,,,,
Superpixel,4034,8.17695665359497,14.688021659851074,91,1,16,20,8.03970025510204,,,,,,
CAM,4034,12.694748759269714,14.688021659851074,91,1,16,20,8.03970025510204,,,,,,
FAM,4034,14.06428736448288,14.688021659851074,91,1,16,20,8.03970025510204,,,,,,
Random,4034,10.52509832382202,14.688021659851074,91,1,16,20,8.03970025510204,,,,,,
Superpixel,4177,2.28646183013916,10.596505165100098,92,1,15,20,8.32469706632653,,,,,,
CAM,4177,8.28066635131836,10.596505165100098,92,1,15,20,8.32469706632653,,,,,,
FAM,4177,9.900242447853088,10.596505165100098,92,1,15,20,8.32469706632653,,,,,,
Random,4177,9.924524128437042,10.596505165100098,92,1,15,20,8.32469706632653,,,,,,
Superpixel,1862,5.219269275665283,13.045243263244627,93,1,15,20,3.7109375,,,,,,
CAM,1862,1.1709489822387695,13.045243263244627,93,1,15,20,3.7109375,,,,,,
FAM,1862,0.3313846588134765,13.045243263244627,93,1,15,20,3.7109375,,,,,,
Random,1862,0.8277015686035156,13.045243263244627,93,1,15,20,3.7109375,,,,,,
Superpixel,4797,2.471151828765869,9.30405616760254,94,1,11,20,9.560347576530612,,,,,,
CAM,4797,4.257702350616455,9.30405616760254,94,1,11,20,9.560347576530612,,,,,,
FAM,4797,0.6302328109741211,9.30405616760254,94,1,11,20,9.560347576530612,,,,,,
Random,4797,7.169365644454956,9.30405616760254,94,1,11,20,9.560347576530612,,,,,,
Superpixel,6718,1.8690729141235352,14.818351745605469,95,1,13,20,13.388871173469388,,,,,,
CAM,6718,3.389699935913086,14.818351745605469,95,1,13,20,13.388871173469388,,,,,,
FAM,6718,4.173064231872559,14.818351745605469,95,1,13,20,13.388871173469388,,,,,,
Random,6718,6.720945358276367,14.818351745605469,95,1,13,20,13.388871173469388,,,,,,
Superpixel,7164,2.394460678100586,12.893231391906738,96,1,11,20,14.277742346938776,,,,,,
CAM,7164,7.940220832824707,12.893231391906738,96,1,11,20,14.277742346938776,,,,,,
FAM,7164,9.35385036468506,12.893231391906738,96,1,11,20,14.277742346938776,,,,,,
Random,7164,11.541963815689089,12.893231391906738,96,1,11,20,14.277742346938776,,,,,,
Superpixel,1953,-0.9726285934448242,13.632012367248535,97,1,16,20,3.8922991071428568,,,,,,
CAM,1953,4.142847061157227,13.632012367248535,97,1,16,20,3.8922991071428568,,,,,,
FAM,1953,1.3791723251342771,13.632012367248535,97,1,16,20,3.8922991071428568,,,,,,
Random,1953,7.299220561981201,13.632012367248535,97,1,16,20,3.8922991071428568,,,,,,
Superpixel,4292,0.9554290771484376,17.183658599853516,98,1,15,20,8.55389030612245,,,,,,
CAM,4292,11.914352416992188,17.183658599853516,98,1,15,20,8.55389030612245,,,,,,
FAM,4292,12.689679622650146,17.183658599853516,98,1,15,20,8.55389030612245,,,,,,
Random,4292,2.305302619934082,17.183658599853516,98,1,15,20,8.55389030612245,,,,,,
Superpixel,5571,-1.5762147903442385,14.828822135925291,99,1,11,20,11.102917729591836,,,,,,
CAM,5571,5.848678588867188,14.828822135925291,99,1,11,20,11.102917729591836,,,,,,
FAM,5571,7.231871128082275,14.828822135925291,99,1,11,20,11.102917729591836,,,,,,
Random,5571,7.637711048126221,14.828822135925291,99,1,11,20,11.102917729591836,,,,,,
Superpixel,5734,-0.516998291015625,12.216415405273438,100,1,16,20,11.427774234693878,,,,,,
CAM,5734,11.209551453590391,12.216415405273438,100,1,16,20,11.427774234693878,,,,,,
FAM,5734,12.276929292827845,12.216415405273438,100,1,16,20,11.427774234693878,,,,,,
Random,5734,6.186593055725098,12.216415405273438,100,1,16,20,11.427774234693878,,,,,,
Superpixel,4738,0.7824211120605469,15.428936958312988,101,1,14,20,9.442761479591836,,,,,,
CAM,4738,12.27802276611328,15.428936958312988,101,1,14,20,9.442761479591836,,,,,,
FAM,4738,10.676241874694824,15.428936958312988,101,1,14,20,9.442761479591836,,,,,,
Random,4738,5.065547943115234,15.428936958312988,101,1,14,20,9.442761479591836,,,,,,
Superpixel,3455,4.17238712310791,15.503938674926758,102,1,16,20,6.885762117346939,,,,,,
CAM,3455,8.64781904220581,15.503938674926758,102,1,16,20,6.885762117346939,,,,,,
FAM,3455,10.99763822555542,15.503938674926758,102,1,16,20,6.885762117346939,,,,,,
Random,3455,11.398646831512451,15.503938674926758,102,1,16,20,6.885762117346939,,,,,,
Superpixel,3885,1.5550155639648438,18.070388793945312,103,1,12,20,7.7427455357142865,,,,,,
CAM,3885,12.55890130996704,18.070388793945312,103,1,12,20,7.7427455357142865,,,,,,
FAM,3885,11.325476169586182,18.070388793945312,103,1,12,20,7.7427455357142865,,,,,,
Random,3885,9.096854209899902,18.070388793945312,103,1,12,20,7.7427455357142865,,,,,,
Superpixel,4510,0.208169937133789,12.477803230285645,104,1,12,20,8.988360969387756,,,,,,
CAM,4510,6.113939762115479,12.477803230285645,104,1,12,20,8.988360969387756,,,,,,
FAM,4510,1.7692852020263672,12.477803230285645,104,1,12,20,8.988360969387756,,,,,,
Random,4510,2.907085418701172,12.477803230285645,104,1,12,20,8.988360969387756,,,,,,
Superpixel,9144,10.844744205474854,17.71215057373047,105,1,12,20,18.223852040816325,,,,,,
CAM,9144,11.443018436431885,17.71215057373047,105,1,12,20,18.223852040816325,,,,,,
FAM,9144,6.69599723815918,17.71215057373047,105,1,12,20,18.223852040816325,,,,,,
Random,9144,15.226253747940063,17.71215057373047,105,1,12,20,18.223852040816325,,,,,,
Superpixel,6538,2.479631423950196,13.822314262390137,106,1,13,20,13.030133928571429,,,,,,
CAM,6538,12.433645844459534,13.822314262390137,106,1,13,20,13.030133928571429,,,,,,
FAM,6538,9.420056819915771,13.822314262390137,106,1,13,20,13.030133928571429,,,,,,
Random,6538,8.38838243484497,13.822314262390137,106,1,13,20,13.030133928571429,,,,,,
Superpixel,3120,2.429938316345215,14.434985160827637,107,1,13,20,6.218112244897959,,,,,,
CAM,3120,4.187618255615234,14.434985160827637,107,1,13,20,6.218112244897959,,,,,,
FAM,3120,0.2713546752929687,14.434985160827637,107,1,13,20,6.218112244897959,,,,,,
Random,3120,-1.0850791931152344,14.434985160827637,107,1,13,20,6.218112244897959,,,,,,
Superpixel,2718,8.131306648254395,18.18814468383789,108,1,14,20,5.416932397959184,,,,,,
CAM,2718,9.596721649169922,18.18814468383789,108,1,14,20,5.416932397959184,,,,,,
FAM,2718,13.286670684814451,18.18814468383789,108,1,14,20,5.416932397959184,,,,,,
Random,2718,1.3692398071289062,18.18814468383789,108,1,14,20,5.416932397959184,,,,,,
Superpixel,3784,0.5105447769165039,11.207807540893556,109,1,15,20,7.541454081632653,,,,,,
CAM,3784,5.19269609451294,11.207807540893556,109,1,15,20,7.541454081632653,,,,,,
FAM,3784,1.399886131286621,11.207807540893556,109,1,15,20,7.541454081632653,,,,,,
Random,3784,2.13059139251709,11.207807540893556,109,1,15,20,7.541454081632653,,,,,,
Superpixel,2856,2.4715137481689453,12.709710121154783,110,1,12,20,5.691964285714286,,,,,,
CAM,2856,3.850406646728516,12.709710121154783,110,1,12,20,5.691964285714286,,,,,,
FAM,2856,3.233663558959961,12.709710121154783,110,1,12,20,5.691964285714286,,,,,,
Random,2856,12.464294701814651,12.709710121154783,110,1,12,20,5.691964285714286,,,,,,
Superpixel,3870,1.4966821670532229,12.161798477172852,111,1,12,20,7.712850765306123,,,,,,
CAM,3870,6.896716117858887,12.161798477172852,111,1,12,20,7.712850765306123,,,,,,
FAM,3870,7.952682018280029,12.161798477172852,111,1,12,20,7.712850765306123,,,,,,
Random,3870,5.051881313323975,12.161798477172852,111,1,12,20,7.712850765306123,,,,,,
Superpixel,4297,4.247052192687988,14.646283149719238,112,1,14,20,8.563855229591837,,,,,,
CAM,4297,9.424620628356934,14.646283149719238,112,1,14,20,8.563855229591837,,,,,,
FAM,4297,6.091202735900879,14.646283149719238,112,1,14,20,8.563855229591837,,,,,,
Random,4297,5.701443672180176,14.646283149719238,112,1,14,20,8.563855229591837,,,,,,
Superpixel,2947,-0.6019401550292969,11.354926109313965,113,1,16,20,5.873325892857143,,,,,,
CAM,2947,8.876405000686646,11.354926109313965,113,1,16,20,5.873325892857143,,,,,,
FAM,2947,7.15603494644165,11.354926109313965,113,1,16,20,5.873325892857143,,,,,,
Random,2947,4.110515594482422,11.354926109313965,113,1,16,20,5.873325892857143,,,,,,
Superpixel,4726,-0.5483646392822266,11.279419898986816,114,1,15,20,9.418845663265303,,,,,,
CAM,4726,1.232548713684082,11.279419898986816,114,1,15,20,9.418845663265303,,,,,,
FAM,4726,2.978260040283203,11.279419898986816,114,1,15,20,9.418845663265303,,,,,,
Random,4726,5.103697299957275,11.279419898986816,114,1,15,20,9.418845663265303,,,,,,
Superpixel,4565,0.4181756973266601,9.643073081970217,115,1,14,20,9.09797512755102,,,,,,
CAM,4565,2.2270493507385254,9.643073081970217,115,1,14,20,9.09797512755102,,,,,,
FAM,4565,0.4325923919677734,9.643073081970217,115,1,14,20,9.09797512755102,,,,,,
Random,4565,3.590877056121826,9.643073081970217,115,1,14,20,9.09797512755102,,,,,,
Superpixel,2877,-2.3159046173095703,9.141690254211426,116,1,14,20,5.733816964285714,,,,,,
CAM,2877,2.608692169189453,9.141690254211426,116,1,14,20,5.733816964285714,,,,,,
FAM,2877,2.168590545654297,9.141690254211426,116,1,14,20,5.733816964285714,,,,,,
Random,2877,3.4328484535217285,9.141690254211426,116,1,14,20,5.733816964285714,,,,,,
Superpixel,6335,6.363626003265381,10.933367729187012,117,1,14,20,12.625558035714285,,,,,,
CAM,6335,9.968441903591156,10.933367729187012,117,1,14,20,12.625558035714285,,,,,,
FAM,6335,9.092485785484314,10.933367729187012,117,1,14,20,12.625558035714285,,,,,,
Random,6335,0.5085678100585938,10.933367729187012,117,1,14,20,12.625558035714285,,,,,,
Superpixel,3621,-0.6955280303955078,13.120966911315918,118,1,15,20,7.216597576530612,,,,,,
CAM,3621,6.245407104492188,13.120966911315918,118,1,15,20,7.216597576530612,,,,,,
FAM,3621,3.860248565673828,13.120966911315918,118,1,15,20,7.216597576530612,,,,,,
Random,3621,7.896991729736328,13.120966911315918,118,1,15,20,7.216597576530612,,,,,,
Superpixel,3398,3.699482917785645,16.402366638183594,119,1,13,20,6.772161989795919,,,,,,
CAM,3398,6.162508964538574,16.402366638183594,119,1,13,20,6.772161989795919,,,,,,
FAM,3398,7.544384956359863,16.402366638183594,119,1,13,20,6.772161989795919,,,,,,
Random,3398,11.183077812194824,16.402366638183594,119,1,13,20,6.772161989795919,,,,,,
Superpixel,3185,0.1717529296875,8.822118759155273,120,1,13,20,6.34765625,,,,,,
CAM,3185,4.451782703399658,8.822118759155273,120,1,13,20,6.34765625,,,,,,
FAM,3185,0.4560022354125976,8.822118759155273,120,1,13,20,6.34765625,,,,,,
Random,3185,3.221569061279297,8.822118759155273,120,1,13,20,6.34765625,,,,,,
Superpixel,2789,1.0760130882263184,6.235069751739502,121,1,11,20,5.55843431122449,,,,,,
CAM,2789,4.993530869483948,6.235069751739502,121,1,11,20,5.55843431122449,,,,,,
FAM,2789,4.069660902023315,6.235069751739502,121,1,11,20,5.55843431122449,,,,,,
Random,2789,4.764469861984253,6.235069751739502,121,1,11,20,5.55843431122449,,,,,,
Superpixel,3459,2.9625635147094727,13.506736755371094,122,1,15,20,6.893734056122448,,,,,,
CAM,3459,7.63399600982666,13.506736755371094,122,1,15,20,6.893734056122448,,,,,,
FAM,3459,6.45389461517334,13.506736755371094,122,1,15,20,6.893734056122448,,,,,,
Random,3459,0.7037954330444336,13.506736755371094,122,1,15,20,6.893734056122448,,,,,,
Superpixel,7678,6.848274230957031,11.120905876159668,123,1,11,20,15.302136479591836,,,,,,
CAM,7678,4.423162937164307,11.120905876159668,123,1,11,20,15.302136479591836,,,,,,
FAM,7678,2.573325157165528,11.120905876159668,123,1,11,20,15.302136479591836,,,,,,
Random,7678,6.705406188964844,11.120905876159668,123,1,11,20,15.302136479591836,,,,,,
Superpixel,7286,2.530594825744629,16.80983543395996,124,1,13,20,14.520886479591836,,,,,,
CAM,7286,5.965060234069824,16.80983543395996,124,1,13,20,14.520886479591836,,,,,,
FAM,7286,10.11523151397705,16.80983543395996,124,1,13,20,14.520886479591836,,,,,,
Random,7286,11.048198699951172,16.80983543395996,124,1,13,20,14.520886479591836,,,,,,
Superpixel,3890,5.169735908508301,16.302902221679688,125,1,13,20,7.752710459183673,,,,,,
CAM,3890,3.5107622146606445,16.302902221679688,125,1,13,20,7.752710459183673,,,,,,
FAM,3890,2.7921934127807617,16.302902221679688,125,1,13,20,7.752710459183673,,,,,,
Random,3890,2.217975616455078,16.302902221679688,125,1,13,20,7.752710459183673,,,,,,
Superpixel,2832,6.234208106994629,14.29814910888672,126,1,15,20,5.644132653061225,,,,,,
CAM,2832,0.5911626815795898,14.29814910888672,126,1,15,20,5.644132653061225,,,,,,
FAM,2832,2.007648468017578,14.29814910888672,126,1,15,20,5.644132653061225,,,,,,
Random,2832,5.152860641479492,14.29814910888672,126,1,15,20,5.644132653061225,,,,,,
Superpixel,5142,-0.0542678833007812,13.200457572937012,127,1,15,20,10.247927295918368,,,,,,
CAM,5142,7.804678916931152,13.200457572937012,127,1,15,20,10.247927295918368,,,,,,
FAM,5142,5.066621780395508,13.200457572937012,127,1,15,20,10.247927295918368,,,,,,
Random,5142,6.694267272949219,13.200457572937012,127,1,15,20,10.247927295918368,,,,,,
Superpixel,3114,0.4387359619140625,9.345117568969728,128,1,15,20,6.206154336734694,,,,,,
CAM,3114,3.690505027770996,9.345117568969728,128,1,15,20,6.206154336734694,,,,,,
FAM,3114,-1.0092744827270508,9.345117568969728,128,1,15,20,6.206154336734694,,,,,,
Random,3114,5.765362501144409,9.345117568969728,128,1,15,20,6.206154336734694,,,,,,
Superpixel,3163,1.1958160400390625,13.32651424407959,129,1,15,20,6.303810586734694,,,,,,
CAM,3163,2.0424203872680664,13.32651424407959,129,1,15,20,6.303810586734694,,,,,,
FAM,3163,2.8130340576171875,13.32651424407959,129,1,15,20,6.303810586734694,,,,,,
Random,3163,5.146459579467773,13.32651424407959,129,1,15,20,6.303810586734694,,,,,,
Superpixel,3572,1.0765938758850098,7.179259300231934,130,1,13,20,7.118941326530612,,,,,,
CAM,3572,0.490201473236084,7.179259300231934,130,1,13,20,7.118941326530612,,,,,,
FAM,3572,0.9684462547302246,7.179259300231934,130,1,13,20,7.118941326530612,,,,,,
Random,3572,-1.162824630737305,7.179259300231934,130,1,13,20,7.118941326530612,,,,,,
Superpixel,3609,-0.101806640625,12.296734809875488,131,1,16,20,7.192681760204081,,,,,,
CAM,3609,8.640300989151001,12.296734809875488,131,1,16,20,7.192681760204081,,,,,,
FAM,3609,4.392098903656006,12.296734809875488,131,1,16,20,7.192681760204081,,,,,,
Random,3609,4.300078392028809,12.296734809875488,131,1,16,20,7.192681760204081,,,,,,
Superpixel,2014,4.995467185974121,15.042993545532228,132,1,15,20,4.013871173469387,,,,,,
CAM,2014,4.182862281799316,15.042993545532228,132,1,15,20,4.013871173469387,,,,,,
FAM,2014,2.01834774017334,15.042993545532228,132,1,15,20,4.013871173469387,,,,,,
Random,2014,10.140548706054688,15.042993545532228,132,1,15,20,4.013871173469387,,,,,,
Superpixel,3102,3.8987960815429688,12.704119682312012,133,1,12,20,6.182238520408164,,,,,,
CAM,3102,6.202194213867188,12.704119682312012,133,1,12,20,6.182238520408164,,,,,,
FAM,3102,3.2336463928222656,12.704119682312012,133,1,12,20,6.182238520408164,,,,,,
Random,3102,3.928621292114258,12.704119682312012,133,1,12,20,6.182238520408164,,,,,,
Superpixel,2375,5.479488849639893,9.561964988708496,134,1,15,20,4.733338647959184,,,,,,
CAM,2375,5.002820491790772,9.561964988708496,134,1,15,20,4.733338647959184,,,,,,
FAM,2375,5.399600505828857,9.561964988708496,134,1,15,20,4.733338647959184,,,,,,
Random,2375,4.836207866668701,9.561964988708496,134,1,15,20,4.733338647959184,,,,,,
Superpixel,5635,2.987866401672364,11.64293098449707,135,1,11,20,11.23046875,,,,,,
CAM,5635,9.592639207839966,11.64293098449707,135,1,11,20,11.23046875,,,,,,
FAM,5635,7.848556280136108,11.64293098449707,135,1,11,20,11.23046875,,,,,,
Random,5635,8.391881942749023,11.64293098449707,135,1,11,20,11.23046875,,,,,,
Superpixel,3052,0.4301128387451172,11.275784492492676,136,1,16,20,6.082589285714286,,,,,,
CAM,3052,3.829568862915039,11.275784492492676,136,1,16,20,6.082589285714286,,,,,,
FAM,3052,3.880069732666016,11.275784492492676,136,1,16,20,6.082589285714286,,,,,,
Random,3052,2.032878875732422,11.275784492492676,136,1,16,20,6.082589285714286,,,,,,
Superpixel,5096,0.6861658096313477,15.144980430603027,137,1,15,20,10.15625,,,,,,
CAM,5096,9.863876342773438,15.144980430603027,137,1,15,20,10.15625,,,,,,
FAM,5096,8.464035987854004,15.144980430603027,137,1,15,20,10.15625,,,,,,
Random,5096,12.527461051940918,15.144980430603027,137,1,15,20,10.15625,,,,,,
Superpixel,6555,2.147623062133789,12.23999309539795,138,1,13,20,13.064014668367346,,,,,,
CAM,6555,4.090156555175781,12.23999309539795,138,1,13,20,13.064014668367346,,,,,,
FAM,6555,1.8181123733520508,12.23999309539795,138,1,13,20,13.064014668367346,,,,,,
Random,6555,3.4600658416748047,12.23999309539795,138,1,13,20,13.064014668367346,,,,,,
Superpixel,2717,-0.0782365798950195,6.806970119476318,139,1,16,20,5.414939413265306,,,,,,
CAM,2717,1.6911883354187012,6.806970119476318,139,1,16,20,5.414939413265306,,,,,,
FAM,2717,4.351077079772949,6.806970119476318,139,1,16,20,5.414939413265306,,,,,,
Random,2717,4.735844850540161,6.806970119476318,139,1,16,20,5.414939413265306,,,,,,
Superpixel,2811,1.6336727142333984,11.610396385192873,140,1,16,20,5.602279974489796,,,,,,
CAM,2811,4.503714084625244,11.610396385192873,140,1,16,20,5.602279974489796,,,,,,
FAM,2811,4.330021858215332,11.610396385192873,140,1,16,20,5.602279974489796,,,,,,
Random,2811,3.2231149673461914,11.610396385192873,140,1,16,20,5.602279974489796,,,,,,
Superpixel,5191,1.770282745361328,15.713963508605955,141,1,14,20,10.345583545918368,,,,,,
CAM,5191,12.817024946212769,15.713963508605955,141,1,14,20,10.345583545918368,,,,,,
FAM,5191,-0.0414676666259765,15.713963508605955,141,1,14,20,10.345583545918368,,,,,,
Random,5191,-0.9855241775512696,15.713963508605955,141,1,14,20,10.345583545918368,,,,,,
Superpixel,2078,6.797857284545898,14.730679512023926,142,1,15,20,4.141422193877551,,,,,,
CAM,2078,1.2521896362304688,14.730679512023926,142,1,15,20,4.141422193877551,,,,,,
FAM,2078,1.0330705642700195,14.730679512023926,142,1,15,20,4.141422193877551,,,,,,
Random,2078,3.421278953552246,14.730679512023926,142,1,15,20,4.141422193877551,,,,,,
Superpixel,2406,0.5891895294189453,14.311620712280272,143,1,16,20,4.795121173469387,,,,,,
CAM,2406,2.944462776184082,14.311620712280272,143,1,16,20,4.795121173469387,,,,,,
FAM,2406,1.1289539337158203,14.311620712280272,143,1,16,20,4.795121173469387,,,,,,
Random,2406,-1.0054779052734375,14.311620712280272,143,1,16,20,4.795121173469387,,,,,,
Superpixel,2864,9.80112361907959,13.337560653686523,144,1,14,20,5.707908163265306,,,,,,
CAM,2864,4.19979190826416,13.337560653686523,144,1,14,20,5.707908163265306,,,,,,
FAM,2864,6.86188554763794,13.337560653686523,144,1,14,20,5.707908163265306,,,,,,
Random,2864,6.452920913696289,13.337560653686523,144,1,14,20,5.707908163265306,,,,,,
Superpixel,2897,3.5712156295776367,17.006467819213867,145,1,13,20,5.773676658163265,,,,,,
CAM,2897,5.400489807128906,17.006467819213867,145,1,13,20,5.773676658163265,,,,,,
FAM,2897,4.666681289672852,17.006467819213867,145,1,13,20,5.773676658163265,,,,,,
Random,2897,7.11711311340332,17.006467819213867,145,1,13,20,5.773676658163265,,,,,,
Superpixel,2440,3.679878234863281,13.564491271972656,146,1,12,20,4.862882653061225,,,,,,
CAM,2440,4.278650283813477,13.564491271972656,146,1,12,20,4.862882653061225,,,,,,
FAM,2440,4.7454023361206055,13.564491271972656,146,1,12,20,4.862882653061225,,,,,,
Random,2440,6.384907245635986,13.564491271972656,146,1,12,20,4.862882653061225,,,,,,
Superpixel,2002,4.465675354003906,17.26859474182129,147,1,14,20,3.9899553571428568,,,,,,
CAM,2002,8.12071704864502,17.26859474182129,147,1,14,20,3.9899553571428568,,,,,,
FAM,2002,2.341205596923828,17.26859474182129,147,1,14,20,3.9899553571428568,,,,,,
Random,2002,13.466659307479858,17.26859474182129,147,1,14,20,3.9899553571428568,,,,,,
Superpixel,3247,5.763368606567383,18.31349372863769,148,1,14,20,6.471221301020408,,,,,,
CAM,3247,8.858977317810059,18.31349372863769,148,1,14,20,6.471221301020408,,,,,,
FAM,3247,7.429285049438477,18.31349372863769,148,1,14,20,6.471221301020408,,,,,,
Random,3247,11.743676662445068,18.31349372863769,148,1,14,20,6.471221301020408,,,,,,
Superpixel,3845,6.772691249847412,11.154372215270996,149,1,10,20,7.663026147959185,,,,,,
CAM,3845,3.094675064086914,11.154372215270996,149,1,10,20,7.663026147959185,,,,,,
FAM,3845,-0.2627363204956054,11.154372215270996,149,1,10,20,7.663026147959185,,,,,,
Random,3845,3.000948905944824,11.154372215270996,149,1,10,20,7.663026147959185,,,,,,
Superpixel,6081,4.101797103881836,13.237960815429688,150,1,14,20,12.119339923469388,,,,,,
CAM,6081,3.393319129943848,13.237960815429688,150,1,14,20,12.119339923469388,,,,,,
FAM,6081,1.610447883605957,13.237960815429688,150,1,14,20,12.119339923469388,,,,,,
Random,6081,-0.3039321899414062,13.237960815429688,150,1,14,20,12.119339923469388,,,,,,
Superpixel,2562,1.6425037384033203,13.540781021118164,151,1,14,20,5.106026785714286,,,,,,
CAM,2562,3.747278213500977,13.540781021118164,151,1,14,20,5.106026785714286,,,,,,
FAM,2562,5.386680603027344,13.540781021118164,151,1,14,20,5.106026785714286,,,,,,
Random,2562,-0.4041709899902344,13.540781021118164,151,1,14,20,5.106026785714286,,,,,,
Superpixel,3260,5.2793731689453125,16.670333862304688,152,1,16,20,6.497130102040815,,,,,,
CAM,3260,4.420079231262207,16.670333862304688,152,1,16,20,6.497130102040815,,,,,,
FAM,3260,0.0807456970214843,16.670333862304688,152,1,16,20,6.497130102040815,,,,,,
Random,3260,10.17634916305542,16.670333862304688,152,1,16,20,6.497130102040815,,,,,,
Superpixel,2613,2.892919540405273,14.594741821289062,153,1,13,20,5.207669005102041,,,,,,
CAM,2613,3.192193984985352,14.594741821289062,153,1,13,20,5.207669005102041,,,,,,
FAM,2613,3.3087730407714844,14.594741821289062,153,1,13,20,5.207669005102041,,,,,,
Random,2613,1.2519989013671875,14.594741821289062,153,1,13,20,5.207669005102041,,,,,,
Superpixel,4244,3.978948593139648,13.016481399536133,154,1,15,20,8.458227040816327,,,,,,
CAM,4244,6.372581005096436,13.016481399536133,154,1,15,20,8.458227040816327,,,,,,
FAM,4244,5.7798027992248535,13.016481399536133,154,1,15,20,8.458227040816327,,,,,,
Random,4244,6.254062175750732,13.016481399536133,154,1,15,20,8.458227040816327,,,,,,
Superpixel,3555,6.083077669143677,9.030038833618164,155,1,15,20,7.085060586734694,,,,,,
CAM,3555,9.211955353617668,9.030038833618164,155,1,15,20,7.085060586734694,,,,,,
FAM,3555,8.736584067344666,9.030038833618164,155,1,15,20,7.085060586734694,,,,,,
Random,3555,4.668769359588623,9.030038833618164,155,1,15,20,7.085060586734694,,,,,,
Superpixel,3003,-0.0416183471679687,16.346372604370117,156,1,15,20,5.984933035714286,,,,,,
CAM,3003,6.291241645812988,16.346372604370117,156,1,15,20,5.984933035714286,,,,,,
FAM,3003,7.188773155212402,16.346372604370117,156,1,15,20,5.984933035714286,,,,,,
Random,3003,8.463262557983398,16.346372604370117,156,1,15,20,5.984933035714286,,,,,,
Superpixel,3304,10.547001361846924,18.035762786865234,157,1,15,20,6.584821428571429,,,,,,
CAM,3304,10.93061876296997,18.035762786865234,157,1,15,20,6.584821428571429,,,,,,
FAM,3304,10.58159875869751,18.035762786865234,157,1,15,20,6.584821428571429,,,,,,
Random,3304,7.069338798522949,18.035762786865234,157,1,15,20,6.584821428571429,,,,,,
Superpixel,3244,-0.7982187271118164,14.329495429992676,158,1,14,20,6.465242346938775,,,,,,
CAM,3244,3.92972469329834,14.329495429992676,158,1,14,20,6.465242346938775,,,,,,
FAM,3244,6.400439739227295,14.329495429992676,158,1,14,20,6.465242346938775,,,,,,
Random,3244,4.842924118041992,14.329495429992676,158,1,14,20,6.465242346938775,,,,,,
Superpixel,4602,0.035954475402832,15.876619338989258,159,1,12,20,9.17171556122449,,,,,,
CAM,4602,4.869138717651367,15.876619338989258,159,1,12,20,9.17171556122449,,,,,,
FAM,4602,3.705271720886232,15.876619338989258,159,1,12,20,9.17171556122449,,,,,,
Random,4602,-0.2521572113037109,15.876619338989258,159,1,12,20,9.17171556122449,,,,,,
Superpixel,3225,1.558323860168457,12.079415321350098,160,1,15,20,6.427375637755102,,,,,,
CAM,3225,4.641808986663818,12.079415321350098,160,1,15,20,6.427375637755102,,,,,,
FAM,3225,0.1346778869628906,12.079415321350098,160,1,15,20,6.427375637755102,,,,,,
Random,3225,0.567173957824707,12.079415321350098,160,1,15,20,6.427375637755102,,,,,,
Superpixel,3032,3.399545669555664,17.422378540039062,161,1,15,20,6.042729591836735,,,,,,
CAM,3032,4.603105545043945,17.422378540039062,161,1,15,20,6.042729591836735,,,,,,
FAM,3032,2.8225555419921875,17.422378540039062,161,1,15,20,6.042729591836735,,,,,,
Random,3032,6.076352119445801,17.422378540039062,161,1,15,20,6.042729591836735,,,,,,
Superpixel,4269,0.7161693572998047,15.753741264343262,162,1,13,20,8.508051658163266,,,,,,
CAM,4269,7.305741310119629,15.753741264343262,162,1,13,20,8.508051658163266,,,,,,
FAM,4269,6.718313217163086,15.753741264343262,162,1,13,20,8.508051658163266,,,,,,
Random,4269,8.091419219970703,15.753741264343262,162,1,13,20,8.508051658163266,,,,,,
Superpixel,3643,-0.1769733428955078,11.835968017578123,163,1,14,20,7.260443239795919,,,,,,
CAM,3643,3.64019775390625,11.835968017578123,163,1,14,20,7.260443239795919,,,,,,
FAM,3643,5.202177047729492,11.835968017578123,163,1,14,20,7.260443239795919,,,,,,
Random,3643,5.087564945220947,11.835968017578123,163,1,14,20,7.260443239795919,,,,,,
Superpixel,2086,1.7564501762390137,9.605253219604492,164,1,13,20,4.157366071428571,,,,,,
CAM,2086,4.7136311531066895,9.605253219604492,164,1,13,20,4.157366071428571,,,,,,
FAM,2086,7.0463597774505615,9.605253219604492,164,1,13,20,4.157366071428571,,,,,,
Random,2086,4.052999019622803,9.605253219604492,164,1,13,20,4.157366071428571,,,,,,
Superpixel,3923,1.1054258346557615,9.482483863830566,165,1,15,20,7.818478954081633,,,,,,
CAM,3923,2.121828556060791,9.482483863830566,165,1,15,20,7.818478954081633,,,,,,
FAM,3923,1.248488426208496,9.482483863830566,165,1,15,20,7.818478954081633,,,,,,
Random,3923,1.9018769264221191,9.482483863830566,165,1,15,20,7.818478954081633,,,,,,
Superpixel,4148,5.411783218383789,12.970099449157717,166,1,15,20,8.266900510204081,,,,,,
CAM,4148,5.818530559539795,12.970099449157717,166,1,15,20,8.266900510204081,,,,,,
FAM,4148,5.064119338989258,12.970099449157717,166,1,15,20,8.266900510204081,,,,,,
Random,4148,4.410636901855469,12.970099449157717,166,1,15,20,8.266900510204081,,,,,,
Superpixel,3025,3.220666885375977,14.106159210205078,167,1,15,20,6.028778698979592,,,,,,
CAM,3025,2.8520631790161133,14.106159210205078,167,1,15,20,6.028778698979592,,,,,,
FAM,3025,2.0074281692504883,14.106159210205078,167,1,15,20,6.028778698979592,,,,,,
Random,3025,5.878586769104004,14.106159210205078,167,1,15,20,6.028778698979592,,,,,,
Superpixel,6800,5.370926856994629,15.383405685424805,168,1,14,20,13.552295918367346,,,,,,
CAM,6800,5.966036796569824,15.383405685424805,168,1,14,20,13.552295918367346,,,,,,
FAM,6800,6.285332679748535,15.383405685424805,168,1,14,20,13.552295918367346,,,,,,
Random,6800,9.991480350494385,15.383405685424805,168,1,14,20,13.552295918367346,,,,,,
Superpixel,4949,6.850703239440918,9.903432846069336,169,1,14,20,9.86328125,,,,,,
CAM,4949,6.329729318618774,9.903432846069336,169,1,14,20,9.86328125,,,,,,
FAM,4949,0.0003833770751953,9.903432846069336,169,1,14,20,9.86328125,,,,,,
Random,4949,3.4162564277648926,9.903432846069336,169,1,14,20,9.86328125,,,,,,
Superpixel,4865,-0.0142593383789062,7.970113277435303,170,1,15,20,9.695870535714286,,,,,,
CAM,4865,-0.1661009788513183,7.970113277435303,170,1,15,20,9.695870535714286,,,,,,
FAM,4865,0.0031394958496093,7.970113277435303,170,1,15,20,9.695870535714286,,,,,,
Random,4865,4.657896518707275,7.970113277435303,170,1,15,20,9.695870535714286,,,,,,
Superpixel,3227,1.302215576171875,8.926592826843262,171,1,15,20,6.431361607142858,,,,,,
CAM,3227,5.510830640792847,8.926592826843262,171,1,15,20,6.431361607142858,,,,,,
FAM,3227,4.570627689361572,8.926592826843262,171,1,15,20,6.431361607142858,,,,,,
Random,3227,-3.790871620178223,8.926592826843262,171,1,15,20,6.431361607142858,,,,,,
Superpixel,2873,5.388236045837402,15.47469997406006,172,1,14,20,5.725845025510204,,,,,,
CAM,2873,8.16462755203247,15.47469997406006,172,1,14,20,5.725845025510204,,,,,,
FAM,2873,7.624916553497314,15.47469997406006,172,1,14,20,5.725845025510204,,,,,,
Random,2873,6.667593002319336,15.47469997406006,172,1,14,20,5.725845025510204,,,,,,
Superpixel,3636,5.245965480804443,11.197237968444824,173,1,11,20,7.246492346938775,,,,,,
CAM,3636,4.113125324249268,11.197237968444824,173,1,11,20,7.246492346938775,,,,,,
FAM,3636,4.585159778594971,11.197237968444824,173,1,11,20,7.246492346938775,,,,,,
Random,3636,1.7699108123779297,11.197237968444824,173,1,11,20,7.246492346938775,,,,,,
Superpixel,5709,5.996366500854492,15.447246551513672,174,1,14,20,11.37794961734694,,,,,,
CAM,5709,5.942046165466309,15.447246551513672,174,1,14,20,11.37794961734694,,,,,,
FAM,5709,5.726076126098633,15.447246551513672,174,1,14,20,11.37794961734694,,,,,,
Random,5709,2.3661422729492188,15.447246551513672,174,1,14,20,11.37794961734694,,,,,,
Superpixel,3503,1.824377059936524,19.444435119628903,175,1,14,20,6.981425382653061,,,,,,
CAM,3503,7.2844438552856445,19.444435119628903,175,1,14,20,6.981425382653061,,,,,,
FAM,3503,0.7066326141357422,19.444435119628903,175,1,14,20,6.981425382653061,,,,,,
Random,3503,11.11086082458496,19.444435119628903,175,1,14,20,6.981425382653061,,,,,,
Superpixel,4246,2.76162052154541,13.659045219421388,176,1,14,20,8.462213010204081,,,,,,
CAM,4246,8.294702053070068,13.659045219421388,176,1,14,20,8.462213010204081,,,,,,
FAM,4246,4.127154350280762,13.659045219421388,176,1,14,20,8.462213010204081,,,,,,
Random,4246,8.365332126617432,13.659045219421388,176,1,14,20,8.462213010204081,,,,,,
Superpixel,2243,-0.2008495330810547,11.38173007965088,177,1,14,20,4.470264668367348,,,,,,
CAM,2243,0.4800386428833008,11.38173007965088,177,1,14,20,4.470264668367348,,,,,,
FAM,2243,1.2428960800170898,11.38173007965088,177,1,14,20,4.470264668367348,,,,,,
Random,2243,-0.8435649871826172,11.38173007965088,177,1,14,20,4.470264668367348,,,,,,
Superpixel,8619,1.285893440246582,11.553726196289062,178,1,13,20,17.17753507653061,,,,,,
CAM,8619,5.294290065765381,11.553726196289062,178,1,13,20,17.17753507653061,,,,,,
FAM,8619,2.878525733947754,11.553726196289062,178,1,13,20,17.17753507653061,,,,,,
Random,8619,4.587876796722412,11.553726196289062,178,1,13,20,17.17753507653061,,,,,,
Superpixel,5100,0.4631299972534179,11.74983024597168,179,1,15,20,10.16422193877551,,,,,,
CAM,5100,9.994295239448547,11.74983024597168,179,1,15,20,10.16422193877551,,,,,,
FAM,5100,2.5015172958374023,11.74983024597168,179,1,15,20,10.16422193877551,,,,,,
Random,5100,10.54018008708954,11.74983024597168,179,1,15,20,10.16422193877551,,,,,,
Superpixel,3030,3.953850269317627,11.495020866394045,180,1,15,20,6.03874362244898,,,,,,
CAM,3030,4.582221031188965,11.495020866394045,180,1,15,20,6.03874362244898,,,,,,
FAM,3030,3.4105052947998047,11.495020866394045,180,1,15,20,6.03874362244898,,,,,,
Random,3030,1.2615985870361328,11.495020866394045,180,1,15,20,6.03874362244898,,,,,,
Superpixel,4090,-1.8511829376220703,9.231075286865234,181,1,13,20,8.151307397959185,,,,,,
CAM,4090,5.472738265991211,9.231075286865234,181,1,13,20,8.151307397959185,,,,,,
FAM,4090,3.140873432159424,9.231075286865234,181,1,13,20,8.151307397959185,,,,,,
Random,4090,4.803030967712402,9.231075286865234,181,1,13,20,8.151307397959185,,,,,,
Superpixel,3244,3.120957851409912,11.02761173248291,182,1,15,20,6.465242346938775,,,,,,
CAM,3244,8.891425132751465,11.02761173248291,182,1,15,20,6.465242346938775,,,,,,
FAM,3244,8.078737735748291,11.02761173248291,182,1,15,20,6.465242346938775,,,,,,
Random,3244,4.314609050750732,11.02761173248291,182,1,15,20,6.465242346938775,,,,,,
Superpixel,2106,2.3046212196350098,7.090257167816162,183,1,14,20,4.197225765306122,,,,,,
CAM,2106,1.4384703636169434,7.090257167816162,183,1,14,20,4.197225765306122,,,,,,
FAM,2106,3.9228107929229736,7.090257167816162,183,1,14,20,4.197225765306122,,,,,,
Random,2106,4.2780492305755615,7.090257167816162,183,1,14,20,4.197225765306122,,,,,,
Superpixel,4531,3.0026745796203613,9.7734956741333,184,1,15,20,9.030213647959185,,,,,,
CAM,4531,2.3928256034851074,9.7734956741333,184,1,15,20,9.030213647959185,,,,,,
FAM,4531,-1.2366209030151367,9.7734956741333,184,1,15,20,9.030213647959185,,,,,,
Random,4531,0.002608299255371,9.7734956741333,184,1,15,20,9.030213647959185,,,,,,
Superpixel,5210,2.926154136657715,15.033140182495115,185,1,15,20,10.38345025510204,,,,,,
CAM,5210,7.267469882965088,15.033140182495115,185,1,15,20,10.38345025510204,,,,,,
FAM,5210,9.862639904022217,15.033140182495115,185,1,15,20,10.38345025510204,,,,,,
Random,5210,7.286928176879883,15.033140182495115,185,1,15,20,10.38345025510204,,,,,,
Superpixel,3453,2.636703491210937,8.812786102294922,186,1,13,20,6.881776147959185,,,,,,
CAM,3453,-1.0309677124023438,8.812786102294922,186,1,13,20,6.881776147959185,,,,,,
FAM,3453,3.5308284759521484,8.812786102294922,186,1,13,20,6.881776147959185,,,,,,
Random,3453,1.5984911918640137,8.812786102294922,186,1,13,20,6.881776147959185,,,,,,
Superpixel,5137,0.5580759048461914,12.115702629089355,187,1,15,20,10.23796237244898,,,,,,
CAM,5137,1.3853025436401367,12.115702629089355,187,1,15,20,10.23796237244898,,,,,,
FAM,5137,1.5489110946655271,12.115702629089355,187,1,15,20,10.23796237244898,,,,,,
Random,5137,0.900486946105957,12.115702629089355,187,1,15,20,10.23796237244898,,,,,,
Superpixel,4799,4.933695793151856,11.069998741149902,188,1,16,20,9.564333545918368,,,,,,
CAM,4799,5.40027379989624,11.069998741149902,188,1,16,20,9.564333545918368,,,,,,
FAM,4799,2.1739654541015625,11.069998741149902,188,1,16,20,9.564333545918368,,,,,,
Random,4799,0.9117431640625,11.069998741149902,188,1,16,20,9.564333545918368,,,,,,
Superpixel,3142,1.220550537109375,11.380338668823242,189,1,15,20,6.261957908163265,,,,,,
CAM,3142,2.753549575805664,11.380338668823242,189,1,15,20,6.261957908163265,,,,,,
FAM,3142,2.351400375366211,11.380338668823242,189,1,15,20,6.261957908163265,,,,,,
Random,3142,3.905640125274658,11.380338668823242,189,1,15,20,6.261957908163265,,,,,,
Superpixel,4733,1.163774490356445,6.347030162811279,190,1,13,20,9.43279655612245,,,,,,
CAM,4733,5.740070164203644,6.347030162811279,190,1,13,20,9.43279655612245,,,,,,
FAM,4733,3.483540773391724,6.347030162811279,190,1,13,20,9.43279655612245,,,,,,
Random,4733,1.898624420166016,6.347030162811279,190,1,13,20,9.43279655612245,,,,,,
Superpixel,2565,6.144079685211182,12.793618202209473,191,1,13,20,5.112005739795919,,,,,,
CAM,2565,6.5731520652771,12.793618202209473,191,1,13,20,5.112005739795919,,,,,,
FAM,2565,6.608741283416748,12.793618202209473,191,1,13,20,5.112005739795919,,,,,,
Random,2565,2.863475799560547,12.793618202209473,191,1,13,20,5.112005739795919,,,,,,
Superpixel,3376,1.7393722534179688,12.087818145751951,192,1,14,20,6.728316326530612,,,,,,
CAM,3376,2.7692909240722656,12.087818145751951,192,1,14,20,6.728316326530612,,,,,,
FAM,3376,3.006064414978028,12.087818145751951,192,1,14,20,6.728316326530612,,,,,,
Random,3376,0.0035200119018554,12.087818145751951,192,1,14,20,6.728316326530612,,,,,,
Superpixel,3223,-1.1615495681762695,13.9094820022583,193,1,13,20,6.423389668367347,,,,,,
CAM,3223,0.9354181289672852,13.9094820022583,193,1,13,20,6.423389668367347,,,,,,
FAM,3223,1.4573545455932615,13.9094820022583,193,1,13,20,6.423389668367347,,,,,,
Random,3223,1.921103477478028,13.9094820022583,193,1,13,20,6.423389668367347,,,,,,
Superpixel,1903,0.5440449714660645,6.818569183349609,194,1,12,20,3.79264987244898,,,,,,
CAM,1903,1.005384922027588,6.818569183349609,194,1,12,20,3.79264987244898,,,,,,
FAM,1903,2.2339887619018555,6.818569183349609,194,1,12,20,3.79264987244898,,,,,,
Random,1903,2.6641345024108887,6.818569183349609,194,1,12,20,3.79264987244898,,,,,,
Superpixel,4356,5.138948917388916,8.56313705444336,195,1,12,20,8.681441326530612,,,,,,
CAM,4356,4.01376485824585,8.56313705444336,195,1,12,20,8.681441326530612,,,,,,
FAM,4356,7.577154099941254,8.56313705444336,195,1,12,20,8.681441326530612,,,,,,
Random,4356,5.871806621551514,8.56313705444336,195,1,12,20,8.681441326530612,,,,,,
Superpixel,3078,2.292705535888672,12.835895538330078,196,1,15,20,6.134406887755102,,,,,,
CAM,3078,5.5282158851623535,12.835895538330078,196,1,15,20,6.134406887755102,,,,,,
FAM,3078,3.1491260528564453,12.835895538330078,196,1,15,20,6.134406887755102,,,,,,
Random,3078,-1.516688346862793,12.835895538330078,196,1,15,20,6.134406887755102,,,,,,
Superpixel,3216,4.476595878601074,10.101577758789062,197,1,14,20,6.409438775510204,,,,,,
CAM,3216,2.405092239379883,10.101577758789062,197,1,14,20,6.409438775510204,,,,,,
FAM,3216,3.497124195098877,10.101577758789062,197,1,14,20,6.409438775510204,,,,,,
Random,3216,4.344466209411621,10.101577758789062,197,1,14,20,6.409438775510204,,,,,,
Superpixel,10923,-1.028974533081055,11.389898300170898,198,1,11,20,21.769371811224488,,,,,,
CAM,10923,5.953685760498047,11.389898300170898,198,1,11,20,21.769371811224488,,,,,,
FAM,10923,1.815145492553711,11.389898300170898,198,1,11,20,21.769371811224488,,,,,,
Random,10923,1.293317794799805,11.389898300170898,198,1,11,20,21.769371811224488,,,,,,
Superpixel,4574,-0.5263519287109375,11.502920150756836,199,1,15,20,9.11591198979592,,,,,,
CAM,4574,3.475339889526367,11.502920150756836,199,1,15,20,9.11591198979592,,,,,,
FAM,4574,3.402006149291992,11.502920150756836,199,1,15,20,9.11591198979592,,,,,,
Random,4574,4.810999870300293,11.502920150756836,199,1,15,20,9.11591198979592,,,,,,
Superpixel,6432,0.8381180763244629,8.195829391479492,200,1,12,20,12.818877551020408,,,,,,
CAM,6432,4.432726621627808,8.195829391479492,200,1,12,20,12.818877551020408,,,,,,
FAM,6432,3.810911178588867,8.195829391479492,200,1,12,20,12.818877551020408,,,,,,
Random,6432,7.624871015548706,8.195829391479492,200,1,12,20,12.818877551020408,,,,,,
Superpixel,3251,-0.21063232421875,11.555458068847656,201,1,14,20,6.479193239795919,,,,,,
CAM,3251,4.861611366271973,11.555458068847656,201,1,14,20,6.479193239795919,,,,,,
FAM,3251,5.254098892211914,11.555458068847656,201,1,14,20,6.479193239795919,,,,,,
Random,3251,0.5989494323730469,11.555458068847656,201,1,14,20,6.479193239795919,,,,,,
Superpixel,4902,1.868464469909668,10.537670135498049,202,1,12,20,9.769610969387756,,,,,,
CAM,4902,4.101136207580566,10.537670135498049,202,1,12,20,9.769610969387756,,,,,,
FAM,4902,1.6937904357910156,10.537670135498049,202,1,12,20,9.769610969387756,,,,,,
Random,4902,3.906672477722168,10.537670135498049,202,1,12,20,9.769610969387756,,,,,,
Superpixel,4968,1.9715805053710933,13.45071792602539,203,1,16,20,9.901147959183673,,,,,,
CAM,4968,5.560657024383545,13.45071792602539,203,1,16,20,9.901147959183673,,,,,,
FAM,4968,5.285369873046875,13.45071792602539,203,1,16,20,9.901147959183673,,,,,,
Random,4968,3.901397705078125,13.45071792602539,203,1,16,20,9.901147959183673,,,,,,
Superpixel,4932,-2.547813415527344,14.600278854370115,204,1,12,20,9.82940051020408,,,,,,
CAM,4932,3.87971305847168,14.600278854370115,204,1,12,20,9.82940051020408,,,,,,
FAM,4932,5.2674713134765625,14.600278854370115,204,1,12,20,9.82940051020408,,,,,,
Random,4932,5.43094539642334,14.600278854370115,204,1,12,20,9.82940051020408,,,,,,
Superpixel,3699,3.927940845489502,11.467634201049805,205,1,15,20,7.372050382653061,,,,,,
CAM,3699,1.722146987915039,11.467634201049805,205,1,15,20,7.372050382653061,,,,,,
FAM,3699,0.4882087707519531,11.467634201049805,205,1,15,20,7.372050382653061,,,,,,
Random,3699,4.665286064147949,11.467634201049805,205,1,15,20,7.372050382653061,,,,,,
Superpixel,3111,2.848073005676269,11.214329719543455,206,1,15,20,6.200175382653061,,,,,,
CAM,3111,4.548813819885254,11.214329719543455,206,1,15,20,6.200175382653061,,,,,,
FAM,3111,4.491353511810303,11.214329719543455,206,1,15,20,6.200175382653061,,,,,,
Random,3111,1.5576629638671875,11.214329719543455,206,1,15,20,6.200175382653061,,,,,,
Superpixel,8332,3.697764396667481,9.128189086914062,207,1,10,20,16.605548469387756,,,,,,
CAM,8332,2.7457990646362305,9.128189086914062,207,1,10,20,16.605548469387756,,,,,,
FAM,8332,1.214426040649414,9.128189086914062,207,1,10,20,16.605548469387756,,,,,,
Random,8332,-3.1989879608154297,9.128189086914062,207,1,10,20,16.605548469387756,,,,,,
Superpixel,1985,1.0124711990356443,10.57050323486328,208,1,16,20,3.9560746173469385,,,,,,
CAM,1985,2.8579235076904297,10.57050323486328,208,1,16,20,3.9560746173469385,,,,,,
FAM,1985,7.129310846328735,10.57050323486328,208,1,16,20,3.9560746173469385,,,,,,
Random,1985,6.754296064376831,10.57050323486328,208,1,16,20,3.9560746173469385,,,,,,
Superpixel,3292,-0.6300344467163086,14.310815811157228,209,1,15,20,6.560905612244898,,,,,,
CAM,3292,1.426609992980957,14.310815811157228,209,1,15,20,6.560905612244898,,,,,,
FAM,3292,1.9402847290039065,14.310815811157228,209,1,15,20,6.560905612244898,,,,,,
Random,3292,2.6307621002197266,14.310815811157228,209,1,15,20,6.560905612244898,,,,,,
Superpixel,4114,3.3128585815429688,12.199350357055664,210,1,11,20,8.199139030612244,,,,,,
CAM,4114,1.0549163818359375,12.199350357055664,210,1,11,20,8.199139030612244,,,,,,
FAM,4114,2.115936279296875,12.199350357055664,210,1,11,20,8.199139030612244,,,,,,
Random,4114,1.4142417907714844,12.199350357055664,210,1,11,20,8.199139030612244,,,,,,
Superpixel,3765,3.2412147521972656,14.319704055786133,211,1,13,20,7.503587372448979,,,,,,
CAM,3765,6.370770454406738,14.319704055786133,211,1,13,20,7.503587372448979,,,,,,
FAM,3765,6.616910457611084,14.319704055786133,211,1,13,20,7.503587372448979,,,,,,
Random,3765,-1.2563791275024414,14.319704055786133,211,1,13,20,7.503587372448979,,,,,,
Superpixel,5832,4.820562362670898,14.56499481201172,212,1,11,20,11.623086734693878,,,,,,
CAM,5832,4.702180862426758,14.56499481201172,212,1,11,20,11.623086734693878,,,,,,
FAM,5832,4.022800445556641,14.56499481201172,212,1,11,20,11.623086734693878,,,,,,
Random,5832,4.351849555969238,14.56499481201172,212,1,11,20,11.623086734693878,,,,,,
Superpixel,2849,-0.0371217727661132,10.492862701416016,213,1,15,20,5.678013392857143,,,,,,
CAM,2849,8.8489351272583,10.492862701416016,213,1,15,20,5.678013392857143,,,,,,
FAM,2849,3.122953414916992,10.492862701416016,213,1,15,20,5.678013392857143,,,,,,
Random,2849,3.552828788757324,10.492862701416016,213,1,15,20,5.678013392857143,,,,,,
Superpixel,2987,3.3214330673217773,7.865429878234863,214,1,14,20,5.953045280612245,,,,,,
CAM,2987,3.3187813758850098,7.865429878234863,214,1,14,20,5.953045280612245,,,,,,
FAM,2987,4.255517721176148,7.865429878234863,214,1,14,20,5.953045280612245,,,,,,
Random,2987,3.5045857429504395,7.865429878234863,214,1,14,20,5.953045280612245,,,,,,
Superpixel,2265,5.280997276306152,13.465513229370115,215,1,16,20,4.5141103316326525,,,,,,
CAM,2265,4.951010704040527,13.465513229370115,215,1,16,20,4.5141103316326525,,,,,,
FAM,2265,1.1943483352661133,13.465513229370115,215,1,16,20,4.5141103316326525,,,,,,
Random,2265,0.6559619903564453,13.465513229370115,215,1,16,20,4.5141103316326525,,,,,,
Superpixel,3828,9.913427829742432,13.941645622253418,216,1,13,20,7.629145408163265,,,,,,
CAM,3828,5.515285491943359,13.941645622253418,216,1,13,20,7.629145408163265,,,,,,
FAM,3828,7.214323043823242,13.941645622253418,216,1,13,20,7.629145408163265,,,,,,
Random,3828,1.3704242706298828,13.941645622253418,216,1,13,20,7.629145408163265,,,,,,
Superpixel,8303,7.082003116607666,13.641757011413574,217,1,10,20,16.54775191326531,,,,,,
CAM,8303,8.805365085601807,13.641757011413574,217,1,10,20,16.54775191326531,,,,,,
FAM,8303,8.227084159851074,13.641757011413574,217,1,10,20,16.54775191326531,,,,,,
Random,8303,5.697703361511231,13.641757011413574,217,1,10,20,16.54775191326531,,,,,,
Superpixel,3999,6.130841255187988,12.63535976409912,218,1,13,20,7.969945790816327,,,,,,
CAM,3999,9.487096786499023,12.63535976409912,218,1,13,20,7.969945790816327,,,,,,
FAM,3999,6.149381637573242,12.63535976409912,218,1,13,20,7.969945790816327,,,,,,
Random,3999,1.9005165100097656,12.63535976409912,218,1,13,20,7.969945790816327,,,,,,
Superpixel,1728,3.920898199081421,6.633218288421631,219,1,15,20,3.443877551020408,,,,,,
CAM,1728,1.117998123168945,6.633218288421631,219,1,15,20,3.443877551020408,,,,,,
FAM,1728,2.371290683746338,6.633218288421631,219,1,15,20,3.443877551020408,,,,,,
Random,1728,3.6190690994262695,6.633218288421631,219,1,15,20,3.443877551020408,,,,,,
Superpixel,10315,1.873640060424805,10.356335639953612,220,1,9,20,20.55763711734694,,,,,,
CAM,10315,1.774216651916504,10.356335639953612,220,1,9,20,20.55763711734694,,,,,,
FAM,10315,4.740558624267578,10.356335639953612,220,1,9,20,20.55763711734694,,,,,,
Random,10315,1.4358491897583008,10.356335639953612,220,1,9,20,20.55763711734694,,,,,,
Superpixel,3895,3.745015144348145,9.833575248718262,221,1,14,20,7.762675382653061,,,,,,
CAM,3895,2.2271642684936523,9.833575248718262,221,1,14,20,7.762675382653061,,,,,,
FAM,3895,0.921499252319336,9.833575248718262,221,1,14,20,7.762675382653061,,,,,,
Random,3895,2.551701545715332,9.833575248718262,221,1,14,20,7.762675382653061,,,,,,
Superpixel,8883,2.224129676818848,12.622729301452637,222,1,11,20,17.703683035714285,,,,,,
CAM,8883,5.540895938873291,12.622729301452637,222,1,11,20,17.703683035714285,,,,,,
FAM,8883,6.334202766418457,12.622729301452637,222,1,11,20,17.703683035714285,,,,,,
Random,8883,7.64477014541626,12.622729301452637,222,1,11,20,17.703683035714285,,,,,,
Superpixel,2666,1.7255125045776367,13.83360767364502,223,1,12,20,5.313297193877551,,,,,,
CAM,2666,0.8479270935058594,13.83360767364502,223,1,12,20,5.313297193877551,,,,,,
FAM,2666,1.5931882858276367,13.83360767364502,223,1,12,20,5.313297193877551,,,,,,
Random,2666,2.7611026763916016,13.83360767364502,223,1,12,20,5.313297193877551,,,,,,
Superpixel,3901,-0.6789703369140625,9.163905143737791,224,1,12,20,7.774633290816327,,,,,,
CAM,3901,6.161985635757446,9.163905143737791,224,1,12,20,7.774633290816327,,,,,,
FAM,3901,6.964242696762085,9.163905143737791,224,1,12,20,7.774633290816327,,,,,,
Random,3901,2.695880889892578,9.163905143737791,224,1,12,20,7.774633290816327,,,,,,
Superpixel,2221,4.306578636169434,8.729039192199707,225,1,15,20,4.426419005102041,,,,,,
CAM,2221,1.4407129287719729,8.729039192199707,225,1,15,20,4.426419005102041,,,,,,
FAM,2221,0.6751842498779297,8.729039192199707,225,1,15,20,4.426419005102041,,,,,,
Random,2221,2.6152305603027344,8.729039192199707,225,1,15,20,4.426419005102041,,,,,,
Superpixel,2326,7.264417171478271,11.11911678314209,226,1,14,20,4.635682397959184,,,,,,
CAM,2326,1.8285436630249023,11.11911678314209,226,1,14,20,4.635682397959184,,,,,,
FAM,2326,0.4444236755371094,11.11911678314209,226,1,14,20,4.635682397959184,,,,,,
Random,2326,1.547332763671875,11.11911678314209,226,1,14,20,4.635682397959184,,,,,,
Superpixel,4822,3.371535301208496,14.863521575927734,227,1,13,20,9.61017219387755,,,,,,
CAM,4822,4.814618110656738,14.863521575927734,227,1,13,20,9.61017219387755,,,,,,
FAM,4822,4.27700138092041,14.863521575927734,227,1,13,20,9.61017219387755,,,,,,
Random,4822,4.214390754699707,14.863521575927734,227,1,13,20,9.61017219387755,,,,,,
Superpixel,6197,0.1675314903259277,7.561272621154785,228,1,14,20,12.350526147959185,,,,,,
CAM,6197,-0.8637828826904297,7.561272621154785,228,1,14,20,12.350526147959185,,,,,,
FAM,6197,-0.7108421325683594,7.561272621154785,228,1,14,20,12.350526147959185,,,,,,
Random,6197,1.8305745124816888,7.561272621154785,228,1,14,20,12.350526147959185,,,,,,
Superpixel,5264,4.878470420837402,12.991989135742188,229,1,9,20,10.491071428571429,,,,,,
CAM,5264,6.175842761993408,12.991989135742188,229,1,9,20,10.491071428571429,,,,,,
FAM,5264,8.614022254943848,12.991989135742188,229,1,9,20,10.491071428571429,,,,,,
Random,5264,3.219651222229004,12.991989135742188,229,1,9,20,10.491071428571429,,,,,,
Superpixel,6527,-0.2614326477050781,11.151324272155762,230,1,13,20,13.008211096938776,,,,,,
CAM,6527,-0.6929473876953125,11.151324272155762,230,1,13,20,13.008211096938776,,,,,,
FAM,6527,1.568460464477539,11.151324272155762,230,1,13,20,13.008211096938776,,,,,,
Random,6527,1.0986976623535156,11.151324272155762,230,1,13,20,13.008211096938776,,,,,,
Superpixel,9745,1.3870153427124023,11.318161964416504,231,1,12,20,19.421635841836736,,,,,,
CAM,9745,4.108380317687988,11.318161964416504,231,1,12,20,19.421635841836736,,,,,,
FAM,9745,1.3365106582641602,11.318161964416504,231,1,12,20,19.421635841836736,,,,,,
Random,9745,0.7650899887084961,11.318161964416504,231,1,12,20,19.421635841836736,,,,,,
Superpixel,8403,10.04240369796753,14.989322662353516,232,1,12,20,16.74705038265306,,,,,,
CAM,8403,7.258192539215088,14.989322662353516,232,1,12,20,16.74705038265306,,,,,,
FAM,8403,8.096069812774658,14.989322662353516,232,1,12,20,16.74705038265306,,,,,,
Random,8403,5.92320728302002,14.989322662353516,232,1,12,20,16.74705038265306,,,,,,
Superpixel,4613,1.8535270690917969,10.468459129333496,233,1,13,20,9.193638392857142,,,,,,
CAM,4613,2.8750791549682617,10.468459129333496,233,1,13,20,9.193638392857142,,,,,,
FAM,4613,0.3907527923583984,10.468459129333496,233,1,13,20,9.193638392857142,,,,,,
Random,4613,3.493881225585937,10.468459129333496,233,1,13,20,9.193638392857142,,,,,,
Superpixel,6862,11.526120901107788,14.936963081359863,234,1,14,20,13.675860969387754,,,,,,
CAM,6862,10.448575019836426,14.936963081359863,234,1,14,20,13.675860969387754,,,,,,
FAM,6862,9.85113525390625,14.936963081359863,234,1,14,20,13.675860969387754,,,,,,
Random,6862,7.365328788757324,14.936963081359863,234,1,14,20,13.675860969387754,,,,,,
Superpixel,3096,5.197031021118164,15.006619453430176,235,1,13,20,6.170280612244898,,,,,,
CAM,3096,1.1057462692260742,15.006619453430176,235,1,13,20,6.170280612244898,,,,,,
FAM,3096,3.6721420288085938,15.006619453430176,235,1,13,20,6.170280612244898,,,,,,
Random,3096,0.9208745956420898,15.006619453430176,235,1,13,20,6.170280612244898,,,,,,
Superpixel,4049,3.505788803100586,13.495749473571776,236,1,13,20,8.069595025510203,,,,,,
CAM,4049,2.754323959350586,13.495749473571776,236,1,13,20,8.069595025510203,,,,,,
FAM,4049,4.301218032836914,13.495749473571776,236,1,13,20,8.069595025510203,,,,,,
Random,4049,0.2714996337890625,13.495749473571776,236,1,13,20,8.069595025510203,,,,,,
Superpixel,4949,6.794248580932617,14.807310104370115,237,1,13,20,9.86328125,,,,,,
CAM,4949,4.282998085021973,14.807310104370115,237,1,13,20,9.86328125,,,,,,
FAM,4949,6.9937825202941895,14.807310104370115,237,1,13,20,9.86328125,,,,,,
Random,4949,3.359904289245605,14.807310104370115,237,1,13,20,9.86328125,,,,,,
Superpixel,1789,3.1798224449157715,10.925312042236328,238,1,15,20,3.5654496173469385,,,,,,
CAM,1789,0.0871114730834961,10.925312042236328,238,1,15,20,3.5654496173469385,,,,,,
FAM,1789,1.092911720275879,10.925312042236328,238,1,15,20,3.5654496173469385,,,,,,
Random,1789,0.3631887435913086,10.925312042236328,238,1,15,20,3.5654496173469385,,,,,,
Superpixel,3011,5.031776428222656,13.17171573638916,239,1,16,20,6.000876913265306,,,,,,
CAM,3011,3.0729904174804688,13.17171573638916,239,1,16,20,6.000876913265306,,,,,,
FAM,3011,3.781230926513672,13.17171573638916,239,1,16,20,6.000876913265306,,,,,,
Random,3011,2.1693572998046875,13.17171573638916,239,1,16,20,6.000876913265306,,,,,,
Superpixel,4177,3.378582000732422,13.959877967834473,240,1,15,20,8.32469706632653,,,,,,
CAM,4177,5.282642364501953,13.959877967834473,240,1,15,20,8.32469706632653,,,,,,
FAM,4177,3.285717010498047,13.959877967834473,240,1,15,20,8.32469706632653,,,,,,
Random,4177,5.264748573303223,13.959877967834473,240,1,15,20,8.32469706632653,,,,,,
Superpixel,4015,7.20919942855835,14.099804878234863,241,1,13,20,8.001833545918368,,,,,,
CAM,4015,2.423404693603516,14.099804878234863,241,1,13,20,8.001833545918368,,,,,,
FAM,4015,3.2192344665527344,14.099804878234863,241,1,13,20,8.001833545918368,,,,,,
Random,4015,1.6876001358032229,14.099804878234863,241,1,13,20,8.001833545918368,,,,,,
Superpixel,5299,6.961972236633301,13.501015663146973,242,1,11,20,10.560825892857142,,,,,,
CAM,5299,6.620523929595947,13.501015663146973,242,1,11,20,10.560825892857142,,,,,,
FAM,5299,7.542652130126953,13.501015663146973,242,1,11,20,10.560825892857142,,,,,,
Random,5299,5.466322898864746,13.501015663146973,242,1,11,20,10.560825892857142,,,,,,
Superpixel,4823,3.704099655151367,15.295615196228027,243,1,14,20,9.612165178571429,,,,,,
CAM,4823,2.530442237854004,15.295615196228027,243,1,14,20,9.612165178571429,,,,,,
FAM,4823,4.3180131912231445,15.295615196228027,243,1,14,20,9.612165178571429,,,,,,
Random,4823,6.013075828552246,15.295615196228027,243,1,14,20,9.612165178571429,,,,,,
Superpixel,3165,0.988072395324707,9.232186317443848,244,1,13,20,6.307796556122448,,,,,,
CAM,3165,1.6289801597595217,9.232186317443848,244,1,13,20,6.307796556122448,,,,,,
FAM,3165,1.4696159362792969,9.232186317443848,244,1,13,20,6.307796556122448,,,,,,
Random,3165,1.3530478477478027,9.232186317443848,244,1,13,20,6.307796556122448,,,,,,
Superpixel,7787,13.159122705459597,15.88653564453125,245,1,12,20,15.519371811224488,,,,,,
CAM,7787,13.412086009979248,15.88653564453125,245,1,12,20,15.519371811224488,,,,,,
FAM,7787,13.491073846817017,15.88653564453125,245,1,12,20,15.519371811224488,,,,,,
Random,7787,13.718501329421995,15.88653564453125,245,1,12,20,15.519371811224488,,,,,,
Superpixel,3887,1.4720745086669922,10.786697387695312,246,1,17,20,7.746731505102041,,,,,,
CAM,3887,3.3928284645080566,10.786697387695312,246,1,17,20,7.746731505102041,,,,,,
FAM,3887,4.47406816482544,10.786697387695312,246,1,17,20,7.746731505102041,,,,,,
Random,3887,3.529311180114746,10.786697387695312,246,1,17,20,7.746731505102041,,,,,,
Superpixel,3294,3.0348711013793945,11.99916648864746,247,1,12,20,6.564891581632653,,,,,,
CAM,3294,1.6965618133544922,11.99916648864746,247,1,12,20,6.564891581632653,,,,,,
FAM,3294,-0.7185277938842773,11.99916648864746,247,1,12,20,6.564891581632653,,,,,,
Random,3294,2.81240463256836,11.99916648864746,247,1,12,20,6.564891581632653,,,,,,
Superpixel,6075,1.6168975830078125,11.57615089416504,248,1,11,20,12.107382015306122,,,,,,
CAM,6075,3.9363975524902335,11.57615089416504,248,1,11,20,12.107382015306122,,,,,,
FAM,6075,5.173507213592529,11.57615089416504,248,1,11,20,12.107382015306122,,,,,,
Random,6075,2.869547843933105,11.57615089416504,248,1,11,20,12.107382015306122,,,,,,
Superpixel,3507,4.636104583740234,14.28640842437744,249,1,10,20,6.989397321428571,,,,,,
CAM,3507,0.8217153549194336,14.28640842437744,249,1,10,20,6.989397321428571,,,,,,
FAM,3507,5.973034858703613,14.28640842437744,249,1,10,20,6.989397321428571,,,,,,
Random,3507,5.56314754486084,14.28640842437744,249,1,10,20,6.989397321428571,,,,,,
Superpixel,3369,0.5275239944458008,8.568169593811035,250,1,17,20,6.7143654336734695,,,,,,
CAM,3369,5.96407961845398,8.568169593811035,250,1,17,20,6.7143654336734695,,,,,,
FAM,3369,2.392469882965088,8.568169593811035,250,1,17,20,6.7143654336734695,,,,,,
Random,3369,0.2569522857666015,8.568169593811035,250,1,17,20,6.7143654336734695,,,,,,
Superpixel,2523,0.6993660926818848,7.943912029266357,251,1,16,20,5.028300382653061,,,,,,
CAM,2523,1.3300790786743164,7.943912029266357,251,1,16,20,5.028300382653061,,,,,,
FAM,2523,-0.737861156463623,7.943912029266357,251,1,16,20,5.028300382653061,,,,,,
Random,2523,3.5909337997436523,7.943912029266357,251,1,16,20,5.028300382653061,,,,,,
Superpixel,4026,1.7859153747558594,12.735684394836426,252,1,15,20,8.02375637755102,,,,,,
CAM,4026,6.863968372344971,12.735684394836426,252,1,15,20,8.02375637755102,,,,,,
FAM,4026,-0.1123638153076171,12.735684394836426,252,1,15,20,8.02375637755102,,,,,,
Random,4026,9.64242386817932,12.735684394836426,252,1,15,20,8.02375637755102,,,,,,
Superpixel,2421,0.044774055480957,8.80982494354248,253,1,15,20,4.825015943877551,,,,,,
CAM,2421,4.529078006744385,8.80982494354248,253,1,15,20,4.825015943877551,,,,,,
FAM,2421,1.3254551887512207,8.80982494354248,253,1,15,20,4.825015943877551,,,,,,
Random,2421,2.64394474029541,8.80982494354248,253,1,15,20,4.825015943877551,,,,,,
Superpixel,3812,0.4740276336669922,9.8247652053833,254,1,16,20,7.597257653061225,,,,,,
CAM,3812,2.0258259773254395,9.8247652053833,254,1,16,20,7.597257653061225,,,,,,
FAM,3812,3.457500457763672,9.8247652053833,254,1,16,20,7.597257653061225,,,,,,
Random,3812,1.5044231414794922,9.8247652053833,254,1,16,20,7.597257653061225,,,,,,
Superpixel,3040,1.8289670944213867,10.662772178649902,255,1,16,20,6.058673469387755,,,,,,
CAM,3040,3.083777904510498,10.662772178649902,255,1,16,20,6.058673469387755,,,,,,
FAM,3040,5.808031558990479,10.662772178649902,255,1,16,20,6.058673469387755,,,,,,
Random,3040,5.79019832611084,10.662772178649902,255,1,16,20,6.058673469387755,,,,,,
Superpixel,5115,9.444769859313965,15.382043838500977,256,1,15,20,10.194116709183673,,,,,,
CAM,5115,3.974786758422852,15.382043838500977,256,1,15,20,10.194116709183673,,,,,,
FAM,5115,9.113980770111084,15.382043838500977,256,1,15,20,10.194116709183673,,,,,,
Random,5115,2.567760467529297,15.382043838500977,256,1,15,20,10.194116709183673,,,,,,
Superpixel,2698,0.1244564056396484,10.048593521118164,257,1,13,20,5.377072704081633,,,,,,
CAM,2698,3.446556568145752,10.048593521118164,257,1,13,20,5.377072704081633,,,,,,
FAM,2698,4.574975967407227,10.048593521118164,257,1,13,20,5.377072704081633,,,,,,
Random,2698,2.5880141258239746,10.048593521118164,257,1,13,20,5.377072704081633,,,,,,
Superpixel,2822,2.6492128372192383,9.058530807495115,258,1,16,20,5.624202806122449,,,,,,
CAM,2822,0.3829574584960937,9.058530807495115,258,1,16,20,5.624202806122449,,,,,,
FAM,2822,0.8917226791381836,9.058530807495115,258,1,16,20,5.624202806122449,,,,,,
Random,2822,6.544462442398071,9.058530807495115,258,1,16,20,5.624202806122449,,,,,,
Superpixel,5004,6.460283756256104,11.10348129272461,259,1,14,20,9.972895408163266,,,,,,
CAM,5004,9.205370545387268,11.10348129272461,259,1,14,20,9.972895408163266,,,,,,
FAM,5004,6.528070449829102,11.10348129272461,259,1,14,20,9.972895408163266,,,,,,
Random,5004,5.687057971954346,11.10348129272461,259,1,14,20,9.972895408163266,,,,,,
Superpixel,3612,1.1337661743164062,7.782178401947021,260,1,15,20,7.1986607142857135,,,,,,
CAM,3612,6.267396807670593,7.782178401947021,260,1,15,20,7.1986607142857135,,,,,,
FAM,3612,7.727078966796398,7.782178401947021,260,1,15,20,7.1986607142857135,,,,,,
Random,3612,5.857095837593079,7.782178401947021,260,1,15,20,7.1986607142857135,,,,,,
Superpixel,4730,4.664360523223877,10.589920997619627,261,1,15,20,9.426817602040815,,,,,,
CAM,4730,8.893276929855347,10.589920997619627,261,1,15,20,9.426817602040815,,,,,,
FAM,4730,9.772496104240416,10.589920997619627,261,1,15,20,9.426817602040815,,,,,,
Random,4730,9.447423934936523,10.589920997619627,261,1,15,20,9.426817602040815,,,,,,
Superpixel,3188,0.5630502700805664,10.4232177734375,262,1,16,20,6.353635204081633,,,,,,
CAM,3188,2.464883804321289,10.4232177734375,262,1,16,20,6.353635204081633,,,,,,
FAM,3188,3.5466017723083496,10.4232177734375,262,1,16,20,6.353635204081633,,,,,,
Random,3188,2.5009689331054688,10.4232177734375,262,1,16,20,6.353635204081633,,,,,,
Superpixel,3501,11.8730890750885,12.715682983398438,263,1,15,20,6.977439413265306,,,,,,
CAM,3501,11.931278765201569,12.715682983398438,263,1,15,20,6.977439413265306,,,,,,
FAM,3501,9.195493936538696,12.715682983398438,263,1,15,20,6.977439413265306,,,,,,
Random,3501,8.48411750793457,12.715682983398438,263,1,15,20,6.977439413265306,,,,,,
Superpixel,4861,0.4807024002075195,8.014638900756836,264,1,13,20,9.687898596938776,,,,,,
CAM,4861,7.232561707496643,8.014638900756836,264,1,13,20,9.687898596938776,,,,,,
FAM,4861,1.6742501258850098,8.014638900756836,264,1,13,20,9.687898596938776,,,,,,
Random,4861,4.280411243438721,8.014638900756836,264,1,13,20,9.687898596938776,,,,,,
Superpixel,5468,1.3448867797851562,16.590599060058594,265,1,13,20,10.89764030612245,,,,,,
CAM,5468,7.192893981933594,16.590599060058594,265,1,13,20,10.89764030612245,,,,,,
FAM,5468,7.827264785766602,16.590599060058594,265,1,13,20,10.89764030612245,,,,,,
Random,5468,4.023527145385742,16.590599060058594,265,1,13,20,10.89764030612245,,,,,,
Superpixel,3064,8.57408094406128,11.956788063049316,266,1,15,20,6.106505102040816,,,,,,
CAM,3064,7.9782633781433105,11.956788063049316,266,1,15,20,6.106505102040816,,,,,,
FAM,3064,10.204890251159668,11.956788063049316,266,1,15,20,6.106505102040816,,,,,,
Random,3064,10.132254958152773,11.956788063049316,266,1,15,20,6.106505102040816,,,,,,
Superpixel,2095,4.305584907531738,13.110607147216797,267,1,16,20,4.1753029336734695,,,,,,
CAM,2095,4.020949363708496,13.110607147216797,267,1,16,20,4.1753029336734695,,,,,,
FAM,2095,5.005654335021973,13.110607147216797,267,1,16,20,4.1753029336734695,,,,,,
Random,2095,3.926857948303223,13.110607147216797,267,1,16,20,4.1753029336734695,,,,,,
Superpixel,1857,0.0088367462158203,10.649499893188477,268,1,15,20,3.700972576530612,,,,,,
CAM,1857,-0.5406217575073242,10.649499893188477,268,1,15,20,3.700972576530612,,,,,,
FAM,1857,0.3746271133422851,10.649499893188477,268,1,15,20,3.700972576530612,,,,,,
Random,1857,-0.168426513671875,10.649499893188477,268,1,15,20,3.700972576530612,,,,,,
Superpixel,3948,0.0130481719970703,11.300662994384766,269,1,15,20,7.868303571428571,,,,,,
CAM,3948,2.4855356216430664,11.300662994384766,269,1,15,20,7.868303571428571,,,,,,
FAM,3948,3.2045726776123047,11.300662994384766,269,1,15,20,7.868303571428571,,,,,,
Random,3948,5.8398942947387695,11.300662994384766,269,1,15,20,7.868303571428571,,,,,,
Superpixel,3288,2.047672271728516,13.387718200683594,270,1,11,20,6.552933673469388,,,,,,
CAM,3288,6.348385810852051,13.387718200683594,270,1,11,20,6.552933673469388,,,,,,
FAM,3288,8.579524517059326,13.387718200683594,270,1,11,20,6.552933673469388,,,,,,
Random,3288,8.746166229248047,13.387718200683594,270,1,11,20,6.552933673469388,,,,,,
Superpixel,3115,2.6967148780822754,8.00174331665039,271,1,15,20,6.208147321428571,,,,,,
CAM,3115,7.334302067756653,8.00174331665039,271,1,15,20,6.208147321428571,,,,,,
FAM,3115,6.281617999076843,8.00174331665039,271,1,15,20,6.208147321428571,,,,,,
Random,3115,7.810415029525757,8.00174331665039,271,1,15,20,6.208147321428571,,,,,,
Superpixel,1708,5.353188991546631,10.862751960754396,272,1,13,20,3.4040178571428568,,,,,,
CAM,1708,5.886041164398193,10.862751960754396,272,1,13,20,3.4040178571428568,,,,,,
FAM,1708,4.757968425750732,10.862751960754396,272,1,13,20,3.4040178571428568,,,,,,
Random,1708,1.97403621673584,10.862751960754396,272,1,13,20,3.4040178571428568,,,,,,
Superpixel,4316,5.636022567749023,12.18566608428955,273,1,15,20,8.60172193877551,,,,,,
CAM,4316,8.203611612319946,12.18566608428955,273,1,15,20,8.60172193877551,,,,,,
FAM,4316,6.072885513305664,12.18566608428955,273,1,15,20,8.60172193877551,,,,,,
Random,4316,1.5002822875976562,12.18566608428955,273,1,15,20,8.60172193877551,,,,,,
Superpixel,4887,9.04547882080078,16.64673614501953,274,1,13,20,9.739716198979592,,,,,,
CAM,4887,3.612471580505371,16.64673614501953,274,1,13,20,9.739716198979592,,,,,,
FAM,4887,9.366113185882568,16.64673614501953,274,1,13,20,9.739716198979592,,,,,,
Random,4887,1.1026725769042969,16.64673614501953,274,1,13,20,9.739716198979592,,,,,,
Superpixel,4112,2.6167001724243164,15.19886589050293,275,1,14,20,8.19515306122449,,,,,,
CAM,4112,1.138324737548828,15.19886589050293,275,1,14,20,8.19515306122449,,,,,,
FAM,4112,0.0230817794799804,15.19886589050293,275,1,14,20,8.19515306122449,,,,,,
Random,4112,5.405702590942383,15.19886589050293,275,1,14,20,8.19515306122449,,,,,,
Superpixel,3025,0.2511425018310547,13.627459526062012,276,1,15,20,6.028778698979592,,,,,,
CAM,3025,2.8544301986694336,13.627459526062012,276,1,15,20,6.028778698979592,,,,,,
FAM,3025,2.846158027648926,13.627459526062012,276,1,15,20,6.028778698979592,,,,,,
Random,3025,2.700016021728516,13.627459526062012,276,1,15,20,6.028778698979592,,,,,,
Superpixel,4290,-0.2463178634643554,10.346400260925291,277,1,14,20,8.549904336734695,,,,,,
CAM,4290,2.27522087097168,10.346400260925291,277,1,14,20,8.549904336734695,,,,,,
FAM,4290,0.387908935546875,10.346400260925291,277,1,14,20,8.549904336734695,,,,,,
Random,4290,0.4682903289794922,10.346400260925291,277,1,14,20,8.549904336734695,,,,,,
Superpixel,4680,6.761246204376221,11.518095016479492,278,1,15,20,9.32716836734694,,,,,,
CAM,4680,3.779135227203369,11.518095016479492,278,1,15,20,9.32716836734694,,,,,,
FAM,4680,0.5452661514282227,11.518095016479492,278,1,15,20,9.32716836734694,,,,,,
Random,4680,3.999680519104004,11.518095016479492,278,1,15,20,9.32716836734694,,,,,,
Superpixel,4175,0.0125198364257812,9.506635665893556,279,1,14,20,8.320711096938775,,,,,,
CAM,4175,5.8652894496917725,9.506635665893556,279,1,14,20,8.320711096938775,,,,,,
FAM,4175,4.277482986450195,9.506635665893556,279,1,14,20,8.320711096938775,,,,,,
Random,4175,2.618649959564209,9.506635665893556,279,1,14,20,8.320711096938775,,,,,,
Superpixel,4489,-0.0480060577392578,9.351788520812988,280,1,12,20,8.946508290816327,,,,,,
CAM,4489,3.342702865600586,9.351788520812988,280,1,12,20,8.946508290816327,,,,,,
FAM,4489,-1.933744430541992,9.351788520812988,280,1,12,20,8.946508290816327,,,,,,
Random,4489,3.072976589202881,9.351788520812988,280,1,12,20,8.946508290816327,,,,,,
Superpixel,7499,7.90935754776001,15.694868087768556,281,1,13,20,14.945392219387754,,,,,,
CAM,7499,6.547874450683594,15.694868087768556,281,1,13,20,14.945392219387754,,,,,,
FAM,7499,6.8295488357543945,15.694868087768556,281,1,13,20,14.945392219387754,,,,,,
Random,7499,2.3415489196777344,15.694868087768556,281,1,13,20,14.945392219387754,,,,,,
Superpixel,5365,7.620190620422363,13.979659080505373,282,1,14,20,10.69236288265306,,,,,,
CAM,5365,6.843066692352295,13.979659080505373,282,1,14,20,10.69236288265306,,,,,,
FAM,5365,0.3107967376708984,13.979659080505373,282,1,14,20,10.69236288265306,,,,,,
Random,5365,5.506527900695801,13.979659080505373,282,1,14,20,10.69236288265306,,,,,,
Superpixel,4739,0.4270648956298828,13.835700035095217,283,1,15,20,9.444754464285714,,,,,,
CAM,4739,4.530986785888672,13.835700035095217,283,1,15,20,9.444754464285714,,,,,,
FAM,4739,1.4676780700683594,13.835700035095217,283,1,15,20,9.444754464285714,,,,,,
Random,4739,0.5169916152954102,13.835700035095217,283,1,15,20,9.444754464285714,,,,,,
Superpixel,3321,2.489365577697754,9.070479393005373,284,1,15,20,6.618702168367347,,,,,,
CAM,3321,2.552029609680176,9.070479393005373,284,1,15,20,6.618702168367347,,,,,,
FAM,3321,2.241227149963379,9.070479393005373,284,1,15,20,6.618702168367347,,,,,,
Random,3321,0.8033161163330078,9.070479393005373,284,1,15,20,6.618702168367347,,,,,,
Superpixel,5268,2.237071990966797,11.145997047424316,285,1,14,20,10.49904336734694,,,,,,
CAM,5268,1.6058712005615234,11.145997047424316,285,1,14,20,10.49904336734694,,,,,,
FAM,5268,1.5877799987792969,11.145997047424316,285,1,14,20,10.49904336734694,,,,,,
Random,5268,2.7697572708129883,11.145997047424316,285,1,14,20,10.49904336734694,,,,,,
Superpixel,7284,4.948329925537109,12.168622970581056,286,1,13,20,14.51690051020408,,,,,,
CAM,7284,5.376325607299805,12.168622970581056,286,1,13,20,14.51690051020408,,,,,,
FAM,7284,-0.0956020355224609,12.168622970581056,286,1,13,20,14.51690051020408,,,,,,
Random,7284,0.3352861404418945,12.168622970581056,286,1,13,20,14.51690051020408,,,,,,
Superpixel,4714,7.258514404296875,15.902518272399902,287,1,14,20,9.394929846938776,,,,,,
CAM,4714,3.538741111755371,15.902518272399902,287,1,14,20,9.394929846938776,,,,,,
FAM,4714,5.215997695922852,15.902518272399902,287,1,14,20,9.394929846938776,,,,,,
Random,4714,4.506467819213867,15.902518272399902,287,1,14,20,9.394929846938776,,,,,,
Superpixel,2265,-0.783782958984375,14.044625282287598,288,1,12,20,4.5141103316326525,,,,,,
CAM,2265,1.296309471130371,14.044625282287598,288,1,12,20,4.5141103316326525,,,,,,
FAM,2265,4.038869857788086,14.044625282287598,288,1,12,20,4.5141103316326525,,,,,,
Random,2265,-1.5415191650390625,14.044625282287598,288,1,12,20,4.5141103316326525,,,,,,
Superpixel,3793,0.2253704071044922,11.880253791809082,289,1,13,20,7.559390943877552,,,,,,
CAM,3793,6.693161010742188,11.880253791809082,289,1,13,20,7.559390943877552,,,,,,
FAM,3793,2.3818483352661133,11.880253791809082,289,1,13,20,7.559390943877552,,,,,,
Random,3793,1.1351680755615234,11.880253791809082,289,1,13,20,7.559390943877552,,,,,,
Superpixel,2977,8.122568607330322,14.989495277404783,290,1,15,20,5.9331154336734695,,,,,,
CAM,2977,3.953033447265625,14.989495277404783,290,1,15,20,5.9331154336734695,,,,,,
FAM,2977,9.344945907592772,14.989495277404783,290,1,15,20,5.9331154336734695,,,,,,
Random,2977,7.01445198059082,14.989495277404783,290,1,15,20,5.9331154336734695,,,,,,
Superpixel,5065,10.335393905639648,17.239116668701172,291,1,14,20,10.094467474489797,,,,,,
CAM,5065,10.93373155593872,17.239116668701172,291,1,14,20,10.094467474489797,,,,,,
FAM,5065,10.955753326416016,17.239116668701172,291,1,14,20,10.094467474489797,,,,,,
Random,5065,3.0534229278564453,17.239116668701172,291,1,14,20,10.094467474489797,,,,,,
Superpixel,3341,6.768437385559082,12.583741188049316,292,1,15,20,6.658561862244898,,,,,,
CAM,3341,0.2865200042724609,12.583741188049316,292,1,15,20,6.658561862244898,,,,,,
FAM,3341,4.73951530456543,12.583741188049316,292,1,15,20,6.658561862244898,,,,,,
Random,3341,0.5324230194091797,12.583741188049316,292,1,15,20,6.658561862244898,,,,,,
Superpixel,9846,10.42086672782898,14.344529151916504,293,1,12,20,19.62292729591837,,,,,,
CAM,9846,11.44394302368164,14.344529151916504,293,1,12,20,19.62292729591837,,,,,,
FAM,9846,9.436670780181885,14.344529151916504,293,1,12,20,19.62292729591837,,,,,,
Random,9846,2.7226123809814453,14.344529151916504,293,1,12,20,19.62292729591837,,,,,,
Superpixel,3424,2.7024550437927246,9.774456977844238,294,1,16,20,6.823979591836735,,,,,,
CAM,3424,6.1682679653167725,9.774456977844238,294,1,16,20,6.823979591836735,,,,,,
FAM,3424,-0.305572509765625,9.774456977844238,294,1,16,20,6.823979591836735,,,,,,
Random,3424,5.168823719024658,9.774456977844238,294,1,16,20,6.823979591836735,,,,,,
Superpixel,4225,5.277721405029297,15.452606201171877,295,1,15,20,8.420360331632654,,,,,,
CAM,4225,7.289332389831543,15.452606201171877,295,1,15,20,8.420360331632654,,,,,,
FAM,4225,10.163265228271484,15.452606201171877,295,1,15,20,8.420360331632654,,,,,,
Random,4225,4.018172264099121,15.452606201171877,295,1,15,20,8.420360331632654,,,,,,
Superpixel,2149,10.006479501724243,13.88781452178955,296,1,14,20,4.282924107142857,,,,,,
CAM,2149,8.49571418762207,13.88781452178955,296,1,14,20,4.282924107142857,,,,,,
FAM,2149,5.574375152587891,13.88781452178955,296,1,14,20,4.282924107142857,,,,,,
Random,2149,7.238057613372803,13.88781452178955,296,1,14,20,4.282924107142857,,,,,,
Superpixel,1607,7.372285842895508,16.863059997558594,297,1,14,20,3.202726403061224,,,,,,
CAM,1607,-0.3664703369140625,16.863059997558594,297,1,14,20,3.202726403061224,,,,,,
FAM,1607,2.203845977783203,16.863059997558594,297,1,14,20,3.202726403061224,,,,,,
Random,1607,3.793644905090332,16.863059997558594,297,1,14,20,3.202726403061224,,,,,,
Superpixel,7038,10.057662010192873,14.96630573272705,298,1,12,20,14.026626275510203,,,,,,
CAM,7038,11.20421266555786,14.96630573272705,298,1,12,20,14.026626275510203,,,,,,
FAM,7038,11.123112916946411,14.96630573272705,298,1,12,20,14.026626275510203,,,,,,
Random,7038,5.870515823364258,14.96630573272705,298,1,12,20,14.026626275510203,,,,,,
Superpixel,3202,4.591838836669922,13.316693305969238,299,1,15,20,6.381536989795919,,,,,,
CAM,3202,1.7456960678100586,13.316693305969238,299,1,15,20,6.381536989795919,,,,,,
FAM,3202,0.2884397506713867,13.316693305969238,299,1,15,20,6.381536989795919,,,,,,
Random,3202,0.4413461685180664,13.316693305969238,299,1,15,20,6.381536989795919,,,,,,
Superpixel,3300,0.5472517013549805,11.20712184906006,300,1,15,20,6.576849489795919,,,,,,
CAM,3300,11.340506985783575,11.20712184906006,300,1,15,20,6.576849489795919,,,,,,
FAM,3300,12.245535135269163,11.20712184906006,300,1,15,20,6.576849489795919,,,,,,
Random,3300,2.6577844619750977,11.20712184906006,300,1,15,20,6.576849489795919,,,,,,
Superpixel,2079,0.1578426361083984,15.920042991638184,301,1,16,20,4.143415178571429,,,,,,
CAM,2079,-0.8756132125854492,15.920042991638184,301,1,16,20,4.143415178571429,,,,,,
FAM,2079,3.1915817260742188,15.920042991638184,301,1,16,20,4.143415178571429,,,,,,
Random,2079,0.6188774108886719,15.920042991638184,301,1,16,20,4.143415178571429,,,,,,
Superpixel,4396,1.000349998474121,12.91293239593506,302,1,15,20,8.761160714285714,,,,,,
CAM,4396,4.311497688293457,12.91293239593506,302,1,15,20,8.761160714285714,,,,,,
FAM,4396,10.150138139724731,12.91293239593506,302,1,15,20,8.761160714285714,,,,,,
Random,4396,7.671964168548584,12.91293239593506,302,1,15,20,8.761160714285714,,,,,,
Superpixel,4684,0.9178347587585448,8.65047550201416,303,1,16,20,9.33514030612245,,,,,,
CAM,4684,7.869103908538818,8.65047550201416,303,1,16,20,9.33514030612245,,,,,,
FAM,4684,7.357234716415405,8.65047550201416,303,1,16,20,9.33514030612245,,,,,,
Random,4684,6.450934648513794,8.65047550201416,303,1,16,20,9.33514030612245,,,,,,
Superpixel,3161,3.896808385848999,7.639223575592041,304,1,16,20,6.299824617346939,,,,,,
CAM,3161,4.491749048233032,7.639223575592041,304,1,16,20,6.299824617346939,,,,,,
FAM,3161,1.7877845764160156,7.639223575592041,304,1,16,20,6.299824617346939,,,,,,
Random,3161,7.519987680017948,7.639223575592041,304,1,16,20,6.299824617346939,,,,,,
Superpixel,3743,0.5321807861328125,10.562777519226074,305,1,15,20,7.459741709183673,,,,,,
CAM,3743,3.711320400238037,10.562777519226074,305,1,15,20,7.459741709183673,,,,,,
FAM,3743,7.350101709365845,10.562777519226074,305,1,15,20,7.459741709183673,,,,,,
Random,3743,7.915532112121582,10.562777519226074,305,1,15,20,7.459741709183673,,,,,,
Superpixel,3478,5.146240711212158,12.521405220031738,306,1,16,20,6.931600765306123,,,,,,
CAM,3478,4.70076322555542,12.521405220031738,306,1,16,20,6.931600765306123,,,,,,
FAM,3478,6.572037220001221,12.521405220031738,306,1,16,20,6.931600765306123,,,,,,
Random,3478,6.606181621551514,12.521405220031738,306,1,16,20,6.931600765306123,,,,,,
Superpixel,5080,0.7157626152038574,7.956989765167236,307,1,11,20,10.12436224489796,,,,,,
CAM,5080,4.050893545150757,7.956989765167236,307,1,11,20,10.12436224489796,,,,,,
FAM,5080,2.7226366996765137,7.956989765167236,307,1,11,20,10.12436224489796,,,,,,
Random,5080,4.508275985717773,7.956989765167236,307,1,11,20,10.12436224489796,,,,,,
Superpixel,7276,1.1063666343688965,7.983482360839844,308,1,12,20,14.50095663265306,,,,,,
CAM,7276,4.732221841812134,7.983482360839844,308,1,12,20,14.50095663265306,,,,,,
FAM,7276,5.390938997268677,7.983482360839844,308,1,12,20,14.50095663265306,,,,,,
Random,7276,4.4902427196502686,7.983482360839844,308,1,12,20,14.50095663265306,,,,,,
Superpixel,4962,2.490764617919922,13.487833976745604,309,1,14,20,9.889190051020408,,,,,,
CAM,4962,2.697185516357422,13.487833976745604,309,1,14,20,9.889190051020408,,,,,,
FAM,4962,3.994527816772461,13.487833976745604,309,1,14,20,9.889190051020408,,,,,,
Random,4962,3.854202270507813,13.487833976745604,309,1,14,20,9.889190051020408,,,,,,
Superpixel,5446,0.4694805145263672,11.885712623596191,310,1,15,20,10.853794642857142,,,,,,
CAM,5446,5.437221050262451,11.885712623596191,310,1,15,20,10.853794642857142,,,,,,
FAM,5446,4.653558254241943,11.885712623596191,310,1,15,20,10.853794642857142,,,,,,
Random,5446,6.46586275100708,11.885712623596191,310,1,15,20,10.853794642857142,,,,,,
Superpixel,3569,2.1266984939575195,9.580245018005373,311,1,16,20,7.112962372448979,,,,,,
CAM,3569,9.100209832191467,9.580245018005373,311,1,16,20,7.112962372448979,,,,,,
FAM,3569,8.44614315032959,9.580245018005373,311,1,16,20,7.112962372448979,,,,,,
Random,3569,3.9708571434021,9.580245018005373,311,1,16,20,7.112962372448979,,,,,,
Superpixel,3508,4.321526527404785,15.623077392578123,312,1,14,20,6.991390306122448,,,,,,
CAM,3508,2.3150415420532227,15.623077392578123,312,1,14,20,6.991390306122448,,,,,,
FAM,3508,3.7070703506469727,15.623077392578123,312,1,14,20,6.991390306122448,,,,,,
Random,3508,1.5166540145874023,15.623077392578123,312,1,14,20,6.991390306122448,,,,,,
Superpixel,5275,-0.2469158172607422,10.70521068572998,313,1,14,20,10.51299426020408,,,,,,
CAM,5275,1.538473129272461,10.70521068572998,313,1,14,20,10.51299426020408,,,,,,
FAM,5275,-0.0663080215454101,10.70521068572998,313,1,14,20,10.51299426020408,,,,,,
Random,5275,1.420419692993164,10.70521068572998,313,1,14,20,10.51299426020408,,,,,,
Superpixel,4069,6.161428689956665,8.181416511535645,314,1,14,20,8.109454719387756,,,,,,
CAM,4069,2.8031039237976074,8.181416511535645,314,1,14,20,8.109454719387756,,,,,,
FAM,4069,5.597492933273315,8.181416511535645,314,1,14,20,8.109454719387756,,,,,,
Random,4069,7.151443958282471,8.181416511535645,314,1,14,20,8.109454719387756,,,,,,
Superpixel,2184,3.2411022186279297,16.103334426879883,315,1,13,20,4.352678571428571,,,,,,
CAM,2184,5.551319122314453,16.103334426879883,315,1,13,20,4.352678571428571,,,,,,
FAM,2184,4.386626243591309,16.103334426879883,315,1,13,20,4.352678571428571,,,,,,
Random,2184,2.512838363647461,16.103334426879883,315,1,13,20,4.352678571428571,,,,,,
Superpixel,5232,3.478903293609619,11.279531478881836,316,1,12,20,10.427295918367346,,,,,,
CAM,5232,0.7193574905395508,11.279531478881836,316,1,12,20,10.427295918367346,,,,,,
FAM,5232,1.461650848388672,11.279531478881836,316,1,12,20,10.427295918367346,,,,,,
Random,5232,3.0979433059692383,11.279531478881836,316,1,12,20,10.427295918367346,,,,,,
Superpixel,2116,2.1331024169921875,12.5090913772583,317,1,14,20,4.217155612244898,,,,,,
CAM,2116,2.458860397338867,12.5090913772583,317,1,14,20,4.217155612244898,,,,,,
FAM,2116,1.5532112121582031,12.5090913772583,317,1,14,20,4.217155612244898,,,,,,
Random,2116,3.6367788314819336,12.5090913772583,317,1,14,20,4.217155612244898,,,,,,
Superpixel,2841,0.6105523109436035,8.307381629943848,318,1,14,20,5.662069515306122,,,,,,
CAM,2841,6.671896815299988,8.307381629943848,318,1,14,20,5.662069515306122,,,,,,
FAM,2841,2.512019634246826,8.307381629943848,318,1,14,20,5.662069515306122,,,,,,
Random,2841,7.910145103931427,8.307381629943848,318,1,14,20,5.662069515306122,,,,,,
Superpixel,4040,2.2957916259765625,16.697917938232422,319,1,13,20,8.051658163265305,,,,,,
CAM,4040,3.3549041748046875,16.697917938232422,319,1,13,20,8.051658163265305,,,,,,
FAM,4040,8.840569019317627,16.697917938232422,319,1,13,20,8.051658163265305,,,,,,
Random,4040,9.15336275100708,16.697917938232422,319,1,13,20,8.051658163265305,,,,,,
Superpixel,4442,1.348737716674805,12.64309787750244,320,1,16,20,8.852838010204081,,,,,,
CAM,4442,8.505432605743408,12.64309787750244,320,1,16,20,8.852838010204081,,,,,,
FAM,4442,4.8485517501831055,12.64309787750244,320,1,16,20,8.852838010204081,,,,,,
Random,4442,7.873148441314697,12.64309787750244,320,1,16,20,8.852838010204081,,,,,,
Superpixel,7679,6.120339393615723,13.365646362304688,321,1,14,20,15.304129464285715,,,,,,
CAM,7679,7.583850383758545,13.365646362304688,321,1,14,20,15.304129464285715,,,,,,
FAM,7679,6.662508010864258,13.365646362304688,321,1,14,20,15.304129464285715,,,,,,
Random,7679,2.0416173934936523,13.365646362304688,321,1,14,20,15.304129464285715,,,,,,
Superpixel,3212,0.1917982101440429,15.43865203857422,322,1,15,20,6.401466836734694,,,,,,
CAM,3212,3.623553276062012,15.43865203857422,322,1,15,20,6.401466836734694,,,,,,
FAM,3212,6.348544120788574,15.43865203857422,322,1,15,20,6.401466836734694,,,,,,
Random,3212,7.811489582061768,15.43865203857422,322,1,15,20,6.401466836734694,,,,,,
Superpixel,4397,0.5207185745239258,12.263620376586914,323,1,15,20,8.763153698979592,,,,,,
CAM,4397,0.8602972030639648,12.263620376586914,323,1,15,20,8.763153698979592,,,,,,
FAM,4397,1.3447351455688477,12.263620376586914,323,1,15,20,8.763153698979592,,,,,,
Random,4397,2.3607778549194336,12.263620376586914,323,1,15,20,8.763153698979592,,,,,,
Superpixel,2659,0.0662641525268554,9.488368034362791,324,1,16,20,5.299346301020408,,,,,,
CAM,2659,1.2341690063476562,9.488368034362791,324,1,16,20,5.299346301020408,,,,,,
FAM,2659,0.7074899673461914,9.488368034362791,324,1,16,20,5.299346301020408,,,,,,
Random,2659,1.6270337104797363,9.488368034362791,324,1,16,20,5.299346301020408,,,,,,
Superpixel,4770,2.363733291625977,13.348353385925291,325,1,12,20,9.50653698979592,,,,,,
CAM,4770,4.647723197937012,13.348353385925291,325,1,12,20,9.50653698979592,,,,,,
FAM,4770,4.557771682739258,13.348353385925291,325,1,12,20,9.50653698979592,,,,,,
Random,4770,4.148585319519043,13.348353385925291,325,1,12,20,9.50653698979592,,,,,,
Superpixel,5372,2.664822578430176,10.921833038330078,326,1,15,20,10.706313775510203,,,,,,
CAM,5372,3.50003719329834,10.921833038330078,326,1,15,20,10.706313775510203,,,,,,
FAM,5372,8.14166522026062,10.921833038330078,326,1,15,20,10.706313775510203,,,,,,
Random,5372,0.3672056198120117,10.921833038330078,326,1,15,20,10.706313775510203,,,,,,
Superpixel,2527,3.751260757446289,15.813647270202637,327,1,14,20,5.036272321428571,,,,,,
CAM,2527,3.825849533081055,15.813647270202637,327,1,14,20,5.036272321428571,,,,,,
FAM,2527,2.742684364318848,15.813647270202637,327,1,14,20,5.036272321428571,,,,,,
Random,2527,4.089588165283203,15.813647270202637,327,1,14,20,5.036272321428571,,,,,,
Superpixel,1913,0.7688560485839844,10.02759075164795,328,1,16,20,3.812579719387755,,,,,,
CAM,1913,3.552619457244873,10.02759075164795,328,1,16,20,3.812579719387755,,,,,,
FAM,1913,2.040455341339112,10.02759075164795,328,1,16,20,3.812579719387755,,,,,,
Random,1913,3.492246150970459,10.02759075164795,328,1,16,20,3.812579719387755,,,,,,
Superpixel,3696,5.860430717468262,14.073040008544922,329,1,15,20,7.366071428571429,,,,,,
CAM,3696,3.806081771850586,14.073040008544922,329,1,15,20,7.366071428571429,,,,,,
FAM,3696,3.648506164550781,14.073040008544922,329,1,15,20,7.366071428571429,,,,,,
Random,3696,-0.4755878448486328,14.073040008544922,329,1,15,20,7.366071428571429,,,,,,
Superpixel,3503,0.071965217590332,12.550060272216797,330,1,14,20,6.981425382653061,,,,,,
CAM,3503,3.380859375,12.550060272216797,330,1,14,20,6.981425382653061,,,,,,
FAM,3503,3.014680862426758,12.550060272216797,330,1,14,20,6.981425382653061,,,,,,
Random,3503,6.362266540527344,12.550060272216797,330,1,14,20,6.981425382653061,,,,,,
Superpixel,2293,8.077853202819824,13.943770408630373,331,1,13,20,4.569913903061225,,,,,,
CAM,2293,1.4992904663085938,13.943770408630373,331,1,13,20,4.569913903061225,,,,,,
FAM,2293,2.748745918273926,13.943770408630373,331,1,13,20,4.569913903061225,,,,,,
Random,2293,5.484313011169434,13.943770408630373,331,1,13,20,4.569913903061225,,,,,,
Superpixel,2412,10.417768001556396,13.27929973602295,332,1,12,20,4.8070790816326525,,,,,,
CAM,2412,5.342846870422363,13.27929973602295,332,1,12,20,4.8070790816326525,,,,,,
FAM,2412,4.631930351257324,13.27929973602295,332,1,12,20,4.8070790816326525,,,,,,
Random,2412,5.381777763366699,13.27929973602295,332,1,12,20,4.8070790816326525,,,,,,
Superpixel,2576,12.352981328964232,15.010395050048828,333,1,15,20,5.133928571428571,,,,,,
CAM,2576,8.276567459106445,15.010395050048828,333,1,15,20,5.133928571428571,,,,,,
FAM,2576,7.356627464294434,15.010395050048828,333,1,15,20,5.133928571428571,,,,,,
Random,2576,6.282941818237305,15.010395050048828,333,1,15,20,5.133928571428571,,,,,,
Superpixel,1798,7.760422706604004,12.984274864196776,334,1,14,20,3.5833864795918364,,,,,,
CAM,1798,7.917092323303223,12.984274864196776,334,1,14,20,3.5833864795918364,,,,,,
FAM,1798,5.435196876525879,12.984274864196776,334,1,14,20,3.5833864795918364,,,,,,
Random,1798,2.630387306213379,12.984274864196776,334,1,14,20,3.5833864795918364,,,,,,
Superpixel,5748,10.653377324342728,10.79786777496338,335,1,14,20,11.455676020408164,,,,,,
CAM,5748,10.172281682491302,10.79786777496338,335,1,14,20,11.455676020408164,,,,,,
FAM,5748,11.497340738773346,10.79786777496338,335,1,14,20,11.455676020408164,,,,,,
Random,5748,2.886590003967285,10.79786777496338,335,1,14,20,11.455676020408164,,,,,,
Superpixel,2794,10.562795639038086,13.823429107666016,336,1,12,20,5.568399234693878,,,,,,
CAM,2794,3.460616111755371,13.823429107666016,336,1,12,20,5.568399234693878,,,,,,
FAM,2794,5.422857284545898,13.823429107666016,336,1,12,20,5.568399234693878,,,,,,
Random,2794,-1.9948883056640625,13.823429107666016,336,1,12,20,5.568399234693878,,,,,,
Superpixel,1824,7.5148773193359375,13.756704330444336,337,1,15,20,3.635204081632653,,,,,,
CAM,1824,4.285152435302734,13.756704330444336,337,1,15,20,3.635204081632653,,,,,,
FAM,1824,4.296188354492188,13.756704330444336,337,1,15,20,3.635204081632653,,,,,,
Random,1824,-0.1643447875976562,13.756704330444336,337,1,15,20,3.635204081632653,,,,,,
Superpixel,3054,0.5973796844482422,15.13203239440918,338,1,16,20,6.086575255102041,,,,,,
CAM,3054,9.4034104347229,15.13203239440918,338,1,16,20,6.086575255102041,,,,,,
FAM,3054,7.205799579620361,15.13203239440918,338,1,16,20,6.086575255102041,,,,,,
Random,3054,6.931970596313477,15.13203239440918,338,1,16,20,6.086575255102041,,,,,,
Superpixel,3542,9.271667957305908,11.01680850982666,339,1,15,20,7.059151785714287,,,,,,
CAM,3542,4.058911323547363,11.01680850982666,339,1,15,20,7.059151785714287,,,,,,
FAM,3542,-0.1909103393554687,11.01680850982666,339,1,15,20,7.059151785714287,,,,,,
Random,3542,-2.2837791442871094,11.01680850982666,339,1,15,20,7.059151785714287,,,,,,
Superpixel,4442,13.728895425796509,15.919769287109377,340,1,15,20,8.852838010204081,,,,,,
CAM,4442,12.997486114501951,15.919769287109377,340,1,15,20,8.852838010204081,,,,,,
FAM,4442,13.380762815475464,15.919769287109377,340,1,15,20,8.852838010204081,,,,,,
Random,4442,11.668501377105711,15.919769287109377,340,1,15,20,8.852838010204081,,,,,,
Superpixel,4812,10.017001152038574,16.254274368286133,341,1,15,20,9.590242346938776,,,,,,
CAM,4812,7.783208847045898,16.254274368286133,341,1,15,20,9.590242346938776,,,,,,
FAM,4812,2.7423486709594727,16.254274368286133,341,1,15,20,9.590242346938776,,,,,,
Random,4812,4.311368942260742,16.254274368286133,341,1,15,20,9.590242346938776,,,,,,
Superpixel,2518,12.292957544326782,14.408669471740724,342,1,16,20,5.018335459183673,,,,,,
CAM,2518,4.02100944519043,14.408669471740724,342,1,16,20,5.018335459183673,,,,,,
FAM,2518,6.075956344604492,14.408669471740724,342,1,16,20,5.018335459183673,,,,,,
Random,2518,0.3604116439819336,14.408669471740724,342,1,16,20,5.018335459183673,,,,,,
Superpixel,5224,9.04023575782776,12.208805084228516,343,1,13,20,10.411352040816327,,,,,,
CAM,5224,-0.0196571350097656,12.208805084228516,343,1,13,20,10.411352040816327,,,,,,
FAM,5224,2.1517066955566406,12.208805084228516,343,1,13,20,10.411352040816327,,,,,,
Random,5224,4.983957290649414,12.208805084228516,343,1,13,20,10.411352040816327,,,,,,
Superpixel,4618,4.223930358886719,13.76335906982422,344,1,14,20,9.20360331632653,,,,,,
CAM,4618,8.837769508361816,13.76335906982422,344,1,14,20,9.20360331632653,,,,,,
FAM,4618,1.2434463500976562,13.76335906982422,344,1,14,20,9.20360331632653,,,,,,
Random,4618,2.497633934020996,13.76335906982422,344,1,14,20,9.20360331632653,,,,,,
Superpixel,1941,-0.4873514175415039,13.20321273803711,345,1,14,20,3.868383290816327,,,,,,
CAM,1941,2.532083511352539,13.20321273803711,345,1,14,20,3.868383290816327,,,,,,
FAM,1941,5.758870124816895,13.20321273803711,345,1,14,20,3.868383290816327,,,,,,
Random,1941,5.028135299682617,13.20321273803711,345,1,14,20,3.868383290816327,,,,,,
Superpixel,2456,4.3964128494262695,16.150007247924805,346,1,16,20,4.894770408163265,,,,,,
CAM,2456,11.582596778869627,16.150007247924805,346,1,16,20,4.894770408163265,,,,,,
FAM,2456,10.930657863616943,16.150007247924805,346,1,16,20,4.894770408163265,,,,,,
Random,2456,8.568580150604248,16.150007247924805,346,1,16,20,4.894770408163265,,,,,,
Superpixel,3876,11.196416854858398,12.391377449035645,347,1,13,20,7.724808673469388,,,,,,
CAM,3876,3.6223440170288086,12.391377449035645,347,1,13,20,7.724808673469388,,,,,,
FAM,3876,8.574925184249878,12.391377449035645,347,1,13,20,7.724808673469388,,,,,,
Random,3876,5.728379249572754,12.391377449035645,347,1,13,20,7.724808673469388,,,,,,
Superpixel,4133,-0.1784420013427734,10.273602485656738,348,1,12,20,8.237005739795919,,,,,,
CAM,4133,8.90928852558136,10.273602485656738,348,1,12,20,8.237005739795919,,,,,,
FAM,4133,9.100656628608704,10.273602485656738,348,1,12,20,8.237005739795919,,,,,,
Random,4133,6.66381311416626,10.273602485656738,348,1,12,20,8.237005739795919,,,,,,
Superpixel,2602,6.050969123840332,10.695701599121094,349,1,11,20,5.185746173469387,,,,,,
CAM,2602,4.660401344299316,10.695701599121094,349,1,11,20,5.185746173469387,,,,,,
FAM,2602,6.877879142761231,10.695701599121094,349,1,11,20,5.185746173469387,,,,,,
Random,2602,1.1913166046142578,10.695701599121094,349,1,11,20,5.185746173469387,,,,,,
Superpixel,6923,9.747858047485352,13.8681640625,350,1,14,20,13.797433035714285,,,,,,
CAM,6923,6.609057426452637,13.8681640625,350,1,14,20,13.797433035714285,,,,,,
FAM,6923,6.289979934692383,13.8681640625,350,1,14,20,13.797433035714285,,,,,,
Random,6923,-0.1556596755981445,13.8681640625,350,1,14,20,13.797433035714285,,,,,,
Superpixel,2250,5.614832401275635,11.2779541015625,351,1,13,20,4.48421556122449,,,,,,
CAM,2250,0.1428174972534179,11.2779541015625,351,1,13,20,4.48421556122449,,,,,,
FAM,2250,-0.0936079025268554,11.2779541015625,351,1,13,20,4.48421556122449,,,,,,
Random,2250,-0.6425752639770508,11.2779541015625,351,1,13,20,4.48421556122449,,,,,,
Superpixel,4128,3.926355361938477,8.580537796020508,352,1,12,20,8.22704081632653,,,,,,
CAM,4128,3.947648048400879,8.580537796020508,352,1,12,20,8.22704081632653,,,,,,
FAM,4128,1.5060691833496094,8.580537796020508,352,1,12,20,8.22704081632653,,,,,,
Random,4128,3.1091370582580566,8.580537796020508,352,1,12,20,8.22704081632653,,,,,,
Superpixel,3449,11.523838311433792,11.65229606628418,353,1,15,20,6.873804209183673,,,,,,
CAM,3449,10.309130668640137,11.65229606628418,353,1,15,20,6.873804209183673,,,,,,
FAM,3449,7.585038661956787,11.65229606628418,353,1,15,20,6.873804209183673,,,,,,
Random,3449,2.9491424560546875,11.65229606628418,353,1,15,20,6.873804209183673,,,,,,
Superpixel,4457,5.741838455200195,12.064424514770508,354,1,13,20,8.882732780612244,,,,,,
CAM,4457,6.780585765838623,12.064424514770508,354,1,13,20,8.882732780612244,,,,,,
FAM,4457,3.2996978759765625,12.064424514770508,354,1,13,20,8.882732780612244,,,,,,
Random,4457,2.372129440307617,12.064424514770508,354,1,13,20,8.882732780612244,,,,,,
Superpixel,6685,10.82418930530548,12.731801986694336,355,1,14,20,13.323102678571429,,,,,,
CAM,6685,9.994295358657835,12.731801986694336,355,1,14,20,13.323102678571429,,,,,,
FAM,6685,8.634498596191406,12.731801986694336,355,1,14,20,13.323102678571429,,,,,,
Random,6685,2.311818122863769,12.731801986694336,355,1,14,20,13.323102678571429,,,,,,
Superpixel,2371,9.904384851455688,12.03252410888672,356,1,13,20,4.725366709183673,,,,,,
CAM,2371,5.18543815612793,12.03252410888672,356,1,13,20,4.725366709183673,,,,,,
FAM,2371,-2.74747085571289,12.03252410888672,356,1,13,20,4.725366709183673,,,,,,
Random,2371,7.215690612792969,12.03252410888672,356,1,13,20,4.725366709183673,,,,,,
Superpixel,3546,8.586997270584106,11.188125610351562,357,1,16,20,7.067123724489796,,,,,,
CAM,3546,6.490187644958496,11.188125610351562,357,1,16,20,7.067123724489796,,,,,,
FAM,3546,6.413959980010986,11.188125610351562,357,1,16,20,7.067123724489796,,,,,,
Random,3546,0.1691007614135742,11.188125610351562,357,1,16,20,7.067123724489796,,,,,,
Superpixel,2369,5.531744003295898,15.25149154663086,358,1,12,20,4.721380739795919,,,,,,
CAM,2369,1.7222719192504885,15.25149154663086,358,1,12,20,4.721380739795919,,,,,,
FAM,2369,1.6703214645385742,15.25149154663086,358,1,12,20,4.721380739795919,,,,,,
Random,2369,1.1825971603393557,15.25149154663086,358,1,12,20,4.721380739795919,,,,,,
Superpixel,4570,10.192846059799194,12.692386627197266,359,1,13,20,9.107940051020408,,,,,,
CAM,4570,11.381414532661438,12.692386627197266,359,1,13,20,9.107940051020408,,,,,,
FAM,4570,8.821964502334595,12.692386627197266,359,1,13,20,9.107940051020408,,,,,,
Random,4570,5.19348669052124,12.692386627197266,359,1,13,20,9.107940051020408,,,,,,
Superpixel,5160,9.777699768543243,9.10841178894043,360,1,13,20,10.283801020408164,,,,,,
CAM,5160,9.937412917613983,9.10841178894043,360,1,13,20,10.283801020408164,,,,,,
FAM,5160,9.373622685670853,9.10841178894043,360,1,13,20,10.283801020408164,,,,,,
Random,5160,1.855146884918213,9.10841178894043,360,1,13,20,10.283801020408164,,,,,,
Superpixel,6065,2.400564193725586,9.318045616149902,361,1,13,20,12.087452168367346,,,,,,
CAM,6065,10.527199864387512,9.318045616149902,361,1,13,20,12.087452168367346,,,,,,
FAM,6065,4.547250747680664,9.318045616149902,361,1,13,20,12.087452168367346,,,,,,
Random,6065,-0.0516223907470703,9.318045616149902,361,1,13,20,12.087452168367346,,,,,,
Superpixel,2442,6.362237572669983,8.096786499023438,362,1,16,20,4.86686862244898,,,,,,
CAM,2442,2.4223761558532715,8.096786499023438,362,1,16,20,4.86686862244898,,,,,,
FAM,2442,3.633820056915283,8.096786499023438,362,1,16,20,4.86686862244898,,,,,,
Random,2442,-0.6478977203369141,8.096786499023438,362,1,16,20,4.86686862244898,,,,,,
Superpixel,2479,-0.3586692810058594,15.25532341003418,363,1,15,20,4.940609056122449,,,,,,
CAM,2479,15.061036497354507,15.25532341003418,363,1,15,20,4.940609056122449,,,,,,
FAM,2479,13.852349281311035,15.25532341003418,363,1,15,20,4.940609056122449,,,,,,
Random,2479,-1.6762313842773438,15.25532341003418,363,1,15,20,4.940609056122449,,,,,,
Superpixel,5550,14.16725218296051,13.018765449523926,364,1,14,20,11.061065051020408,,,,,,
CAM,5550,15.655710697174072,13.018765449523926,364,1,14,20,11.061065051020408,,,,,,
FAM,5550,1.6573944091796875,13.018765449523926,364,1,14,20,11.061065051020408,,,,,,
Random,5550,0.2455987930297851,13.018765449523926,364,1,14,20,11.061065051020408,,,,,,
Superpixel,3429,1.0096588134765625,10.416288375854492,365,1,15,20,6.833944515306123,,,,,,
CAM,3429,10.781445622444153,10.416288375854492,365,1,15,20,6.833944515306123,,,,,,
FAM,3429,9.53229969739914,10.416288375854492,365,1,15,20,6.833944515306123,,,,,,
Random,3429,3.637459754943848,10.416288375854492,365,1,15,20,6.833944515306123,,,,,,
Superpixel,2301,9.04550564289093,10.232054710388184,366,1,16,20,4.585857780612245,,,,,,
CAM,2301,7.889661073684692,10.232054710388184,366,1,16,20,4.585857780612245,,,,,,
FAM,2301,7.020001649856567,10.232054710388184,366,1,16,20,4.585857780612245,,,,,,
Random,2301,2.581794261932373,10.232054710388184,366,1,16,20,4.585857780612245,,,,,,
Superpixel,2897,2.3165054321289062,13.314410209655762,367,1,14,20,5.773676658163265,,,,,,
CAM,2897,10.446311235427856,13.314410209655762,367,1,14,20,5.773676658163265,,,,,,
FAM,2897,1.0332412719726562,13.314410209655762,367,1,14,20,5.773676658163265,,,,,,
Random,2897,0.4482908248901367,13.314410209655762,367,1,14,20,5.773676658163265,,,,,,
Superpixel,3913,0.8187227249145508,11.276439666748049,368,1,14,20,7.798549107142858,,,,,,
CAM,3913,11.86548101902008,11.276439666748049,368,1,14,20,7.798549107142858,,,,,,
FAM,3913,11.49918594956398,11.276439666748049,368,1,14,20,7.798549107142858,,,,,,
Random,3913,4.171964645385742,11.276439666748049,368,1,14,20,7.798549107142858,,,,,,
Superpixel,5121,6.114198207855225,13.268479347229004,369,1,14,20,10.20607461734694,,,,,,
CAM,5121,15.494544744491575,13.268479347229004,369,1,14,20,10.20607461734694,,,,,,
FAM,5121,9.273901224136353,13.268479347229004,369,1,14,20,10.20607461734694,,,,,,
Random,5121,0.0349960327148437,13.268479347229004,369,1,14,20,10.20607461734694,,,,,,
Superpixel,3327,11.64526653289795,13.779359817504885,370,1,15,20,6.630660076530612,,,,,,
CAM,3327,4.404401779174805,13.779359817504885,370,1,15,20,6.630660076530612,,,,,,
FAM,3327,0.0546884536743164,13.779359817504885,370,1,15,20,6.630660076530612,,,,,,
Random,3327,9.710567474365234,13.779359817504885,370,1,15,20,6.630660076530612,,,,,,
Superpixel,8828,5.53730309009552,7.364414691925049,371,1,11,20,17.59406887755102,,,,,,
CAM,8828,4.922575950622559,7.364414691925049,371,1,11,20,17.59406887755102,,,,,,
FAM,8828,4.433878421783447,7.364414691925049,371,1,11,20,17.59406887755102,,,,,,
Random,8828,7.772894859313965,7.364414691925049,371,1,11,20,17.59406887755102,,,,,,
Superpixel,6987,0.7857351303100586,12.759831428527832,372,1,14,20,13.92498405612245,,,,,,
CAM,6987,12.89551766216755,12.759831428527832,372,1,14,20,13.92498405612245,,,,,,
FAM,6987,1.4146299362182615,12.759831428527832,372,1,14,20,13.92498405612245,,,,,,
Random,6987,3.4646425247192383,12.759831428527832,372,1,14,20,13.92498405612245,,,,,,
Superpixel,1985,8.313088655471802,12.169473648071287,373,1,14,20,3.9560746173469385,,,,,,
CAM,1985,2.4226436614990234,12.169473648071287,373,1,14,20,3.9560746173469385,,,,,,
FAM,1985,2.7389698028564453,12.169473648071287,373,1,14,20,3.9560746173469385,,,,,,
Random,1985,1.1662731170654297,12.169473648071287,373,1,14,20,3.9560746173469385,,,,,,
Superpixel,2513,8.329207420349121,12.124338150024414,374,1,13,20,5.008370535714286,,,,,,
CAM,2513,6.964939594268799,12.124338150024414,374,1,13,20,5.008370535714286,,,,,,
FAM,2513,3.133331298828125,12.124338150024414,374,1,13,20,5.008370535714286,,,,,,
Random,2513,3.940950393676758,12.124338150024414,374,1,13,20,5.008370535714286,,,,,,
Superpixel,2340,5.21748685836792,12.336267471313477,375,1,13,20,4.6635841836734695,,,,,,
CAM,2340,5.241558074951172,12.336267471313477,375,1,13,20,4.6635841836734695,,,,,,
FAM,2340,2.74859619140625,12.336267471313477,375,1,13,20,4.6635841836734695,,,,,,
Random,2340,3.6731033325195312,12.336267471313477,375,1,13,20,4.6635841836734695,,,,,,
Superpixel,2506,12.39388057589531,12.838436126708984,376,1,14,20,4.994419642857143,,,,,,
CAM,2506,9.010697364807127,12.838436126708984,376,1,14,20,4.994419642857143,,,,,,
FAM,2506,-0.2940483093261719,12.838436126708984,376,1,14,20,4.994419642857143,,,,,,
Random,2506,4.972818851470947,12.838436126708984,376,1,14,20,4.994419642857143,,,,,,
Superpixel,2910,5.871754169464111,13.869569778442385,377,1,13,20,5.799585459183673,,,,,,
CAM,2910,9.326602458953856,13.869569778442385,377,1,13,20,5.799585459183673,,,,,,
FAM,2910,0.2414274215698242,13.869569778442385,377,1,13,20,5.799585459183673,,,,,,
Random,2910,2.153191566467285,13.869569778442385,377,1,13,20,5.799585459183673,,,,,,
Superpixel,4805,11.205378568731248,11.192914962768556,378,1,14,20,9.576291454081632,,,,,,
CAM,4805,11.499595910310743,11.192914962768556,378,1,14,20,9.576291454081632,,,,,,
FAM,4805,3.6653590202331534,11.192914962768556,378,1,14,20,9.576291454081632,,,,,,
Random,4805,-0.8444356918334961,11.192914962768556,378,1,14,20,9.576291454081632,,,,,,
Superpixel,2778,13.53246569633484,10.514068603515623,379,1,13,20,5.536511479591836,,,,,,
CAM,2778,10.93983432650566,10.514068603515623,379,1,13,20,5.536511479591836,,,,,,
FAM,2778,13.114750385284424,10.514068603515623,379,1,13,20,5.536511479591836,,,,,,
Random,2778,-5.785665512084961,10.514068603515623,379,1,13,20,5.536511479591836,,,,,,
Superpixel,1762,8.715562343597412,12.40369987487793,380,1,15,20,3.511639030612245,,,,,,
CAM,1762,9.77651071548462,12.40369987487793,380,1,15,20,3.511639030612245,,,,,,
FAM,1762,4.685993671417236,12.40369987487793,380,1,15,20,3.511639030612245,,,,,,
Random,1762,0.1542253494262695,12.40369987487793,380,1,15,20,3.511639030612245,,,,,,
Superpixel,2724,2.312647819519043,11.587076187133787,381,1,12,20,5.428890306122449,,,,,,
CAM,2724,2.622443199157715,11.587076187133787,381,1,12,20,5.428890306122449,,,,,,
FAM,2724,3.0006322860717773,11.587076187133787,381,1,12,20,5.428890306122449,,,,,,
Random,2724,0.8437929153442383,11.587076187133787,381,1,12,20,5.428890306122449,,,,,,
Superpixel,2587,1.429936408996582,9.604865074157717,382,1,15,20,5.155851403061225,,,,,,
CAM,2587,3.5140209197998047,9.604865074157717,382,1,15,20,5.155851403061225,,,,,,
FAM,2587,-0.6857118606567383,9.604865074157717,382,1,15,20,5.155851403061225,,,,,,
Random,2587,0.2847204208374023,9.604865074157717,382,1,15,20,5.155851403061225,,,,,,
Superpixel,1742,8.87512743473053,9.45546054840088,383,1,15,20,3.471779336734694,,,,,,
CAM,1742,4.470889568328857,9.45546054840088,383,1,15,20,3.471779336734694,,,,,,
FAM,1742,4.902627468109131,9.45546054840088,383,1,15,20,3.471779336734694,,,,,,
Random,1742,-0.331766128540039,9.45546054840088,383,1,15,20,3.471779336734694,,,,,,
Superpixel,3913,0.3001470565795898,10.80064582824707,384,1,15,20,7.798549107142858,,,,,,
CAM,3913,4.003918170928955,10.80064582824707,384,1,15,20,7.798549107142858,,,,,,
FAM,3913,3.50000524520874,10.80064582824707,384,1,15,20,7.798549107142858,,,,,,
Random,3913,-1.7130813598632812,10.80064582824707,384,1,15,20,7.798549107142858,,,,,,
Superpixel,3124,2.8907365798950195,10.962685585021973,385,1,16,20,6.2260841836734695,,,,,,
CAM,3124,3.706374168395996,10.962685585021973,385,1,16,20,6.2260841836734695,,,,,,
FAM,3124,2.5219545364379883,10.962685585021973,385,1,16,20,6.2260841836734695,,,,,,
Random,3124,1.576704978942871,10.962685585021973,385,1,16,20,6.2260841836734695,,,,,,
Superpixel,2538,2.553807258605957,11.96926212310791,386,1,14,20,5.058195153061225,,,,,,
CAM,2538,5.616105556488037,11.96926212310791,386,1,14,20,5.058195153061225,,,,,,
FAM,2538,2.167172431945801,11.96926212310791,386,1,14,20,5.058195153061225,,,,,,
Random,2538,1.2545127868652344,11.96926212310791,386,1,14,20,5.058195153061225,,,,,,
Superpixel,7842,6.258025169372559,12.72247314453125,387,1,13,20,15.628985969387754,,,,,,
CAM,7842,6.77082633972168,12.72247314453125,387,1,13,20,15.628985969387754,,,,,,
FAM,7842,3.909686088562012,12.72247314453125,387,1,13,20,15.628985969387754,,,,,,
Random,7842,0.238199234008789,12.72247314453125,387,1,13,20,15.628985969387754,,,,,,
Superpixel,8456,8.927165269851685,12.81272792816162,388,1,13,20,16.852678571428573,,,,,,
CAM,8456,10.88078773021698,12.81272792816162,388,1,13,20,16.852678571428573,,,,,,
FAM,8456,7.936390399932861,12.81272792816162,388,1,13,20,16.852678571428573,,,,,,
Random,8456,3.535956382751465,12.81272792816162,388,1,13,20,16.852678571428573,,,,,,
Superpixel,2887,-0.2410478591918945,14.838385581970217,389,1,14,20,5.75374681122449,,,,,,
CAM,2887,9.525355339050291,14.838385581970217,389,1,14,20,5.75374681122449,,,,,,
FAM,2887,11.544967412948608,14.838385581970217,389,1,14,20,5.75374681122449,,,,,,
Random,2887,1.515707015991211,14.838385581970217,389,1,14,20,5.75374681122449,,,,,,
Superpixel,4943,10.370186805725098,14.416349411010742,390,1,13,20,9.851323341836734,,,,,,
CAM,4943,6.978717803955078,14.416349411010742,390,1,13,20,9.851323341836734,,,,,,
FAM,4943,7.190412998199463,14.416349411010742,390,1,13,20,9.851323341836734,,,,,,
Random,4943,2.832612991333008,14.416349411010742,390,1,13,20,9.851323341836734,,,,,,
Superpixel,4302,8.176388502120972,10.637313842773438,391,1,12,20,8.573820153061225,,,,,,
CAM,4302,8.042505502700806,10.637313842773438,391,1,12,20,8.573820153061225,,,,,,
FAM,4302,8.644169449806213,10.637313842773438,391,1,12,20,8.573820153061225,,,,,,
Random,4302,7.089886903762817,10.637313842773438,391,1,12,20,8.573820153061225,,,,,,
Superpixel,5721,11.140309810638428,14.043931007385254,392,1,14,20,11.40186543367347,,,,,,
CAM,5721,13.031906962394714,14.043931007385254,392,1,14,20,11.40186543367347,,,,,,
FAM,5721,12.34214973449707,14.043931007385254,392,1,14,20,11.40186543367347,,,,,,
Random,5721,10.194871187210085,14.043931007385254,392,1,14,20,11.40186543367347,,,,,,
Superpixel,3468,6.4922285079956055,13.663690567016602,393,1,14,20,6.911670918367347,,,,,,
CAM,3468,7.488465785980225,13.663690567016602,393,1,14,20,6.911670918367347,,,,,,
FAM,3468,3.823394775390625,13.663690567016602,393,1,14,20,6.911670918367347,,,,,,
Random,3468,4.460693359375,13.663690567016602,393,1,14,20,6.911670918367347,,,,,,
Superpixel,6065,4.31462287902832,13.726884841918944,394,1,13,20,12.087452168367346,,,,,,
CAM,6065,5.088762283325195,13.726884841918944,394,1,13,20,12.087452168367346,,,,,,
FAM,6065,7.00677490234375,13.726884841918944,394,1,13,20,12.087452168367346,,,,,,
Random,6065,5.374395370483398,13.726884841918944,394,1,13,20,12.087452168367346,,,,,,
Superpixel,3382,10.158432006835938,9.495702743530272,395,1,15,20,6.740274234693877,,,,,,
CAM,3382,10.072109162807465,9.495702743530272,395,1,15,20,6.740274234693877,,,,,,
FAM,3382,10.619138836860657,9.495702743530272,395,1,15,20,6.740274234693877,,,,,,
Random,3382,6.251879215240479,9.495702743530272,395,1,15,20,6.740274234693877,,,,,,
Superpixel,10061,11.584669709205627,12.505420684814451,396,1,12,20,20.05141900510204,,,,,,
CAM,10061,10.66715121269226,12.505420684814451,396,1,12,20,20.05141900510204,,,,,,
FAM,10061,8.093739032745361,12.505420684814451,396,1,12,20,20.05141900510204,,,,,,
Random,10061,5.087264060974121,12.505420684814451,396,1,12,20,20.05141900510204,,,,,,
Superpixel,4714,12.285072922706604,14.099834442138672,397,1,14,20,9.394929846938776,,,,,,
CAM,4714,13.00534462928772,14.099834442138672,397,1,14,20,9.394929846938776,,,,,,
FAM,4714,10.492255926132202,14.099834442138672,397,1,14,20,9.394929846938776,,,,,,
Random,4714,5.468846321105957,14.099834442138672,397,1,14,20,9.394929846938776,,,,,,
Superpixel,7123,7.152237415313721,12.498822212219238,398,1,14,20,14.196029974489797,,,,,,
CAM,7123,11.134517192840576,12.498822212219238,398,1,14,20,14.196029974489797,,,,,,
FAM,7123,11.6393563747406,12.498822212219238,398,1,14,20,14.196029974489797,,,,,,
Random,7123,1.163191795349121,12.498822212219238,398,1,14,20,14.196029974489797,,,,,,
Superpixel,4590,0.3768062591552734,13.913810729980469,399,1,15,20,9.14779974489796,,,,,,
CAM,4590,6.532323837280273,13.913810729980469,399,1,15,20,9.14779974489796,,,,,,
FAM,4590,1.6446781158447266,13.913810729980469,399,1,15,20,9.14779974489796,,,,,,
Random,4590,3.367250442504883,13.913810729980469,399,1,15,20,9.14779974489796,,,,,,
Superpixel,5294,14.96071231365204,14.361162185668944,400,1,12,20,10.550860969387756,,,,,,
CAM,5294,12.7746000289917,14.361162185668944,400,1,12,20,10.550860969387756,,,,,,
FAM,5294,13.781107187271118,14.361162185668944,400,1,12,20,10.550860969387756,,,,,,
Random,5294,4.409945487976074,14.361162185668944,400,1,12,20,10.550860969387756,,,,,,
Superpixel,1918,1.442096710205078,13.111021041870115,401,1,14,20,3.8225446428571432,,,,,,
CAM,1918,5.335487365722656,13.111021041870115,401,1,14,20,3.8225446428571432,,,,,,
FAM,1918,6.169161796569824,13.111021041870115,401,1,14,20,3.8225446428571432,,,,,,
Random,1918,3.334627151489258,13.111021041870115,401,1,14,20,3.8225446428571432,,,,,,
Superpixel,6490,6.068103313446045,14.034173965454102,402,1,14,20,12.934470663265309,,,,,,
CAM,6490,7.197122573852539,14.034173965454102,402,1,14,20,12.934470663265309,,,,,,
FAM,6490,6.106554985046387,14.034173965454102,402,1,14,20,12.934470663265309,,,,,,
Random,6490,3.811708450317383,14.034173965454102,402,1,14,20,12.934470663265309,,,,,,
Superpixel,1990,2.504500389099121,13.451725959777832,403,1,13,20,3.966039540816327,,,,,,
CAM,1990,4.5541181564331055,13.451725959777832,403,1,13,20,3.966039540816327,,,,,,
FAM,1990,2.1193532943725586,13.451725959777832,403,1,13,20,3.966039540816327,,,,,,
Random,1990,2.276217460632324,13.451725959777832,403,1,13,20,3.966039540816327,,,,,,
Superpixel,3311,8.957153797149658,14.420814514160156,404,1,13,20,6.598772321428571,,,,,,
CAM,3311,7.04707145690918,14.420814514160156,404,1,13,20,6.598772321428571,,,,,,
FAM,3311,4.416522979736328,14.420814514160156,404,1,13,20,6.598772321428571,,,,,,
Random,3311,4.122279167175293,14.420814514160156,404,1,13,20,6.598772321428571,,,,,,
Superpixel,3771,0.1684608459472656,9.922111511230469,405,1,13,20,7.515545280612244,,,,,,
CAM,3771,9.126404523849487,9.922111511230469,405,1,13,20,7.515545280612244,,,,,,
FAM,3771,8.740954995155334,9.922111511230469,405,1,13,20,7.515545280612244,,,,,,
Random,3771,1.715463638305664,9.922111511230469,405,1,13,20,7.515545280612244,,,,,,
Superpixel,3971,16.22129714488983,16.47260284423828,406,1,10,20,7.914142219387756,,,,,,
CAM,3971,12.521857738494871,16.47260284423828,406,1,10,20,7.914142219387756,,,,,,
FAM,3971,12.001376628875732,16.47260284423828,406,1,10,20,7.914142219387756,,,,,,
Random,3971,2.124539375305176,16.47260284423828,406,1,10,20,7.914142219387756,,,,,,
Superpixel,1716,1.6378202438354492,9.179950714111328,407,1,15,20,3.419961734693878,,,,,,
CAM,1716,7.355788230895996,9.179950714111328,407,1,15,20,3.419961734693878,,,,,,
FAM,1716,5.948651075363159,9.179950714111328,407,1,15,20,3.419961734693878,,,,,,
Random,1716,6.69024133682251,9.179950714111328,407,1,15,20,3.419961734693878,,,,,,
Superpixel,4172,0.125894546508789,11.914968490600586,408,1,12,20,8.314732142857142,,,,,,
CAM,4172,5.059878349304199,11.914968490600586,408,1,12,20,8.314732142857142,,,,,,
FAM,4172,2.6656646728515625,11.914968490600586,408,1,12,20,8.314732142857142,,,,,,
Random,4172,1.2003564834594729,11.914968490600586,408,1,12,20,8.314732142857142,,,,,,
Superpixel,6166,6.4908857345581055,15.533082008361816,409,1,13,20,12.28874362244898,,,,,,
CAM,6166,11.38991117477417,15.533082008361816,409,1,13,20,12.28874362244898,,,,,,
FAM,6166,11.500776290893556,15.533082008361816,409,1,13,20,12.28874362244898,,,,,,
Random,6166,3.266033172607422,15.533082008361816,409,1,13,20,12.28874362244898,,,,,,
Superpixel,3187,0.6591329574584961,10.72856616973877,410,1,14,20,6.351642219387756,,,,,,
CAM,3187,5.43837308883667,10.72856616973877,410,1,14,20,6.351642219387756,,,,,,
FAM,3187,6.453412055969238,10.72856616973877,410,1,14,20,6.351642219387756,,,,,,
Random,3187,5.374470233917236,10.72856616973877,410,1,14,20,6.351642219387756,,,,,,
Superpixel,3957,0.457890510559082,14.577210426330566,411,1,13,20,7.886240433673469,,,,,,
CAM,3957,11.267946481704712,14.577210426330566,411,1,13,20,7.886240433673469,,,,,,
FAM,3957,10.354272365570068,14.577210426330566,411,1,13,20,7.886240433673469,,,,,,
Random,3957,3.745053291320801,14.577210426330566,411,1,13,20,7.886240433673469,,,,,,
Superpixel,3014,12.040817499160768,15.82571506500244,412,1,14,20,6.006855867346939,,,,,,
CAM,3014,10.750836372375488,15.82571506500244,412,1,14,20,6.006855867346939,,,,,,
FAM,3014,6.434056282043457,15.82571506500244,412,1,14,20,6.006855867346939,,,,,,
Random,3014,9.431767463684082,15.82571506500244,412,1,14,20,6.006855867346939,,,,,,
Superpixel,5242,10.129853516817091,9.7201509475708,413,1,15,20,10.447225765306122,,,,,,
CAM,5242,11.023980975151062,9.7201509475708,413,1,15,20,10.447225765306122,,,,,,
FAM,5242,9.822789750993252,9.7201509475708,413,1,15,20,10.447225765306122,,,,,,
Random,5242,9.44090300798416,9.7201509475708,413,1,15,20,10.447225765306122,,,,,,
Superpixel,3213,8.647646427154541,13.540246963500977,414,1,13,20,6.403459821428571,,,,,,
CAM,3213,4.558235168457031,13.540246963500977,414,1,13,20,6.403459821428571,,,,,,
FAM,3213,7.216099262237549,13.540246963500977,414,1,13,20,6.403459821428571,,,,,,
Random,3213,0.3140163421630859,13.540246963500977,414,1,13,20,6.403459821428571,,,,,,
Superpixel,2071,6.781067848205566,15.002659797668455,415,1,14,20,4.127471301020408,,,,,,
CAM,2071,3.658737182617188,15.002659797668455,415,1,14,20,4.127471301020408,,,,,,
FAM,2071,7.190701007843018,15.002659797668455,415,1,14,20,4.127471301020408,,,,,,
Random,2071,3.403212547302246,15.002659797668455,415,1,14,20,4.127471301020408,,,,,,
Superpixel,3230,2.973541259765625,14.43680191040039,416,1,15,20,6.43734056122449,,,,,,
CAM,3230,3.854367256164551,14.43680191040039,416,1,15,20,6.43734056122449,,,,,,
FAM,3230,3.3656139373779297,14.43680191040039,416,1,15,20,6.43734056122449,,,,,,
Random,3230,2.9736328125,14.43680191040039,416,1,15,20,6.43734056122449,,,,,,
Superpixel,4757,10.739259243011476,14.637850761413574,417,1,12,20,9.48062818877551,,,,,,
CAM,4757,9.849101543426514,14.637850761413574,417,1,12,20,9.48062818877551,,,,,,
FAM,4757,8.399108409881592,14.637850761413574,417,1,12,20,9.48062818877551,,,,,,
Random,4757,6.000102043151856,14.637850761413574,417,1,12,20,9.48062818877551,,,,,,
Superpixel,7393,12.369060277938845,12.88090705871582,418,1,14,20,14.734135841836734,,,,,,
CAM,7393,13.68466317653656,12.88090705871582,418,1,14,20,14.734135841836734,,,,,,
FAM,7393,12.33599191904068,12.88090705871582,418,1,14,20,14.734135841836734,,,,,,
Random,7393,6.404551029205322,12.88090705871582,418,1,14,20,14.734135841836734,,,,,,
Superpixel,4308,4.555232524871826,12.210949897766112,419,1,12,20,8.58577806122449,,,,,,
CAM,4308,4.1505231857299805,12.210949897766112,419,1,12,20,8.58577806122449,,,,,,
FAM,4308,3.843503952026367,12.210949897766112,419,1,12,20,8.58577806122449,,,,,,
Random,4308,4.144415855407715,12.210949897766112,419,1,12,20,8.58577806122449,,,,,,
Superpixel,4825,0.7116165161132812,14.427797317504885,420,1,14,20,9.616151147959185,,,,,,
CAM,4825,4.192216873168945,14.427797317504885,420,1,14,20,9.616151147959185,,,,,,
FAM,4825,4.059902191162109,14.427797317504885,420,1,14,20,9.616151147959185,,,,,,
Random,4825,6.166845321655273,14.427797317504885,420,1,14,20,9.616151147959185,,,,,,
Superpixel,4904,9.028923034667969,16.625398635864258,421,1,14,20,9.77359693877551,,,,,,
CAM,4904,8.170917510986328,16.625398635864258,421,1,14,20,9.77359693877551,,,,,,
FAM,4904,5.766565322875977,16.625398635864258,421,1,14,20,9.77359693877551,,,,,,
Random,4904,8.202374458312988,16.625398635864258,421,1,14,20,9.77359693877551,,,,,,
Superpixel,2704,2.5370445251464844,13.700872421264648,422,1,16,20,5.389030612244898,,,,,,
CAM,2704,2.0365238189697266,13.700872421264648,422,1,16,20,5.389030612244898,,,,,,
FAM,2704,1.5596599578857422,13.700872421264648,422,1,16,20,5.389030612244898,,,,,,
Random,2704,2.875380516052246,13.700872421264648,422,1,16,20,5.389030612244898,,,,,,
Superpixel,1822,9.668842792510986,11.946178436279297,423,1,14,20,3.631218112244898,,,,,,
CAM,1822,9.304971933364868,11.946178436279297,423,1,14,20,3.631218112244898,,,,,,
FAM,1822,2.162718772888184,11.946178436279297,423,1,14,20,3.631218112244898,,,,,,
Random,1822,3.153319358825684,11.946178436279297,423,1,14,20,3.631218112244898,,,,,,
Superpixel,2337,3.729698181152344,14.980913162231444,424,1,15,20,4.657605229591836,,,,,,
CAM,2337,6.996371269226074,14.980913162231444,424,1,15,20,4.657605229591836,,,,,,
FAM,2337,2.18465518951416,14.980913162231444,424,1,15,20,4.657605229591836,,,,,,
Random,2337,1.7640905380249023,14.980913162231444,424,1,15,20,4.657605229591836,,,,,,
Superpixel,5649,2.900829315185547,12.120121002197266,425,1,12,20,11.258370535714286,,,,,,
CAM,5649,5.79164457321167,12.120121002197266,425,1,12,20,11.258370535714286,,,,,,
FAM,5649,3.2587623596191406,12.120121002197266,425,1,12,20,11.258370535714286,,,,,,
Random,5649,0.7203960418701172,12.120121002197266,425,1,12,20,11.258370535714286,,,,,,
Superpixel,2661,4.455302238464356,15.36510944366455,426,1,13,20,5.303332270408164,,,,,,
CAM,2661,7.565322399139404,15.36510944366455,426,1,13,20,5.303332270408164,,,,,,
FAM,2661,5.366599082946777,15.36510944366455,426,1,13,20,5.303332270408164,,,,,,
Random,2661,3.55496883392334,15.36510944366455,426,1,13,20,5.303332270408164,,,,,,
Superpixel,4312,8.593586921691895,16.099628448486328,427,1,15,20,8.59375,,,,,,
CAM,4312,12.502587795257568,16.099628448486328,427,1,15,20,8.59375,,,,,,
FAM,4312,10.419418334960938,16.099628448486328,427,1,15,20,8.59375,,,,,,
Random,4312,11.921262264251707,16.099628448486328,427,1,15,20,8.59375,,,,,,
Superpixel,3708,3.079453468322754,13.853906631469728,428,1,14,20,7.389987244897959,,,,,,
CAM,3708,3.4819107055664062,13.853906631469728,428,1,14,20,7.389987244897959,,,,,,
FAM,3708,2.7672367095947266,13.853906631469728,428,1,14,20,7.389987244897959,,,,,,
Random,3708,0.9072093963623048,13.853906631469728,428,1,14,20,7.389987244897959,,,,,,
Superpixel,4410,3.5978615283966064,7.009143352508545,429,1,13,20,8.7890625,,,,,,
CAM,4410,6.738471806049347,7.009143352508545,429,1,13,20,8.7890625,,,,,,
FAM,4410,3.596385717391968,7.009143352508545,429,1,13,20,8.7890625,,,,,,
Random,4410,5.381807804107666,7.009143352508545,429,1,13,20,8.7890625,,,,,,
Superpixel,1623,8.1759033203125,11.486364364624023,430,1,13,20,3.2346141581632653,,,,,,
CAM,1623,7.418257713317871,11.486364364624023,430,1,13,20,3.2346141581632653,,,,,,
FAM,1623,5.792339324951172,11.486364364624023,430,1,13,20,3.2346141581632653,,,,,,
Random,1623,3.0736703872680664,11.486364364624023,430,1,13,20,3.2346141581632653,,,,,,
Superpixel,3720,1.4056215286254885,12.940951347351074,431,1,15,20,7.41390306122449,,,,,,
CAM,3720,2.9108762741088867,12.940951347351074,431,1,15,20,7.41390306122449,,,,,,
FAM,3720,1.929696083068848,12.940951347351074,431,1,15,20,7.41390306122449,,,,,,
Random,3720,7.408076286315918,12.940951347351074,431,1,15,20,7.41390306122449,,,,,,
Superpixel,4809,10.076855659484863,10.296008110046388,432,1,14,20,9.584263392857142,,,,,,
CAM,4809,4.710657596588135,10.296008110046388,432,1,14,20,9.584263392857142,,,,,,
FAM,4809,5.6095871925354,10.296008110046388,432,1,14,20,9.584263392857142,,,,,,
Random,4809,0.9030752182006836,10.296008110046388,432,1,14,20,9.584263392857142,,,,,,
Superpixel,4013,8.874645233154297,11.46733283996582,433,1,15,20,7.997847576530612,,,,,,
CAM,4013,10.833301484584808,11.46733283996582,433,1,15,20,7.997847576530612,,,,,,
FAM,4013,7.196136951446533,11.46733283996582,433,1,15,20,7.997847576530612,,,,,,
Random,4013,1.479597091674805,11.46733283996582,433,1,15,20,7.997847576530612,,,,,,
Superpixel,4157,7.861395359039307,15.526396751403809,434,1,14,20,8.28483737244898,,,,,,
CAM,4157,3.968327522277832,15.526396751403809,434,1,14,20,8.28483737244898,,,,,,
FAM,4157,5.074043273925781,15.526396751403809,434,1,14,20,8.28483737244898,,,,,,
Random,4157,6.033642768859863,15.526396751403809,434,1,14,20,8.28483737244898,,,,,,
Superpixel,2807,3.340194702148437,14.731511116027832,435,1,13,20,5.594308035714286,,,,,,
CAM,2807,3.556604385375977,14.731511116027832,435,1,13,20,5.594308035714286,,,,,,
FAM,2807,1.606766700744629,14.731511116027832,435,1,13,20,5.594308035714286,,,,,,
Random,2807,3.4615907669067383,14.731511116027832,435,1,13,20,5.594308035714286,,,,,,
Superpixel,3518,2.7490949630737305,13.77619743347168,436,1,14,20,7.011320153061225,,,,,,
CAM,3518,3.101251602172852,13.77619743347168,436,1,14,20,7.011320153061225,,,,,,
FAM,3518,3.753694534301758,13.77619743347168,436,1,14,20,7.011320153061225,,,,,,
Random,3518,5.489184379577637,13.77619743347168,436,1,14,20,7.011320153061225,,,,,,
Superpixel,1849,1.872781753540039,11.253127098083496,437,1,15,20,3.685028698979592,,,,,,
CAM,1849,-0.0859518051147461,11.253127098083496,437,1,15,20,3.685028698979592,,,,,,
FAM,1849,1.1193113327026367,11.253127098083496,437,1,15,20,3.685028698979592,,,,,,
Random,1849,-0.9526872634887696,11.253127098083496,437,1,15,20,3.685028698979592,,,,,,
Superpixel,2443,5.494283676147461,16.001462936401367,438,1,14,20,4.868861607142857,,,,,,
CAM,2443,6.434225082397461,16.001462936401367,438,1,14,20,4.868861607142857,,,,,,
FAM,2443,9.013088703155518,16.001462936401367,438,1,14,20,4.868861607142857,,,,,,
Random,2443,5.588287353515625,16.001462936401367,438,1,14,20,4.868861607142857,,,,,,
Superpixel,5092,9.619055271148682,7.564890384674072,439,1,13,20,10.14827806122449,,,,,,
CAM,5092,4.177108287811279,7.564890384674072,439,1,13,20,10.14827806122449,,,,,,
FAM,5092,5.261102676391602,7.564890384674072,439,1,13,20,10.14827806122449,,,,,,
Random,5092,2.232368469238281,7.564890384674072,439,1,13,20,10.14827806122449,,,,,,
Superpixel,3699,3.964854240417481,11.33091163635254,440,1,15,20,7.372050382653061,,,,,,
CAM,3699,5.39848518371582,11.33091163635254,440,1,15,20,7.372050382653061,,,,,,
FAM,3699,3.7294692993164062,11.33091163635254,440,1,15,20,7.372050382653061,,,,,,
Random,3699,4.112563133239746,11.33091163635254,440,1,15,20,7.372050382653061,,,,,,
Superpixel,3459,2.667911529541016,13.593206405639648,441,1,13,20,6.893734056122448,,,,,,
CAM,3459,2.5963287353515625,13.593206405639648,441,1,13,20,6.893734056122448,,,,,,
FAM,3459,2.052186965942383,13.593206405639648,441,1,13,20,6.893734056122448,,,,,,
Random,3459,4.955038070678711,13.593206405639648,441,1,13,20,6.893734056122448,,,,,,
Superpixel,3365,-0.0847740173339843,12.406341552734377,442,1,14,20,6.706393494897959,,,,,,
CAM,3365,0.6571874618530273,12.406341552734377,442,1,14,20,6.706393494897959,,,,,,
FAM,3365,-0.0880889892578125,12.406341552734377,442,1,14,20,6.706393494897959,,,,,,
Random,3365,2.7156810760498047,12.406341552734377,442,1,14,20,6.706393494897959,,,,,,
Superpixel,5756,4.947818756103516,17.11969757080078,443,1,11,20,11.471619897959185,,,,,,
CAM,5756,9.908257484436035,17.11969757080078,443,1,11,20,11.471619897959185,,,,,,
FAM,5756,11.0041823387146,17.11969757080078,443,1,11,20,11.471619897959185,,,,,,
Random,5756,0.6121139526367188,17.11969757080078,443,1,11,20,11.471619897959185,,,,,,
Superpixel,5159,10.570083141326904,12.829252243041992,444,1,14,20,10.281808035714286,,,,,,
CAM,5159,8.086804866790771,12.829252243041992,444,1,14,20,10.281808035714286,,,,,,
FAM,5159,9.237290620803831,12.829252243041992,444,1,14,20,10.281808035714286,,,,,,
Random,5159,7.006231784820557,12.829252243041992,444,1,14,20,10.281808035714286,,,,,,
Superpixel,2752,3.0930843353271484,11.656576156616213,445,1,13,20,5.48469387755102,,,,,,
CAM,2752,2.53091049194336,11.656576156616213,445,1,13,20,5.48469387755102,,,,,,
FAM,2752,2.6832990646362305,11.656576156616213,445,1,13,20,5.48469387755102,,,,,,
Random,2752,-1.0079612731933594,11.656576156616213,445,1,13,20,5.48469387755102,,,,,,
Superpixel,2210,3.625592231750488,13.522462844848633,446,1,15,20,4.404496173469387,,,,,,
CAM,2210,2.5560827255249023,13.522462844848633,446,1,15,20,4.404496173469387,,,,,,
FAM,2210,1.6839122772216797,13.522462844848633,446,1,15,20,4.404496173469387,,,,,,
Random,2210,1.5923824310302734,13.522462844848633,446,1,15,20,4.404496173469387,,,,,,
Superpixel,2845,6.447701454162598,15.200650215148926,447,1,15,20,5.670041454081633,,,,,,
CAM,2845,6.605443000793457,15.200650215148926,447,1,15,20,5.670041454081633,,,,,,
FAM,2845,-0.1179122924804687,15.200650215148926,447,1,15,20,5.670041454081633,,,,,,
Random,2845,0.4941082000732422,15.200650215148926,447,1,15,20,5.670041454081633,,,,,,
Superpixel,3465,2.3603944778442383,15.618755340576172,448,1,15,20,6.9056919642857135,,,,,,
CAM,3465,0.6851978302001953,15.618755340576172,448,1,15,20,6.9056919642857135,,,,,,
FAM,3465,-1.8076095581054688,15.618755340576172,448,1,15,20,6.9056919642857135,,,,,,
Random,3465,1.8950872421264648,15.618755340576172,448,1,15,20,6.9056919642857135,,,,,,
Superpixel,1814,2.1634521484375,10.138473510742188,449,1,12,20,3.615274234693878,,,,,,
CAM,1814,5.388012886047363,10.138473510742188,449,1,12,20,3.615274234693878,,,,,,
FAM,1814,2.8772497177124023,10.138473510742188,449,1,12,20,3.615274234693878,,,,,,
Random,1814,0.7918052673339844,10.138473510742188,449,1,12,20,3.615274234693878,,,,,,
Superpixel,4645,1.5683584213256836,11.010433197021484,450,1,13,20,9.257413903061224,,,,,,
CAM,4645,4.198699474334717,11.010433197021484,450,1,13,20,9.257413903061224,,,,,,
FAM,4645,-0.7175388336181641,11.010433197021484,450,1,13,20,9.257413903061224,,,,,,
Random,4645,7.824954271316528,11.010433197021484,450,1,13,20,9.257413903061224,,,,,,
Superpixel,1658,0.8128252029418945,13.473461151123049,451,1,15,20,3.30436862244898,,,,,,
CAM,1658,4.83187198638916,13.473461151123049,451,1,15,20,3.30436862244898,,,,,,
FAM,1658,5.213222503662109,13.473461151123049,451,1,15,20,3.30436862244898,,,,,,
Random,1658,-0.3763818740844726,13.473461151123049,451,1,15,20,3.30436862244898,,,,,,
Superpixel,4952,9.161468982696531,13.558069229125977,452,1,12,20,9.869260204081632,,,,,,
CAM,4952,9.19729709625244,13.558069229125977,452,1,12,20,9.869260204081632,,,,,,
FAM,4952,8.642435073852539,13.558069229125977,452,1,12,20,9.869260204081632,,,,,,
Random,4952,2.401090621948242,13.558069229125977,452,1,12,20,9.869260204081632,,,,,,
Superpixel,5189,0.9812297821044922,15.751117706298828,453,1,12,20,10.341597576530612,,,,,,
CAM,5189,11.76262068748474,15.751117706298828,453,1,12,20,10.341597576530612,,,,,,
FAM,5189,3.19111442565918,15.751117706298828,453,1,12,20,10.341597576530612,,,,,,
Random,5189,5.693367958068848,15.751117706298828,453,1,12,20,10.341597576530612,,,,,,
Superpixel,3850,0.2143459320068359,10.423739433288574,454,1,15,20,7.672991071428571,,,,,,
CAM,3850,2.9942212104797363,10.423739433288574,454,1,15,20,7.672991071428571,,,,,,
FAM,3850,4.429756164550781,10.423739433288574,454,1,15,20,7.672991071428571,,,,,,
Random,3850,4.610836505889893,10.423739433288574,454,1,15,20,7.672991071428571,,,,,,
Superpixel,2942,8.131502151489258,12.612786293029783,455,1,16,20,5.863360969387755,,,,,,
CAM,2942,7.264474391937256,12.612786293029783,455,1,16,20,5.863360969387755,,,,,,
FAM,2942,5.55753231048584,12.612786293029783,455,1,16,20,5.863360969387755,,,,,,
Random,2942,9.197986125946043,12.612786293029783,455,1,16,20,5.863360969387755,,,,,,
Superpixel,2400,2.6968555450439453,14.01921272277832,456,1,14,20,4.783163265306122,,,,,,
CAM,2400,5.1347198486328125,14.01921272277832,456,1,14,20,4.783163265306122,,,,,,
FAM,2400,0.0028877258300781,14.01921272277832,456,1,14,20,4.783163265306122,,,,,,
Random,2400,-0.372323989868164,14.01921272277832,456,1,14,20,4.783163265306122,,,,,,
Superpixel,5976,4.286373138427734,7.960134506225586,457,1,14,20,11.910076530612244,,,,,,
CAM,5976,4.091216325759888,7.960134506225586,457,1,14,20,11.910076530612244,,,,,,
FAM,5976,5.807652711868286,7.960134506225586,457,1,14,20,11.910076530612244,,,,,,
Random,5976,1.11155366897583,7.960134506225586,457,1,14,20,11.910076530612244,,,,,,
Superpixel,4709,4.007196426391602,12.166885375976562,458,1,14,20,9.384964923469388,,,,,,
CAM,4709,4.157613754272461,12.166885375976562,458,1,14,20,9.384964923469388,,,,,,
FAM,4709,5.002347469329834,12.166885375976562,458,1,14,20,9.384964923469388,,,,,,
Random,4709,6.160789012908936,12.166885375976562,458,1,14,20,9.384964923469388,,,,,,
Superpixel,4099,2.4013023376464844,14.432561874389648,459,1,12,20,8.169244260204081,,,,,,
CAM,4099,9.83142900466919,14.432561874389648,459,1,12,20,8.169244260204081,,,,,,
FAM,4099,10.026034832000732,14.432561874389648,459,1,12,20,8.169244260204081,,,,,,
Random,4099,9.376797199249268,14.432561874389648,459,1,12,20,8.169244260204081,,,,,,
Superpixel,10123,6.494781494140625,15.38392734527588,460,1,12,20,20.17498405612245,,,,,,
CAM,10123,12.81029224395752,15.38392734527588,460,1,12,20,20.17498405612245,,,,,,
FAM,10123,10.45955514907837,15.38392734527588,460,1,12,20,20.17498405612245,,,,,,
Random,10123,11.880496263504028,15.38392734527588,460,1,12,20,20.17498405612245,,,,,,
Superpixel,5932,-1.2061233520507812,13.74164867401123,461,1,13,20,11.822385204081632,,,,,,
CAM,5932,7.994690895080566,13.74164867401123,461,1,13,20,11.822385204081632,,,,,,
FAM,5932,5.36181640625,13.74164867401123,461,1,13,20,11.822385204081632,,,,,,
Random,5932,6.87714433670044,13.74164867401123,461,1,13,20,11.822385204081632,,,,,,
Superpixel,4715,0.7124195098876953,12.440019607543944,462,1,13,20,9.396922831632654,,,,,,
CAM,4715,9.443490505218506,12.440019607543944,462,1,13,20,9.396922831632654,,,,,,
FAM,4715,9.572824716567991,12.440019607543944,462,1,13,20,9.396922831632654,,,,,,
Random,4715,4.131852149963379,12.440019607543944,462,1,13,20,9.396922831632654,,,,,,
Superpixel,4181,14.312299966812134,17.04639434814453,463,1,15,20,8.33266900510204,,,,,,
CAM,4181,13.001446723937988,17.04639434814453,463,1,15,20,8.33266900510204,,,,,,
FAM,4181,7.983448028564453,17.04639434814453,463,1,15,20,8.33266900510204,,,,,,
Random,4181,3.685481071472168,17.04639434814453,463,1,15,20,8.33266900510204,,,,,,
Superpixel,2471,3.211354255676269,11.91197681427002,464,1,14,20,4.924665178571429,,,,,,
CAM,2471,2.5998220443725586,11.91197681427002,464,1,14,20,4.924665178571429,,,,,,
FAM,2471,4.472157955169678,11.91197681427002,464,1,14,20,4.924665178571429,,,,,,
Random,2471,3.877903938293457,11.91197681427002,464,1,14,20,4.924665178571429,,,,,,
Superpixel,2610,5.490421772003174,10.815690994262695,465,1,14,20,5.201690051020408,,,,,,
CAM,2610,5.752268314361572,10.815690994262695,465,1,14,20,5.201690051020408,,,,,,
FAM,2610,3.074340343475342,10.815690994262695,465,1,14,20,5.201690051020408,,,,,,
Random,2610,5.667586803436279,10.815690994262695,465,1,14,20,5.201690051020408,,,,,,
Superpixel,2808,7.0196839570999146,8.3627290725708,466,1,14,20,5.596301020408164,,,,,,
CAM,2808,2.9440932273864746,8.3627290725708,466,1,14,20,5.596301020408164,,,,,,
FAM,2808,2.895944595336914,8.3627290725708,466,1,14,20,5.596301020408164,,,,,,
Random,2808,-0.1996726989746093,8.3627290725708,466,1,14,20,5.596301020408164,,,,,,
Superpixel,5715,4.5357208251953125,13.153190612792969,467,1,15,20,11.389907525510203,,,,,,
CAM,5715,9.359279870986938,13.153190612792969,467,1,15,20,11.389907525510203,,,,,,
FAM,5715,6.243068218231201,13.153190612792969,467,1,15,20,11.389907525510203,,,,,,
Random,5715,6.766495227813721,13.153190612792969,467,1,15,20,11.389907525510203,,,,,,
Superpixel,2865,7.774505376815796,8.847951889038086,468,1,14,20,5.709901147959184,,,,,,
CAM,2865,7.677023410797119,8.847951889038086,468,1,14,20,5.709901147959184,,,,,,
FAM,2865,6.29016900062561,8.847951889038086,468,1,14,20,5.709901147959184,,,,,,
Random,2865,6.697816371917725,8.847951889038086,468,1,14,20,5.709901147959184,,,,,,
Superpixel,5397,4.42747163772583,9.869564056396484,469,1,15,20,10.756138392857142,,,,,,
CAM,5397,5.285600662231445,9.869564056396484,469,1,15,20,10.756138392857142,,,,,,
FAM,5397,6.310159921646118,9.869564056396484,469,1,15,20,10.756138392857142,,,,,,
Random,5397,3.295687675476074,9.869564056396484,469,1,15,20,10.756138392857142,,,,,,
Superpixel,4758,3.2731471061706543,8.535066604614258,470,1,15,20,9.482621173469388,,,,,,
CAM,4758,2.633347511291504,8.535066604614258,470,1,15,20,9.482621173469388,,,,,,
FAM,4758,3.2779321670532227,8.535066604614258,470,1,15,20,9.482621173469388,,,,,,
Random,4758,1.3965129852294922,8.535066604614258,470,1,15,20,9.482621173469388,,,,,,
Superpixel,5433,6.654154300689697,12.632489204406738,471,1,13,20,10.827885841836734,,,,,,
CAM,5433,8.577484130859375,12.632489204406738,471,1,13,20,10.827885841836734,,,,,,
FAM,5433,7.35852575302124,12.632489204406738,471,1,13,20,10.827885841836734,,,,,,
Random,5433,8.52953052520752,12.632489204406738,471,1,13,20,10.827885841836734,,,,,,
Superpixel,10564,9.653947353363035,12.620854377746582,472,1,11,20,21.05389030612245,,,,,,
CAM,10564,8.870641946792603,12.620854377746582,472,1,11,20,21.05389030612245,,,,,,
FAM,10564,4.732024192810059,12.620854377746582,472,1,11,20,21.05389030612245,,,,,,
Random,10564,6.64784049987793,12.620854377746582,472,1,11,20,21.05389030612245,,,,,,
Superpixel,3297,4.051013946533203,13.987737655639648,473,1,15,20,6.570870535714287,,,,,,
CAM,3297,9.259029865264893,13.987737655639648,473,1,15,20,6.570870535714287,,,,,,
FAM,3297,6.75198221206665,13.987737655639648,473,1,15,20,6.570870535714287,,,,,,
Random,3297,8.525057315826416,13.987737655639648,473,1,15,20,6.570870535714287,,,,,,
Superpixel,3749,-0.9410276412963868,8.992033958435059,474,1,14,20,7.471699617346939,,,,,,
CAM,3749,6.987767934799194,8.992033958435059,474,1,14,20,7.471699617346939,,,,,,
FAM,3749,7.252397775650024,8.992033958435059,474,1,14,20,7.471699617346939,,,,,,
Random,3749,5.680599689483643,8.992033958435059,474,1,14,20,7.471699617346939,,,,,,
Superpixel,3834,9.355669498443604,13.59919548034668,475,1,14,20,7.64110331632653,,,,,,
CAM,3834,9.231760501861572,13.59919548034668,475,1,14,20,7.64110331632653,,,,,,
FAM,3834,11.465797185897827,13.59919548034668,475,1,14,20,7.64110331632653,,,,,,
Random,3834,1.947612762451172,13.59919548034668,475,1,14,20,7.64110331632653,,,,,,
Superpixel,5827,4.967776775360107,11.059993743896484,476,1,13,20,11.61312181122449,,,,,,
CAM,5827,7.817883253097534,11.059993743896484,476,1,13,20,11.61312181122449,,,,,,
FAM,5827,8.400446891784668,11.059993743896484,476,1,13,20,11.61312181122449,,,,,,
Random,5827,2.8965635299682617,11.059993743896484,476,1,13,20,11.61312181122449,,,,,,
Superpixel,6673,0.032745361328125,9.515256881713867,477,1,13,20,13.299186862244897,,,,,,
CAM,6673,7.635573506355286,9.515256881713867,477,1,13,20,13.299186862244897,,,,,,
FAM,6673,5.654272079467773,9.515256881713867,477,1,13,20,13.299186862244897,,,,,,
Random,6673,1.4734821319580078,9.515256881713867,477,1,13,20,13.299186862244897,,,,,,
Superpixel,2402,4.255808591842651,8.106038093566895,478,1,14,20,4.787149234693878,,,,,,
CAM,2402,-0.8559970855712891,8.106038093566895,478,1,14,20,4.787149234693878,,,,,,
FAM,2402,1.924433708190918,8.106038093566895,478,1,14,20,4.787149234693878,,,,,,
Random,2402,-0.2742090225219726,8.106038093566895,478,1,14,20,4.787149234693878,,,,,,
Superpixel,4949,5.441461086273193,9.32462215423584,479,1,11,20,9.86328125,,,,,,
CAM,4949,8.59142380952835,9.32462215423584,479,1,11,20,9.86328125,,,,,,
FAM,4949,1.951519012451172,9.32462215423584,479,1,11,20,9.86328125,,,,,,
Random,4949,1.9131479263305664,9.32462215423584,479,1,11,20,9.86328125,,,,,,
Superpixel,3667,4.25821590423584,8.69333267211914,480,1,14,20,7.308274872448979,,,,,,
CAM,3667,5.215533018112183,8.69333267211914,480,1,14,20,7.308274872448979,,,,,,
FAM,3667,5.385760307312012,8.69333267211914,480,1,14,20,7.308274872448979,,,,,,
Random,3667,6.797649025917053,8.69333267211914,480,1,14,20,7.308274872448979,,,,,,
Superpixel,1857,7.79157543182373,12.91010856628418,481,1,16,20,3.700972576530612,,,,,,
CAM,1857,4.96604585647583,12.91010856628418,481,1,16,20,3.700972576530612,,,,,,
FAM,1857,0.7544822692871094,12.91010856628418,481,1,16,20,3.700972576530612,,,,,,
Random,1857,0.4964189529418945,12.91010856628418,481,1,16,20,3.700972576530612,,,,,,
Superpixel,3107,2.0966835021972656,11.24067497253418,482,1,13,20,6.192203443877551,,,,,,
CAM,3107,5.426558971405029,11.24067497253418,482,1,13,20,6.192203443877551,,,,,,
FAM,3107,6.718808650970459,11.24067497253418,482,1,13,20,6.192203443877551,,,,,,
Random,3107,0.9801979064941406,11.24067497253418,482,1,13,20,6.192203443877551,,,,,,
Superpixel,4587,3.784536361694336,12.510856628417969,483,1,14,20,9.141820790816327,,,,,,
CAM,4587,6.193893432617188,12.510856628417969,483,1,14,20,9.141820790816327,,,,,,
FAM,4587,0.9583492279052734,12.510856628417969,483,1,14,20,9.141820790816327,,,,,,
Random,4587,0.8291358947753906,12.510856628417969,483,1,14,20,9.141820790816327,,,,,,
Superpixel,5471,2.4074716567993164,13.336052894592283,484,1,13,20,10.90361926020408,,,,,,
CAM,5471,9.793049097061155,13.336052894592283,484,1,13,20,10.90361926020408,,,,,,
FAM,5471,6.561249256134033,13.336052894592283,484,1,13,20,10.90361926020408,,,,,,
Random,5471,3.314417839050293,13.336052894592283,484,1,13,20,10.90361926020408,,,,,,
Superpixel,4484,5.407634258270264,11.77963161468506,485,1,14,20,8.936543367346939,,,,,,
CAM,4484,3.711559295654297,11.77963161468506,485,1,14,20,8.936543367346939,,,,,,
FAM,4484,6.824582576751709,11.77963161468506,485,1,14,20,8.936543367346939,,,,,,
Random,4484,2.6384105682373047,11.77963161468506,485,1,14,20,8.936543367346939,,,,,,
Superpixel,3533,14.334482938051224,14.067773818969728,486,1,15,20,7.041214923469388,,,,,,
CAM,3533,11.085803270339966,14.067773818969728,486,1,15,20,7.041214923469388,,,,,,
FAM,3533,12.79508626461029,14.067773818969728,486,1,15,20,7.041214923469388,,,,,,
Random,3533,6.112046241760254,14.067773818969728,486,1,15,20,7.041214923469388,,,,,,
Superpixel,3759,-0.433084487915039,13.88963222503662,487,1,15,20,7.4916294642857135,,,,,,
CAM,3759,12.551170945167542,13.88963222503662,487,1,15,20,7.4916294642857135,,,,,,
FAM,3759,12.402506470680237,13.88963222503662,487,1,15,20,7.4916294642857135,,,,,,
Random,3759,8.696528434753418,13.88963222503662,487,1,15,20,7.4916294642857135,,,,,,
Superpixel,4147,0.9713521003723145,8.470479011535645,488,1,13,20,8.264907525510203,,,,,,
CAM,4147,6.987082839012146,8.470479011535645,488,1,13,20,8.264907525510203,,,,,,
FAM,4147,2.424386501312256,8.470479011535645,488,1,13,20,8.264907525510203,,,,,,
Random,4147,7.908964037895203,8.470479011535645,488,1,13,20,8.264907525510203,,,,,,
Superpixel,1720,0.2031898498535156,12.820167541503906,489,1,14,20,3.427933673469388,,,,,,
CAM,1720,3.459416389465332,12.820167541503906,489,1,14,20,3.427933673469388,,,,,,
FAM,1720,1.7826719284057615,12.820167541503906,489,1,14,20,3.427933673469388,,,,,,
Random,1720,0.5571107864379883,12.820167541503906,489,1,14,20,3.427933673469388,,,,,,
Superpixel,6140,3.04104995727539,14.74143409729004,490,1,13,20,12.236926020408164,,,,,,
CAM,6140,11.673257827758787,14.74143409729004,490,1,13,20,12.236926020408164,,,,,,
FAM,6140,12.320583581924438,14.74143409729004,490,1,13,20,12.236926020408164,,,,,,
Random,6140,10.968416929244995,14.74143409729004,490,1,13,20,12.236926020408164,,,,,,
Superpixel,7656,0.540341854095459,8.130158424377441,491,1,11,20,15.25829081632653,,,,,,
CAM,7656,7.52398681640625,8.130158424377441,491,1,11,20,15.25829081632653,,,,,,
FAM,7656,1.1892552375793457,8.130158424377441,491,1,11,20,15.25829081632653,,,,,,
Random,7656,3.156010627746582,8.130158424377441,491,1,11,20,15.25829081632653,,,,,,
Superpixel,4297,16.48968905210495,16.23480224609375,492,1,13,20,8.563855229591837,,,,,,
CAM,4297,14.519914388656616,16.23480224609375,492,1,13,20,8.563855229591837,,,,,,
FAM,4297,14.61889636516571,16.23480224609375,492,1,13,20,8.563855229591837,,,,,,
Random,4297,7.849332809448242,16.23480224609375,492,1,13,20,8.563855229591837,,,,,,
Superpixel,1728,10.56696367263794,16.02787971496582,493,1,15,20,3.443877551020408,,,,,,
CAM,1728,3.174346923828125,16.02787971496582,493,1,15,20,3.443877551020408,,,,,,
FAM,1728,2.01395320892334,16.02787971496582,493,1,15,20,3.443877551020408,,,,,,
Random,1728,1.8932981491088867,16.02787971496582,493,1,15,20,3.443877551020408,,,,,,
Superpixel,2889,6.066042423248291,13.967168807983398,494,1,12,20,5.757732780612245,,,,,,
CAM,2889,4.856466293334961,13.967168807983398,494,1,12,20,5.757732780612245,,,,,,
FAM,2889,9.735366821289062,13.967168807983398,494,1,12,20,5.757732780612245,,,,,,
Random,2889,2.341852188110352,13.967168807983398,494,1,12,20,5.757732780612245,,,,,,
Superpixel,7123,15.34222972393036,15.738525390625,495,1,12,20,14.196029974489797,,,,,,
CAM,7123,12.748865127563477,15.738525390625,495,1,12,20,14.196029974489797,,,,,,
FAM,7123,13.642804861068726,15.738525390625,495,1,12,20,14.196029974489797,,,,,,
Random,7123,13.776924967765808,15.738525390625,495,1,12,20,14.196029974489797,,,,,,
Superpixel,5355,6.339798927307129,10.49150562286377,496,1,14,20,10.672433035714286,,,,,,
CAM,5355,6.596253871917725,10.49150562286377,496,1,14,20,10.672433035714286,,,,,,
FAM,5355,7.825760841369629,10.49150562286377,496,1,14,20,10.672433035714286,,,,,,
Random,5355,3.95989990234375,10.49150562286377,496,1,14,20,10.672433035714286,,,,,,
Superpixel,2541,12.192909955978394,13.761595726013184,497,1,14,20,5.064174107142857,,,,,,
CAM,2541,12.578314065933228,13.761595726013184,497,1,14,20,5.064174107142857,,,,,,
FAM,2541,13.170326173305511,13.761595726013184,497,1,14,20,5.064174107142857,,,,,,
Random,2541,5.092531204223633,13.761595726013184,497,1,14,20,5.064174107142857,,,,,,
Superpixel,3885,14.382521212100984,15.232110977172852,498,1,13,20,7.7427455357142865,,,,,,
CAM,3885,14.984723940491676,15.232110977172852,498,1,13,20,7.7427455357142865,,,,,,
FAM,3885,10.786623001098633,15.232110977172852,498,1,13,20,7.7427455357142865,,,,,,
Random,3885,11.876532316207886,15.232110977172852,498,1,13,20,7.7427455357142865,,,,,,
Superpixel,4089,1.4249916076660156,11.105846405029297,499,1,14,20,8.149314413265305,,,,,,
CAM,4089,11.209400720894337,11.105846405029297,499,1,14,20,8.149314413265305,,,,,,
FAM,4089,7.931565284729004,11.105846405029297,499,1,14,20,8.149314413265305,,,,,,
Random,4089,7.642004489898682,11.105846405029297,499,1,14,20,8.149314413265305,,,,,,
Superpixel,1469,0.0910043716430664,13.099201202392578,0,1,30,40,2.9276945153061225,,,,,,
CAM,1469,5.874560832977295,13.099201202392578,0,1,30,40,2.9276945153061225,,,,,,
FAM,1469,1.6339540481567385,13.099201202392578,0,1,30,40,2.9276945153061225,,,,,,
Random,1469,3.578061103820801,13.099201202392578,0,1,30,40,2.9276945153061225,,,,,,
Superpixel,1016,0.5771045684814453,14.3037748336792,1,1,32,40,2.024872448979592,,,,,,
CAM,1016,2.360267639160156,14.3037748336792,1,1,32,40,2.024872448979592,,,,,,
FAM,1016,4.830286026000977,14.3037748336792,1,1,32,40,2.024872448979592,,,,,,
Random,1016,-0.2894439697265625,14.3037748336792,1,1,32,40,2.024872448979592,,,,,,
Superpixel,2066,-1.486467361450195,9.7085542678833,2,1,35,40,4.11750637755102,,,,,,
CAM,2066,0.8689069747924805,9.7085542678833,2,1,35,40,4.11750637755102,,,,,,
FAM,2066,-0.3743047714233398,9.7085542678833,2,1,35,40,4.11750637755102,,,,,,
Random,2066,0.7465496063232422,9.7085542678833,2,1,35,40,4.11750637755102,,,,,,
Superpixel,1254,0.7717418670654297,12.617070198059082,3,1,34,40,2.499202806122449,,,,,,
CAM,1254,1.0500593185424805,12.617070198059082,3,1,34,40,2.499202806122449,,,,,,
FAM,1254,0.7615718841552734,12.617070198059082,3,1,34,40,2.499202806122449,,,,,,
Random,1254,1.820148468017578,12.617070198059082,3,1,34,40,2.499202806122449,,,,,,
Superpixel,2394,2.5945396423339844,13.0728178024292,4,1,28,40,4.771205357142857,,,,,,
CAM,2394,3.851338386535645,13.0728178024292,4,1,28,40,4.771205357142857,,,,,,
FAM,2394,1.763021469116211,13.0728178024292,4,1,28,40,4.771205357142857,,,,,,
Random,2394,2.883023262023926,13.0728178024292,4,1,28,40,4.771205357142857,,,,,,
Superpixel,2623,1.250849723815918,6.779087066650391,5,1,23,40,5.227598852040816,,,,,,
CAM,2623,0.5439624786376953,6.779087066650391,5,1,23,40,5.227598852040816,,,,,,
FAM,2623,1.8089776039123533,6.779087066650391,5,1,23,40,5.227598852040816,,,,,,
Random,2623,1.9099664688110352,6.779087066650391,5,1,23,40,5.227598852040816,,,,,,
Superpixel,1775,-1.2373580932617188,14.718029975891112,6,1,35,40,3.537547831632653,,,,,,
CAM,1775,11.310980081558228,14.718029975891112,6,1,35,40,3.537547831632653,,,,,,
FAM,1775,-0.1706809997558593,14.718029975891112,6,1,35,40,3.537547831632653,,,,,,
Random,1775,6.186954498291016,14.718029975891112,6,1,35,40,3.537547831632653,,,,,,
Superpixel,1291,1.2039575576782229,14.793753623962402,7,1,31,40,2.572943239795918,,,,,,
CAM,1291,4.680704116821289,14.793753623962402,7,1,31,40,2.572943239795918,,,,,,
FAM,1291,3.5411605834960938,14.793753623962402,7,1,31,40,2.572943239795918,,,,,,
Random,1291,3.54328727722168,14.793753623962402,7,1,31,40,2.572943239795918,,,,,,
Superpixel,1419,0.093998908996582,11.846647262573242,8,1,34,40,2.828045280612245,,,,,,
CAM,1419,5.178107261657715,11.846647262573242,8,1,34,40,2.828045280612245,,,,,,
FAM,1419,5.768939971923828,11.846647262573242,8,1,34,40,2.828045280612245,,,,,,
Random,1419,0.1827478408813476,11.846647262573242,8,1,34,40,2.828045280612245,,,,,,
Superpixel,2142,-1.4000959396362305,15.714459419250488,9,1,35,40,4.268973214285714,,,,,,
CAM,2142,4.772749900817871,15.714459419250488,9,1,35,40,4.268973214285714,,,,,,
FAM,2142,5.394618034362793,15.714459419250488,9,1,35,40,4.268973214285714,,,,,,
Random,2142,3.676420211791992,15.714459419250488,9,1,35,40,4.268973214285714,,,,,,
Superpixel,1739,-1.3825006484985352,14.797472953796388,10,1,34,40,3.465800382653061,,,,,,
CAM,1739,1.920738220214844,14.797472953796388,10,1,34,40,3.465800382653061,,,,,,
FAM,1739,1.2118911743164062,14.797472953796388,10,1,34,40,3.465800382653061,,,,,,
Random,1739,-0.4442520141601562,14.797472953796388,10,1,34,40,3.465800382653061,,,,,,
Superpixel,2455,-0.2088327407836914,15.955321311950684,11,1,34,40,4.892777423469387,,,,,,
CAM,2455,2.3814697265625,15.955321311950684,11,1,34,40,4.892777423469387,,,,,,
FAM,2455,-0.2881402969360351,15.955321311950684,11,1,34,40,4.892777423469387,,,,,,
Random,2455,0.5390625,15.955321311950684,11,1,34,40,4.892777423469387,,,,,,
Superpixel,1121,0.6396255493164062,12.503718376159668,12,1,29,40,2.2341358418367347,,,,,,
CAM,1121,7.055111408233643,12.503718376159668,12,1,29,40,2.2341358418367347,,,,,,
FAM,1121,4.373673439025879,12.503718376159668,12,1,29,40,2.2341358418367347,,,,,,
Random,1121,1.3546628952026367,12.503718376159668,12,1,29,40,2.2341358418367347,,,,,,
Superpixel,986,-0.0002412796020507,12.631207466125488,13,1,30,40,1.9650829081632653,,,,,,
CAM,986,3.186656951904297,12.631207466125488,13,1,30,40,1.9650829081632653,,,,,,
FAM,986,1.561802864074707,12.631207466125488,13,1,30,40,1.9650829081632653,,,,,,
Random,986,2.04055404663086,12.631207466125488,13,1,30,40,1.9650829081632653,,,,,,
Superpixel,1785,-0.3302078247070312,11.779589653015137,14,1,26,40,3.557477678571429,,,,,,
CAM,1785,2.231950759887696,11.779589653015137,14,1,26,40,3.557477678571429,,,,,,
FAM,1785,2.7168073654174805,11.779589653015137,14,1,26,40,3.557477678571429,,,,,,
Random,1785,1.022542953491211,11.779589653015137,14,1,26,40,3.557477678571429,,,,,,
Superpixel,1598,0.1690940856933593,12.841392517089844,15,1,28,40,3.1847895408163267,,,,,,
CAM,1598,2.5510120391845703,12.841392517089844,15,1,28,40,3.1847895408163267,,,,,,
FAM,1598,1.949989318847656,12.841392517089844,15,1,28,40,3.1847895408163267,,,,,,
Random,1598,-0.7814188003540039,12.841392517089844,15,1,28,40,3.1847895408163267,,,,,,
Superpixel,1686,3.85729455947876,11.09400463104248,16,1,31,40,3.360172193877551,,,,,,
CAM,1686,3.217968463897705,11.09400463104248,16,1,31,40,3.360172193877551,,,,,,
FAM,1686,4.058547496795654,11.09400463104248,16,1,31,40,3.360172193877551,,,,,,
Random,1686,2.8914289474487305,11.09400463104248,16,1,31,40,3.360172193877551,,,,,,
Superpixel,2844,-0.2280435562133789,12.585721015930176,17,1,31,40,5.668048469387755,,,,,,
CAM,2844,4.030389785766602,12.585721015930176,17,1,31,40,5.668048469387755,,,,,,
FAM,2844,1.1630725860595703,12.585721015930176,17,1,31,40,5.668048469387755,,,,,,
Random,2844,2.1739540100097656,12.585721015930176,17,1,31,40,5.668048469387755,,,,,,
Superpixel,1553,-0.7651424407958984,12.694380760192873,18,1,35,40,3.0951052295918364,,,,,,
CAM,1553,0.8988285064697266,12.694380760192873,18,1,35,40,3.0951052295918364,,,,,,
FAM,1553,5.557871341705322,12.694380760192873,18,1,35,40,3.0951052295918364,,,,,,
Random,1553,-1.7911701202392578,12.694380760192873,18,1,35,40,3.0951052295918364,,,,,,
Superpixel,2107,1.145711898803711,12.989941596984863,19,1,34,40,4.19921875,,,,,,
CAM,2107,2.07558822631836,12.989941596984863,19,1,34,40,4.19921875,,,,,,
FAM,2107,1.1329288482666016,12.989941596984863,19,1,34,40,4.19921875,,,,,,
Random,2107,0.041259765625,12.989941596984863,19,1,34,40,4.19921875,,,,,,
Superpixel,1305,0.326324462890625,16.128185272216797,20,1,35,40,2.600845025510204,,,,,,
CAM,1305,7.224423408508301,16.128185272216797,20,1,35,40,2.600845025510204,,,,,,
FAM,1305,6.255817413330078,16.128185272216797,20,1,35,40,2.600845025510204,,,,,,
Random,1305,1.3802175521850586,16.128185272216797,20,1,35,40,2.600845025510204,,,,,,
Superpixel,1683,-1.4193811416625977,12.184077262878418,21,1,34,40,3.354193239795918,,,,,,
CAM,1683,2.291876792907715,12.184077262878418,21,1,34,40,3.354193239795918,,,,,,
FAM,1683,-0.0147256851196289,12.184077262878418,21,1,34,40,3.354193239795918,,,,,,
Random,1683,0.1814117431640625,12.184077262878418,21,1,34,40,3.354193239795918,,,,,,
Superpixel,1658,2.292414665222168,14.059261322021484,22,1,35,40,3.30436862244898,,,,,,
CAM,1658,5.12917423248291,14.059261322021484,22,1,35,40,3.30436862244898,,,,,,
FAM,1658,6.936756134033203,14.059261322021484,22,1,35,40,3.30436862244898,,,,,,
Random,1658,4.690810203552246,14.059261322021484,22,1,35,40,3.30436862244898,,,,,,
Superpixel,2236,0.2176008224487304,12.09141731262207,23,1,32,40,4.456313775510204,,,,,,
CAM,2236,9.386609077453612,12.09141731262207,23,1,32,40,4.456313775510204,,,,,,
FAM,2236,7.785345077514648,12.09141731262207,23,1,32,40,4.456313775510204,,,,,,
Random,2236,3.104684829711914,12.09141731262207,23,1,32,40,4.456313775510204,,,,,,
Superpixel,2584,4.803060054779053,12.06894302368164,24,1,33,40,5.149872448979592,,,,,,
CAM,2584,9.414934635162354,12.06894302368164,24,1,33,40,5.149872448979592,,,,,,
FAM,2584,2.239871025085449,12.06894302368164,24,1,33,40,5.149872448979592,,,,,,
Random,2584,9.294398784637451,12.06894302368164,24,1,33,40,5.149872448979592,,,,,,
Superpixel,1516,0.7267866134643555,9.44813632965088,25,1,35,40,3.021364795918368,,,,,,
CAM,1516,7.92625367641449,9.44813632965088,25,1,35,40,3.021364795918368,,,,,,
FAM,1516,5.947218656539917,9.44813632965088,25,1,35,40,3.021364795918368,,,,,,
Random,1516,3.81151819229126,9.44813632965088,25,1,35,40,3.021364795918368,,,,,,
Superpixel,1458,5.720634937286377,13.162083625793455,26,1,33,40,2.905771683673469,,,,,,
CAM,1458,7.536826133728027,13.162083625793455,26,1,33,40,2.905771683673469,,,,,,
FAM,1458,7.6255340576171875,13.162083625793455,26,1,33,40,2.905771683673469,,,,,,
Random,1458,3.642645835876465,13.162083625793455,26,1,33,40,2.905771683673469,,,,,,
Superpixel,997,0.1842803955078125,12.336620330810549,27,1,31,40,1.9870057397959184,,,,,,
CAM,997,1.9902191162109373,12.336620330810549,27,1,31,40,1.9870057397959184,,,,,,
FAM,997,0.2257318496704101,12.336620330810549,27,1,31,40,1.9870057397959184,,,,,,
Random,997,-0.5068197250366211,12.336620330810549,27,1,31,40,1.9870057397959184,,,,,,
Superpixel,1661,-2.763829231262207,12.569396018981934,28,1,32,40,3.3103475765306123,,,,,,
CAM,1661,8.555051326751709,12.569396018981934,28,1,32,40,3.3103475765306123,,,,,,
FAM,1661,-0.8484983444213867,12.569396018981934,28,1,32,40,3.3103475765306123,,,,,,
Random,1661,-1.6146831512451172,12.569396018981934,28,1,32,40,3.3103475765306123,,,,,,
Superpixel,1436,-0.1957073211669922,11.978230476379396,29,1,35,40,2.861926020408164,,,,,,
CAM,1436,3.334593772888184,11.978230476379396,29,1,35,40,2.861926020408164,,,,,,
FAM,1436,0.3215770721435547,11.978230476379396,29,1,35,40,2.861926020408164,,,,,,
Random,1436,-0.5400676727294922,11.978230476379396,29,1,35,40,2.861926020408164,,,,,,
Superpixel,1457,0.1230373382568359,9.819235801696776,30,1,35,40,2.903778698979592,,,,,,
CAM,1457,8.338132977485657,9.819235801696776,30,1,35,40,2.903778698979592,,,,,,
FAM,1457,6.781481504440308,9.819235801696776,30,1,35,40,2.903778698979592,,,,,,
Random,1457,3.845465660095215,9.819235801696776,30,1,35,40,2.903778698979592,,,,,,
Superpixel,1384,1.1178607940673828,10.437777519226074,31,1,32,40,2.7582908163265305,,,,,,
CAM,1384,2.178402900695801,10.437777519226074,31,1,32,40,2.7582908163265305,,,,,,
FAM,1384,1.5614547729492188,10.437777519226074,31,1,32,40,2.7582908163265305,,,,,,
Random,1384,1.826279640197754,10.437777519226074,31,1,32,40,2.7582908163265305,,,,,,
Superpixel,990,-1.6574277877807615,14.931035041809082,32,1,32,40,1.973054846938776,,,,,,
CAM,990,1.283161163330078,14.931035041809082,32,1,32,40,1.973054846938776,,,,,,
FAM,990,0.5637807846069336,14.931035041809082,32,1,32,40,1.973054846938776,,,,,,
Random,990,1.260939598083496,14.931035041809082,32,1,32,40,1.973054846938776,,,,,,
Superpixel,1572,4.359034538269043,16.01531219482422,33,1,34,40,3.1329719387755106,,,,,,
CAM,1572,12.36520266532898,16.01531219482422,33,1,34,40,3.1329719387755106,,,,,,
FAM,1572,6.554120063781738,16.01531219482422,33,1,34,40,3.1329719387755106,,,,,,
Random,1572,1.800210952758789,16.01531219482422,33,1,34,40,3.1329719387755106,,,,,,
Superpixel,781,0.145792007446289,8.661576271057129,34,1,35,40,1.5565210459183674,,,,,,
CAM,781,1.43772554397583,8.661576271057129,34,1,35,40,1.5565210459183674,,,,,,
FAM,781,-0.7551889419555664,8.661576271057129,34,1,35,40,1.5565210459183674,,,,,,
Random,781,0.1799488067626953,8.661576271057129,34,1,35,40,1.5565210459183674,,,,,,
Superpixel,1915,1.833824157714844,13.425541877746582,35,1,30,40,3.816565688775511,,,,,,
CAM,1915,7.753804683685303,13.425541877746582,35,1,30,40,3.816565688775511,,,,,,
FAM,1915,10.038639783859251,13.425541877746582,35,1,30,40,3.816565688775511,,,,,,
Random,1915,0.2643413543701172,13.425541877746582,35,1,30,40,3.816565688775511,,,,,,
Superpixel,1326,11.329627990722656,16.96900749206543,36,1,34,40,2.6426977040816326,,,,,,
CAM,1326,8.153364181518555,16.96900749206543,36,1,34,40,2.6426977040816326,,,,,,
FAM,1326,8.749342918395996,16.96900749206543,36,1,34,40,2.6426977040816326,,,,,,
Random,1326,4.20904541015625,16.96900749206543,36,1,34,40,2.6426977040816326,,,,,,
Superpixel,1151,0.5658769607543945,13.132783889770508,37,1,34,40,2.293925382653061,,,,,,
CAM,1151,3.784679412841797,13.132783889770508,37,1,34,40,2.293925382653061,,,,,,
FAM,1151,1.8654537200927728,13.132783889770508,37,1,34,40,2.293925382653061,,,,,,
Random,1151,-0.1898221969604492,13.132783889770508,37,1,34,40,2.293925382653061,,,,,,
Superpixel,1505,-0.11126708984375,10.501419067382812,38,1,34,40,2.9994419642857144,,,,,,
CAM,1505,4.368330001831055,10.501419067382812,38,1,34,40,2.9994419642857144,,,,,,
FAM,1505,1.4144229888916016,10.501419067382812,38,1,34,40,2.9994419642857144,,,,,,
Random,1505,3.2360610961914062,10.501419067382812,38,1,34,40,2.9994419642857144,,,,,,
Superpixel,2939,2.70234489440918,14.97776699066162,39,1,31,40,5.857382015306122,,,,,,
CAM,2939,7.791138648986816,14.97776699066162,39,1,31,40,5.857382015306122,,,,,,
FAM,2939,11.148839235305786,14.97776699066162,39,1,31,40,5.857382015306122,,,,,,
Random,2939,-0.9782228469848632,14.97776699066162,39,1,31,40,5.857382015306122,,,,,,
Superpixel,2391,4.018586158752441,14.156771659851074,40,1,30,40,4.765226403061225,,,,,,
CAM,2391,5.138700485229492,14.156771659851074,40,1,30,40,4.765226403061225,,,,,,
FAM,2391,4.834989547729492,14.156771659851074,40,1,30,40,4.765226403061225,,,,,,
Random,2391,2.781457901000977,14.156771659851074,40,1,30,40,4.765226403061225,,,,,,
Superpixel,1082,1.1888322830200195,9.808170318603516,41,1,32,40,2.15640943877551,,,,,,
CAM,1082,-1.4750795364379885,9.808170318603516,41,1,32,40,2.15640943877551,,,,,,
FAM,1082,0.7690830230712891,9.808170318603516,41,1,32,40,2.15640943877551,,,,,,
Random,1082,-0.3833780288696289,9.808170318603516,41,1,32,40,2.15640943877551,,,,,,
Superpixel,895,-0.1023797988891601,6.9113450050354,42,1,35,40,1.7837213010204085,,,,,,
CAM,895,2.3635454177856445,6.9113450050354,42,1,35,40,1.7837213010204085,,,,,,
FAM,895,1.0907025337219238,6.9113450050354,42,1,35,40,1.7837213010204085,,,,,,
Random,895,2.091719627380371,6.9113450050354,42,1,35,40,1.7837213010204085,,,,,,
Superpixel,866,-0.0365934371948242,8.154461860656738,43,1,29,40,1.725924744897959,,,,,,
CAM,866,1.2947163581848145,8.154461860656738,43,1,29,40,1.725924744897959,,,,,,
FAM,866,-1.218862533569336,8.154461860656738,43,1,29,40,1.725924744897959,,,,,,
Random,866,-0.8002033233642578,8.154461860656738,43,1,29,40,1.725924744897959,,,,,,
Superpixel,906,1.4283041954040527,7.419267177581787,44,1,35,40,1.805644132653061,,,,,,
CAM,906,-0.0608720779418945,7.419267177581787,44,1,35,40,1.805644132653061,,,,,,
FAM,906,-1.9432244300842283,7.419267177581787,44,1,35,40,1.805644132653061,,,,,,
Random,906,-0.5053424835205078,7.419267177581787,44,1,35,40,1.805644132653061,,,,,,
Superpixel,1952,-0.8198757171630859,16.02260971069336,45,1,31,40,3.89030612244898,,,,,,
CAM,1952,2.0084829330444336,16.02260971069336,45,1,31,40,3.89030612244898,,,,,,
FAM,1952,2.2085752487182617,16.02260971069336,45,1,31,40,3.89030612244898,,,,,,
Random,1952,1.916656494140625,16.02260971069336,45,1,31,40,3.89030612244898,,,,,,
Superpixel,918,0.4361019134521484,13.61289119720459,46,1,32,40,1.829559948979592,,,,,,
CAM,918,6.096604824066162,13.61289119720459,46,1,32,40,1.829559948979592,,,,,,
FAM,918,2.1021499633789062,13.61289119720459,46,1,32,40,1.829559948979592,,,,,,
Random,918,-0.8206377029418945,13.61289119720459,46,1,32,40,1.829559948979592,,,,,,
Superpixel,919,0.1647911071777343,12.235228538513184,47,1,30,40,1.8315529336734693,,,,,,
CAM,919,0.7832851409912109,12.235228538513184,47,1,30,40,1.8315529336734693,,,,,,
FAM,919,2.60611629486084,12.235228538513184,47,1,30,40,1.8315529336734693,,,,,,
Random,919,3.4030075073242188,12.235228538513184,47,1,30,40,1.8315529336734693,,,,,,
Superpixel,1090,-2.9535932540893555,6.241652488708496,48,1,32,40,2.1723533163265305,,,,,,
CAM,1090,2.3350725173950195,6.241652488708496,48,1,32,40,2.1723533163265305,,,,,,
FAM,1090,1.0055441856384275,6.241652488708496,48,1,32,40,2.1723533163265305,,,,,,
Random,1090,1.403095245361328,6.241652488708496,48,1,32,40,2.1723533163265305,,,,,,
Superpixel,1040,-1.4231624603271484,9.01724624633789,49,1,34,40,2.072704081632653,,,,,,
CAM,1040,1.8593173027038568,9.01724624633789,49,1,34,40,2.072704081632653,,,,,,
FAM,1040,1.6679096221923828,9.01724624633789,49,1,34,40,2.072704081632653,,,,,,
Random,1040,-0.399667739868164,9.01724624633789,49,1,34,40,2.072704081632653,,,,,,
Superpixel,1694,2.6718645095825195,12.316967964172363,50,1,32,40,3.376116071428571,,,,,,
CAM,1694,4.492229461669922,12.316967964172363,50,1,32,40,3.376116071428571,,,,,,
FAM,1694,6.620519161224365,12.316967964172363,50,1,32,40,3.376116071428571,,,,,,
Random,1694,-0.8262119293212891,12.316967964172363,50,1,32,40,3.376116071428571,,,,,,
Superpixel,1497,1.6461248397827148,9.366311073303224,51,1,33,40,2.9834980867346936,,,,,,
CAM,1497,3.834534168243408,9.366311073303224,51,1,33,40,2.9834980867346936,,,,,,
FAM,1497,3.456164836883545,9.366311073303224,51,1,33,40,2.9834980867346936,,,,,,
Random,1497,4.815000534057617,9.366311073303224,51,1,33,40,2.9834980867346936,,,,,,
Superpixel,1292,1.0710077285766602,11.969888687133787,52,1,30,40,2.574936224489796,,,,,,
CAM,1292,1.8764104843139648,11.969888687133787,52,1,30,40,2.574936224489796,,,,,,
FAM,1292,0.980377197265625,11.969888687133787,52,1,30,40,2.574936224489796,,,,,,
Random,1292,-0.7207822799682617,11.969888687133787,52,1,30,40,2.574936224489796,,,,,,
Superpixel,1895,0.5176267623901367,8.190380096435547,53,1,32,40,3.7767059948979593,,,,,,
CAM,1895,2.135446548461914,8.190380096435547,53,1,32,40,3.7767059948979593,,,,,,
FAM,1895,5.236307144165039,8.190380096435547,53,1,32,40,3.7767059948979593,,,,,,
Random,1895,1.0201239585876465,8.190380096435547,53,1,32,40,3.7767059948979593,,,,,,
Superpixel,1263,5.021315574645996,14.023322105407717,54,1,33,40,2.517139668367347,,,,,,
CAM,1263,2.918607711791992,14.023322105407717,54,1,33,40,2.517139668367347,,,,,,
FAM,1263,-2.402205467224121,14.023322105407717,54,1,33,40,2.517139668367347,,,,,,
Random,1263,-0.933720588684082,14.023322105407717,54,1,33,40,2.517139668367347,,,,,,
Superpixel,3067,6.968097686767578,13.847554206848145,55,1,31,40,6.112484056122449,,,,,,
CAM,3067,8.832298278808594,13.847554206848145,55,1,31,40,6.112484056122449,,,,,,
FAM,3067,2.749007225036621,13.847554206848145,55,1,31,40,6.112484056122449,,,,,,
Random,3067,9.667423248291016,13.847554206848145,55,1,31,40,6.112484056122449,,,,,,
Superpixel,1485,6.731232404708862,9.499467849731444,56,1,31,40,2.959582270408164,,,,,,
CAM,1485,4.901758193969727,9.499467849731444,56,1,31,40,2.959582270408164,,,,,,
FAM,1485,1.94150972366333,9.499467849731444,56,1,31,40,2.959582270408164,,,,,,
Random,1485,0.0467844009399414,9.499467849731444,56,1,31,40,2.959582270408164,,,,,,
Superpixel,1890,1.231642723083496,15.408567428588867,57,1,34,40,3.766741071428571,,,,,,
CAM,1890,6.659292221069336,15.408567428588867,57,1,34,40,3.766741071428571,,,,,,
FAM,1890,1.702798843383789,15.408567428588867,57,1,34,40,3.766741071428571,,,,,,
Random,1890,2.6581830978393555,15.408567428588867,57,1,34,40,3.766741071428571,,,,,,
Superpixel,1568,4.111279249191284,7.831768989562988,58,1,35,40,3.125,,,,,,
CAM,1568,2.988687992095948,7.831768989562988,58,1,35,40,3.125,,,,,,
FAM,1568,3.7595138549804688,7.831768989562988,58,1,35,40,3.125,,,,,,
Random,1568,-0.1306071281433105,7.831768989562988,58,1,35,40,3.125,,,,,,
Superpixel,2094,0.3375053405761719,10.82791805267334,59,1,31,40,4.173309948979592,,,,,,
CAM,2094,3.2728395462036133,10.82791805267334,59,1,31,40,4.173309948979592,,,,,,
FAM,2094,1.2425384521484375,10.82791805267334,59,1,31,40,4.173309948979592,,,,,,
Random,2094,-1.0403642654418943,10.82791805267334,59,1,31,40,4.173309948979592,,,,,,
Superpixel,1660,-0.337991714477539,11.512099266052246,60,1,34,40,3.3083545918367347,,,,,,
CAM,1660,4.131649494171143,11.512099266052246,60,1,34,40,3.3083545918367347,,,,,,
FAM,1660,1.3924636840820312,11.512099266052246,60,1,34,40,3.3083545918367347,,,,,,
Random,1660,4.101909637451172,11.512099266052246,60,1,34,40,3.3083545918367347,,,,,,
Superpixel,2071,-5.15404748916626,6.567867755889893,61,1,35,40,4.127471301020408,,,,,,
CAM,2071,-2.0710644721984863,6.567867755889893,61,1,35,40,4.127471301020408,,,,,,
FAM,2071,-2.1853508949279785,6.567867755889893,61,1,35,40,4.127471301020408,,,,,,
Random,2071,-0.7978062629699707,6.567867755889893,61,1,35,40,4.127471301020408,,,,,,
Superpixel,2803,6.676522254943848,12.996379852294922,62,1,32,40,5.586336096938775,,,,,,
CAM,2803,5.649216651916504,12.996379852294922,62,1,32,40,5.586336096938775,,,,,,
FAM,2803,2.3752479553222656,12.996379852294922,62,1,32,40,5.586336096938775,,,,,,
Random,2803,3.661808013916016,12.996379852294922,62,1,32,40,5.586336096938775,,,,,,
Superpixel,1534,2.022512435913086,13.005719184875488,63,1,33,40,3.057238520408164,,,,,,
CAM,1534,5.464660167694092,13.005719184875488,63,1,33,40,3.057238520408164,,,,,,
FAM,1534,6.537263870239258,13.005719184875488,63,1,33,40,3.057238520408164,,,,,,
Random,1534,3.0859031677246094,13.005719184875488,63,1,33,40,3.057238520408164,,,,,,
Superpixel,2318,6.134735107421875,14.693999290466309,64,1,35,40,4.619738520408164,,,,,,
CAM,2318,13.691185235977173,14.693999290466309,64,1,35,40,4.619738520408164,,,,,,
FAM,2318,6.323531150817871,14.693999290466309,64,1,35,40,4.619738520408164,,,,,,
Random,2318,2.2110748291015625,14.693999290466309,64,1,35,40,4.619738520408164,,,,,,
Superpixel,1512,6.610562801361084,14.149901390075684,65,1,32,40,3.013392857142857,,,,,,
CAM,1512,5.966787338256836,14.149901390075684,65,1,32,40,3.013392857142857,,,,,,
FAM,1512,6.266988277435303,14.149901390075684,65,1,32,40,3.013392857142857,,,,,,
Random,1512,2.279016494750977,14.149901390075684,65,1,32,40,3.013392857142857,,,,,,
Superpixel,2562,4.712574005126953,18.68174362182617,66,1,28,40,5.106026785714286,,,,,,
CAM,2562,5.297369956970215,18.68174362182617,66,1,28,40,5.106026785714286,,,,,,
FAM,2562,10.987924575805664,18.68174362182617,66,1,28,40,5.106026785714286,,,,,,
Random,2562,8.25998592376709,18.68174362182617,66,1,28,40,5.106026785714286,,,,,,
Superpixel,2250,0.7864522933959961,5.601407051086426,67,1,34,40,4.48421556122449,,,,,,
CAM,2250,-0.1866989135742187,5.601407051086426,67,1,34,40,4.48421556122449,,,,,,
FAM,2250,2.938803672790528,5.601407051086426,67,1,34,40,4.48421556122449,,,,,,
Random,2250,1.9034686088562007,5.601407051086426,67,1,34,40,4.48421556122449,,,,,,
Superpixel,1193,1.0166101455688477,15.8436918258667,68,1,32,40,2.377630739795918,,,,,,
CAM,1193,2.35955810546875,15.8436918258667,68,1,32,40,2.377630739795918,,,,,,
FAM,1193,2.720378875732422,15.8436918258667,68,1,32,40,2.377630739795918,,,,,,
Random,1193,3.5936145782470703,15.8436918258667,68,1,32,40,2.377630739795918,,,,,,
Superpixel,1795,0.3073978424072265,10.574131965637209,69,1,33,40,3.577407525510204,,,,,,
CAM,1795,4.094527244567871,10.574131965637209,69,1,33,40,3.577407525510204,,,,,,
FAM,1795,1.571706771850586,10.574131965637209,69,1,33,40,3.577407525510204,,,,,,
Random,1795,1.6791419982910156,10.574131965637209,69,1,33,40,3.577407525510204,,,,,,
Superpixel,1539,-0.4886951446533203,10.96778392791748,70,1,35,40,3.067203443877551,,,,,,
CAM,1539,2.830389976501465,10.96778392791748,70,1,35,40,3.067203443877551,,,,,,
FAM,1539,1.6357793807983398,10.96778392791748,70,1,35,40,3.067203443877551,,,,,,
Random,1539,2.110651016235352,10.96778392791748,70,1,35,40,3.067203443877551,,,,,,
Superpixel,1150,-0.2299518585205078,13.712986946105955,71,1,34,40,2.2919323979591835,,,,,,
CAM,1150,0.217905044555664,13.712986946105955,71,1,34,40,2.2919323979591835,,,,,,
FAM,1150,1.7372684478759766,13.712986946105955,71,1,34,40,2.2919323979591835,,,,,,
Random,1150,1.2902240753173828,13.712986946105955,71,1,34,40,2.2919323979591835,,,,,,
Superpixel,1691,0.12939453125,7.891994476318359,72,1,32,40,3.3701371173469385,,,,,,
CAM,1691,3.1950840950012207,7.891994476318359,72,1,32,40,3.3701371173469385,,,,,,
FAM,1691,-0.5112390518188477,7.891994476318359,72,1,32,40,3.3701371173469385,,,,,,
Random,1691,1.4048562049865725,7.891994476318359,72,1,32,40,3.3701371173469385,,,,,,
Superpixel,1433,2.1552324295043945,9.226783752441406,73,1,30,40,2.8559470663265305,,,,,,
CAM,1433,1.7299261093139648,9.226783752441406,73,1,30,40,2.8559470663265305,,,,,,
FAM,1433,3.749201774597168,9.226783752441406,73,1,30,40,2.8559470663265305,,,,,,
Random,1433,0.9805698394775392,9.226783752441406,73,1,30,40,2.8559470663265305,,,,,,
Superpixel,1076,-0.2194757461547851,13.885249137878418,74,1,27,40,2.144451530612245,,,,,,
CAM,1076,1.9059514999389648,13.885249137878418,74,1,27,40,2.144451530612245,,,,,,
FAM,1076,0.0359535217285156,13.885249137878418,74,1,27,40,2.144451530612245,,,,,,
Random,1076,3.2466964721679688,13.885249137878418,74,1,27,40,2.144451530612245,,,,,,
Superpixel,1476,2.1577014923095703,12.7848539352417,75,1,34,40,2.9416454081632653,,,,,,
CAM,1476,3.28116226196289,12.7848539352417,75,1,34,40,2.9416454081632653,,,,,,
FAM,1476,1.535649299621582,12.7848539352417,75,1,34,40,2.9416454081632653,,,,,,
Random,1476,1.0390071868896484,12.7848539352417,75,1,34,40,2.9416454081632653,,,,,,
Superpixel,1844,0.5760974884033203,14.082791328430176,76,1,28,40,3.675063775510204,,,,,,
CAM,1844,1.7492084503173828,14.082791328430176,76,1,28,40,3.675063775510204,,,,,,
FAM,1844,2.00958251953125,14.082791328430176,76,1,28,40,3.675063775510204,,,,,,
Random,1844,1.4297199249267578,14.082791328430176,76,1,28,40,3.675063775510204,,,,,,
Superpixel,1151,-0.1544313430786132,11.567422866821287,77,1,36,40,2.293925382653061,,,,,,
CAM,1151,0.9992246627807616,11.567422866821287,77,1,36,40,2.293925382653061,,,,,,
FAM,1151,-0.2753534317016601,11.567422866821287,77,1,36,40,2.293925382653061,,,,,,
Random,1151,3.832155227661133,11.567422866821287,77,1,36,40,2.293925382653061,,,,,,
Superpixel,2132,5.352237701416016,9.01831340789795,78,1,33,40,4.249043367346939,,,,,,
CAM,2132,3.3939008712768555,9.01831340789795,78,1,33,40,4.249043367346939,,,,,,
FAM,2132,3.4242396354675293,9.01831340789795,78,1,33,40,4.249043367346939,,,,,,
Random,2132,0.9793519973754884,9.01831340789795,78,1,33,40,4.249043367346939,,,,,,
Superpixel,2261,4.000187397003174,11.042000770568848,79,1,31,40,4.506138392857143,,,,,,
CAM,2261,6.042459964752197,11.042000770568848,79,1,31,40,4.506138392857143,,,,,,
FAM,2261,4.524333477020264,11.042000770568848,79,1,31,40,4.506138392857143,,,,,,
Random,2261,-1.382526397705078,11.042000770568848,79,1,31,40,4.506138392857143,,,,,,
Superpixel,937,-0.898468017578125,13.937752723693848,80,1,36,40,1.8674266581632653,,,,,,
CAM,937,3.7545700073242174,13.937752723693848,80,1,36,40,1.8674266581632653,,,,,,
FAM,937,2.0181961059570312,13.937752723693848,80,1,36,40,1.8674266581632653,,,,,,
Random,937,6.339608192443848,13.937752723693848,80,1,36,40,1.8674266581632653,,,,,,
Superpixel,1373,3.0793352127075195,15.349525451660156,81,1,31,40,2.736367984693877,,,,,,
CAM,1373,4.825651168823242,15.349525451660156,81,1,31,40,2.736367984693877,,,,,,
FAM,1373,2.43545150756836,15.349525451660156,81,1,31,40,2.736367984693877,,,,,,
Random,1373,7.543862342834473,15.349525451660156,81,1,31,40,2.736367984693877,,,,,,
Superpixel,1442,9.290081977844238,17.41687774658203,82,1,30,40,2.8738839285714284,,,,,,
CAM,1442,6.190091133117676,17.41687774658203,82,1,30,40,2.8738839285714284,,,,,,
FAM,1442,6.940442085266113,17.41687774658203,82,1,30,40,2.8738839285714284,,,,,,
Random,1442,8.247651100158691,17.41687774658203,82,1,30,40,2.8738839285714284,,,,,,
Superpixel,1568,1.2124853134155271,10.657397270202637,83,1,33,40,3.125,,,,,,
CAM,1568,7.477863311767578,10.657397270202637,83,1,33,40,3.125,,,,,,
FAM,1568,1.3324060440063477,10.657397270202637,83,1,33,40,3.125,,,,,,
Random,1568,3.165943622589112,10.657397270202637,83,1,33,40,3.125,,,,,,
Superpixel,1186,0.9121627807617188,13.52542209625244,84,1,35,40,2.3636798469387754,,,,,,
CAM,1186,5.24431037902832,13.52542209625244,84,1,35,40,2.3636798469387754,,,,,,
FAM,1186,2.426492691040039,13.52542209625244,84,1,35,40,2.3636798469387754,,,,,,
Random,1186,1.3259706497192385,13.52542209625244,84,1,35,40,2.3636798469387754,,,,,,
Superpixel,2184,9.822333335876465,18.503782272338867,85,1,34,40,4.352678571428571,,,,,,
CAM,2184,11.020097255706789,18.503782272338867,85,1,34,40,4.352678571428571,,,,,,
FAM,2184,5.138738632202148,18.503782272338867,85,1,34,40,4.352678571428571,,,,,,
Random,2184,5.88377857208252,18.503782272338867,85,1,34,40,4.352678571428571,,,,,,
Superpixel,2082,1.0444068908691406,15.802794456481934,86,1,35,40,4.149394132653061,,,,,,
CAM,2082,5.240976333618164,15.802794456481934,86,1,35,40,4.149394132653061,,,,,,
FAM,2082,6.361918449401856,15.802794456481934,86,1,35,40,4.149394132653061,,,,,,
Random,2082,1.7059450149536133,15.802794456481934,86,1,35,40,4.149394132653061,,,,,,
Superpixel,2817,2.6290855407714844,15.148703575134276,87,1,31,40,5.614237882653061,,,,,,
CAM,2817,3.148889541625977,15.148703575134276,87,1,31,40,5.614237882653061,,,,,,
FAM,2817,2.479973793029785,15.148703575134276,87,1,31,40,5.614237882653061,,,,,,
Random,2817,5.360074043273926,15.148703575134276,87,1,31,40,5.614237882653061,,,,,,
Superpixel,3043,-0.8543205261230469,11.899752616882324,88,1,31,40,6.064652423469387,,,,,,
CAM,3043,8.087351083755493,11.899752616882324,88,1,31,40,6.064652423469387,,,,,,
FAM,3043,3.604202270507813,11.899752616882324,88,1,31,40,6.064652423469387,,,,,,
Random,3043,5.924342632293701,11.899752616882324,88,1,31,40,6.064652423469387,,,,,,
Superpixel,3486,-0.1278905868530273,11.500370025634766,89,1,31,40,6.947544642857142,,,,,,
CAM,3486,3.348025321960449,11.500370025634766,89,1,31,40,6.947544642857142,,,,,,
FAM,3486,3.92204523086548,11.500370025634766,89,1,31,40,6.947544642857142,,,,,,
Random,3486,4.707718372344971,11.500370025634766,89,1,31,40,6.947544642857142,,,,,,
Superpixel,1836,0.6113443374633789,6.8654656410217285,90,1,33,40,3.659119897959184,,,,,,
CAM,1836,2.8502392768859863,6.8654656410217285,90,1,33,40,3.659119897959184,,,,,,
FAM,1836,4.985336184501648,6.8654656410217285,90,1,33,40,3.659119897959184,,,,,,
Random,1836,2.877671957015991,6.8654656410217285,90,1,33,40,3.659119897959184,,,,,,
Superpixel,1373,0.3425884246826172,14.688021659851074,91,1,36,40,2.736367984693877,,,,,,
CAM,1373,8.69744873046875,14.688021659851074,91,1,36,40,2.736367984693877,,,,,,
FAM,1373,8.127737998962402,14.688021659851074,91,1,36,40,2.736367984693877,,,,,,
Random,1373,3.988296508789064,14.688021659851074,91,1,36,40,2.736367984693877,,,,,,
Superpixel,1039,2.99165153503418,10.596505165100098,92,1,32,40,2.0707110969387754,,,,,,
CAM,1039,6.978649377822876,10.596505165100098,92,1,32,40,2.0707110969387754,,,,,,
FAM,1039,7.3198466300964355,10.596505165100098,92,1,32,40,2.0707110969387754,,,,,,
Random,1039,5.597316265106201,10.596505165100098,92,1,32,40,2.0707110969387754,,,,,,
Superpixel,916,6.338753700256348,13.045243263244627,93,1,33,40,1.8255739795918369,,,,,,
CAM,916,0.7183399200439453,13.045243263244627,93,1,33,40,1.8255739795918369,,,,,,
FAM,916,-0.092447280883789,13.045243263244627,93,1,33,40,1.8255739795918369,,,,,,
Random,916,0.6909418106079102,13.045243263244627,93,1,33,40,1.8255739795918369,,,,,,
Superpixel,862,1.2787504196166992,9.30405616760254,94,1,31,40,1.717952806122449,,,,,,
CAM,862,5.116718769073486,9.30405616760254,94,1,31,40,1.717952806122449,,,,,,
FAM,862,2.035576820373535,9.30405616760254,94,1,31,40,1.717952806122449,,,,,,
Random,862,2.91726303100586,9.30405616760254,94,1,31,40,1.717952806122449,,,,,,
Superpixel,1493,1.0775394439697266,14.818351745605469,95,1,29,40,2.9755261479591835,,,,,,
CAM,1493,2.7717905044555664,14.818351745605469,95,1,29,40,2.9755261479591835,,,,,,
FAM,1493,2.556893348693848,14.818351745605469,95,1,29,40,2.9755261479591835,,,,,,
Random,1493,4.467857360839844,14.818351745605469,95,1,29,40,2.9755261479591835,,,,,,
Superpixel,968,4.926259994506836,12.893231391906738,96,1,29,40,1.9292091836734693,,,,,,
CAM,968,6.207540988922119,12.893231391906738,96,1,29,40,1.9292091836734693,,,,,,
FAM,968,6.541517734527588,12.893231391906738,96,1,29,40,1.9292091836734693,,,,,,
Random,968,4.716739654541016,12.893231391906738,96,1,29,40,1.9292091836734693,,,,,,
Superpixel,1710,-0.2940406799316406,13.632012367248535,97,1,30,40,3.4080038265306123,,,,,,
CAM,1710,4.089889526367188,13.632012367248535,97,1,30,40,3.4080038265306123,,,,,,
FAM,1710,1.6109886169433594,13.632012367248535,97,1,30,40,3.4080038265306123,,,,,,
Random,1710,8.04002332687378,13.632012367248535,97,1,30,40,3.4080038265306123,,,,,,
Superpixel,1508,0.3735427856445312,17.183658599853516,98,1,31,40,3.005420918367347,,,,,,
CAM,1508,7.111033439636231,17.183658599853516,98,1,31,40,3.005420918367347,,,,,,
FAM,1508,10.601515293121338,17.183658599853516,98,1,31,40,3.005420918367347,,,,,,
Random,1508,12.98180341720581,17.183658599853516,98,1,31,40,3.005420918367347,,,,,,
Superpixel,1482,0.1712846755981445,14.828822135925291,99,1,31,40,2.9536033163265305,,,,,,
CAM,1482,2.8602752685546875,14.828822135925291,99,1,31,40,2.9536033163265305,,,,,,
FAM,1482,6.66303825378418,14.828822135925291,99,1,31,40,2.9536033163265305,,,,,,
Random,1482,2.771657943725586,14.828822135925291,99,1,31,40,2.9536033163265305,,,,,,
Superpixel,2182,-2.3612279891967773,12.216415405273438,100,1,34,40,4.348692602040816,,,,,,
CAM,2182,3.6333513259887695,12.216415405273438,100,1,34,40,4.348692602040816,,,,,,
FAM,2182,7.648349285125732,12.216415405273438,100,1,34,40,4.348692602040816,,,,,,
Random,2182,3.129399299621582,12.216415405273438,100,1,34,40,4.348692602040816,,,,,,
Superpixel,1677,0.0713367462158203,15.428936958312988,101,1,32,40,3.342235331632653,,,,,,
CAM,1677,8.981658458709717,15.428936958312988,101,1,32,40,3.342235331632653,,,,,,
FAM,1677,9.357402801513672,15.428936958312988,101,1,32,40,3.342235331632653,,,,,,
Random,1677,1.4143753051757812,15.428936958312988,101,1,32,40,3.342235331632653,,,,,,
Superpixel,2333,1.3089990615844729,15.503938674926758,102,1,35,40,4.649633290816327,,,,,,
CAM,2333,6.261693000793457,15.503938674926758,102,1,35,40,4.649633290816327,,,,,,
FAM,2333,6.979350090026856,15.503938674926758,102,1,35,40,4.649633290816327,,,,,,
Random,2333,10.360249042510986,15.503938674926758,102,1,35,40,4.649633290816327,,,,,,
Superpixel,2672,0.5156440734863281,18.070388793945312,103,1,29,40,5.325255102040816,,,,,,
CAM,2672,13.41530179977417,18.070388793945312,103,1,29,40,5.325255102040816,,,,,,
FAM,2672,10.70482301712036,18.070388793945312,103,1,29,40,5.325255102040816,,,,,,
Random,2672,2.89547061920166,18.070388793945312,103,1,29,40,5.325255102040816,,,,,,
Superpixel,2353,-1.1238689422607422,12.477803230285645,104,1,26,40,4.689492984693878,,,,,,
CAM,2353,5.367061614990234,12.477803230285645,104,1,26,40,4.689492984693878,,,,,,
FAM,2353,1.6437244415283203,12.477803230285645,104,1,26,40,4.689492984693878,,,,,,
Random,2353,3.711225509643554,12.477803230285645,104,1,26,40,4.689492984693878,,,,,,
Superpixel,2170,0.0775032043457031,17.71215057373047,105,1,30,40,4.324776785714286,,,,,,
CAM,2170,8.3071870803833,17.71215057373047,105,1,30,40,4.324776785714286,,,,,,
FAM,2170,2.183666229248047,17.71215057373047,105,1,30,40,4.324776785714286,,,,,,
Random,2170,2.367664337158203,17.71215057373047,105,1,30,40,4.324776785714286,,,,,,
Superpixel,2000,-0.6000471115112305,13.822314262390137,106,1,36,40,3.985969387755102,,,,,,
CAM,2000,8.053157329559326,13.822314262390137,106,1,36,40,3.985969387755102,,,,,,
FAM,2000,3.936288833618164,13.822314262390137,106,1,36,40,3.985969387755102,,,,,,
Random,2000,4.6787214279174805,13.822314262390137,106,1,36,40,3.985969387755102,,,,,,
Superpixel,1824,-0.4600181579589844,14.434985160827637,107,1,33,40,3.635204081632653,,,,,,
CAM,1824,4.0963134765625,14.434985160827637,107,1,33,40,3.635204081632653,,,,,,
FAM,1824,0.0822505950927734,14.434985160827637,107,1,33,40,3.635204081632653,,,,,,
Random,1824,-2.1299257278442383,14.434985160827637,107,1,33,40,3.635204081632653,,,,,,
Superpixel,2809,6.101881980895996,18.18814468383789,108,1,33,40,5.598294005102041,,,,,,
CAM,2809,9.888205528259276,18.18814468383789,108,1,33,40,5.598294005102041,,,,,,
FAM,2809,13.97724962234497,18.18814468383789,108,1,33,40,5.598294005102041,,,,,,
Random,2809,3.439822196960449,18.18814468383789,108,1,33,40,5.598294005102041,,,,,,
Superpixel,1556,0.2725028991699219,11.207807540893556,109,1,29,40,3.101084183673469,,,,,,
CAM,1556,5.032609462738037,11.207807540893556,109,1,29,40,3.101084183673469,,,,,,
FAM,1556,0.7224092483520508,11.207807540893556,109,1,29,40,3.101084183673469,,,,,,
Random,1556,3.3895483016967773,11.207807540893556,109,1,29,40,3.101084183673469,,,,,,
Superpixel,2000,-0.1515216827392578,12.709710121154783,110,1,30,40,3.985969387755102,,,,,,
CAM,2000,2.37283706665039,12.709710121154783,110,1,30,40,3.985969387755102,,,,,,
FAM,2000,3.194967269897461,12.709710121154783,110,1,30,40,3.985969387755102,,,,,,
Random,2000,6.463699817657471,12.709710121154783,110,1,30,40,3.985969387755102,,,,,,
Superpixel,1945,4.18495512008667,12.161798477172852,111,1,27,40,3.876355229591837,,,,,,
CAM,1945,7.436078548431396,12.161798477172852,111,1,27,40,3.876355229591837,,,,,,
FAM,1945,5.820700645446777,12.161798477172852,111,1,27,40,3.876355229591837,,,,,,
Random,1945,2.9408998489379883,12.161798477172852,111,1,27,40,3.876355229591837,,,,,,
Superpixel,1287,-0.4044990539550781,14.646283149719238,112,1,32,40,2.564971301020408,,,,,,
CAM,1287,8.079701900482178,14.646283149719238,112,1,32,40,2.564971301020408,,,,,,
FAM,1287,4.224431037902832,14.646283149719238,112,1,32,40,2.564971301020408,,,,,,
Random,1287,2.018233299255371,14.646283149719238,112,1,32,40,2.564971301020408,,,,,,
Superpixel,1768,0.2106285095214843,11.354926109313965,113,1,33,40,3.5235969387755106,,,,,,
CAM,1768,7.115038871765137,11.354926109313965,113,1,33,40,3.5235969387755106,,,,,,
FAM,1768,5.041154861450195,11.354926109313965,113,1,33,40,3.5235969387755106,,,,,,
Random,1768,5.118443965911865,11.354926109313965,113,1,33,40,3.5235969387755106,,,,,,
Superpixel,1559,3.8256664276123047,11.279419898986816,114,1,34,40,3.107063137755102,,,,,,
CAM,1559,7.10331916809082,11.279419898986816,114,1,34,40,3.107063137755102,,,,,,
FAM,1559,0.6562604904174805,11.279419898986816,114,1,34,40,3.107063137755102,,,,,,
Random,1559,2.224702835083008,11.279419898986816,114,1,34,40,3.107063137755102,,,,,,
Superpixel,1647,0.0327663421630859,9.643073081970217,115,1,34,40,3.2824457908163267,,,,,,
CAM,1647,0.572352409362793,9.643073081970217,115,1,34,40,3.2824457908163267,,,,,,
FAM,1647,0.8636884689331055,9.643073081970217,115,1,34,40,3.2824457908163267,,,,,,
Random,1647,5.019189357757568,9.643073081970217,115,1,34,40,3.2824457908163267,,,,,,
Superpixel,1359,-1.1680574417114258,9.141690254211426,116,1,35,40,2.708466198979592,,,,,,
CAM,1359,3.200437068939209,9.141690254211426,116,1,35,40,2.708466198979592,,,,,,
FAM,1359,1.3221001625061035,9.141690254211426,116,1,35,40,2.708466198979592,,,,,,
Random,1359,2.85703992843628,9.141690254211426,116,1,35,40,2.708466198979592,,,,,,
Superpixel,1415,0.2591381072998047,10.933367729187012,117,1,34,40,2.8200733418367347,,,,,,
CAM,1415,9.027234435081482,10.933367729187012,117,1,34,40,2.8200733418367347,,,,,,
FAM,1415,8.143508195877075,10.933367729187012,117,1,34,40,2.8200733418367347,,,,,,
Random,1415,-0.393381118774414,10.933367729187012,117,1,34,40,2.8200733418367347,,,,,,
Superpixel,1095,3.429515838623047,13.120966911315918,118,1,30,40,2.182318239795918,,,,,,
CAM,1095,0.3281526565551758,13.120966911315918,118,1,30,40,2.182318239795918,,,,,,
FAM,1095,3.227341651916504,13.120966911315918,118,1,30,40,2.182318239795918,,,,,,
Random,1095,2.3162059783935547,13.120966911315918,118,1,30,40,2.182318239795918,,,,,,
Superpixel,1228,5.400667190551758,16.402366638183594,119,1,31,40,2.4473852040816326,,,,,,
CAM,1228,4.808265686035156,16.402366638183594,119,1,31,40,2.4473852040816326,,,,,,
FAM,1228,3.974802970886232,16.402366638183594,119,1,31,40,2.4473852040816326,,,,,,
Random,1228,7.885153770446777,16.402366638183594,119,1,31,40,2.4473852040816326,,,,,,
Superpixel,1628,0.1995983123779297,8.822118759155273,120,1,32,40,3.244579081632653,,,,,,
CAM,1628,5.706698656082153,8.822118759155273,120,1,32,40,3.244579081632653,,,,,,
FAM,1628,0.0049858093261718,8.822118759155273,120,1,32,40,3.244579081632653,,,,,,
Random,1628,3.912647247314453,8.822118759155273,120,1,32,40,3.244579081632653,,,,,,
Superpixel,2158,2.5504634380340576,6.235069751739502,121,1,33,40,4.300860969387755,,,,,,
CAM,2158,4.747467994689941,6.235069751739502,121,1,33,40,4.300860969387755,,,,,,
FAM,2158,4.916864395141602,6.235069751739502,121,1,33,40,4.300860969387755,,,,,,
Random,2158,4.030935764312744,6.235069751739502,121,1,33,40,4.300860969387755,,,,,,
Superpixel,1315,5.652845859527588,13.506736755371094,122,1,32,40,2.62077487244898,,,,,,
CAM,1315,3.673443794250488,13.506736755371094,122,1,32,40,2.62077487244898,,,,,,
FAM,1315,6.194860458374023,13.506736755371094,122,1,32,40,2.62077487244898,,,,,,
Random,1315,3.0626182556152344,13.506736755371094,122,1,32,40,2.62077487244898,,,,,,
Superpixel,1557,2.416806221008301,11.120905876159668,123,1,29,40,3.103077168367347,,,,,,
CAM,1557,4.490598678588867,11.120905876159668,123,1,29,40,3.103077168367347,,,,,,
FAM,1557,2.139004707336426,11.120905876159668,123,1,29,40,3.103077168367347,,,,,,
Random,1557,7.799795866012573,11.120905876159668,123,1,29,40,3.103077168367347,,,,,,
Superpixel,1219,4.903450965881348,16.80983543395996,124,1,33,40,2.4294483418367347,,,,,,
CAM,1219,8.390597343444824,16.80983543395996,124,1,33,40,2.4294483418367347,,,,,,
FAM,1219,8.405492782592773,16.80983543395996,124,1,33,40,2.4294483418367347,,,,,,
Random,1219,4.4512481689453125,16.80983543395996,124,1,33,40,2.4294483418367347,,,,,,
Superpixel,2155,3.0023317337036133,16.302902221679688,125,1,29,40,4.294882015306122,,,,,,
CAM,2155,3.1740121841430664,16.302902221679688,125,1,29,40,4.294882015306122,,,,,,
FAM,2155,2.954225540161133,16.302902221679688,125,1,29,40,4.294882015306122,,,,,,
Random,2155,1.049281120300293,16.302902221679688,125,1,29,40,4.294882015306122,,,,,,
Superpixel,1052,1.851157188415528,14.29814910888672,126,1,34,40,2.0966198979591835,,,,,,
CAM,1052,1.7963237762451172,14.29814910888672,126,1,34,40,2.0966198979591835,,,,,,
FAM,1052,0.2365608215332031,14.29814910888672,126,1,34,40,2.0966198979591835,,,,,,
Random,1052,2.8246383666992188,14.29814910888672,126,1,34,40,2.0966198979591835,,,,,,
Superpixel,2085,6.594688415527344,13.200457572937012,127,1,33,40,4.155373086734694,,,,,,
CAM,2085,5.136148452758789,13.200457572937012,127,1,33,40,4.155373086734694,,,,,,
FAM,2085,4.150362968444824,13.200457572937012,127,1,33,40,4.155373086734694,,,,,,
Random,2085,7.114030838012695,13.200457572937012,127,1,33,40,4.155373086734694,,,,,,
Superpixel,1396,2.01706600189209,9.345117568969728,128,1,36,40,2.782206632653061,,,,,,
CAM,1396,3.676943302154541,9.345117568969728,128,1,36,40,2.782206632653061,,,,,,
FAM,1396,1.3206148147583008,9.345117568969728,128,1,36,40,2.782206632653061,,,,,,
Random,1396,1.6700706481933594,9.345117568969728,128,1,36,40,2.782206632653061,,,,,,
Superpixel,2004,2.928598403930664,13.32651424407959,129,1,33,40,3.993941326530612,,,,,,
CAM,2004,2.5724267959594727,13.32651424407959,129,1,33,40,3.993941326530612,,,,,,
FAM,2004,5.045409202575684,13.32651424407959,129,1,33,40,3.993941326530612,,,,,,
Random,2004,2.885684013366699,13.32651424407959,129,1,33,40,3.993941326530612,,,,,,
Superpixel,1268,1.7842674255371094,7.179259300231934,130,1,33,40,2.5271045918367347,,,,,,
CAM,1268,0.5832118988037109,7.179259300231934,130,1,33,40,2.5271045918367347,,,,,,
FAM,1268,-1.2653312683105469,7.179259300231934,130,1,33,40,2.5271045918367347,,,,,,
Random,1268,-0.0968966484069824,7.179259300231934,130,1,33,40,2.5271045918367347,,,,,,
Superpixel,1300,-1.7947235107421875,12.296734809875488,131,1,35,40,2.5908801020408165,,,,,,
CAM,1300,4.642128944396973,12.296734809875488,131,1,35,40,2.5908801020408165,,,,,,
FAM,1300,4.566435813903809,12.296734809875488,131,1,35,40,2.5908801020408165,,,,,,
Random,1300,0.1222915649414062,12.296734809875488,131,1,35,40,2.5908801020408165,,,,,,
Superpixel,1651,4.0300703048706055,15.042993545532228,132,1,36,40,3.2904177295918364,,,,,,
CAM,1651,4.594329833984375,15.042993545532228,132,1,36,40,3.2904177295918364,,,,,,
FAM,1651,1.8670854568481443,15.042993545532228,132,1,36,40,3.2904177295918364,,,,,,
Random,1651,4.152484893798828,15.042993545532228,132,1,36,40,3.2904177295918364,,,,,,
Superpixel,1318,1.2243499755859375,12.704119682312012,133,1,33,40,2.6267538265306123,,,,,,
CAM,1318,4.186208724975586,12.704119682312012,133,1,33,40,2.6267538265306123,,,,,,
FAM,1318,1.7757530212402344,12.704119682312012,133,1,33,40,2.6267538265306123,,,,,,
Random,1318,4.971249580383301,12.704119682312012,133,1,33,40,2.6267538265306123,,,,,,
Superpixel,2252,4.792632102966309,9.561964988708496,134,1,33,40,4.488201530612245,,,,,,
CAM,2252,4.81539249420166,9.561964988708496,134,1,33,40,4.488201530612245,,,,,,
FAM,2252,5.680253505706787,9.561964988708496,134,1,33,40,4.488201530612245,,,,,,
Random,2252,4.565051078796387,9.561964988708496,134,1,33,40,4.488201530612245,,,,,,
Superpixel,2113,-1.3500690460205078,11.64293098449707,135,1,25,40,4.211176658163265,,,,,,
CAM,2113,9.210310459136965,11.64293098449707,135,1,25,40,4.211176658163265,,,,,,
FAM,2113,10.051811337471008,11.64293098449707,135,1,25,40,4.211176658163265,,,,,,
Random,2113,8.647089958190918,11.64293098449707,135,1,25,40,4.211176658163265,,,,,,
Superpixel,2139,0.9873828887939452,11.275784492492676,136,1,35,40,4.262994260204081,,,,,,
CAM,2139,3.510286331176758,11.275784492492676,136,1,35,40,4.262994260204081,,,,,,
FAM,2139,2.264307975769043,11.275784492492676,136,1,35,40,4.262994260204081,,,,,,
Random,2139,0.5210504531860352,11.275784492492676,136,1,35,40,4.262994260204081,,,,,,
Superpixel,1734,-0.1974506378173828,15.144980430603027,137,1,34,40,3.4558354591836733,,,,,,
CAM,1734,8.674293041229248,15.144980430603027,137,1,34,40,3.4558354591836733,,,,,,
FAM,1734,5.682073593139648,15.144980430603027,137,1,34,40,3.4558354591836733,,,,,,
Random,1734,8.846818923950195,15.144980430603027,137,1,34,40,3.4558354591836733,,,,,,
Superpixel,1069,0.7093086242675781,12.23999309539795,138,1,30,40,2.130500637755102,,,,,,
CAM,1069,1.2438240051269531,12.23999309539795,138,1,30,40,2.130500637755102,,,,,,
FAM,1069,0.7266168594360352,12.23999309539795,138,1,30,40,2.130500637755102,,,,,,
Random,1069,1.4608612060546875,12.23999309539795,138,1,30,40,2.130500637755102,,,,,,
Superpixel,2195,0.5024375915527344,6.806970119476318,139,1,34,40,4.374601403061225,,,,,,
CAM,2195,1.7575926780700684,6.806970119476318,139,1,34,40,4.374601403061225,,,,,,
FAM,2195,4.05830979347229,6.806970119476318,139,1,34,40,4.374601403061225,,,,,,
Random,2195,5.230302214622498,6.806970119476318,139,1,34,40,4.374601403061225,,,,,,
Superpixel,2074,6.719888687133789,11.610396385192873,140,1,35,40,4.133450255102041,,,,,,
CAM,2074,3.572038650512696,11.610396385192873,140,1,35,40,4.133450255102041,,,,,,
FAM,2074,4.448143482208252,11.610396385192873,140,1,35,40,4.133450255102041,,,,,,
Random,2074,2.05037784576416,11.610396385192873,140,1,35,40,4.133450255102041,,,,,,
Superpixel,2408,0.1753196716308593,15.713963508605955,141,1,32,40,4.799107142857143,,,,,,
CAM,2408,6.907205581665039,15.713963508605955,141,1,32,40,4.799107142857143,,,,,,
FAM,2408,0.6404953002929688,15.713963508605955,141,1,32,40,4.799107142857143,,,,,,
Random,2408,0.282078742980957,15.713963508605955,141,1,32,40,4.799107142857143,,,,,,
Superpixel,1368,6.302462577819824,14.730679512023926,142,1,35,40,2.72640306122449,,,,,,
CAM,1368,0.9234800338745116,14.730679512023926,142,1,35,40,2.72640306122449,,,,,,
FAM,1368,0.7030258178710938,14.730679512023926,142,1,35,40,2.72640306122449,,,,,,
Random,1368,-0.0659322738647461,14.730679512023926,142,1,35,40,2.72640306122449,,,,,,
Superpixel,2088,1.838592529296875,14.311620712280272,143,1,33,40,4.161352040816327,,,,,,
CAM,2088,3.146817207336426,14.311620712280272,143,1,33,40,4.161352040816327,,,,,,
FAM,2088,1.145305633544922,14.311620712280272,143,1,33,40,4.161352040816327,,,,,,
Random,2088,1.7574539184570312,14.311620712280272,143,1,33,40,4.161352040816327,,,,,,
Superpixel,1298,4.808195114135742,13.337560653686523,144,1,32,40,2.586894132653061,,,,,,
CAM,1298,3.487971305847168,13.337560653686523,144,1,32,40,2.586894132653061,,,,,,
FAM,1298,5.9895524978637695,13.337560653686523,144,1,32,40,2.586894132653061,,,,,,
Random,1298,4.653017044067383,13.337560653686523,144,1,32,40,2.586894132653061,,,,,,
Superpixel,1258,4.782251358032227,17.006467819213867,145,1,32,40,2.50717474489796,,,,,,
CAM,1258,4.993434906005859,17.006467819213867,145,1,32,40,2.50717474489796,,,,,,
FAM,1258,4.375150680541992,17.006467819213867,145,1,32,40,2.50717474489796,,,,,,
Random,1258,2.716224670410156,17.006467819213867,145,1,32,40,2.50717474489796,,,,,,
Superpixel,1444,2.005678176879883,13.564491271972656,146,1,31,40,2.8778698979591835,,,,,,
CAM,1444,4.844669342041016,13.564491271972656,146,1,31,40,2.8778698979591835,,,,,,
FAM,1444,3.391986846923828,13.564491271972656,146,1,31,40,2.8778698979591835,,,,,,
Random,1444,3.888272285461426,13.564491271972656,146,1,31,40,2.8778698979591835,,,,,,
Superpixel,1197,4.809030532836914,17.26859474182129,147,1,33,40,2.3856026785714284,,,,,,
CAM,1197,7.818312644958496,17.26859474182129,147,1,33,40,2.3856026785714284,,,,,,
FAM,1197,2.9628353118896484,17.26859474182129,147,1,33,40,2.3856026785714284,,,,,,
Random,1197,3.897831916809082,17.26859474182129,147,1,33,40,2.3856026785714284,,,,,,
Superpixel,1590,3.816794395446777,18.31349372863769,148,1,32,40,3.168845663265306,,,,,,
CAM,1590,8.969230651855469,18.31349372863769,148,1,32,40,3.168845663265306,,,,,,
FAM,1590,8.260079383850098,18.31349372863769,148,1,32,40,3.168845663265306,,,,,,
Random,1590,2.7399606704711914,18.31349372863769,148,1,32,40,3.168845663265306,,,,,,
Superpixel,1497,1.1142091751098633,11.154372215270996,149,1,28,40,2.9834980867346936,,,,,,
CAM,1497,2.160098075866699,11.154372215270996,149,1,28,40,2.9834980867346936,,,,,,
FAM,1497,0.6616363525390625,11.154372215270996,149,1,28,40,2.9834980867346936,,,,,,
Random,1497,3.896448612213135,11.154372215270996,149,1,28,40,2.9834980867346936,,,,,,
Superpixel,1513,2.215787887573242,13.237960815429688,150,1,32,40,3.0153858418367347,,,,,,
CAM,1513,-0.1561279296875,13.237960815429688,150,1,32,40,3.0153858418367347,,,,,,
FAM,1513,2.055306434631348,13.237960815429688,150,1,32,40,3.0153858418367347,,,,,,
Random,1513,0.5254392623901367,13.237960815429688,150,1,32,40,3.0153858418367347,,,,,,
Superpixel,1425,1.402301788330078,13.540781021118164,151,1,32,40,2.84000318877551,,,,,,
CAM,1425,1.9450559616088867,13.540781021118164,151,1,32,40,2.84000318877551,,,,,,
FAM,1425,4.407732009887695,13.540781021118164,151,1,32,40,2.84000318877551,,,,,,
Random,1425,-1.7645950317382812,13.540781021118164,151,1,32,40,2.84000318877551,,,,,,
Superpixel,1487,2.186896324157715,16.670333862304688,152,1,34,40,2.963568239795918,,,,,,
CAM,1487,2.230646133422852,16.670333862304688,152,1,34,40,2.963568239795918,,,,,,
FAM,1487,0.9205055236816406,16.670333862304688,152,1,34,40,2.963568239795918,,,,,,
Random,1487,3.460884094238281,16.670333862304688,152,1,34,40,2.963568239795918,,,,,,
Superpixel,1074,1.0736236572265625,14.594741821289062,153,1,31,40,2.14046556122449,,,,,,
CAM,1074,2.235701560974121,14.594741821289062,153,1,31,40,2.14046556122449,,,,,,
FAM,1074,0.6790428161621094,14.594741821289062,153,1,31,40,2.14046556122449,,,,,,
Random,1074,-0.483489990234375,14.594741821289062,153,1,31,40,2.14046556122449,,,,,,
Superpixel,2011,2.3925981521606445,13.016481399536133,154,1,34,40,4.007892219387755,,,,,,
CAM,2011,4.736268997192383,13.016481399536133,154,1,34,40,4.007892219387755,,,,,,
FAM,2011,2.018239974975586,13.016481399536133,154,1,34,40,4.007892219387755,,,,,,
Random,2011,1.9509391784667969,13.016481399536133,154,1,34,40,4.007892219387755,,,,,,
Superpixel,1597,4.658263206481934,9.030038833618164,155,1,35,40,3.182796556122449,,,,,,
CAM,1597,6.351418733596802,9.030038833618164,155,1,35,40,3.182796556122449,,,,,,
FAM,1597,7.156949162483215,9.030038833618164,155,1,35,40,3.182796556122449,,,,,,
Random,1597,3.081894397735596,9.030038833618164,155,1,35,40,3.182796556122449,,,,,,
Superpixel,2316,0.0520782470703125,16.346372604370117,156,1,32,40,4.615752551020408,,,,,,
CAM,2316,6.93642520904541,16.346372604370117,156,1,32,40,4.615752551020408,,,,,,
FAM,2316,6.944855690002441,16.346372604370117,156,1,32,40,4.615752551020408,,,,,,
Random,2316,6.580133438110352,16.346372604370117,156,1,32,40,4.615752551020408,,,,,,
Superpixel,1159,6.424289703369141,18.035762786865234,157,1,34,40,2.309869260204082,,,,,,
CAM,1159,10.49065113067627,18.035762786865234,157,1,34,40,2.309869260204082,,,,,,
FAM,1159,8.909204483032227,18.035762786865234,157,1,34,40,2.309869260204082,,,,,,
Random,1159,11.392905712127686,18.035762786865234,157,1,34,40,2.309869260204082,,,,,,
Superpixel,784,4.290600776672363,14.329495429992676,158,1,35,40,1.5625,,,,,,
CAM,784,3.01284122467041,14.329495429992676,158,1,35,40,1.5625,,,,,,
FAM,784,2.457747459411621,14.329495429992676,158,1,35,40,1.5625,,,,,,
Random,784,2.4264307022094727,14.329495429992676,158,1,35,40,1.5625,,,,,,
Superpixel,1283,-0.5327377319335938,15.876619338989258,159,1,32,40,2.556999362244898,,,,,,
CAM,1283,6.106513977050781,15.876619338989258,159,1,32,40,2.556999362244898,,,,,,
FAM,1283,4.999509811401367,15.876619338989258,159,1,32,40,2.556999362244898,,,,,,
Random,1283,4.4213056564331055,15.876619338989258,159,1,32,40,2.556999362244898,,,,,,
Superpixel,1179,0.761235237121582,12.079415321350098,160,1,33,40,2.3497289540816326,,,,,,
CAM,1179,2.769125938415528,12.079415321350098,160,1,33,40,2.3497289540816326,,,,,,
FAM,1179,0.0068655014038085,12.079415321350098,160,1,33,40,2.3497289540816326,,,,,,
Random,1179,3.103240966796875,12.079415321350098,160,1,33,40,2.3497289540816326,,,,,,
Superpixel,1910,1.9466705322265625,17.422378540039062,161,1,33,40,3.806600765306122,,,,,,
CAM,1910,5.233065605163574,17.422378540039062,161,1,33,40,3.806600765306122,,,,,,
FAM,1910,3.144351959228516,17.422378540039062,161,1,33,40,3.806600765306122,,,,,,
Random,1910,7.59382152557373,17.422378540039062,161,1,33,40,3.806600765306122,,,,,,
Superpixel,2029,-0.2238931655883789,15.753741264343262,162,1,35,40,4.043765943877551,,,,,,
CAM,2029,6.464931488037109,15.753741264343262,162,1,35,40,4.043765943877551,,,,,,
FAM,2029,5.25413703918457,15.753741264343262,162,1,35,40,4.043765943877551,,,,,,
Random,2029,4.243657112121582,15.753741264343262,162,1,35,40,4.043765943877551,,,,,,
Superpixel,3309,0.1093597412109375,11.835968017578123,163,1,26,40,6.594786352040815,,,,,,
CAM,3309,4.46005392074585,11.835968017578123,163,1,26,40,6.594786352040815,,,,,,
FAM,3309,5.174572944641113,11.835968017578123,163,1,26,40,6.594786352040815,,,,,,
Random,3309,0.933131217956543,11.835968017578123,163,1,26,40,6.594786352040815,,,,,,
Superpixel,2384,3.6183581352233887,9.605253219604492,164,1,30,40,4.751275510204081,,,,,,
CAM,2384,4.9697794914245605,9.605253219604492,164,1,30,40,4.751275510204081,,,,,,
FAM,2384,7.072082281112671,9.605253219604492,164,1,30,40,4.751275510204081,,,,,,
Random,2384,5.314896106719971,9.605253219604492,164,1,30,40,4.751275510204081,,,,,,
Superpixel,1107,0.7642850875854492,9.482483863830566,165,1,34,40,2.206234056122449,,,,,,
CAM,1107,1.9214119911193848,9.482483863830566,165,1,34,40,2.206234056122449,,,,,,
FAM,1107,-0.5497722625732422,9.482483863830566,165,1,34,40,2.206234056122449,,,,,,
Random,1107,2.6971449851989746,9.482483863830566,165,1,34,40,2.206234056122449,,,,,,
Superpixel,2002,2.4695701599121094,12.970099449157717,166,1,35,40,3.9899553571428568,,,,,,
CAM,2002,3.409526824951172,12.970099449157717,166,1,35,40,3.9899553571428568,,,,,,
FAM,2002,2.6837072372436523,12.970099449157717,166,1,35,40,3.9899553571428568,,,,,,
Random,2002,3.06992244720459,12.970099449157717,166,1,35,40,3.9899553571428568,,,,,,
Superpixel,1238,2.3984575271606445,14.106159210205078,167,1,36,40,2.467315051020408,,,,,,
CAM,1238,0.3508329391479492,14.106159210205078,167,1,36,40,2.467315051020408,,,,,,
FAM,1238,1.1886415481567385,14.106159210205078,167,1,36,40,2.467315051020408,,,,,,
Random,1238,1.1856012344360352,14.106159210205078,167,1,36,40,2.467315051020408,,,,,,
Superpixel,1387,4.003499984741211,15.383405685424805,168,1,32,40,2.764269770408164,,,,,,
CAM,1387,6.926006317138672,15.383405685424805,168,1,32,40,2.764269770408164,,,,,,
FAM,1387,0.2610712051391601,15.383405685424805,168,1,32,40,2.764269770408164,,,,,,
Random,1387,5.61080265045166,15.383405685424805,168,1,32,40,2.764269770408164,,,,,,
Superpixel,1729,5.1171040534973145,9.903432846069336,169,1,35,40,3.4458705357142856,,,,,,
CAM,1729,7.874673843383789,9.903432846069336,169,1,35,40,3.4458705357142856,,,,,,
FAM,1729,-0.5691108703613281,9.903432846069336,169,1,35,40,3.4458705357142856,,,,,,
Random,1729,1.0628662109375,9.903432846069336,169,1,35,40,3.4458705357142856,,,,,,
Superpixel,1287,-1.0122694969177246,7.970113277435303,170,1,30,40,2.564971301020408,,,,,,
CAM,1287,1.541727066040039,7.970113277435303,170,1,30,40,2.564971301020408,,,,,,
FAM,1287,-1.143439769744873,7.970113277435303,170,1,30,40,2.564971301020408,,,,,,
Random,1287,2.392862319946289,7.970113277435303,170,1,30,40,2.564971301020408,,,,,,
Superpixel,2402,3.310019969940185,8.926592826843262,171,1,33,40,4.787149234693878,,,,,,
CAM,2402,4.460090637207031,8.926592826843262,171,1,33,40,4.787149234693878,,,,,,
FAM,2402,3.112318992614746,8.926592826843262,171,1,33,40,4.787149234693878,,,,,,
Random,2402,0.7837533950805664,8.926592826843262,171,1,33,40,4.787149234693878,,,,,,
Superpixel,1718,3.252626419067383,15.47469997406006,172,1,32,40,3.4239477040816326,,,,,,
CAM,1718,6.42384147644043,15.47469997406006,172,1,32,40,3.4239477040816326,,,,,,
FAM,1718,6.388567924499512,15.47469997406006,172,1,32,40,3.4239477040816326,,,,,,
Random,1718,4.38413143157959,15.47469997406006,172,1,32,40,3.4239477040816326,,,,,,
Superpixel,1883,2.240572929382324,11.197237968444824,173,1,29,40,3.752790178571429,,,,,,
CAM,1883,4.121248722076416,11.197237968444824,173,1,29,40,3.752790178571429,,,,,,
FAM,1883,7.996427536010742,11.197237968444824,173,1,29,40,3.752790178571429,,,,,,
Random,1883,6.772799491882324,11.197237968444824,173,1,29,40,3.752790178571429,,,,,,
Superpixel,1725,2.218377113342285,15.447246551513672,174,1,32,40,3.437898596938776,,,,,,
CAM,1725,1.9630537033081048,15.447246551513672,174,1,32,40,3.437898596938776,,,,,,
FAM,1725,2.522658348083496,15.447246551513672,174,1,32,40,3.437898596938776,,,,,,
Random,1725,0.3003520965576172,15.447246551513672,174,1,32,40,3.437898596938776,,,,,,
Superpixel,1526,1.3276252746582031,19.444435119628903,175,1,31,40,3.041294642857143,,,,,,
CAM,1526,5.604065895080566,19.444435119628903,175,1,31,40,3.041294642857143,,,,,,
FAM,1526,0.6097812652587891,19.444435119628903,175,1,31,40,3.041294642857143,,,,,,
Random,1526,9.23768424987793,19.444435119628903,175,1,31,40,3.041294642857143,,,,,,
Superpixel,1550,3.639068603515625,13.659045219421388,176,1,32,40,3.089126275510204,,,,,,
CAM,1550,7.290134906768799,13.659045219421388,176,1,32,40,3.089126275510204,,,,,,
FAM,1550,5.581263542175293,13.659045219421388,176,1,32,40,3.089126275510204,,,,,,
Random,1550,7.29186487197876,13.659045219421388,176,1,32,40,3.089126275510204,,,,,,
Superpixel,1279,1.626180648803711,11.38173007965088,177,1,33,40,2.549027423469388,,,,,,
CAM,1279,-0.9951820373535156,11.38173007965088,177,1,33,40,2.549027423469388,,,,,,
FAM,1279,-0.0754165649414062,11.38173007965088,177,1,33,40,2.549027423469388,,,,,,
Random,1279,-0.9605140686035156,11.38173007965088,177,1,33,40,2.549027423469388,,,,,,
Superpixel,2727,-1.303668975830078,11.553726196289062,178,1,30,40,5.434869260204081,,,,,,
CAM,2727,1.8959407806396484,11.553726196289062,178,1,30,40,5.434869260204081,,,,,,
FAM,2727,3.537466049194336,11.553726196289062,178,1,30,40,5.434869260204081,,,,,,
Random,2727,2.0600528717041016,11.553726196289062,178,1,30,40,5.434869260204081,,,,,,
Superpixel,2976,1.050858497619629,11.74983024597168,179,1,33,40,5.931122448979592,,,,,,
CAM,2976,8.62032437324524,11.74983024597168,179,1,33,40,5.931122448979592,,,,,,
FAM,2976,2.139533042907715,11.74983024597168,179,1,33,40,5.931122448979592,,,,,,
Random,2976,10.90413111448288,11.74983024597168,179,1,33,40,5.931122448979592,,,,,,
Superpixel,1868,2.502163887023926,11.495020866394045,180,1,34,40,3.722895408163265,,,,,,
CAM,1868,4.90304708480835,11.495020866394045,180,1,34,40,3.722895408163265,,,,,,
FAM,1868,3.009384155273437,11.495020866394045,180,1,34,40,3.722895408163265,,,,,,
Random,1868,1.1439781188964844,11.495020866394045,180,1,34,40,3.722895408163265,,,,,,
Superpixel,1561,-1.1355409622192385,9.231075286865234,181,1,35,40,3.111049107142857,,,,,,
CAM,1561,5.021524429321289,9.231075286865234,181,1,35,40,3.111049107142857,,,,,,
FAM,1561,2.3573246002197266,9.231075286865234,181,1,35,40,3.111049107142857,,,,,,
Random,1561,4.86271333694458,9.231075286865234,181,1,35,40,3.111049107142857,,,,,,
Superpixel,1726,3.589229106903076,11.02761173248291,182,1,36,40,3.439891581632653,,,,,,
CAM,1726,8.759415626525879,11.02761173248291,182,1,36,40,3.439891581632653,,,,,,
FAM,1726,7.603166580200195,11.02761173248291,182,1,36,40,3.439891581632653,,,,,,
Random,1726,5.948331356048584,11.02761173248291,182,1,36,40,3.439891581632653,,,,,,
Superpixel,1693,1.7061471939086914,7.090257167816162,183,1,35,40,3.374123086734694,,,,,,
CAM,1693,1.245326042175293,7.090257167816162,183,1,35,40,3.374123086734694,,,,,,
FAM,1693,3.1641690731048584,7.090257167816162,183,1,35,40,3.374123086734694,,,,,,
Random,1693,1.313873291015625,7.090257167816162,183,1,35,40,3.374123086734694,,,,,,
Superpixel,914,3.7515478134155273,9.7734956741333,184,1,36,40,1.8215880102040816,,,,,,
CAM,914,3.2606067657470703,9.7734956741333,184,1,36,40,1.8215880102040816,,,,,,
FAM,914,0.5191116333007812,9.7734956741333,184,1,36,40,1.8215880102040816,,,,,,
Random,914,-1.314655303955078,9.7734956741333,184,1,36,40,1.8215880102040816,,,,,,
Superpixel,2049,4.151041030883789,15.033140182495115,185,1,32,40,4.083625637755102,,,,,,
CAM,2049,5.671758651733398,15.033140182495115,185,1,32,40,4.083625637755102,,,,,,
FAM,2049,6.910703659057617,15.033140182495115,185,1,32,40,4.083625637755102,,,,,,
Random,2049,9.211987495422363,15.033140182495115,185,1,32,40,4.083625637755102,,,,,,
Superpixel,1048,2.501205921173096,8.812786102294922,186,1,34,40,2.0886479591836737,,,,,,
CAM,1048,1.036024570465088,8.812786102294922,186,1,34,40,2.0886479591836737,,,,,,
FAM,1048,2.984413146972656,8.812786102294922,186,1,34,40,2.0886479591836737,,,,,,
Random,1048,1.0249037742614746,8.812786102294922,186,1,34,40,2.0886479591836737,,,,,,
Superpixel,1843,-0.6074790954589844,12.115702629089355,187,1,35,40,3.673070790816327,,,,,,
CAM,1843,0.906719207763672,12.115702629089355,187,1,35,40,3.673070790816327,,,,,,
FAM,1843,4.010597229003906,12.115702629089355,187,1,35,40,3.673070790816327,,,,,,
Random,1843,0.0927801132202148,12.115702629089355,187,1,35,40,3.673070790816327,,,,,,
Superpixel,823,0.1114025115966796,11.069998741149902,188,1,35,40,1.6402264030612246,,,,,,
CAM,823,0.4456663131713867,11.069998741149902,188,1,35,40,1.6402264030612246,,,,,,
FAM,823,6.182591915130615,11.069998741149902,188,1,35,40,1.6402264030612246,,,,,,
Random,823,-0.8763370513916016,11.069998741149902,188,1,35,40,1.6402264030612246,,,,,,
Superpixel,2472,0.1408519744873047,11.380338668823242,189,1,31,40,4.926658163265306,,,,,,
CAM,2472,1.2785749435424805,11.380338668823242,189,1,31,40,4.926658163265306,,,,,,
FAM,2472,3.76273250579834,11.380338668823242,189,1,31,40,4.926658163265306,,,,,,
Random,2472,2.724416732788086,11.380338668823242,189,1,31,40,4.926658163265306,,,,,,
Superpixel,1464,1.2138266563415527,6.347030162811279,190,1,32,40,2.9177295918367347,,,,,,
CAM,1464,2.80126953125,6.347030162811279,190,1,32,40,2.9177295918367347,,,,,,
FAM,1464,1.943099021911621,6.347030162811279,190,1,32,40,2.9177295918367347,,,,,,
Random,1464,1.1344728469848633,6.347030162811279,190,1,32,40,2.9177295918367347,,,,,,
Superpixel,1125,9.34285569190979,12.793618202209473,191,1,36,40,2.242107780612245,,,,,,
CAM,1125,5.4283857345581055,12.793618202209473,191,1,36,40,2.242107780612245,,,,,,
FAM,1125,4.254631996154785,12.793618202209473,191,1,36,40,2.242107780612245,,,,,,
Random,1125,1.795797348022461,12.793618202209473,191,1,36,40,2.242107780612245,,,,,,
Superpixel,1792,0.0080718994140625,12.087818145751951,192,1,35,40,3.571428571428571,,,,,,
CAM,1792,2.915704727172852,12.087818145751951,192,1,35,40,3.571428571428571,,,,,,
FAM,1792,3.4809341430664062,12.087818145751951,192,1,35,40,3.571428571428571,,,,,,
Random,1792,1.6592884063720703,12.087818145751951,192,1,35,40,3.571428571428571,,,,,,
Superpixel,3328,1.5246124267578125,13.9094820022583,193,1,28,40,6.63265306122449,,,,,,
CAM,3328,1.6525802612304688,13.9094820022583,193,1,28,40,6.63265306122449,,,,,,
FAM,3328,1.3041725158691406,13.9094820022583,193,1,28,40,6.63265306122449,,,,,,
Random,3328,3.005856513977051,13.9094820022583,193,1,28,40,6.63265306122449,,,,,,
Superpixel,1515,0.3573532104492187,6.818569183349609,194,1,25,40,3.01937181122449,,,,,,
CAM,1515,1.552731990814209,6.818569183349609,194,1,25,40,3.01937181122449,,,,,,
FAM,1515,1.7259740829467771,6.818569183349609,194,1,25,40,3.01937181122449,,,,,,
Random,1515,1.0712199211120603,6.818569183349609,194,1,25,40,3.01937181122449,,,,,,
Superpixel,2488,5.174009799957275,8.56313705444336,195,1,31,40,4.958545918367348,,,,,,
CAM,2488,3.974966526031494,8.56313705444336,195,1,31,40,4.958545918367348,,,,,,
FAM,2488,5.389856338500977,8.56313705444336,195,1,31,40,4.958545918367348,,,,,,
Random,2488,4.890761137008667,8.56313705444336,195,1,31,40,4.958545918367348,,,,,,
Superpixel,1657,2.4648876190185547,12.835895538330078,196,1,34,40,3.302375637755102,,,,,,
CAM,1657,3.0025644302368164,12.835895538330078,196,1,34,40,3.302375637755102,,,,,,
FAM,1657,5.613142013549805,12.835895538330078,196,1,34,40,3.302375637755102,,,,,,
Random,1657,1.0927610397338867,12.835895538330078,196,1,34,40,3.302375637755102,,,,,,
Superpixel,1292,-0.3368825912475586,10.101577758789062,197,1,34,40,2.574936224489796,,,,,,
CAM,1292,-0.2773656845092773,10.101577758789062,197,1,34,40,2.574936224489796,,,,,,
FAM,1292,4.206867694854736,10.101577758789062,197,1,34,40,2.574936224489796,,,,,,
Random,1292,0.8069038391113281,10.101577758789062,197,1,34,40,2.574936224489796,,,,,,
Superpixel,1593,0.4141731262207031,11.389898300170898,198,1,31,40,3.1748246173469385,,,,,,
CAM,1593,4.637442111968994,11.389898300170898,198,1,31,40,3.1748246173469385,,,,,,
FAM,1593,0.3024253845214844,11.389898300170898,198,1,31,40,3.1748246173469385,,,,,,
Random,1593,0.9541683197021484,11.389898300170898,198,1,31,40,3.1748246173469385,,,,,,
Superpixel,995,-0.3156213760375976,11.502920150756836,199,1,32,40,1.983019770408164,,,,,,
CAM,995,3.0936946868896484,11.502920150756836,199,1,32,40,1.983019770408164,,,,,,
FAM,995,3.590001106262207,11.502920150756836,199,1,32,40,1.983019770408164,,,,,,
Random,995,0.3492431640625,11.502920150756836,199,1,32,40,1.983019770408164,,,,,,
Superpixel,1600,1.157153606414795,8.195829391479492,200,1,33,40,3.188775510204082,,,,,,
CAM,1600,3.8742504119873047,8.195829391479492,200,1,33,40,3.188775510204082,,,,,,
FAM,1600,2.170097827911377,8.195829391479492,200,1,33,40,3.188775510204082,,,,,,
Random,1600,9.597154021263124,8.195829391479492,200,1,33,40,3.188775510204082,,,,,,
Superpixel,1957,0.5148220062255859,11.555458068847656,201,1,31,40,3.900271045918368,,,,,,
CAM,1957,2.822822570800781,11.555458068847656,201,1,31,40,3.900271045918368,,,,,,
FAM,1957,2.557035446166992,11.555458068847656,201,1,31,40,3.900271045918368,,,,,,
Random,1957,4.078914165496826,11.555458068847656,201,1,31,40,3.900271045918368,,,,,,
Superpixel,2282,0.8558311462402344,10.537670135498049,202,1,28,40,4.547991071428571,,,,,,
CAM,2282,4.32951545715332,10.537670135498049,202,1,28,40,4.547991071428571,,,,,,
FAM,2282,4.265219211578369,10.537670135498049,202,1,28,40,4.547991071428571,,,,,,
Random,2282,1.9837112426757808,10.537670135498049,202,1,28,40,4.547991071428571,,,,,,
Superpixel,1744,0.1062545776367187,13.45071792602539,203,1,34,40,3.475765306122449,,,,,,
CAM,1744,5.370485305786133,13.45071792602539,203,1,34,40,3.475765306122449,,,,,,
FAM,1744,3.5213184356689453,13.45071792602539,203,1,34,40,3.475765306122449,,,,,,
Random,1744,0.6232452392578125,13.45071792602539,203,1,34,40,3.475765306122449,,,,,,
Superpixel,2477,0.0504283905029296,14.600278854370115,204,1,33,40,4.936623086734694,,,,,,
CAM,2477,6.279024124145508,14.600278854370115,204,1,33,40,4.936623086734694,,,,,,
FAM,2477,3.356256484985352,14.600278854370115,204,1,33,40,4.936623086734694,,,,,,
Random,2477,5.020788192749023,14.600278854370115,204,1,33,40,4.936623086734694,,,,,,
Superpixel,983,3.147810935974121,11.467634201049805,205,1,34,40,1.9591039540816328,,,,,,
CAM,983,-0.348724365234375,11.467634201049805,205,1,34,40,1.9591039540816328,,,,,,
FAM,983,-0.1745843887329101,11.467634201049805,205,1,34,40,1.9591039540816328,,,,,,
Random,983,0.2379570007324218,11.467634201049805,205,1,34,40,1.9591039540816328,,,,,,
Superpixel,1433,1.440669059753418,11.214329719543455,206,1,29,40,2.8559470663265305,,,,,,
CAM,1433,2.407567977905273,11.214329719543455,206,1,29,40,2.8559470663265305,,,,,,
FAM,1433,3.9670472145080566,11.214329719543455,206,1,29,40,2.8559470663265305,,,,,,
Random,1433,-0.0691175460815429,11.214329719543455,206,1,29,40,2.8559470663265305,,,,,,
Superpixel,1747,0.2926197052001953,9.128189086914062,207,1,27,40,3.481744260204082,,,,,,
CAM,1747,-0.5005550384521484,9.128189086914062,207,1,27,40,3.481744260204082,,,,,,
FAM,1747,1.141678810119629,9.128189086914062,207,1,27,40,3.481744260204082,,,,,,
Random,1747,1.6567230224609375,9.128189086914062,207,1,27,40,3.481744260204082,,,,,,
Superpixel,943,3.423851490020752,10.57050323486328,208,1,33,40,1.8793845663265307,,,,,,
CAM,943,3.089566707611084,10.57050323486328,208,1,33,40,1.8793845663265307,,,,,,
FAM,943,4.163428783416748,10.57050323486328,208,1,33,40,1.8793845663265307,,,,,,
Random,943,1.0435104370117188,10.57050323486328,208,1,33,40,1.8793845663265307,,,,,,
Superpixel,4003,0.2029066085815429,14.310815811157228,209,1,30,40,7.977917729591836,,,,,,
CAM,4003,0.5072946548461914,14.310815811157228,209,1,30,40,7.977917729591836,,,,,,
FAM,4003,1.0640134811401367,14.310815811157228,209,1,30,40,7.977917729591836,,,,,,
Random,4003,4.217317581176758,14.310815811157228,209,1,30,40,7.977917729591836,,,,,,
Superpixel,1475,1.4452037811279297,12.199350357055664,210,1,31,40,2.939652423469388,,,,,,
CAM,1475,2.9993209838867188,12.199350357055664,210,1,31,40,2.939652423469388,,,,,,
FAM,1475,2.878265380859375,12.199350357055664,210,1,31,40,2.939652423469388,,,,,,
Random,1475,1.6539325714111328,12.199350357055664,210,1,31,40,2.939652423469388,,,,,,
Superpixel,3888,1.5443410873413086,14.319704055786133,211,1,30,40,7.748724489795919,,,,,,
CAM,3888,6.03822135925293,14.319704055786133,211,1,30,40,7.748724489795919,,,,,,
FAM,3888,6.934554100036621,14.319704055786133,211,1,30,40,7.748724489795919,,,,,,
Random,3888,2.957826614379883,14.319704055786133,211,1,30,40,7.748724489795919,,,,,,
Superpixel,1006,1.264714241027832,14.56499481201172,212,1,28,40,2.0049426020408165,,,,,,
CAM,1006,4.348838806152344,14.56499481201172,212,1,28,40,2.0049426020408165,,,,,,
FAM,1006,4.146941184997559,14.56499481201172,212,1,28,40,2.0049426020408165,,,,,,
Random,1006,2.344764709472656,14.56499481201172,212,1,28,40,2.0049426020408165,,,,,,
Superpixel,1480,0.6028623580932617,10.492862701416016,213,1,34,40,2.9496173469387754,,,,,,
CAM,1480,4.107497692108154,10.492862701416016,213,1,34,40,2.9496173469387754,,,,,,
FAM,1480,3.123299598693848,10.492862701416016,213,1,34,40,2.9496173469387754,,,,,,
Random,1480,2.205768585205078,10.492862701416016,213,1,34,40,2.9496173469387754,,,,,,
Superpixel,1560,2.3518295288085938,7.865429878234863,214,1,32,40,3.10905612244898,,,,,,
CAM,1560,2.73752498626709,7.865429878234863,214,1,32,40,3.10905612244898,,,,,,
FAM,1560,2.9011850357055664,7.865429878234863,214,1,32,40,3.10905612244898,,,,,,
Random,1560,5.556479692459106,7.865429878234863,214,1,32,40,3.10905612244898,,,,,,
Superpixel,2064,4.656951904296875,13.465513229370115,215,1,33,40,4.113520408163265,,,,,,
CAM,2064,4.9484968185424805,13.465513229370115,215,1,33,40,4.113520408163265,,,,,,
FAM,2064,1.7583856582641602,13.465513229370115,215,1,33,40,4.113520408163265,,,,,,
Random,2064,1.6736373901367188,13.465513229370115,215,1,33,40,4.113520408163265,,,,,,
Superpixel,1506,7.639622211456299,13.941645622253418,216,1,32,40,3.001434948979592,,,,,,
CAM,1506,6.640395164489746,13.941645622253418,216,1,32,40,3.001434948979592,,,,,,
FAM,1506,6.294818878173828,13.941645622253418,216,1,32,40,3.001434948979592,,,,,,
Random,1506,-0.1443061828613281,13.941645622253418,216,1,32,40,3.001434948979592,,,,,,
Superpixel,4146,8.286308288574219,13.641757011413574,217,1,28,40,8.262914540816327,,,,,,
CAM,4146,5.006756782531738,13.641757011413574,217,1,28,40,8.262914540816327,,,,,,
FAM,4146,3.338661193847656,13.641757011413574,217,1,28,40,8.262914540816327,,,,,,
Random,4146,5.484494209289551,13.641757011413574,217,1,28,40,8.262914540816327,,,,,,
Superpixel,1699,1.916095733642578,12.63535976409912,218,1,31,40,3.38608099489796,,,,,,
CAM,1699,9.031555414199827,12.63535976409912,218,1,31,40,3.38608099489796,,,,,,
FAM,1699,4.270820617675781,12.63535976409912,218,1,31,40,3.38608099489796,,,,,,
Random,1699,0.4411096572875976,12.63535976409912,218,1,31,40,3.38608099489796,,,,,,
Superpixel,2393,2.955941200256348,6.633218288421631,219,1,28,40,4.76921237244898,,,,,,
CAM,2393,1.2738637924194336,6.633218288421631,219,1,28,40,4.76921237244898,,,,,,
FAM,2393,2.535709381103516,6.633218288421631,219,1,28,40,4.76921237244898,,,,,,
Random,2393,3.375416755676269,6.633218288421631,219,1,28,40,4.76921237244898,,,,,,
Superpixel,4091,0.8017101287841797,10.356335639953612,220,1,23,40,8.153300382653061,,,,,,
CAM,4091,1.1822824478149414,10.356335639953612,220,1,23,40,8.153300382653061,,,,,,
FAM,4091,1.0999135971069336,10.356335639953612,220,1,23,40,8.153300382653061,,,,,,
Random,4091,1.998573303222656,10.356335639953612,220,1,23,40,8.153300382653061,,,,,,
Superpixel,885,1.664870262145996,9.833575248718262,221,1,31,40,1.7637914540816326,,,,,,
CAM,885,0.404001235961914,9.833575248718262,221,1,31,40,1.7637914540816326,,,,,,
FAM,885,1.038412094116211,9.833575248718262,221,1,31,40,1.7637914540816326,,,,,,
Random,885,0.74658203125,9.833575248718262,221,1,31,40,1.7637914540816326,,,,,,
Superpixel,2738,0.1398544311523437,12.622729301452637,222,1,29,40,5.456792091836735,,,,,,
CAM,2738,5.218195915222168,12.622729301452637,222,1,29,40,5.456792091836735,,,,,,
FAM,2738,7.163153648376465,12.622729301452637,222,1,29,40,5.456792091836735,,,,,,
Random,2738,4.269033432006836,12.622729301452637,222,1,29,40,5.456792091836735,,,,,,
Superpixel,4028,2.3649253845214844,13.83360767364502,223,1,30,40,8.027742346938775,,,,,,
CAM,4028,3.2486934661865234,13.83360767364502,223,1,30,40,8.027742346938775,,,,,,
FAM,4028,4.0049591064453125,13.83360767364502,223,1,30,40,8.027742346938775,,,,,,
Random,4028,2.914443016052246,13.83360767364502,223,1,30,40,8.027742346938775,,,,,,
Superpixel,3490,5.665528535842896,9.163905143737791,224,1,26,40,6.955516581632653,,,,,,
CAM,3490,6.061828136444092,9.163905143737791,224,1,26,40,6.955516581632653,,,,,,
FAM,3490,6.756164789199829,9.163905143737791,224,1,26,40,6.955516581632653,,,,,,
Random,3490,1.898258209228516,9.163905143737791,224,1,26,40,6.955516581632653,,,,,,
Superpixel,3003,-0.1577606201171875,8.729039192199707,225,1,34,40,5.984933035714286,,,,,,
CAM,3003,1.456045627593994,8.729039192199707,225,1,34,40,5.984933035714286,,,,,,
FAM,3003,3.740875244140625,8.729039192199707,225,1,34,40,5.984933035714286,,,,,,
Random,3003,1.4308996200561523,8.729039192199707,225,1,34,40,5.984933035714286,,,,,,
Superpixel,1182,5.809940338134766,11.11911678314209,226,1,30,40,2.3557079081632653,,,,,,
CAM,1182,1.4260988235473633,11.11911678314209,226,1,30,40,2.3557079081632653,,,,,,
FAM,1182,0.5699539184570312,11.11911678314209,226,1,30,40,2.3557079081632653,,,,,,
Random,1182,1.5437650680541992,11.11911678314209,226,1,30,40,2.3557079081632653,,,,,,
Superpixel,2074,1.4407777786254885,14.863521575927734,227,1,30,40,4.133450255102041,,,,,,
CAM,2074,2.8895416259765625,14.863521575927734,227,1,30,40,4.133450255102041,,,,,,
FAM,2074,3.1523799896240234,14.863521575927734,227,1,30,40,4.133450255102041,,,,,,
Random,2074,1.1388912200927734,14.863521575927734,227,1,30,40,4.133450255102041,,,,,,
Superpixel,763,2.363013744354248,7.561272621154785,228,1,33,40,1.5206473214285714,,,,,,
CAM,763,1.8324198722839355,7.561272621154785,228,1,33,40,1.5206473214285714,,,,,,
FAM,763,1.6059246063232422,7.561272621154785,228,1,33,40,1.5206473214285714,,,,,,
Random,763,-0.8502483367919922,7.561272621154785,228,1,33,40,1.5206473214285714,,,,,,
Superpixel,1823,2.8829402923583984,12.991989135742188,229,1,27,40,3.633211096938776,,,,,,
CAM,1823,4.902240753173828,12.991989135742188,229,1,27,40,3.633211096938776,,,,,,
FAM,1823,4.832662582397461,12.991989135742188,229,1,27,40,3.633211096938776,,,,,,
Random,1823,4.901466369628906,12.991989135742188,229,1,27,40,3.633211096938776,,,,,,
Superpixel,748,0.5262794494628906,11.151324272155762,230,1,30,40,1.4907525510204085,,,,,,
CAM,748,0.6678848266601562,11.151324272155762,230,1,30,40,1.4907525510204085,,,,,,
FAM,748,0.2182044982910156,11.151324272155762,230,1,30,40,1.4907525510204085,,,,,,
Random,748,0.8716096878051758,11.151324272155762,230,1,30,40,1.4907525510204085,,,,,,
Superpixel,3297,2.8313751220703125,11.318161964416504,231,1,30,40,6.570870535714287,,,,,,
CAM,3297,5.6472578048706055,11.318161964416504,231,1,30,40,6.570870535714287,,,,,,
FAM,3297,0.3980827331542969,11.318161964416504,231,1,30,40,6.570870535714287,,,,,,
Random,3297,1.5357646942138672,11.318161964416504,231,1,30,40,6.570870535714287,,,,,,
Superpixel,4449,10.287325859069824,14.989322662353516,232,1,26,40,8.866788903061225,,,,,,
CAM,4449,2.735243797302246,14.989322662353516,232,1,26,40,8.866788903061225,,,,,,
FAM,4449,6.097775459289551,14.989322662353516,232,1,26,40,8.866788903061225,,,,,,
Random,4449,5.2309675216674805,14.989322662353516,232,1,26,40,8.866788903061225,,,,,,
Superpixel,1947,0.4017658233642578,10.468459129333496,233,1,31,40,3.880341198979592,,,,,,
CAM,1947,1.707223892211914,10.468459129333496,233,1,31,40,3.880341198979592,,,,,,
FAM,1947,1.8836488723754885,10.468459129333496,233,1,31,40,3.880341198979592,,,,,,
Random,1947,1.3520917892456057,10.468459129333496,233,1,31,40,3.880341198979592,,,,,,
Superpixel,2004,7.122944355010986,14.936963081359863,234,1,33,40,3.993941326530612,,,,,,
CAM,2004,7.113649368286133,14.936963081359863,234,1,33,40,3.993941326530612,,,,,,
FAM,2004,3.774876594543457,14.936963081359863,234,1,33,40,3.993941326530612,,,,,,
Random,2004,4.445816040039063,14.936963081359863,234,1,33,40,3.993941326530612,,,,,,
Superpixel,3383,5.327234268188477,15.006619453430176,235,1,27,40,6.742267219387756,,,,,,
CAM,3383,1.044048309326172,15.006619453430176,235,1,27,40,6.742267219387756,,,,,,
FAM,3383,3.826416015625,15.006619453430176,235,1,27,40,6.742267219387756,,,,,,
Random,3383,0.7160444259643555,15.006619453430176,235,1,27,40,6.742267219387756,,,,,,
Superpixel,1162,2.364659309387207,13.495749473571776,236,1,29,40,2.3158482142857144,,,,,,
CAM,1162,-1.2527780532836914,13.495749473571776,236,1,29,40,2.3158482142857144,,,,,,
FAM,1162,-1.0576171875,13.495749473571776,236,1,29,40,2.3158482142857144,,,,,,
Random,1162,-0.1872291564941406,13.495749473571776,236,1,29,40,2.3158482142857144,,,,,,
Superpixel,2402,5.531959533691406,14.807310104370115,237,1,31,40,4.787149234693878,,,,,,
CAM,2402,2.25533390045166,14.807310104370115,237,1,31,40,4.787149234693878,,,,,,
FAM,2402,4.051608085632324,14.807310104370115,237,1,31,40,4.787149234693878,,,,,,
Random,2402,1.901529312133789,14.807310104370115,237,1,31,40,4.787149234693878,,,,,,
Superpixel,1760,3.74672269821167,10.925312042236328,238,1,32,40,3.5076530612244894,,,,,,
CAM,1760,-0.0921897888183593,10.925312042236328,238,1,32,40,3.5076530612244894,,,,,,
FAM,1760,1.0118227005004885,10.925312042236328,238,1,32,40,3.5076530612244894,,,,,,
Random,1760,-0.3773050308227539,10.925312042236328,238,1,32,40,3.5076530612244894,,,,,,
Superpixel,1620,4.457023620605469,13.17171573638916,239,1,33,40,3.2286352040816326,,,,,,
CAM,1620,2.729663848876953,13.17171573638916,239,1,33,40,3.2286352040816326,,,,,,
FAM,1620,2.64638614654541,13.17171573638916,239,1,33,40,3.2286352040816326,,,,,,
Random,1620,1.227396011352539,13.17171573638916,239,1,33,40,3.2286352040816326,,,,,,
Superpixel,1420,1.5512008666992188,13.959877967834473,240,1,34,40,2.8300382653061225,,,,,,
CAM,1420,2.606792449951172,13.959877967834473,240,1,34,40,2.8300382653061225,,,,,,
FAM,1420,-0.636627197265625,13.959877967834473,240,1,34,40,2.8300382653061225,,,,,,
Random,1420,1.8013982772827148,13.959877967834473,240,1,34,40,2.8300382653061225,,,,,,
Superpixel,1639,2.476059913635254,14.099804878234863,241,1,34,40,3.266501913265306,,,,,,
CAM,1639,0.515960693359375,14.099804878234863,241,1,34,40,3.266501913265306,,,,,,
FAM,1639,0.7442922592163086,14.099804878234863,241,1,34,40,3.266501913265306,,,,,,
Random,1639,1.5680360794067385,14.099804878234863,241,1,34,40,3.266501913265306,,,,,,
Superpixel,3081,7.075340270996094,13.501015663146973,242,1,29,40,6.140385841836735,,,,,,
CAM,3081,7.2260894775390625,13.501015663146973,242,1,29,40,6.140385841836735,,,,,,
FAM,3081,4.834787368774414,13.501015663146973,242,1,29,40,6.140385841836735,,,,,,
Random,3081,3.5547990798950195,13.501015663146973,242,1,29,40,6.140385841836735,,,,,,
Superpixel,1054,2.1559085845947266,15.295615196228027,243,1,33,40,2.100605867346939,,,,,,
CAM,1054,3.524735450744629,15.295615196228027,243,1,33,40,2.100605867346939,,,,,,
FAM,1054,3.651093482971192,15.295615196228027,243,1,33,40,2.100605867346939,,,,,,
Random,1054,2.0393524169921875,15.295615196228027,243,1,33,40,2.100605867346939,,,,,,
Superpixel,2565,-0.2708873748779297,9.232186317443848,244,1,31,40,5.112005739795919,,,,,,
CAM,2565,0.2030210494995117,9.232186317443848,244,1,31,40,5.112005739795919,,,,,,
FAM,2565,0.4310932159423828,9.232186317443848,244,1,31,40,5.112005739795919,,,,,,
Random,2565,-0.1418609619140625,9.232186317443848,244,1,31,40,5.112005739795919,,,,,,
Superpixel,1737,2.3390703201293945,15.88653564453125,245,1,31,40,3.461814413265306,,,,,,
CAM,1737,4.894731521606445,15.88653564453125,245,1,31,40,3.461814413265306,,,,,,
FAM,1737,13.838131189346312,15.88653564453125,245,1,31,40,3.461814413265306,,,,,,
Random,1737,5.817569732666016,15.88653564453125,245,1,31,40,3.461814413265306,,,,,,
Superpixel,911,7.080092191696167,10.786697387695312,246,1,35,40,1.815609056122449,,,,,,
CAM,911,3.7513699531555176,10.786697387695312,246,1,35,40,1.815609056122449,,,,,,
FAM,911,2.8709444999694824,10.786697387695312,246,1,35,40,1.815609056122449,,,,,,
Random,911,4.462606430053711,10.786697387695312,246,1,35,40,1.815609056122449,,,,,,
Superpixel,2254,2.8432350158691406,11.99916648864746,247,1,33,40,4.4921875,,,,,,
CAM,2254,1.351968765258789,11.99916648864746,247,1,33,40,4.4921875,,,,,,
FAM,2254,-0.222909927368164,11.99916648864746,247,1,33,40,4.4921875,,,,,,
Random,2254,2.148887634277344,11.99916648864746,247,1,33,40,4.4921875,,,,,,
Superpixel,1368,-0.470097541809082,11.57615089416504,248,1,27,40,2.72640306122449,,,,,,
CAM,1368,4.533205986022949,11.57615089416504,248,1,27,40,2.72640306122449,,,,,,
FAM,1368,1.9800148010253904,11.57615089416504,248,1,27,40,2.72640306122449,,,,,,
Random,1368,0.7764062881469727,11.57615089416504,248,1,27,40,2.72640306122449,,,,,,
Superpixel,4687,4.0602874755859375,14.28640842437744,249,1,23,40,9.34111926020408,,,,,,
CAM,4687,0.5127153396606445,14.28640842437744,249,1,23,40,9.34111926020408,,,,,,
FAM,4687,2.882840156555176,14.28640842437744,249,1,23,40,9.34111926020408,,,,,,
Random,4687,4.400571823120117,14.28640842437744,249,1,23,40,9.34111926020408,,,,,,
Superpixel,2127,0.7073330879211426,8.568169593811035,250,1,30,40,4.239078443877551,,,,,,
CAM,2127,4.760092496871948,8.568169593811035,250,1,30,40,4.239078443877551,,,,,,
FAM,2127,1.4325995445251465,8.568169593811035,250,1,30,40,4.239078443877551,,,,,,
Random,2127,2.1838364601135254,8.568169593811035,250,1,30,40,4.239078443877551,,,,,,
Superpixel,723,0.6357741355895996,7.943912029266357,251,1,35,40,1.4409279336734695,,,,,,
CAM,723,-1.989769458770752,7.943912029266357,251,1,35,40,1.4409279336734695,,,,,,
FAM,723,0.5637731552124023,7.943912029266357,251,1,35,40,1.4409279336734695,,,,,,
Random,723,1.4686517715454102,7.943912029266357,251,1,35,40,1.4409279336734695,,,,,,
Superpixel,2250,0.0385761260986328,12.735684394836426,252,1,34,40,4.48421556122449,,,,,,
CAM,2250,4.486117362976074,12.735684394836426,252,1,34,40,4.48421556122449,,,,,,
FAM,2250,1.468618392944336,12.735684394836426,252,1,34,40,4.48421556122449,,,,,,
Random,2250,0.8446178436279297,12.735684394836426,252,1,34,40,4.48421556122449,,,,,,
Superpixel,1103,0.2779073715209961,8.80982494354248,253,1,32,40,2.198262117346939,,,,,,
CAM,1103,4.929960012435913,8.80982494354248,253,1,32,40,2.198262117346939,,,,,,
FAM,1103,0.2059097290039062,8.80982494354248,253,1,32,40,2.198262117346939,,,,,,
Random,1103,0.3558530807495117,8.80982494354248,253,1,32,40,2.198262117346939,,,,,,
Superpixel,1473,0.0406579971313476,9.8247652053833,254,1,35,40,2.9356664540816326,,,,,,
CAM,1473,3.1967172622680664,9.8247652053833,254,1,35,40,2.9356664540816326,,,,,,
FAM,1473,3.860890865325928,9.8247652053833,254,1,35,40,2.9356664540816326,,,,,,
Random,1473,0.4470777511596679,9.8247652053833,254,1,35,40,2.9356664540816326,,,,,,
Superpixel,1965,0.2051601409912109,10.662772178649902,255,1,34,40,3.916214923469388,,,,,,
CAM,1965,3.9983468055725098,10.662772178649902,255,1,34,40,3.916214923469388,,,,,,
FAM,1965,5.382486820220947,10.662772178649902,255,1,34,40,3.916214923469388,,,,,,
Random,1965,4.688826560974121,10.662772178649902,255,1,34,40,3.916214923469388,,,,,,
Superpixel,1084,6.090326309204102,15.382043838500977,256,1,32,40,2.1603954081632653,,,,,,
CAM,1084,1.7225465774536133,15.382043838500977,256,1,32,40,2.1603954081632653,,,,,,
FAM,1084,7.562793731689453,15.382043838500977,256,1,32,40,2.1603954081632653,,,,,,
Random,1084,3.445314407348633,15.382043838500977,256,1,32,40,2.1603954081632653,,,,,,
Superpixel,1335,0.8657913208007812,10.048593521118164,257,1,29,40,2.6606345663265305,,,,,,
CAM,1335,2.555510997772217,10.048593521118164,257,1,29,40,2.6606345663265305,,,,,,
FAM,1335,5.460494518280029,10.048593521118164,257,1,29,40,2.6606345663265305,,,,,,
Random,1335,1.4704570770263672,10.048593521118164,257,1,29,40,2.6606345663265305,,,,,,
Superpixel,1481,3.7712578773498535,9.058530807495115,258,1,35,40,2.951610331632653,,,,,,
CAM,1481,1.6379179954528809,9.058530807495115,258,1,35,40,2.951610331632653,,,,,,
FAM,1481,-0.1249713897705078,9.058530807495115,258,1,35,40,2.951610331632653,,,,,,
Random,1481,3.2598977088928223,9.058530807495115,258,1,35,40,2.951610331632653,,,,,,
Superpixel,2531,5.863077640533447,11.10348129272461,259,1,33,40,5.044244260204081,,,,,,
CAM,2531,6.306296348571777,11.10348129272461,259,1,33,40,5.044244260204081,,,,,,
FAM,2531,5.582959175109863,11.10348129272461,259,1,33,40,5.044244260204081,,,,,,
Random,2531,10.043654322624208,11.10348129272461,259,1,33,40,5.044244260204081,,,,,,
Superpixel,1281,-1.7049126625061035,7.782178401947021,260,1,35,40,2.553013392857143,,,,,,
CAM,1281,3.181274890899658,7.782178401947021,260,1,35,40,2.553013392857143,,,,,,
FAM,1281,6.547017812728882,7.782178401947021,260,1,35,40,2.553013392857143,,,,,,
Random,1281,5.090415239334106,7.782178401947021,260,1,35,40,2.553013392857143,,,,,,
Superpixel,1074,0.3857879638671875,10.589920997619627,261,1,33,40,2.14046556122449,,,,,,
CAM,1074,11.064687192440031,10.589920997619627,261,1,33,40,2.14046556122449,,,,,,
FAM,1074,9.287054538726808,10.589920997619627,261,1,33,40,2.14046556122449,,,,,,
Random,1074,10.275638937950134,10.589920997619627,261,1,33,40,2.14046556122449,,,,,,
Superpixel,1615,0.2095966339111328,10.4232177734375,262,1,35,40,3.218670280612245,,,,,,
CAM,1615,0.6456165313720703,10.4232177734375,262,1,35,40,3.218670280612245,,,,,,
FAM,1615,-1.0843477249145508,10.4232177734375,262,1,35,40,3.218670280612245,,,,,,
Random,1615,-1.9503087997436523,10.4232177734375,262,1,35,40,3.218670280612245,,,,,,
Superpixel,827,6.730919361114502,12.715682983398438,263,1,33,40,1.6481983418367347,,,,,,
CAM,827,3.796051025390625,12.715682983398438,263,1,33,40,1.6481983418367347,,,,,,
FAM,827,6.41471004486084,12.715682983398438,263,1,33,40,1.6481983418367347,,,,,,
Random,827,2.6814584732055664,12.715682983398438,263,1,33,40,1.6481983418367347,,,,,,
Superpixel,886,1.467625617980957,8.014638900756836,264,1,33,40,1.7657844387755102,,,,,,
CAM,886,4.529111623764038,8.014638900756836,264,1,33,40,1.7657844387755102,,,,,,
FAM,886,3.625319004058838,8.014638900756836,264,1,33,40,1.7657844387755102,,,,,,
Random,886,2.988304615020752,8.014638900756836,264,1,33,40,1.7657844387755102,,,,,,
Superpixel,2369,4.921070098876953,16.590599060058594,265,1,29,40,4.721380739795919,,,,,,
CAM,2369,5.990198135375977,16.590599060058594,265,1,29,40,4.721380739795919,,,,,,
FAM,2369,5.352210998535156,16.590599060058594,265,1,29,40,4.721380739795919,,,,,,
Random,2369,7.771919250488281,16.590599060058594,265,1,29,40,4.721380739795919,,,,,,
Superpixel,1350,6.232895374298096,11.956788063049316,266,1,35,40,2.6905293367346936,,,,,,
CAM,1350,8.608841180801392,11.956788063049316,266,1,35,40,2.6905293367346936,,,,,,
FAM,1350,9.61631989479065,11.956788063049316,266,1,35,40,2.6905293367346936,,,,,,
Random,1350,3.414295196533203,11.956788063049316,266,1,35,40,2.6905293367346936,,,,,,
Superpixel,1301,2.4130353927612305,13.110607147216797,267,1,36,40,2.5928730867346936,,,,,,
CAM,1301,3.441107749938965,13.110607147216797,267,1,36,40,2.5928730867346936,,,,,,
FAM,1301,4.437701225280762,13.110607147216797,267,1,36,40,2.5928730867346936,,,,,,
Random,1301,5.107180595397949,13.110607147216797,267,1,36,40,2.5928730867346936,,,,,,
Superpixel,2130,-1.7328605651855469,10.649499893188477,268,1,34,40,4.245057397959184,,,,,,
CAM,2130,-0.4761018753051758,10.649499893188477,268,1,34,40,4.245057397959184,,,,,,
FAM,2130,0.3139944076538086,10.649499893188477,268,1,34,40,4.245057397959184,,,,,,
Random,2130,-4.059383392333984,10.649499893188477,268,1,34,40,4.245057397959184,,,,,,
Superpixel,1609,-0.1841850280761718,11.300662994384766,269,1,33,40,3.20671237244898,,,,,,
CAM,1609,2.6449508666992188,11.300662994384766,269,1,33,40,3.20671237244898,,,,,,
FAM,1609,4.120933532714844,11.300662994384766,269,1,33,40,3.20671237244898,,,,,,
Random,1609,-0.9874801635742188,11.300662994384766,269,1,33,40,3.20671237244898,,,,,,
Superpixel,2845,-0.3504104614257812,13.387718200683594,270,1,33,40,5.670041454081633,,,,,,
CAM,2845,6.846299648284912,13.387718200683594,270,1,33,40,5.670041454081633,,,,,,
FAM,2845,7.866156101226807,13.387718200683594,270,1,33,40,5.670041454081633,,,,,,
Random,2845,5.8436198234558105,13.387718200683594,270,1,33,40,5.670041454081633,,,,,,
Superpixel,1281,-0.1118288040161132,8.00174331665039,271,1,35,40,2.553013392857143,,,,,,
CAM,1281,6.918386697769165,8.00174331665039,271,1,35,40,2.553013392857143,,,,,,
FAM,1281,5.107151746749878,8.00174331665039,271,1,35,40,2.553013392857143,,,,,,
Random,1281,3.9254794120788574,8.00174331665039,271,1,35,40,2.553013392857143,,,,,,
Superpixel,3010,4.406940937042236,10.862751960754396,272,1,29,40,5.998883928571429,,,,,,
CAM,3010,5.387136936187744,10.862751960754396,272,1,29,40,5.998883928571429,,,,,,
FAM,3010,5.265475749969482,10.862751960754396,272,1,29,40,5.998883928571429,,,,,,
Random,3010,1.5510120391845703,10.862751960754396,272,1,29,40,5.998883928571429,,,,,,
Superpixel,1998,-0.397165298461914,12.18566608428955,273,1,35,40,3.981983418367347,,,,,,
CAM,1998,-0.2429285049438476,12.18566608428955,273,1,35,40,3.981983418367347,,,,,,
FAM,1998,1.1100597381591797,12.18566608428955,273,1,35,40,3.981983418367347,,,,,,
Random,1998,0.7212934494018555,12.18566608428955,273,1,35,40,3.981983418367347,,,,,,
Superpixel,947,9.45682430267334,16.64673614501953,274,1,32,40,1.887356505102041,,,,,,
CAM,947,1.0021848678588867,16.64673614501953,274,1,32,40,1.887356505102041,,,,,,
FAM,947,1.460526466369629,16.64673614501953,274,1,32,40,1.887356505102041,,,,,,
Random,947,8.47542667388916,16.64673614501953,274,1,32,40,1.887356505102041,,,,,,
Superpixel,2538,1.6447229385375977,15.19886589050293,275,1,33,40,5.058195153061225,,,,,,
CAM,2538,0.0060348510742187,15.19886589050293,275,1,33,40,5.058195153061225,,,,,,
FAM,2538,0.0930194854736328,15.19886589050293,275,1,33,40,5.058195153061225,,,,,,
Random,2538,1.722890853881836,15.19886589050293,275,1,33,40,5.058195153061225,,,,,,
Superpixel,1969,1.4566059112548828,13.627459526062012,276,1,31,40,3.924186862244898,,,,,,
CAM,1969,2.577608108520508,13.627459526062012,276,1,31,40,3.924186862244898,,,,,,
FAM,1969,3.024699211120605,13.627459526062012,276,1,31,40,3.924186862244898,,,,,,
Random,1969,1.7698707580566406,13.627459526062012,276,1,31,40,3.924186862244898,,,,,,
Superpixel,2451,0.4405765533447265,10.346400260925291,277,1,33,40,4.884805484693878,,,,,,
CAM,2451,-1.0487680435180664,10.346400260925291,277,1,33,40,4.884805484693878,,,,,,
FAM,2451,0.7134876251220703,10.346400260925291,277,1,33,40,4.884805484693878,,,,,,
Random,2451,0.8465213775634766,10.346400260925291,277,1,33,40,4.884805484693878,,,,,,
Superpixel,756,4.064029216766357,11.518095016479492,278,1,33,40,1.5066964285714286,,,,,,
CAM,756,-1.3744220733642578,11.518095016479492,278,1,33,40,1.5066964285714286,,,,,,
FAM,756,1.5269670486450195,11.518095016479492,278,1,33,40,1.5066964285714286,,,,,,
Random,756,1.9795265197753904,11.518095016479492,278,1,33,40,1.5066964285714286,,,,,,
Superpixel,1549,3.628416061401367,9.506635665893556,279,1,32,40,3.0871332908163263,,,,,,
CAM,1549,3.613255500793457,9.506635665893556,279,1,32,40,3.0871332908163263,,,,,,
FAM,1549,3.6762561798095694,9.506635665893556,279,1,32,40,3.0871332908163263,,,,,,
Random,1549,1.7057876586914062,9.506635665893556,279,1,32,40,3.0871332908163263,,,,,,
Superpixel,1908,1.737205982208252,9.351788520812988,280,1,28,40,3.802614795918368,,,,,,
CAM,1908,2.614774227142334,9.351788520812988,280,1,28,40,3.802614795918368,,,,,,
FAM,1908,0.1561670303344726,9.351788520812988,280,1,28,40,3.802614795918368,,,,,,
Random,1908,3.94887638092041,9.351788520812988,280,1,28,40,3.802614795918368,,,,,,
Superpixel,969,10.065219402313232,15.694868087768556,281,1,35,40,1.931202168367347,,,,,,
CAM,969,-1.991231918334961,15.694868087768556,281,1,35,40,1.931202168367347,,,,,,
FAM,969,1.3757047653198242,15.694868087768556,281,1,35,40,1.931202168367347,,,,,,
Random,969,1.9604606628417969,15.694868087768556,281,1,35,40,1.931202168367347,,,,,,
Superpixel,812,-0.6844234466552734,13.979659080505373,282,1,33,40,1.6183035714285716,,,,,,
CAM,812,1.3204326629638672,13.979659080505373,282,1,33,40,1.6183035714285716,,,,,,
FAM,812,0.5128955841064453,13.979659080505373,282,1,33,40,1.6183035714285716,,,,,,
Random,812,2.085662841796875,13.979659080505373,282,1,33,40,1.6183035714285716,,,,,,
Superpixel,2427,0.6519737243652344,13.835700035095217,283,1,32,40,4.836973852040816,,,,,,
CAM,2427,0.4737129211425781,13.835700035095217,283,1,32,40,4.836973852040816,,,,,,
FAM,2427,0.3000087738037109,13.835700035095217,283,1,32,40,4.836973852040816,,,,,,
Random,2427,-0.5040969848632812,13.835700035095217,283,1,32,40,4.836973852040816,,,,,,
Superpixel,743,-1.0105886459350586,9.070479393005373,284,1,36,40,1.4807876275510203,,,,,,
CAM,743,0.7390880584716797,9.070479393005373,284,1,36,40,1.4807876275510203,,,,,,
FAM,743,-0.2916202545166015,9.070479393005373,284,1,36,40,1.4807876275510203,,,,,,
Random,743,0.8402853012084961,9.070479393005373,284,1,36,40,1.4807876275510203,,,,,,
Superpixel,2834,1.6426239013671875,11.145997047424316,285,1,32,40,5.64811862244898,,,,,,
CAM,2834,-0.2931327819824219,11.145997047424316,285,1,32,40,5.64811862244898,,,,,,
FAM,2834,-0.466257095336914,11.145997047424316,285,1,32,40,5.64811862244898,,,,,,
Random,2834,3.524359703063965,11.145997047424316,285,1,32,40,5.64811862244898,,,,,,
Superpixel,1932,0.373300552368164,12.168622970581056,286,1,31,40,3.850446428571429,,,,,,
CAM,1932,2.514242172241211,12.168622970581056,286,1,31,40,3.850446428571429,,,,,,
FAM,1932,0.8870773315429688,12.168622970581056,286,1,31,40,3.850446428571429,,,,,,
Random,1932,2.720047950744629,12.168622970581056,286,1,31,40,3.850446428571429,,,,,,
Superpixel,850,6.376839637756348,15.902518272399902,287,1,32,40,1.6940369897959182,,,,,,
CAM,850,2.742130279541016,15.902518272399902,287,1,32,40,1.6940369897959182,,,,,,
FAM,850,0.3761463165283203,15.902518272399902,287,1,32,40,1.6940369897959182,,,,,,
Random,850,1.3087139129638672,15.902518272399902,287,1,32,40,1.6940369897959182,,,,,,
Superpixel,2860,4.581615447998047,14.044625282287598,288,1,29,40,5.699936224489796,,,,,,
CAM,2860,2.8805694580078125,14.044625282287598,288,1,29,40,5.699936224489796,,,,,,
FAM,2860,4.738944053649902,14.044625282287598,288,1,29,40,5.699936224489796,,,,,,
Random,2860,0.0707616806030273,14.044625282287598,288,1,29,40,5.699936224489796,,,,,,
Superpixel,3201,0.8718605041503906,11.880253791809082,289,1,28,40,6.379544005102041,,,,,,
CAM,3201,5.831850051879883,11.880253791809082,289,1,28,40,6.379544005102041,,,,,,
FAM,3201,2.0225906372070312,11.880253791809082,289,1,28,40,6.379544005102041,,,,,,
Random,3201,0.3238554000854492,11.880253791809082,289,1,28,40,6.379544005102041,,,,,,
Superpixel,1815,7.338817596435547,14.989495277404783,290,1,30,40,3.617267219387755,,,,,,
CAM,1815,2.4699058532714844,14.989495277404783,290,1,30,40,3.617267219387755,,,,,,
FAM,1815,5.260210990905762,14.989495277404783,290,1,30,40,3.617267219387755,,,,,,
Random,1815,1.2224979400634766,14.989495277404783,290,1,30,40,3.617267219387755,,,,,,
Superpixel,2581,6.928390502929688,17.239116668701172,291,1,31,40,5.143893494897959,,,,,,
CAM,2581,3.954829216003418,17.239116668701172,291,1,31,40,5.143893494897959,,,,,,
FAM,2581,3.279713630676269,17.239116668701172,291,1,31,40,5.143893494897959,,,,,,
Random,2581,2.1082334518432617,17.239116668701172,291,1,31,40,5.143893494897959,,,,,,
Superpixel,2280,-0.3695402145385742,12.583741188049316,292,1,35,40,4.544005102040816,,,,,,
CAM,2280,0.5418453216552734,12.583741188049316,292,1,35,40,4.544005102040816,,,,,,
FAM,2280,4.625638008117676,12.583741188049316,292,1,35,40,4.544005102040816,,,,,,
Random,2280,3.21309757232666,12.583741188049316,292,1,35,40,4.544005102040816,,,,,,
Superpixel,1484,6.319636344909668,14.344529151916504,293,1,29,40,2.9575892857142856,,,,,,
CAM,1484,-0.8736000061035156,14.344529151916504,293,1,29,40,2.9575892857142856,,,,,,
FAM,1484,4.115788459777832,14.344529151916504,293,1,29,40,2.9575892857142856,,,,,,
Random,1484,0.4774751663208008,14.344529151916504,293,1,29,40,2.9575892857142856,,,,,,
Superpixel,1240,2.533455848693848,9.774456977844238,294,1,31,40,2.471301020408164,,,,,,
CAM,1240,1.6328706741333008,9.774456977844238,294,1,31,40,2.471301020408164,,,,,,
FAM,1240,-0.2369356155395507,9.774456977844238,294,1,31,40,2.471301020408164,,,,,,
Random,1240,2.8411693572998047,9.774456977844238,294,1,31,40,2.471301020408164,,,,,,
Superpixel,3256,8.944252490997314,15.452606201171877,295,1,31,40,6.489158163265306,,,,,,
CAM,3256,3.6630048751831055,15.452606201171877,295,1,31,40,6.489158163265306,,,,,,
FAM,3256,9.82236385345459,15.452606201171877,295,1,31,40,6.489158163265306,,,,,,
Random,3256,0.7784996032714844,15.452606201171877,295,1,31,40,6.489158163265306,,,,,,
Superpixel,2000,9.642419815063477,13.88781452178955,296,1,30,40,3.985969387755102,,,,,,
CAM,2000,7.557850837707519,13.88781452178955,296,1,30,40,3.985969387755102,,,,,,
FAM,2000,5.603009223937988,13.88781452178955,296,1,30,40,3.985969387755102,,,,,,
Random,2000,1.891271591186524,13.88781452178955,296,1,30,40,3.985969387755102,,,,,,
Superpixel,1224,8.413269996643066,16.863059997558594,297,1,32,40,2.4394132653061225,,,,,,
CAM,1224,0.2192115783691406,16.863059997558594,297,1,32,40,2.4394132653061225,,,,,,
FAM,1224,2.506709098815918,16.863059997558594,297,1,32,40,2.4394132653061225,,,,,,
Random,1224,4.034293174743652,16.863059997558594,297,1,32,40,2.4394132653061225,,,,,,
Superpixel,785,7.789646148681641,14.96630573272705,298,1,34,40,1.5644929846938775,,,,,,
CAM,785,2.780656814575196,14.96630573272705,298,1,34,40,1.5644929846938775,,,,,,
FAM,785,5.006789207458496,14.96630573272705,298,1,34,40,1.5644929846938775,,,,,,
Random,785,0.6151676177978516,14.96630573272705,298,1,34,40,1.5644929846938775,,,,,,
Superpixel,1698,0.1819915771484375,13.316693305969238,299,1,36,40,3.384088010204082,,,,,,
CAM,1698,1.8273439407348635,13.316693305969238,299,1,36,40,3.384088010204082,,,,,,
FAM,1698,0.1143522262573242,13.316693305969238,299,1,36,40,3.384088010204082,,,,,,
Random,1698,0.1847610473632812,13.316693305969238,299,1,36,40,3.384088010204082,,,,,,
Superpixel,1069,5.321952819824219,11.20712184906006,300,1,36,40,2.130500637755102,,,,,,
CAM,1069,9.501285791397097,11.20712184906006,300,1,36,40,2.130500637755102,,,,,,
FAM,1069,8.100224256515503,11.20712184906006,300,1,36,40,2.130500637755102,,,,,,
Random,1069,4.242173671722412,11.20712184906006,300,1,36,40,2.130500637755102,,,,,,
Superpixel,1696,-0.9780550003051758,15.920042991638184,301,1,31,40,3.3801020408163267,,,,,,
CAM,1696,-0.3255453109741211,15.920042991638184,301,1,31,40,3.3801020408163267,,,,,,
FAM,1696,0.661738395690918,15.920042991638184,301,1,31,40,3.3801020408163267,,,,,,
Random,1696,0.3776473999023437,15.920042991638184,301,1,31,40,3.3801020408163267,,,,,,
Superpixel,2745,1.213186264038086,12.91293239593506,302,1,33,40,5.470742984693878,,,,,,
CAM,2745,3.1279821395874023,12.91293239593506,302,1,33,40,5.470742984693878,,,,,,
FAM,2745,7.069399356842041,12.91293239593506,302,1,33,40,5.470742984693878,,,,,,
Random,2745,3.7728404998779297,12.91293239593506,302,1,33,40,5.470742984693878,,,,,,
Superpixel,1627,-0.1123666763305664,8.65047550201416,303,1,36,40,3.242586096938776,,,,,,
CAM,1627,8.134940028190613,8.65047550201416,303,1,36,40,3.242586096938776,,,,,,
FAM,1627,8.65517819300294,8.65047550201416,303,1,36,40,3.242586096938776,,,,,,
Random,1627,2.896559715270996,8.65047550201416,303,1,36,40,3.242586096938776,,,,,,
Superpixel,868,1.8634443283081048,7.639223575592041,304,1,36,40,1.7299107142857144,,,,,,
CAM,868,3.134394645690918,7.639223575592041,304,1,36,40,1.7299107142857144,,,,,,
FAM,868,0.5528020858764648,7.639223575592041,304,1,36,40,1.7299107142857144,,,,,,
Random,868,5.217570543289185,7.639223575592041,304,1,36,40,1.7299107142857144,,,,,,
Superpixel,2072,1.3038921356201172,10.562777519226074,305,1,35,40,4.129464285714286,,,,,,
CAM,2072,3.816723346710205,10.562777519226074,305,1,35,40,4.129464285714286,,,,,,
FAM,2072,7.534480333328247,10.562777519226074,305,1,35,40,4.129464285714286,,,,,,
Random,2072,2.6584677696228027,10.562777519226074,305,1,35,40,4.129464285714286,,,,,,
Superpixel,1485,0.9620466232299804,12.521405220031738,306,1,34,40,2.959582270408164,,,,,,
CAM,1485,1.766714096069336,12.521405220031738,306,1,34,40,2.959582270408164,,,,,,
FAM,1485,2.8256378173828125,12.521405220031738,306,1,34,40,2.959582270408164,,,,,,
Random,1485,7.114462852478027,12.521405220031738,306,1,34,40,2.959582270408164,,,,,,
Superpixel,1019,-1.4103941917419434,7.956989765167236,307,1,34,40,2.0308514030612246,,,,,,
CAM,1019,1.1598725318908691,7.956989765167236,307,1,34,40,2.0308514030612246,,,,,,
FAM,1019,1.25056791305542,7.956989765167236,307,1,34,40,2.0308514030612246,,,,,,
Random,1019,1.2676172256469729,7.956989765167236,307,1,34,40,2.0308514030612246,,,,,,
Superpixel,1246,1.9881224632263184,7.983482360839844,308,1,29,40,2.4832589285714284,,,,,,
CAM,1246,5.156485319137573,7.983482360839844,308,1,29,40,2.4832589285714284,,,,,,
FAM,1246,5.097749710083008,7.983482360839844,308,1,29,40,2.4832589285714284,,,,,,
Random,1246,2.024409770965576,7.983482360839844,308,1,29,40,2.4832589285714284,,,,,,
Superpixel,2067,0.9912586212158204,13.487833976745604,309,1,33,40,4.119499362244898,,,,,,
CAM,2067,1.43206787109375,13.487833976745604,309,1,33,40,4.119499362244898,,,,,,
FAM,2067,1.8829212188720703,13.487833976745604,309,1,33,40,4.119499362244898,,,,,,
Random,2067,0.8439340591430664,13.487833976745604,309,1,33,40,4.119499362244898,,,,,,
Superpixel,1559,-0.4700222015380859,11.885712623596191,310,1,33,40,3.107063137755102,,,,,,
CAM,1559,1.5967788696289062,11.885712623596191,310,1,33,40,3.107063137755102,,,,,,
FAM,1559,3.0046463012695312,11.885712623596191,310,1,33,40,3.107063137755102,,,,,,
Random,1559,2.713698387145996,11.885712623596191,310,1,33,40,3.107063137755102,,,,,,
Superpixel,1280,7.039769649505615,9.580245018005373,311,1,35,40,2.5510204081632653,,,,,,
CAM,1280,7.910465717315674,9.580245018005373,311,1,35,40,2.5510204081632653,,,,,,
FAM,1280,7.3042261600494385,9.580245018005373,311,1,35,40,2.5510204081632653,,,,,,
Random,1280,-0.2711353302001953,9.580245018005373,311,1,35,40,2.5510204081632653,,,,,,
Superpixel,708,2.3797197341918945,15.623077392578123,312,1,34,40,1.411033163265306,,,,,,
CAM,708,0.2726879119873047,15.623077392578123,312,1,34,40,1.411033163265306,,,,,,
FAM,708,1.2520666122436523,15.623077392578123,312,1,34,40,1.411033163265306,,,,,,
Random,708,0.0464754104614257,15.623077392578123,312,1,34,40,1.411033163265306,,,,,,
Superpixel,1675,-1.0708751678466797,10.70521068572998,313,1,33,40,3.338249362244898,,,,,,
CAM,1675,-0.7815942764282227,10.70521068572998,313,1,33,40,3.338249362244898,,,,,,
FAM,1675,0.9266195297241212,10.70521068572998,313,1,33,40,3.338249362244898,,,,,,
Random,1675,2.901703357696533,10.70521068572998,313,1,33,40,3.338249362244898,,,,,,
Superpixel,841,3.1467442512512207,8.181416511535645,314,1,35,40,1.6761001275510203,,,,,,
CAM,841,1.8095602989196773,8.181416511535645,314,1,35,40,1.6761001275510203,,,,,,
FAM,841,1.992255687713623,8.181416511535645,314,1,35,40,1.6761001275510203,,,,,,
Random,841,2.810384750366211,8.181416511535645,314,1,35,40,1.6761001275510203,,,,,,
Superpixel,2566,2.2524776458740234,16.103334426879883,315,1,32,40,5.113998724489796,,,,,,
CAM,2566,5.812893867492676,16.103334426879883,315,1,32,40,5.113998724489796,,,,,,
FAM,2566,5.012889862060547,16.103334426879883,315,1,32,40,5.113998724489796,,,,,,
Random,2566,5.7869367599487305,16.103334426879883,315,1,32,40,5.113998724489796,,,,,,
Superpixel,2263,3.521876811981201,11.279531478881836,316,1,33,40,4.510124362244898,,,,,,
CAM,2263,2.451170921325684,11.279531478881836,316,1,33,40,4.510124362244898,,,,,,
FAM,2263,2.163126945495605,11.279531478881836,316,1,33,40,4.510124362244898,,,,,,
Random,2263,2.508595466613769,11.279531478881836,316,1,33,40,4.510124362244898,,,,,,
Superpixel,1446,1.1969642639160156,12.5090913772583,317,1,32,40,2.881855867346939,,,,,,
CAM,1446,2.242816925048828,12.5090913772583,317,1,32,40,2.881855867346939,,,,,,
FAM,1446,1.85784912109375,12.5090913772583,317,1,32,40,2.881855867346939,,,,,,
Random,1446,1.265782356262207,12.5090913772583,317,1,32,40,2.881855867346939,,,,,,
Superpixel,2313,6.317515254020691,8.307381629943848,318,1,31,40,4.609773596938775,,,,,,
CAM,2313,6.976482272148132,8.307381629943848,318,1,31,40,4.609773596938775,,,,,,
FAM,2313,2.900304317474365,8.307381629943848,318,1,31,40,4.609773596938775,,,,,,
Random,2313,7.732525110244751,8.307381629943848,318,1,31,40,4.609773596938775,,,,,,
Superpixel,2798,0.6501617431640625,16.697917938232422,319,1,29,40,5.576371173469387,,,,,,
CAM,2798,3.000316619873047,16.697917938232422,319,1,29,40,5.576371173469387,,,,,,
FAM,2798,1.8487482070922847,16.697917938232422,319,1,29,40,5.576371173469387,,,,,,
Random,2798,4.452198028564453,16.697917938232422,319,1,29,40,5.576371173469387,,,,,,
Superpixel,1384,0.9869470596313475,12.64309787750244,320,1,33,40,2.7582908163265305,,,,,,
CAM,1384,5.043952465057373,12.64309787750244,320,1,33,40,2.7582908163265305,,,,,,
FAM,1384,5.566811561584473,12.64309787750244,320,1,33,40,2.7582908163265305,,,,,,
Random,1384,6.575985431671143,12.64309787750244,320,1,33,40,2.7582908163265305,,,,,,
Superpixel,2798,6.43671178817749,13.365646362304688,321,1,32,40,5.576371173469387,,,,,,
CAM,2798,4.6168317794799805,13.365646362304688,321,1,32,40,5.576371173469387,,,,,,
FAM,2798,4.6615190505981445,13.365646362304688,321,1,32,40,5.576371173469387,,,,,,
Random,2798,0.0437326431274414,13.365646362304688,321,1,32,40,5.576371173469387,,,,,,
Superpixel,1657,-0.2823476791381836,15.43865203857422,322,1,33,40,3.302375637755102,,,,,,
CAM,1657,2.79842472076416,15.43865203857422,322,1,33,40,3.302375637755102,,,,,,
FAM,1657,4.823090553283691,15.43865203857422,322,1,33,40,3.302375637755102,,,,,,
Random,1657,3.1392784118652344,15.43865203857422,322,1,33,40,3.302375637755102,,,,,,
Superpixel,1939,-0.3675718307495117,12.263620376586914,323,1,30,40,3.864397321428571,,,,,,
CAM,1939,0.8215389251708984,12.263620376586914,323,1,30,40,3.864397321428571,,,,,,
FAM,1939,0.4816083908081054,12.263620376586914,323,1,30,40,3.864397321428571,,,,,,
Random,1939,0.4964570999145508,12.263620376586914,323,1,30,40,3.864397321428571,,,,,,
Superpixel,1048,0.3811264038085937,9.488368034362791,324,1,36,40,2.0886479591836737,,,,,,
CAM,1048,0.1529645919799804,9.488368034362791,324,1,36,40,2.0886479591836737,,,,,,
FAM,1048,2.005990505218506,9.488368034362791,324,1,36,40,2.0886479591836737,,,,,,
Random,1048,0.0652275085449218,9.488368034362791,324,1,36,40,2.0886479591836737,,,,,,
Superpixel,2537,0.8087062835693359,13.348353385925291,325,1,26,40,5.056202168367348,,,,,,
CAM,2537,0.6359958648681641,13.348353385925291,325,1,26,40,5.056202168367348,,,,,,
FAM,2537,0.9872817993164062,13.348353385925291,325,1,26,40,5.056202168367348,,,,,,
Random,2537,2.322240829467773,13.348353385925291,325,1,26,40,5.056202168367348,,,,,,
Superpixel,1050,-0.7469892501831055,10.921833038330078,326,1,36,40,2.0926339285714284,,,,,,
CAM,1050,1.388747215270996,10.921833038330078,326,1,36,40,2.0926339285714284,,,,,,
FAM,1050,0.621617317199707,10.921833038330078,326,1,36,40,2.0926339285714284,,,,,,
Random,1050,0.043889045715332,10.921833038330078,326,1,36,40,2.0926339285714284,,,,,,
Superpixel,1974,2.261096954345703,15.813647270202637,327,1,32,40,3.9341517857142856,,,,,,
CAM,1974,3.9998855590820312,15.813647270202637,327,1,32,40,3.9341517857142856,,,,,,
FAM,1974,2.243043899536133,15.813647270202637,327,1,32,40,3.9341517857142856,,,,,,
Random,1974,4.798164367675781,15.813647270202637,327,1,32,40,3.9341517857142856,,,,,,
Superpixel,1195,0.9617519378662108,10.02759075164795,328,1,36,40,2.3816167091836737,,,,,,
CAM,1195,2.2839784622192383,10.02759075164795,328,1,36,40,2.3816167091836737,,,,,,
FAM,1195,0.93890380859375,10.02759075164795,328,1,36,40,2.3816167091836737,,,,,,
Random,1195,1.7123355865478516,10.02759075164795,328,1,36,40,2.3816167091836737,,,,,,
Superpixel,1411,2.2298030853271484,14.073040008544922,329,1,35,40,2.8121014030612246,,,,,,
CAM,1411,1.5118494033813477,14.073040008544922,329,1,35,40,2.8121014030612246,,,,,,
FAM,1411,2.399377822875977,14.073040008544922,329,1,35,40,2.8121014030612246,,,,,,
Random,1411,-0.0991125106811523,14.073040008544922,329,1,35,40,2.8121014030612246,,,,,,
Superpixel,1278,-0.6071176528930664,12.550060272216797,330,1,34,40,2.54703443877551,,,,,,
CAM,1278,0.8043384552001953,12.550060272216797,330,1,34,40,2.54703443877551,,,,,,
FAM,1278,0.5129909515380859,12.550060272216797,330,1,34,40,2.54703443877551,,,,,,
Random,1278,0.7793197631835938,12.550060272216797,330,1,34,40,2.54703443877551,,,,,,
Superpixel,724,7.771636009216309,13.943770408630373,331,1,33,40,1.4429209183673468,,,,,,
CAM,724,3.464249610900879,13.943770408630373,331,1,33,40,1.4429209183673468,,,,,,
FAM,724,2.049935340881348,13.943770408630373,331,1,33,40,1.4429209183673468,,,,,,
Random,724,3.228793144226074,13.943770408630373,331,1,33,40,1.4429209183673468,,,,,,
Superpixel,1682,4.988560676574707,13.27929973602295,332,1,33,40,3.3522002551020407,,,,,,
CAM,1682,5.107572555541992,13.27929973602295,332,1,33,40,3.3522002551020407,,,,,,
FAM,1682,3.060906410217285,13.27929973602295,332,1,33,40,3.3522002551020407,,,,,,
Random,1682,-0.2657670974731445,13.27929973602295,332,1,33,40,3.3522002551020407,,,,,,
Superpixel,744,12.44611358642578,15.010395050048828,333,1,33,40,1.482780612244898,,,,,,
CAM,744,9.586956024169922,15.010395050048828,333,1,33,40,1.482780612244898,,,,,,
FAM,744,3.086483955383301,15.010395050048828,333,1,33,40,1.482780612244898,,,,,,
Random,744,3.577134132385254,15.010395050048828,333,1,33,40,1.482780612244898,,,,,,
Superpixel,1079,5.354600429534912,12.984274864196776,334,1,34,40,2.150430484693877,,,,,,
CAM,1079,5.066816329956055,12.984274864196776,334,1,34,40,2.150430484693877,,,,,,
FAM,1079,4.945430755615234,12.984274864196776,334,1,34,40,2.150430484693877,,,,,,
Random,1079,4.481279373168945,12.984274864196776,334,1,34,40,2.150430484693877,,,,,,
Superpixel,772,7.309169292449951,10.79786777496338,335,1,34,40,1.5385841836734695,,,,,,
CAM,772,8.146665811538696,10.79786777496338,335,1,34,40,1.5385841836734695,,,,,,
FAM,772,7.421931743621826,10.79786777496338,335,1,34,40,1.5385841836734695,,,,,,
Random,772,3.151113510131836,10.79786777496338,335,1,34,40,1.5385841836734695,,,,,,
Superpixel,1648,11.468909740447998,13.823429107666016,336,1,35,40,3.284438775510204,,,,,,
CAM,1648,3.116659164428711,13.823429107666016,336,1,35,40,3.284438775510204,,,,,,
FAM,1648,4.807918548583984,13.823429107666016,336,1,35,40,3.284438775510204,,,,,,
Random,1648,7.800175666809082,13.823429107666016,336,1,35,40,3.284438775510204,,,,,,
Superpixel,1690,7.279664993286133,13.756704330444336,337,1,32,40,3.368144132653061,,,,,,
CAM,1690,3.790806770324707,13.756704330444336,337,1,32,40,3.368144132653061,,,,,,
FAM,1690,3.856633186340332,13.756704330444336,337,1,32,40,3.368144132653061,,,,,,
Random,1690,2.9281883239746094,13.756704330444336,337,1,32,40,3.368144132653061,,,,,,
Superpixel,1188,0.8398036956787109,15.13203239440918,338,1,34,40,2.3676658163265305,,,,,,
CAM,1188,4.372747421264648,15.13203239440918,338,1,34,40,2.3676658163265305,,,,,,
FAM,1188,4.73075008392334,15.13203239440918,338,1,34,40,2.3676658163265305,,,,,,
Random,1188,-0.3372182846069336,15.13203239440918,338,1,34,40,2.3676658163265305,,,,,,
Superpixel,1589,8.600231409072876,11.01680850982666,339,1,32,40,3.166852678571429,,,,,,
CAM,1589,1.903292655944824,11.01680850982666,339,1,32,40,3.166852678571429,,,,,,
FAM,1589,-1.2106866836547852,11.01680850982666,339,1,32,40,3.166852678571429,,,,,,
Random,1589,1.175154685974121,11.01680850982666,339,1,32,40,3.166852678571429,,,,,,
Superpixel,1014,12.071688413619995,15.919769287109377,340,1,32,40,2.0208864795918364,,,,,,
CAM,1014,7.677984237670898,15.919769287109377,340,1,32,40,2.0208864795918364,,,,,,
FAM,1014,10.336763381958008,15.919769287109377,340,1,32,40,2.0208864795918364,,,,,,
Random,1014,0.9742393493652344,15.919769287109377,340,1,32,40,2.0208864795918364,,,,,,
Superpixel,3100,6.459981918334961,16.254274368286133,341,1,27,40,6.178252551020408,,,,,,
CAM,3100,6.373372077941895,16.254274368286133,341,1,27,40,6.178252551020408,,,,,,
FAM,3100,2.0175256729125977,16.254274368286133,341,1,27,40,6.178252551020408,,,,,,
Random,3100,3.751739501953125,16.254274368286133,341,1,27,40,6.178252551020408,,,,,,
Superpixel,1171,9.090185642242432,14.408669471740724,342,1,35,40,2.3337850765306123,,,,,,
CAM,1171,2.4488229751586914,14.408669471740724,342,1,35,40,2.3337850765306123,,,,,,
FAM,1171,3.193291664123535,14.408669471740724,342,1,35,40,2.3337850765306123,,,,,,
Random,1171,0.998051643371582,14.408669471740724,342,1,35,40,2.3337850765306123,,,,,,
Superpixel,1339,6.627408981323242,12.208805084228516,343,1,32,40,2.6686065051020407,,,,,,
CAM,1339,0.0276098251342773,12.208805084228516,343,1,32,40,2.6686065051020407,,,,,,
FAM,1339,0.195591926574707,12.208805084228516,343,1,32,40,2.6686065051020407,,,,,,
Random,1339,0.0713939666748046,12.208805084228516,343,1,32,40,2.6686065051020407,,,,,,
Superpixel,2008,10.490126371383669,13.76335906982422,344,1,32,40,4.001913265306122,,,,,,
CAM,2008,1.3280963897705078,13.76335906982422,344,1,32,40,4.001913265306122,,,,,,
FAM,2008,0.6251411437988281,13.76335906982422,344,1,32,40,4.001913265306122,,,,,,
Random,2008,0.3894586563110351,13.76335906982422,344,1,32,40,4.001913265306122,,,,,,
Superpixel,2020,10.299079179763794,13.20321273803711,345,1,30,40,4.0258290816326525,,,,,,
CAM,2020,3.098114013671875,13.20321273803711,345,1,30,40,4.0258290816326525,,,,,,
FAM,2020,5.775874614715576,13.20321273803711,345,1,30,40,4.0258290816326525,,,,,,
Random,2020,3.343157768249512,13.20321273803711,345,1,30,40,4.0258290816326525,,,,,,
Superpixel,1130,0.4101982116699219,16.150007247924805,346,1,35,40,2.2520727040816326,,,,,,
CAM,1130,9.83480453491211,16.150007247924805,346,1,35,40,2.2520727040816326,,,,,,
FAM,1130,11.894479751586914,16.150007247924805,346,1,35,40,2.2520727040816326,,,,,,
Random,1130,1.458359718322754,16.150007247924805,346,1,35,40,2.2520727040816326,,,,,,
Superpixel,1534,8.979155778884888,12.391377449035645,347,1,30,40,3.057238520408164,,,,,,
CAM,1534,2.5851030349731445,12.391377449035645,347,1,30,40,3.057238520408164,,,,,,
FAM,1534,6.473807334899902,12.391377449035645,347,1,30,40,3.057238520408164,,,,,,
Random,1534,0.1576852798461914,12.391377449035645,347,1,30,40,3.057238520408164,,,,,,
Superpixel,947,7.595930099487305,10.273602485656738,348,1,30,40,1.887356505102041,,,,,,
CAM,947,7.44503116607666,10.273602485656738,348,1,30,40,1.887356505102041,,,,,,
FAM,947,7.386000156402588,10.273602485656738,348,1,30,40,1.887356505102041,,,,,,
Random,947,1.439631462097168,10.273602485656738,348,1,30,40,1.887356505102041,,,,,,
Superpixel,1080,5.817457675933838,10.695701599121094,349,1,28,40,2.152423469387755,,,,,,
CAM,1080,5.70052433013916,10.695701599121094,349,1,28,40,2.152423469387755,,,,,,
FAM,1080,5.982876300811768,10.695701599121094,349,1,28,40,2.152423469387755,,,,,,
Random,1080,0.8271102905273438,10.695701599121094,349,1,28,40,2.152423469387755,,,,,,
Superpixel,4911,9.537181854248049,13.8681640625,350,1,28,40,9.787547831632654,,,,,,
CAM,4911,6.592531681060791,13.8681640625,350,1,28,40,9.787547831632654,,,,,,
FAM,4911,5.257535934448242,13.8681640625,350,1,28,40,9.787547831632654,,,,,,
Random,4911,5.067225456237793,13.8681640625,350,1,28,40,9.787547831632654,,,,,,
Superpixel,1213,3.0343923568725586,11.2779541015625,351,1,33,40,2.417490433673469,,,,,,
CAM,1213,-0.9432010650634766,11.2779541015625,351,1,33,40,2.417490433673469,,,,,,
FAM,1213,0.1151485443115234,11.2779541015625,351,1,33,40,2.417490433673469,,,,,,
Random,1213,0.1789379119873047,11.2779541015625,351,1,33,40,2.417490433673469,,,,,,
Superpixel,2052,5.039125680923462,8.580537796020508,352,1,27,40,4.089604591836735,,,,,,
CAM,2052,2.515679359436035,8.580537796020508,352,1,27,40,4.089604591836735,,,,,,
FAM,2052,0.8807859420776367,8.580537796020508,352,1,27,40,4.089604591836735,,,,,,
Random,2052,-2.013957023620605,8.580537796020508,352,1,27,40,4.089604591836735,,,,,,
Superpixel,1418,9.953750967979431,11.65229606628418,353,1,34,40,2.826052295918368,,,,,,
CAM,1418,8.879587888717651,11.65229606628418,353,1,34,40,2.826052295918368,,,,,,
FAM,1418,5.134251117706299,11.65229606628418,353,1,34,40,2.826052295918368,,,,,,
Random,1418,0.3191890716552734,11.65229606628418,353,1,34,40,2.826052295918368,,,,,,
Superpixel,1345,7.010276794433594,12.064424514770508,354,1,32,40,2.6805644132653064,,,,,,
CAM,1345,3.0791072845458984,12.064424514770508,354,1,32,40,2.6805644132653064,,,,,,
FAM,1345,0.7185516357421875,12.064424514770508,354,1,32,40,2.6805644132653064,,,,,,
Random,1345,0.2008037567138672,12.064424514770508,354,1,32,40,2.6805644132653064,,,,,,
Superpixel,3887,5.91820764541626,12.731801986694336,355,1,31,40,7.746731505102041,,,,,,
CAM,3887,7.442210674285889,12.731801986694336,355,1,31,40,7.746731505102041,,,,,,
FAM,3887,7.668205738067627,12.731801986694336,355,1,31,40,7.746731505102041,,,,,,
Random,3887,5.810420989990234,12.731801986694336,355,1,31,40,7.746731505102041,,,,,,
Superpixel,1025,2.6733436584472656,12.03252410888672,356,1,31,40,2.04280931122449,,,,,,
CAM,1025,4.444169998168945,12.03252410888672,356,1,31,40,2.04280931122449,,,,,,
FAM,1025,-0.7372360229492188,12.03252410888672,356,1,31,40,2.04280931122449,,,,,,
Random,1025,-1.884681701660156,12.03252410888672,356,1,31,40,2.04280931122449,,,,,,
Superpixel,1156,3.992551326751709,11.188125610351562,357,1,29,40,2.303890306122449,,,,,,
CAM,1156,5.032052040100098,11.188125610351562,357,1,29,40,2.303890306122449,,,,,,
FAM,1156,5.780707359313965,11.188125610351562,357,1,29,40,2.303890306122449,,,,,,
Random,1156,5.934878826141357,11.188125610351562,357,1,29,40,2.303890306122449,,,,,,
Superpixel,1105,2.681600570678711,15.25149154663086,358,1,32,40,2.2022480867346936,,,,,,
CAM,1105,1.0456886291503906,15.25149154663086,358,1,32,40,2.2022480867346936,,,,,,
FAM,1105,1.6317968368530271,15.25149154663086,358,1,32,40,2.2022480867346936,,,,,,
Random,1105,-0.9925880432128906,15.25149154663086,358,1,32,40,2.2022480867346936,,,,,,
Superpixel,1686,8.377272129058838,12.692386627197266,359,1,32,40,3.360172193877551,,,,,,
CAM,1686,7.529530525207519,12.692386627197266,359,1,32,40,3.360172193877551,,,,,,
FAM,1686,3.889881134033203,12.692386627197266,359,1,32,40,3.360172193877551,,,,,,
Random,1686,0.8760604858398438,12.692386627197266,359,1,32,40,3.360172193877551,,,,,,
Superpixel,718,2.931636333465576,9.10841178894043,360,1,35,40,1.4309630102040818,,,,,,
CAM,718,2.8283333778381348,9.10841178894043,360,1,35,40,1.4309630102040818,,,,,,
FAM,718,3.4598984718322754,9.10841178894043,360,1,35,40,1.4309630102040818,,,,,,
Random,718,4.064930438995361,9.10841178894043,360,1,35,40,1.4309630102040818,,,,,,
Superpixel,1691,-0.5037965774536133,9.318045616149902,361,1,29,40,3.3701371173469385,,,,,,
CAM,1691,3.5857691764831543,9.318045616149902,361,1,29,40,3.3701371173469385,,,,,,
FAM,1691,-1.0194377899169922,9.318045616149902,361,1,29,40,3.3701371173469385,,,,,,
Random,1691,1.473902702331543,9.318045616149902,361,1,29,40,3.3701371173469385,,,,,,
Superpixel,1025,-0.8758277893066406,8.096786499023438,362,1,35,40,2.04280931122449,,,,,,
CAM,1025,2.473649978637696,8.096786499023438,362,1,35,40,2.04280931122449,,,,,,
FAM,1025,1.5756635665893557,8.096786499023438,362,1,35,40,2.04280931122449,,,,,,
Random,1025,-1.875046730041504,8.096786499023438,362,1,35,40,2.04280931122449,,,,,,
Superpixel,1245,-1.198678970336914,15.25532341003418,363,1,35,40,2.481265943877551,,,,,,
CAM,1245,15.030161038041117,15.25532341003418,363,1,35,40,2.481265943877551,,,,,,
FAM,1245,13.145931243896484,15.25532341003418,363,1,35,40,2.481265943877551,,,,,,
Random,1245,0.9466781616210938,15.25532341003418,363,1,35,40,2.481265943877551,,,,,,
Superpixel,1288,8.3515043258667,13.018765449523926,364,1,33,40,2.5669642857142856,,,,,,
CAM,1288,10.080960512161257,13.018765449523926,364,1,33,40,2.5669642857142856,,,,,,
FAM,1288,0.5699396133422852,13.018765449523926,364,1,33,40,2.5669642857142856,,,,,,
Random,1288,-0.1601696014404297,13.018765449523926,364,1,33,40,2.5669642857142856,,,,,,
Superpixel,1474,6.311105251312256,10.416288375854492,365,1,35,40,2.93765943877551,,,,,,
CAM,1474,9.6531081199646,10.416288375854492,365,1,35,40,2.93765943877551,,,,,,
FAM,1474,7.298299551010132,10.416288375854492,365,1,35,40,2.93765943877551,,,,,,
Random,1474,1.8843450546264648,10.416288375854492,365,1,35,40,2.93765943877551,,,,,,
Superpixel,868,6.7116475105285645,10.232054710388184,366,1,34,40,1.7299107142857144,,,,,,
CAM,868,5.469900608062744,10.232054710388184,366,1,34,40,1.7299107142857144,,,,,,
FAM,868,4.736218452453613,10.232054710388184,366,1,34,40,1.7299107142857144,,,,,,
Random,868,-2.1422338485717773,10.232054710388184,366,1,34,40,1.7299107142857144,,,,,,
Superpixel,853,7.588949680328369,13.314410209655762,367,1,36,40,1.700015943877551,,,,,,
CAM,853,5.570629596710205,13.314410209655762,367,1,36,40,1.700015943877551,,,,,,
FAM,853,0.3462820053100586,13.314410209655762,367,1,36,40,1.700015943877551,,,,,,
Random,853,8.323185443878174,13.314410209655762,367,1,36,40,1.700015943877551,,,,,,
Superpixel,2268,10.392193496227264,11.276439666748049,368,1,29,40,4.520089285714286,,,,,,
CAM,2268,10.831094354391098,11.276439666748049,368,1,29,40,4.520089285714286,,,,,,
FAM,2268,11.108791053295135,11.276439666748049,368,1,29,40,4.520089285714286,,,,,,
Random,2268,-0.5629711151123047,11.276439666748049,368,1,29,40,4.520089285714286,,,,,,
Superpixel,1992,9.703243017196655,13.268479347229004,369,1,31,40,3.970025510204082,,,,,,
CAM,1992,4.652764320373535,13.268479347229004,369,1,31,40,3.970025510204082,,,,,,
FAM,1992,3.457432746887207,13.268479347229004,369,1,31,40,3.970025510204082,,,,,,
Random,1992,4.66959285736084,13.268479347229004,369,1,31,40,3.970025510204082,,,,,,
Superpixel,2028,-0.0079078674316406,13.779359817504885,370,1,32,40,4.041772959183673,,,,,,
CAM,2028,2.2883872985839844,13.779359817504885,370,1,32,40,4.041772959183673,,,,,,
FAM,2028,0.1134281158447265,13.779359817504885,370,1,32,40,4.041772959183673,,,,,,
Random,2028,4.15294075012207,13.779359817504885,370,1,32,40,4.041772959183673,,,,,,
Superpixel,2045,1.0287513732910156,7.364414691925049,371,1,29,40,4.075653698979592,,,,,,
CAM,2045,4.910571098327637,7.364414691925049,371,1,29,40,4.075653698979592,,,,,,
FAM,2045,2.075367927551269,7.364414691925049,371,1,29,40,4.075653698979592,,,,,,
Random,2045,0.8958587646484375,7.364414691925049,371,1,29,40,4.075653698979592,,,,,,
Superpixel,738,7.303872585296631,12.759831428527832,372,1,34,40,1.4708227040816326,,,,,,
CAM,738,5.882694721221924,12.759831428527832,372,1,34,40,1.4708227040816326,,,,,,
FAM,738,-1.467864990234375,12.759831428527832,372,1,34,40,1.4708227040816326,,,,,,
Random,738,0.1077222824096679,12.759831428527832,372,1,34,40,1.4708227040816326,,,,,,
Superpixel,1646,6.2291178703308105,12.169473648071287,373,1,33,40,3.280452806122449,,,,,,
CAM,1646,2.2867088317871094,12.169473648071287,373,1,33,40,3.280452806122449,,,,,,
FAM,1646,1.0169601440429688,12.169473648071287,373,1,33,40,3.280452806122449,,,,,,
Random,1646,0.4219045639038086,12.169473648071287,373,1,33,40,3.280452806122449,,,,,,
Superpixel,1043,-1.0304183959960938,12.124338150024414,374,1,30,40,2.0786830357142856,,,,,,
CAM,1043,5.933901309967041,12.124338150024414,374,1,30,40,2.0786830357142856,,,,,,
FAM,1043,1.844404220581055,12.124338150024414,374,1,30,40,2.0786830357142856,,,,,,
Random,1043,7.218955993652344,12.124338150024414,374,1,30,40,2.0786830357142856,,,,,,
Superpixel,2028,4.0786333084106445,12.336267471313477,375,1,33,40,4.041772959183673,,,,,,
CAM,2028,5.340338706970215,12.336267471313477,375,1,33,40,4.041772959183673,,,,,,
FAM,2028,3.2536392211914062,12.336267471313477,375,1,33,40,4.041772959183673,,,,,,
Random,2028,-0.2148685455322265,12.336267471313477,375,1,33,40,4.041772959183673,,,,,,
Superpixel,1134,2.9849796295166016,12.838436126708984,376,1,34,40,2.260044642857143,,,,,,
CAM,1134,6.251297950744629,12.838436126708984,376,1,34,40,2.260044642857143,,,,,,
FAM,1134,0.5386886596679688,12.838436126708984,376,1,34,40,2.260044642857143,,,,,,
Random,1134,-0.931056022644043,12.838436126708984,376,1,34,40,2.260044642857143,,,,,,
Superpixel,973,5.423399925231934,13.869569778442385,377,1,34,40,1.9391741071428568,,,,,,
CAM,973,5.00827693939209,13.869569778442385,377,1,34,40,1.9391741071428568,,,,,,
FAM,973,-0.5925512313842773,13.869569778442385,377,1,34,40,1.9391741071428568,,,,,,
Random,973,-0.4332609176635742,13.869569778442385,377,1,34,40,1.9391741071428568,,,,,,
Superpixel,956,8.820754766464233,11.192914962768556,378,1,35,40,1.905293367346939,,,,,,
CAM,956,3.6410813331604,11.192914962768556,378,1,35,40,1.905293367346939,,,,,,
FAM,956,-1.0136537551879885,11.192914962768556,378,1,35,40,1.905293367346939,,,,,,
Random,956,1.4511346817016602,11.192914962768556,378,1,35,40,1.905293367346939,,,,,,
Superpixel,1148,14.078991413116457,10.514068603515623,379,1,33,40,2.2879464285714284,,,,,,
CAM,1148,10.545342572033404,10.514068603515623,379,1,33,40,2.2879464285714284,,,,,,
FAM,1148,9.869680941104887,10.514068603515623,379,1,33,40,2.2879464285714284,,,,,,
Random,1148,0.0091934204101562,10.514068603515623,379,1,33,40,2.2879464285714284,,,,,,
Superpixel,813,7.608611583709717,12.40369987487793,380,1,34,40,1.620296556122449,,,,,,
CAM,813,7.348272323608398,12.40369987487793,380,1,34,40,1.620296556122449,,,,,,
FAM,813,0.2055330276489257,12.40369987487793,380,1,34,40,1.620296556122449,,,,,,
Random,813,-0.7768163681030273,12.40369987487793,380,1,34,40,1.620296556122449,,,,,,
Superpixel,1977,4.988027095794678,11.587076187133787,381,1,30,40,3.940130739795918,,,,,,
CAM,1977,1.7979183197021484,11.587076187133787,381,1,30,40,3.940130739795918,,,,,,
FAM,1977,1.894268035888672,11.587076187133787,381,1,30,40,3.940130739795918,,,,,,
Random,1977,-0.2641925811767578,11.587076187133787,381,1,30,40,3.940130739795918,,,,,,
Superpixel,807,1.5381994247436523,9.604865074157717,382,1,35,40,1.6083386479591837,,,,,,
CAM,807,1.927170753479004,9.604865074157717,382,1,35,40,1.6083386479591837,,,,,,
FAM,807,-1.7898483276367188,9.604865074157717,382,1,35,40,1.6083386479591837,,,,,,
Random,807,0.8858327865600586,9.604865074157717,382,1,35,40,1.6083386479591837,,,,,,
Superpixel,931,5.8030149936676025,9.45546054840088,383,1,36,40,1.85546875,,,,,,
CAM,931,4.648329257965088,9.45546054840088,383,1,36,40,1.85546875,,,,,,
FAM,931,4.058830261230469,9.45546054840088,383,1,36,40,1.85546875,,,,,,
Random,931,5.91782546043396,9.45546054840088,383,1,36,40,1.85546875,,,,,,
Superpixel,2358,2.06527042388916,10.80064582824707,384,1,34,40,4.699457908163265,,,,,,
CAM,2358,3.29746150970459,10.80064582824707,384,1,34,40,4.699457908163265,,,,,,
FAM,2358,3.5694265365600586,10.80064582824707,384,1,34,40,4.699457908163265,,,,,,
Random,2358,0.7357540130615234,10.80064582824707,384,1,34,40,4.699457908163265,,,,,,
Superpixel,2231,-0.1513986587524414,10.962685585021973,385,1,34,40,4.446348852040816,,,,,,
CAM,2231,3.857250690460205,10.962685585021973,385,1,34,40,4.446348852040816,,,,,,
FAM,2231,2.1552133560180664,10.962685585021973,385,1,34,40,4.446348852040816,,,,,,
Random,2231,-0.3753547668457031,10.962685585021973,385,1,34,40,4.446348852040816,,,,,,
Superpixel,1467,1.897904396057129,11.96926212310791,386,1,36,40,2.923708545918368,,,,,,
CAM,1467,3.672175407409668,11.96926212310791,386,1,36,40,2.923708545918368,,,,,,
FAM,1467,1.841191291809082,11.96926212310791,386,1,36,40,2.923708545918368,,,,,,
Random,1467,0.5906839370727539,11.96926212310791,386,1,36,40,2.923708545918368,,,,,,
Superpixel,954,2.127230644226074,12.72247314453125,387,1,36,40,1.901307397959184,,,,,,
CAM,954,6.039277076721191,12.72247314453125,387,1,36,40,1.901307397959184,,,,,,
FAM,954,-1.550312042236328,12.72247314453125,387,1,36,40,1.901307397959184,,,,,,
Random,954,0.5194492340087891,12.72247314453125,387,1,36,40,1.901307397959184,,,,,,
Superpixel,2167,7.95079755783081,12.81272792816162,388,1,33,40,4.3187978316326525,,,,,,
CAM,2167,6.276132106781006,12.81272792816162,388,1,33,40,4.3187978316326525,,,,,,
FAM,2167,3.74075984954834,12.81272792816162,388,1,33,40,4.3187978316326525,,,,,,
Random,2167,2.4714784622192383,12.81272792816162,388,1,33,40,4.3187978316326525,,,,,,
Superpixel,769,9.034625053405762,14.838385581970217,389,1,33,40,1.5326052295918369,,,,,,
CAM,769,4.070888519287109,14.838385581970217,389,1,33,40,1.5326052295918369,,,,,,
FAM,769,7.356050491333008,14.838385581970217,389,1,33,40,1.5326052295918369,,,,,,
Random,769,-0.2860164642333984,14.838385581970217,389,1,33,40,1.5326052295918369,,,,,,
Superpixel,952,5.512701988220215,14.416349411010742,390,1,35,40,1.8973214285714284,,,,,,
CAM,952,3.4268836975097656,14.416349411010742,390,1,35,40,1.8973214285714284,,,,,,
FAM,952,3.154719352722168,14.416349411010742,390,1,35,40,1.8973214285714284,,,,,,
Random,952,-0.1613941192626953,14.416349411010742,390,1,35,40,1.8973214285714284,,,,,,
Superpixel,2047,4.820719242095947,10.637313842773438,391,1,29,40,4.079639668367348,,,,,,
CAM,2047,5.079586029052734,10.637313842773438,391,1,29,40,4.079639668367348,,,,,,
FAM,2047,3.841165065765381,10.637313842773438,391,1,29,40,4.079639668367348,,,,,,
Random,2047,0.846776008605957,10.637313842773438,391,1,29,40,4.079639668367348,,,,,,
Superpixel,1176,0.2152814865112304,14.043931007385254,392,1,34,40,2.34375,,,,,,
CAM,1176,5.2225446701049805,14.043931007385254,392,1,34,40,2.34375,,,,,,
FAM,1176,7.972944736480713,14.043931007385254,392,1,34,40,2.34375,,,,,,
Random,1176,0.6651439666748047,14.043931007385254,392,1,34,40,2.34375,,,,,,
Superpixel,1045,7.384645938873291,13.663690567016602,393,1,34,40,2.0826690051020407,,,,,,
CAM,1045,1.5631656646728516,13.663690567016602,393,1,34,40,2.0826690051020407,,,,,,
FAM,1045,1.2075176239013672,13.663690567016602,393,1,34,40,2.0826690051020407,,,,,,
Random,1045,0.9068241119384766,13.663690567016602,393,1,34,40,2.0826690051020407,,,,,,
Superpixel,1944,6.168546199798584,13.726884841918944,394,1,33,40,3.8743622448979593,,,,,,
CAM,1944,1.1730165481567385,13.726884841918944,394,1,33,40,3.8743622448979593,,,,,,
FAM,1944,2.4187145233154297,13.726884841918944,394,1,33,40,3.8743622448979593,,,,,,
Random,1944,-0.4547252655029297,13.726884841918944,394,1,33,40,3.8743622448979593,,,,,,
Superpixel,1495,-0.4246158599853515,9.495702743530272,395,1,34,40,2.979512117346939,,,,,,
CAM,1495,9.485150903463364,9.495702743530272,395,1,34,40,2.979512117346939,,,,,,
FAM,1495,9.990571916103365,9.495702743530272,395,1,34,40,2.979512117346939,,,,,,
Random,1495,8.41517436504364,9.495702743530272,395,1,34,40,2.979512117346939,,,,,,
Superpixel,986,6.178839683532715,12.505420684814451,396,1,30,40,1.9650829081632653,,,,,,
CAM,986,5.389423847198486,12.505420684814451,396,1,30,40,1.9650829081632653,,,,,,
FAM,986,4.923514366149902,12.505420684814451,396,1,30,40,1.9650829081632653,,,,,,
Random,986,2.1466293334960938,12.505420684814451,396,1,30,40,1.9650829081632653,,,,,,
Superpixel,1633,0.2419815063476562,14.099834442138672,397,1,30,40,3.2545440051020407,,,,,,
CAM,1633,8.048683166503906,14.099834442138672,397,1,30,40,3.2545440051020407,,,,,,
FAM,1633,8.026957511901855,14.099834442138672,397,1,30,40,3.2545440051020407,,,,,,
Random,1633,-0.2785215377807617,14.099834442138672,397,1,30,40,3.2545440051020407,,,,,,
Superpixel,746,7.230720043182373,12.498822212219238,398,1,34,40,1.4867665816326532,,,,,,
CAM,746,2.605647087097168,12.498822212219238,398,1,34,40,1.4867665816326532,,,,,,
FAM,746,4.062553405761719,12.498822212219238,398,1,34,40,1.4867665816326532,,,,,,
Random,746,0.2947549819946289,12.498822212219238,398,1,34,40,1.4867665816326532,,,,,,
Superpixel,1921,5.741302490234375,13.913810729980469,399,1,31,40,3.828523596938776,,,,,,
CAM,1921,3.2711000442504883,13.913810729980469,399,1,31,40,3.828523596938776,,,,,,
FAM,1921,0.5925750732421875,13.913810729980469,399,1,31,40,3.828523596938776,,,,,,
Random,1921,3.1914939880371094,13.913810729980469,399,1,31,40,3.828523596938776,,,,,,
Superpixel,2207,0.8917398452758789,14.361162185668944,400,1,32,40,4.398517219387755,,,,,,
CAM,2207,9.97580099105835,14.361162185668944,400,1,32,40,4.398517219387755,,,,,,
FAM,2207,9.714598178863524,14.361162185668944,400,1,32,40,4.398517219387755,,,,,,
Random,2207,4.909751892089844,14.361162185668944,400,1,32,40,4.398517219387755,,,,,,
Superpixel,1540,0.9907779693603516,13.111021041870115,401,1,34,40,3.0691964285714284,,,,,,
CAM,1540,5.8330912590026855,13.111021041870115,401,1,34,40,3.0691964285714284,,,,,,
FAM,1540,6.284351825714111,13.111021041870115,401,1,34,40,3.0691964285714284,,,,,,
Random,1540,1.94879150390625,13.111021041870115,401,1,34,40,3.0691964285714284,,,,,,
Superpixel,1739,5.273675918579102,14.034173965454102,402,1,31,40,3.465800382653061,,,,,,
CAM,1739,5.075592041015625,14.034173965454102,402,1,31,40,3.465800382653061,,,,,,
FAM,1739,3.9280176162719727,14.034173965454102,402,1,31,40,3.465800382653061,,,,,,
Random,1739,0.7702007293701172,14.034173965454102,402,1,31,40,3.465800382653061,,,,,,
Superpixel,1312,2.3714303970336914,13.451725959777832,403,1,36,40,2.614795918367347,,,,,,
CAM,1312,3.515167236328125,13.451725959777832,403,1,36,40,2.614795918367347,,,,,,
FAM,1312,3.9675893783569336,13.451725959777832,403,1,36,40,2.614795918367347,,,,,,
Random,1312,1.6393613815307615,13.451725959777832,403,1,36,40,2.614795918367347,,,,,,
Superpixel,2201,1.1263504028320312,14.420814514160156,404,1,31,40,4.38655931122449,,,,,,
CAM,2201,5.261276245117188,14.420814514160156,404,1,31,40,4.38655931122449,,,,,,
FAM,2201,2.9673213958740234,14.420814514160156,404,1,31,40,4.38655931122449,,,,,,
Random,2201,2.291757583618164,14.420814514160156,404,1,31,40,4.38655931122449,,,,,,
Superpixel,2400,0.9564704895019532,9.922111511230469,405,1,35,40,4.783163265306122,,,,,,
CAM,2400,8.3957599401474,9.922111511230469,405,1,35,40,4.783163265306122,,,,,,
FAM,2400,8.281667351722717,9.922111511230469,405,1,35,40,4.783163265306122,,,,,,
Random,2400,0.6349058151245117,9.922111511230469,405,1,35,40,4.783163265306122,,,,,,
Superpixel,1743,10.538222312927246,16.47260284423828,406,1,30,40,3.473772321428571,,,,,,
CAM,1743,12.301894664764404,16.47260284423828,406,1,30,40,3.473772321428571,,,,,,
FAM,1743,9.529171466827393,16.47260284423828,406,1,30,40,3.473772321428571,,,,,,
Random,1743,1.8688478469848635,16.47260284423828,406,1,30,40,3.473772321428571,,,,,,
Superpixel,842,2.1407203674316406,9.179950714111328,407,1,34,40,1.678093112244898,,,,,,
CAM,842,4.909796237945557,9.179950714111328,407,1,34,40,1.678093112244898,,,,,,
FAM,842,4.746346950531006,9.179950714111328,407,1,34,40,1.678093112244898,,,,,,
Random,842,6.055938005447388,9.179950714111328,407,1,34,40,1.678093112244898,,,,,,
Superpixel,1172,0.1143112182617187,11.914968490600586,408,1,34,40,2.33577806122449,,,,,,
CAM,1172,2.014001846313477,11.914968490600586,408,1,34,40,2.33577806122449,,,,,,
FAM,1172,0.9708290100097656,11.914968490600586,408,1,34,40,2.33577806122449,,,,,,
Random,1172,1.991225242614746,11.914968490600586,408,1,34,40,2.33577806122449,,,,,,
Superpixel,1023,8.08482551574707,15.533082008361816,409,1,33,40,2.0388233418367347,,,,,,
CAM,1023,1.7277545928955078,15.533082008361816,409,1,33,40,2.0388233418367347,,,,,,
FAM,1023,4.626703262329102,15.533082008361816,409,1,33,40,2.0388233418367347,,,,,,
Random,1023,0.8384218215942383,15.533082008361816,409,1,33,40,2.0388233418367347,,,,,,
Superpixel,747,3.595005989074707,10.72856616973877,410,1,34,40,1.4887595663265305,,,,,,
CAM,747,0.5567502975463867,10.72856616973877,410,1,34,40,1.4887595663265305,,,,,,
FAM,747,0.7736177444458008,10.72856616973877,410,1,34,40,1.4887595663265305,,,,,,
Random,747,3.9111595153808594,10.72856616973877,410,1,34,40,1.4887595663265305,,,,,,
Superpixel,1006,11.880212545394896,14.577210426330566,411,1,29,40,2.0049426020408165,,,,,,
CAM,1006,9.94768238067627,14.577210426330566,411,1,29,40,2.0049426020408165,,,,,,
FAM,1006,8.058517456054688,14.577210426330566,411,1,29,40,2.0049426020408165,,,,,,
Random,1006,2.180042266845703,14.577210426330566,411,1,29,40,2.0049426020408165,,,,,,
Superpixel,1352,4.952753067016602,15.82571506500244,412,1,34,40,2.694515306122449,,,,,,
CAM,1352,8.663314819335938,15.82571506500244,412,1,34,40,2.694515306122449,,,,,,
FAM,1352,4.158232688903809,15.82571506500244,412,1,34,40,2.694515306122449,,,,,,
Random,1352,0.7842769622802734,15.82571506500244,412,1,34,40,2.694515306122449,,,,,,
Superpixel,811,2.064504146575928,9.7201509475708,413,1,36,40,1.616310586734694,,,,,,
CAM,811,8.130035400390625,9.7201509475708,413,1,36,40,1.616310586734694,,,,,,
FAM,811,6.089650869369507,9.7201509475708,413,1,36,40,1.616310586734694,,,,,,
Random,811,4.799722194671631,9.7201509475708,413,1,36,40,1.616310586734694,,,,,,
Superpixel,750,5.825865745544434,13.540246963500977,414,1,35,40,1.4947385204081631,,,,,,
CAM,750,0.6289272308349609,13.540246963500977,414,1,35,40,1.4947385204081631,,,,,,
FAM,750,4.077126502990723,13.540246963500977,414,1,35,40,1.4947385204081631,,,,,,
Random,750,-0.3169784545898437,13.540246963500977,414,1,35,40,1.4947385204081631,,,,,,
Superpixel,1655,5.907343864440918,15.002659797668455,415,1,33,40,3.298389668367347,,,,,,
CAM,1655,2.852725028991699,15.002659797668455,415,1,33,40,3.298389668367347,,,,,,
FAM,1655,6.646280288696289,15.002659797668455,415,1,33,40,3.298389668367347,,,,,,
Random,1655,1.470320701599121,15.002659797668455,415,1,33,40,3.298389668367347,,,,,,
Superpixel,1447,2.622744560241699,14.43680191040039,416,1,33,40,2.8838488520408165,,,,,,
CAM,1447,2.9641895294189453,14.43680191040039,416,1,33,40,2.8838488520408165,,,,,,
FAM,1447,1.5704116821289062,14.43680191040039,416,1,33,40,2.8838488520408165,,,,,,
Random,1447,2.029257774353028,14.43680191040039,416,1,33,40,2.8838488520408165,,,,,,
Superpixel,2106,-0.006850242614746,14.637850761413574,417,1,30,40,4.197225765306122,,,,,,
CAM,2106,1.2980012893676758,14.637850761413574,417,1,30,40,4.197225765306122,,,,,,
FAM,2106,6.155914306640625,14.637850761413574,417,1,30,40,4.197225765306122,,,,,,
Random,2106,3.2910280227661133,14.637850761413574,417,1,30,40,4.197225765306122,,,,,,
Superpixel,2142,3.891689300537109,12.88090705871582,418,1,32,40,4.268973214285714,,,,,,
CAM,2142,6.4328227043151855,12.88090705871582,418,1,32,40,4.268973214285714,,,,,,
FAM,2142,8.685198783874512,12.88090705871582,418,1,32,40,4.268973214285714,,,,,,
Random,2142,6.673297882080078,12.88090705871582,418,1,32,40,4.268973214285714,,,,,,
Superpixel,1687,4.898880958557129,12.210949897766112,419,1,30,40,3.362165178571429,,,,,,
CAM,1687,5.397431373596191,12.210949897766112,419,1,30,40,3.362165178571429,,,,,,
FAM,1687,2.388742446899414,12.210949897766112,419,1,30,40,3.362165178571429,,,,,,
Random,1687,0.1715383529663086,12.210949897766112,419,1,30,40,3.362165178571429,,,,,,
Superpixel,1808,-1.0185470581054688,14.427797317504885,420,1,30,40,3.603316326530612,,,,,,
CAM,1808,1.4034481048583984,14.427797317504885,420,1,30,40,3.603316326530612,,,,,,
FAM,1808,1.7179460525512695,14.427797317504885,420,1,30,40,3.603316326530612,,,,,,
Random,1808,6.346299171447754,14.427797317504885,420,1,30,40,3.603316326530612,,,,,,
Superpixel,1680,4.003866195678711,16.625398635864258,421,1,34,40,3.3482142857142856,,,,,,
CAM,1680,0.8266277313232422,16.625398635864258,421,1,34,40,3.3482142857142856,,,,,,
FAM,1680,4.635986328125,16.625398635864258,421,1,34,40,3.3482142857142856,,,,,,
Random,1680,3.4520397186279297,16.625398635864258,421,1,34,40,3.3482142857142856,,,,,,
Superpixel,961,0.913233757019043,13.700872421264648,422,1,32,40,1.9152582908163265,,,,,,
CAM,961,1.0343513488769531,13.700872421264648,422,1,32,40,1.9152582908163265,,,,,,
FAM,961,-0.839594841003418,13.700872421264648,422,1,32,40,1.9152582908163265,,,,,,
Random,961,0.7978601455688477,13.700872421264648,422,1,32,40,1.9152582908163265,,,,,,
Superpixel,2635,8.969606637954712,11.946178436279297,423,1,32,40,5.251514668367348,,,,,,
CAM,2635,9.852404832839966,11.946178436279297,423,1,32,40,5.251514668367348,,,,,,
FAM,2635,1.520350456237793,11.946178436279297,423,1,32,40,5.251514668367348,,,,,,
Random,2635,-4.304471969604492,11.946178436279297,423,1,32,40,5.251514668367348,,,,,,
Superpixel,2002,1.5918207168579102,14.980913162231444,424,1,35,40,3.9899553571428568,,,,,,
CAM,2002,6.148111343383789,14.980913162231444,424,1,35,40,3.9899553571428568,,,,,,
FAM,2002,1.250197410583496,14.980913162231444,424,1,35,40,3.9899553571428568,,,,,,
Random,2002,5.02479362487793,14.980913162231444,424,1,35,40,3.9899553571428568,,,,,,
Superpixel,3144,4.876651763916016,12.120121002197266,425,1,27,40,6.265943877551021,,,,,,
CAM,3144,5.164593696594238,12.120121002197266,425,1,27,40,6.265943877551021,,,,,,
FAM,3144,3.2362194061279297,12.120121002197266,425,1,27,40,6.265943877551021,,,,,,
Random,3144,5.225259304046631,12.120121002197266,425,1,27,40,6.265943877551021,,,,,,
Superpixel,1212,-0.4453420639038086,15.36510944366455,426,1,31,40,2.415497448979592,,,,,,
CAM,1212,6.384132385253906,15.36510944366455,426,1,31,40,2.415497448979592,,,,,,
FAM,1212,3.293140411376953,15.36510944366455,426,1,31,40,2.415497448979592,,,,,,
Random,1212,1.3254098892211914,15.36510944366455,426,1,31,40,2.415497448979592,,,,,,
Superpixel,1237,0.3668994903564453,16.099628448486328,427,1,34,40,2.4653220663265305,,,,,,
CAM,1237,6.937582969665527,16.099628448486328,427,1,34,40,2.4653220663265305,,,,,,
FAM,1237,5.326911926269531,16.099628448486328,427,1,34,40,2.4653220663265305,,,,,,
Random,1237,9.222411155700684,16.099628448486328,427,1,34,40,2.4653220663265305,,,,,,
Superpixel,1207,0.6070785522460938,13.853906631469728,428,1,31,40,2.405532525510204,,,,,,
CAM,1207,0.3549251556396484,13.853906631469728,428,1,31,40,2.405532525510204,,,,,,
FAM,1207,2.367900848388672,13.853906631469728,428,1,31,40,2.405532525510204,,,,,,
Random,1207,1.3038644790649414,13.853906631469728,428,1,31,40,2.405532525510204,,,,,,
Superpixel,3423,4.144439458847046,7.009143352508545,429,1,31,40,6.821986607142858,,,,,,
CAM,3423,5.926846504211426,7.009143352508545,429,1,31,40,6.821986607142858,,,,,,
FAM,3423,2.3350143432617188,7.009143352508545,429,1,31,40,6.821986607142858,,,,,,
Random,3423,5.528196573257446,7.009143352508545,429,1,31,40,6.821986607142858,,,,,,
Superpixel,993,7.427740097045898,11.486364364624023,430,1,35,40,1.9790338010204085,,,,,,
CAM,993,6.70747709274292,11.486364364624023,430,1,35,40,1.9790338010204085,,,,,,
FAM,993,5.072240829467773,11.486364364624023,430,1,35,40,1.9790338010204085,,,,,,
Random,993,3.247629165649414,11.486364364624023,430,1,35,40,1.9790338010204085,,,,,,
Superpixel,2372,1.2044153213500977,12.940951347351074,431,1,31,40,4.727359693877551,,,,,,
CAM,2372,3.35390567779541,12.940951347351074,431,1,31,40,4.727359693877551,,,,,,
FAM,2372,0.441868782043457,12.940951347351074,431,1,31,40,4.727359693877551,,,,,,
Random,2372,1.908585548400879,12.940951347351074,431,1,31,40,4.727359693877551,,,,,,
Superpixel,1469,0.5276956558227539,10.296008110046388,432,1,31,40,2.9276945153061225,,,,,,
CAM,1469,1.398784637451172,10.296008110046388,432,1,31,40,2.9276945153061225,,,,,,
FAM,1469,3.411864757537842,10.296008110046388,432,1,31,40,2.9276945153061225,,,,,,
Random,1469,-0.3700323104858398,10.296008110046388,432,1,31,40,2.9276945153061225,,,,,,
Superpixel,1187,4.388563632965088,11.46733283996582,433,1,36,40,2.365672831632653,,,,,,
CAM,1187,3.592587947845459,11.46733283996582,433,1,36,40,2.365672831632653,,,,,,
FAM,1187,3.970382213592529,11.46733283996582,433,1,36,40,2.365672831632653,,,,,,
Random,1187,1.5473747253417969,11.46733283996582,433,1,36,40,2.365672831632653,,,,,,
Superpixel,1091,1.3278779983520508,15.526396751403809,434,1,32,40,2.174346301020408,,,,,,
CAM,1091,1.7849645614624023,15.526396751403809,434,1,32,40,2.174346301020408,,,,,,
FAM,1091,2.3556909561157227,15.526396751403809,434,1,32,40,2.174346301020408,,,,,,
Random,1091,1.2664337158203125,15.526396751403809,434,1,32,40,2.174346301020408,,,,,,
Superpixel,2104,1.630906105041504,14.731511116027832,435,1,33,40,4.193239795918367,,,,,,
CAM,2104,4.333972930908203,14.731511116027832,435,1,33,40,4.193239795918367,,,,,,
FAM,2104,3.343775749206543,14.731511116027832,435,1,33,40,4.193239795918367,,,,,,
Random,2104,7.636709213256836,14.731511116027832,435,1,33,40,4.193239795918367,,,,,,
Superpixel,2166,2.25759506225586,13.77619743347168,436,1,32,40,4.316804846938775,,,,,,
CAM,2166,1.7472076416015625,13.77619743347168,436,1,32,40,4.316804846938775,,,,,,
FAM,2166,3.609518051147461,13.77619743347168,436,1,32,40,4.316804846938775,,,,,,
Random,2166,3.235226631164551,13.77619743347168,436,1,32,40,4.316804846938775,,,,,,
Superpixel,1875,2.563817977905273,11.253127098083496,437,1,29,40,3.736846301020408,,,,,,
CAM,1875,-0.3684682846069336,11.253127098083496,437,1,29,40,3.736846301020408,,,,,,
FAM,1875,1.4147233963012695,11.253127098083496,437,1,29,40,3.736846301020408,,,,,,
Random,1875,-0.4538717269897461,11.253127098083496,437,1,29,40,3.736846301020408,,,,,,
Superpixel,1219,-0.229196548461914,16.001462936401367,438,1,34,40,2.4294483418367347,,,,,,
CAM,1219,1.3615436553955078,16.001462936401367,438,1,34,40,2.4294483418367347,,,,,,
FAM,1219,5.622929573059082,16.001462936401367,438,1,34,40,2.4294483418367347,,,,,,
Random,1219,2.404064178466797,16.001462936401367,438,1,34,40,2.4294483418367347,,,,,,
Superpixel,1960,3.3222451210021973,7.564890384674072,439,1,33,40,3.90625,,,,,,
CAM,1960,3.8246920108795166,7.564890384674072,439,1,33,40,3.90625,,,,,,
FAM,1960,4.465303897857666,7.564890384674072,439,1,33,40,3.90625,,,,,,
Random,1960,1.8706440925598145,7.564890384674072,439,1,33,40,3.90625,,,,,,
Superpixel,842,2.815770149230957,11.33091163635254,440,1,33,40,1.678093112244898,,,,,,
CAM,842,3.738471984863281,11.33091163635254,440,1,33,40,1.678093112244898,,,,,,
FAM,842,4.05012321472168,11.33091163635254,440,1,33,40,1.678093112244898,,,,,,
Random,842,1.109654426574707,11.33091163635254,440,1,33,40,1.678093112244898,,,,,,
Superpixel,1443,1.818143844604492,13.593206405639648,441,1,29,40,2.8758769132653064,,,,,,
CAM,1443,0.9796829223632812,13.593206405639648,441,1,29,40,2.8758769132653064,,,,,,
FAM,1443,0.7124118804931641,13.593206405639648,441,1,29,40,2.8758769132653064,,,,,,
Random,1443,2.4011363983154297,13.593206405639648,441,1,29,40,2.8758769132653064,,,,,,
Superpixel,1719,0.6947784423828125,12.406341552734377,442,1,36,40,3.4259406887755106,,,,,,
CAM,1719,1.1794357299804688,12.406341552734377,442,1,36,40,3.4259406887755106,,,,,,
FAM,1719,0.2408704757690429,12.406341552734377,442,1,36,40,3.4259406887755106,,,,,,
Random,1719,1.5734825134277344,12.406341552734377,442,1,36,40,3.4259406887755106,,,,,,
Superpixel,1047,1.1892719268798828,17.11969757080078,443,1,27,40,2.086654974489796,,,,,,
CAM,1047,2.1045637130737305,17.11969757080078,443,1,27,40,2.086654974489796,,,,,,
FAM,1047,3.572850227355957,17.11969757080078,443,1,27,40,2.086654974489796,,,,,,
Random,1047,0.8089141845703125,17.11969757080078,443,1,27,40,2.086654974489796,,,,,,
Superpixel,1256,0.5207405090332031,12.829252243041992,444,1,33,40,2.503188775510204,,,,,,
CAM,1256,6.275844573974609,12.829252243041992,444,1,33,40,2.503188775510204,,,,,,
FAM,1256,3.7593822479248047,12.829252243041992,444,1,33,40,2.503188775510204,,,,,,
Random,1256,0.360116958618164,12.829252243041992,444,1,33,40,2.503188775510204,,,,,,
Superpixel,2079,-0.184025764465332,11.656576156616213,445,1,32,40,4.143415178571429,,,,,,
CAM,2079,0.1913032531738281,11.656576156616213,445,1,32,40,4.143415178571429,,,,,,
FAM,2079,0.680790901184082,11.656576156616213,445,1,32,40,4.143415178571429,,,,,,
Random,2079,0.386728286743164,11.656576156616213,445,1,32,40,4.143415178571429,,,,,,
Superpixel,952,3.1426010131835938,13.522462844848633,446,1,31,40,1.8973214285714284,,,,,,
CAM,952,2.165822982788086,13.522462844848633,446,1,31,40,1.8973214285714284,,,,,,
FAM,952,1.0355587005615234,13.522462844848633,446,1,31,40,1.8973214285714284,,,,,,
Random,952,1.8100929260253904,13.522462844848633,446,1,31,40,1.8973214285714284,,,,,,
Superpixel,994,1.8686952590942385,15.200650215148926,447,1,34,40,1.9810267857142856,,,,,,
CAM,994,2.798304557800293,15.200650215148926,447,1,34,40,1.9810267857142856,,,,,,
FAM,994,0.1321277618408203,15.200650215148926,447,1,34,40,1.9810267857142856,,,,,,
Random,994,0.2408819198608398,15.200650215148926,447,1,34,40,1.9810267857142856,,,,,,
Superpixel,875,0.4655647277832031,15.618755340576172,448,1,36,40,1.7438616071428572,,,,,,
CAM,875,0.0166740417480468,15.618755340576172,448,1,36,40,1.7438616071428572,,,,,,
FAM,875,-0.9755935668945312,15.618755340576172,448,1,36,40,1.7438616071428572,,,,,,
Random,875,0.2256908416748047,15.618755340576172,448,1,36,40,1.7438616071428572,,,,,,
Superpixel,951,2.639069080352783,10.138473510742188,449,1,30,40,1.895328443877551,,,,,,
CAM,951,3.987671852111816,10.138473510742188,449,1,30,40,1.895328443877551,,,,,,
FAM,951,2.213342666625977,10.138473510742188,449,1,30,40,1.895328443877551,,,,,,
Random,951,-0.4250736236572265,10.138473510742188,449,1,30,40,1.895328443877551,,,,,,
Superpixel,848,-0.6818351745605469,11.010433197021484,450,1,35,40,1.6900510204081634,,,,,,
CAM,848,2.212514877319336,11.010433197021484,450,1,35,40,1.6900510204081634,,,,,,
FAM,848,0.2925491333007812,11.010433197021484,450,1,35,40,1.6900510204081634,,,,,,
Random,848,3.27394437789917,11.010433197021484,450,1,35,40,1.6900510204081634,,,,,,
Superpixel,1281,0.270965576171875,13.473461151123049,451,1,35,40,2.553013392857143,,,,,,
CAM,1281,4.004581451416016,13.473461151123049,451,1,35,40,2.553013392857143,,,,,,
FAM,1281,3.1499814987182617,13.473461151123049,451,1,35,40,2.553013392857143,,,,,,
Random,1281,-0.9452810287475586,13.473461151123049,451,1,35,40,2.553013392857143,,,,,,
Superpixel,852,2.7263221740722656,13.558069229125977,452,1,32,40,1.6980229591836735,,,,,,
CAM,852,6.0481390953063965,13.558069229125977,452,1,32,40,1.6980229591836735,,,,,,
FAM,852,5.706876754760742,13.558069229125977,452,1,32,40,1.6980229591836735,,,,,,
Random,852,-0.9502124786376952,13.558069229125977,452,1,32,40,1.6980229591836735,,,,,,
Superpixel,1182,0.6560497283935547,15.751117706298828,453,1,30,40,2.3557079081632653,,,,,,
CAM,1182,10.05124855041504,15.751117706298828,453,1,30,40,2.3557079081632653,,,,,,
FAM,1182,0.6506786346435547,15.751117706298828,453,1,30,40,2.3557079081632653,,,,,,
Random,1182,1.031224250793457,15.751117706298828,453,1,30,40,2.3557079081632653,,,,,,
Superpixel,2562,-1.1422958374023438,10.423739433288574,454,1,34,40,5.106026785714286,,,,,,
CAM,2562,3.9710378646850586,10.423739433288574,454,1,34,40,5.106026785714286,,,,,,
FAM,2562,4.633379936218262,10.423739433288574,454,1,34,40,5.106026785714286,,,,,,
Random,2562,-0.2476282119750976,10.423739433288574,454,1,34,40,5.106026785714286,,,,,,
Superpixel,1397,3.684697151184082,12.612786293029783,455,1,35,40,2.784199617346939,,,,,,
CAM,1397,3.691409111022949,12.612786293029783,455,1,35,40,2.784199617346939,,,,,,
FAM,1397,4.033450126647949,12.612786293029783,455,1,35,40,2.784199617346939,,,,,,
Random,1397,2.7595815658569336,12.612786293029783,455,1,35,40,2.784199617346939,,,,,,
Superpixel,744,-0.2558164596557617,14.01921272277832,456,1,33,40,1.482780612244898,,,,,,
CAM,744,1.0929546356201172,14.01921272277832,456,1,33,40,1.482780612244898,,,,,,
FAM,744,-0.3248319625854492,14.01921272277832,456,1,33,40,1.482780612244898,,,,,,
Random,744,0.07037353515625,14.01921272277832,456,1,33,40,1.482780612244898,,,,,,
Superpixel,1534,0.6007652282714844,7.960134506225586,457,1,35,40,3.057238520408164,,,,,,
CAM,1534,4.059438943862915,7.960134506225586,457,1,35,40,3.057238520408164,,,,,,
FAM,1534,3.48550033569336,7.960134506225586,457,1,35,40,3.057238520408164,,,,,,
Random,1534,-0.1150779724121093,7.960134506225586,457,1,35,40,3.057238520408164,,,,,,
Superpixel,1074,2.1735429763793945,12.166885375976562,458,1,34,40,2.14046556122449,,,,,,
CAM,1074,4.1447296142578125,12.166885375976562,458,1,34,40,2.14046556122449,,,,,,
FAM,1074,3.9422473907470703,12.166885375976562,458,1,34,40,2.14046556122449,,,,,,
Random,1074,3.2568511962890625,12.166885375976562,458,1,34,40,2.14046556122449,,,,,,
Superpixel,1911,10.855587720870972,14.432561874389648,459,1,33,40,3.80859375,,,,,,
CAM,1911,8.57455587387085,14.432561874389648,459,1,33,40,3.80859375,,,,,,
FAM,1911,9.675878047943115,14.432561874389648,459,1,33,40,3.80859375,,,,,,
Random,1911,5.079355239868164,14.432561874389648,459,1,33,40,3.80859375,,,,,,
Superpixel,2683,2.697152137756348,15.38392734527588,460,1,27,40,5.3471779336734695,,,,,,
CAM,2683,10.01482915878296,15.38392734527588,460,1,27,40,5.3471779336734695,,,,,,
FAM,2683,7.400667667388916,15.38392734527588,460,1,27,40,5.3471779336734695,,,,,,
Random,2683,1.4066228866577148,15.38392734527588,460,1,27,40,5.3471779336734695,,,,,,
Superpixel,2232,6.067379474639893,13.74164867401123,461,1,32,40,4.448341836734694,,,,,,
CAM,2232,5.638056755065918,13.74164867401123,461,1,32,40,4.448341836734694,,,,,,
FAM,2232,6.0569987297058105,13.74164867401123,461,1,32,40,4.448341836734694,,,,,,
Random,2232,6.09616231918335,13.74164867401123,461,1,32,40,4.448341836734694,,,,,,
Superpixel,1490,10.27323079109192,12.440019607543944,462,1,36,40,2.969547193877551,,,,,,
CAM,1490,4.34190559387207,12.440019607543944,462,1,36,40,2.969547193877551,,,,,,
FAM,1490,5.982585430145264,12.440019607543944,462,1,36,40,2.969547193877551,,,,,,
Random,1490,6.038783550262451,12.440019607543944,462,1,36,40,2.969547193877551,,,,,,
Superpixel,3528,14.178877592086792,17.04639434814453,463,1,31,40,7.03125,,,,,,
CAM,3528,12.050467014312744,17.04639434814453,463,1,31,40,7.03125,,,,,,
FAM,3528,8.186302185058594,17.04639434814453,463,1,31,40,7.03125,,,,,,
Random,3528,2.9667625427246094,17.04639434814453,463,1,31,40,7.03125,,,,,,
Superpixel,1586,-0.5054216384887695,11.91197681427002,464,1,30,40,3.160873724489796,,,,,,
CAM,1586,2.229012489318848,11.91197681427002,464,1,30,40,3.160873724489796,,,,,,
FAM,1586,2.1966657638549805,11.91197681427002,464,1,30,40,3.160873724489796,,,,,,
Random,1586,1.6175012588500977,11.91197681427002,464,1,30,40,3.160873724489796,,,,,,
Superpixel,1172,7.400712490081787,10.815690994262695,465,1,32,40,2.33577806122449,,,,,,
CAM,1172,7.216251134872436,10.815690994262695,465,1,32,40,2.33577806122449,,,,,,
FAM,1172,1.0883235931396484,10.815690994262695,465,1,32,40,2.33577806122449,,,,,,
Random,1172,2.115677833557129,10.815690994262695,465,1,32,40,2.33577806122449,,,,,,
Superpixel,1232,7.477944135665893,8.3627290725708,466,1,29,40,2.455357142857143,,,,,,
CAM,1232,1.7327871322631836,8.3627290725708,466,1,29,40,2.455357142857143,,,,,,
FAM,1232,3.1913938522338867,8.3627290725708,466,1,29,40,2.455357142857143,,,,,,
Random,1232,1.4095096588134766,8.3627290725708,466,1,29,40,2.455357142857143,,,,,,
Superpixel,1178,6.7782511711120605,13.153190612792969,467,1,33,40,2.347735969387755,,,,,,
CAM,1178,2.880098342895508,13.153190612792969,467,1,33,40,2.347735969387755,,,,,,
FAM,1178,4.839656829833984,13.153190612792969,467,1,33,40,2.347735969387755,,,,,,
Random,1178,5.40761137008667,13.153190612792969,467,1,33,40,2.347735969387755,,,,,,
Superpixel,1083,4.173214435577393,8.847951889038086,468,1,35,40,2.158402423469388,,,,,,
CAM,1083,6.5420098304748535,8.847951889038086,468,1,35,40,2.158402423469388,,,,,,
FAM,1083,3.726745128631592,8.847951889038086,468,1,35,40,2.158402423469388,,,,,,
Random,1083,1.946547031402588,8.847951889038086,468,1,35,40,2.158402423469388,,,,,,
Superpixel,2802,5.395711421966553,9.869564056396484,469,1,30,40,5.584343112244898,,,,,,
CAM,2802,6.401370286941528,9.869564056396484,469,1,30,40,5.584343112244898,,,,,,
FAM,2802,2.718949317932129,9.869564056396484,469,1,30,40,5.584343112244898,,,,,,
Random,2802,3.1442999839782715,9.869564056396484,469,1,30,40,5.584343112244898,,,,,,
Superpixel,2416,4.427921772003174,8.535066604614258,470,1,33,40,4.815051020408164,,,,,,
CAM,2416,3.2241873741149902,8.535066604614258,470,1,33,40,4.815051020408164,,,,,,
FAM,2416,3.733511447906494,8.535066604614258,470,1,33,40,4.815051020408164,,,,,,
Random,2416,1.190023422241211,8.535066604614258,470,1,33,40,4.815051020408164,,,,,,
Superpixel,2243,4.6739583015441895,12.632489204406738,471,1,29,40,4.470264668367348,,,,,,
CAM,2243,6.548485279083252,12.632489204406738,471,1,29,40,4.470264668367348,,,,,,
FAM,2243,5.321463584899902,12.632489204406738,471,1,29,40,4.470264668367348,,,,,,
Random,2243,1.3248319625854492,12.632489204406738,471,1,29,40,4.470264668367348,,,,,,
Superpixel,2888,-1.1838092803955078,12.620854377746582,472,1,24,40,5.755739795918367,,,,,,
CAM,2888,8.806155681610107,12.620854377746582,472,1,24,40,5.755739795918367,,,,,,
FAM,2888,1.7113285064697266,12.620854377746582,472,1,24,40,5.755739795918367,,,,,,
Random,2888,7.016427040100098,12.620854377746582,472,1,24,40,5.755739795918367,,,,,,
Superpixel,2299,2.371307373046875,13.987737655639648,473,1,35,40,4.58187181122449,,,,,,
CAM,2299,9.40630292892456,13.987737655639648,473,1,35,40,4.58187181122449,,,,,,
FAM,2299,6.493646621704102,13.987737655639648,473,1,35,40,4.58187181122449,,,,,,
Random,2299,3.91355037689209,13.987737655639648,473,1,35,40,4.58187181122449,,,,,,
Superpixel,1569,0.5686407089233398,8.992033958435059,474,1,36,40,3.126992984693878,,,,,,
CAM,1569,6.111928701400757,8.992033958435059,474,1,36,40,3.126992984693878,,,,,,
FAM,1569,5.547883033752441,8.992033958435059,474,1,36,40,3.126992984693878,,,,,,
Random,1569,3.1209959983825684,8.992033958435059,474,1,36,40,3.126992984693878,,,,,,
Superpixel,1384,4.828086853027344,13.59919548034668,475,1,35,40,2.7582908163265305,,,,,,
CAM,1384,8.831343173980713,13.59919548034668,475,1,35,40,2.7582908163265305,,,,,,
FAM,1384,5.569091796875,13.59919548034668,475,1,35,40,2.7582908163265305,,,,,,
Random,1384,7.1011643409729,13.59919548034668,475,1,35,40,2.7582908163265305,,,,,,
Superpixel,3977,-0.395477294921875,11.059993743896484,476,1,29,40,7.926100127551021,,,,,,
CAM,3977,7.924004793167114,11.059993743896484,476,1,29,40,7.926100127551021,,,,,,
FAM,3977,7.814404487609863,11.059993743896484,476,1,29,40,7.926100127551021,,,,,,
Random,3977,1.732527732849121,11.059993743896484,476,1,29,40,7.926100127551021,,,,,,
Superpixel,3198,-1.5657987594604492,9.515256881713867,477,1,29,40,6.373565051020408,,,,,,
CAM,3198,4.689734935760498,9.515256881713867,477,1,29,40,6.373565051020408,,,,,,
FAM,3198,7.12856912612915,9.515256881713867,477,1,29,40,6.373565051020408,,,,,,
Random,3198,1.3648700714111328,9.515256881713867,477,1,29,40,6.373565051020408,,,,,,
Superpixel,1493,4.548263788223267,8.106038093566895,478,1,32,40,2.9755261479591835,,,,,,
CAM,1493,-1.6414918899536133,8.106038093566895,478,1,32,40,2.9755261479591835,,,,,,
FAM,1493,0.5484733581542969,8.106038093566895,478,1,32,40,2.9755261479591835,,,,,,
Random,1493,-2.999823570251465,8.106038093566895,478,1,32,40,2.9755261479591835,,,,,,
Superpixel,734,-0.1235837936401367,9.32462215423584,479,1,30,40,1.4628507653061225,,,,,,
CAM,734,-2.2620906829833984,9.32462215423584,479,1,30,40,1.4628507653061225,,,,,,
FAM,734,-0.0598993301391601,9.32462215423584,479,1,30,40,1.4628507653061225,,,,,,
Random,734,-0.1611852645874023,9.32462215423584,479,1,30,40,1.4628507653061225,,,,,,
Superpixel,1674,0.878664493560791,8.69333267211914,480,1,33,40,3.3362563775510203,,,,,,
CAM,1674,2.424312114715576,8.69333267211914,480,1,33,40,3.3362563775510203,,,,,,
FAM,1674,4.859892845153809,8.69333267211914,480,1,33,40,3.3362563775510203,,,,,,
Random,1674,3.056034564971924,8.69333267211914,480,1,33,40,3.3362563775510203,,,,,,
Superpixel,2263,4.476027488708496,12.91010856628418,481,1,34,40,4.510124362244898,,,,,,
CAM,2263,5.2562665939331055,12.91010856628418,481,1,34,40,4.510124362244898,,,,,,
FAM,2263,0.8352470397949219,12.91010856628418,481,1,34,40,4.510124362244898,,,,,,
Random,2263,4.670818328857422,12.91010856628418,481,1,34,40,4.510124362244898,,,,,,
Superpixel,1504,1.4878253936767578,11.24067497253418,482,1,31,40,2.9974489795918364,,,,,,
CAM,1504,3.149129867553711,11.24067497253418,482,1,31,40,2.9974489795918364,,,,,,
FAM,1504,3.749368190765381,11.24067497253418,482,1,31,40,2.9974489795918364,,,,,,
Random,1504,2.520174026489258,11.24067497253418,482,1,31,40,2.9974489795918364,,,,,,
Superpixel,1061,2.838560104370117,12.510856628417969,483,1,33,40,2.114556760204082,,,,,,
CAM,1061,1.8236675262451167,12.510856628417969,483,1,33,40,2.114556760204082,,,,,,
FAM,1061,0.0247917175292968,12.510856628417969,483,1,33,40,2.114556760204082,,,,,,
Random,1061,2.379769325256348,12.510856628417969,483,1,33,40,2.114556760204082,,,,,,
Superpixel,4508,3.842776298522949,13.336052894592283,484,1,30,40,8.984375,,,,,,
CAM,4508,9.380862951278688,13.336052894592283,484,1,30,40,8.984375,,,,,,
FAM,4508,5.294121742248535,13.336052894592283,484,1,30,40,8.984375,,,,,,
Random,4508,6.7053937911987305,13.336052894592283,484,1,30,40,8.984375,,,,,,
Superpixel,1014,4.513917446136475,11.77963161468506,485,1,32,40,2.0208864795918364,,,,,,
CAM,1014,1.7274999618530271,11.77963161468506,485,1,32,40,2.0208864795918364,,,,,,
FAM,1014,3.55167007446289,11.77963161468506,485,1,32,40,2.0208864795918364,,,,,,
Random,1014,1.5400276184082031,11.77963161468506,485,1,32,40,2.0208864795918364,,,,,,
Superpixel,3083,12.953873038291931,14.067773818969728,486,1,33,40,6.14437181122449,,,,,,
CAM,3083,10.88790249824524,14.067773818969728,486,1,33,40,6.14437181122449,,,,,,
FAM,3083,12.46121096611023,14.067773818969728,486,1,33,40,6.14437181122449,,,,,,
Random,3083,4.036556243896484,14.067773818969728,486,1,33,40,6.14437181122449,,,,,,
Superpixel,1546,0.9201955795288086,13.88963222503662,487,1,33,40,3.0811543367346936,,,,,,
CAM,1546,13.114460110664368,13.88963222503662,487,1,33,40,3.0811543367346936,,,,,,
FAM,1546,12.747205138206482,13.88963222503662,487,1,33,40,3.0811543367346936,,,,,,
Random,1546,5.1280364990234375,13.88963222503662,487,1,33,40,3.0811543367346936,,,,,,
Superpixel,1789,0.2196483612060547,8.470479011535645,488,1,35,40,3.5654496173469385,,,,,,
CAM,1789,0.0852174758911132,8.470479011535645,488,1,35,40,3.5654496173469385,,,,,,
FAM,1789,-0.0148820877075195,8.470479011535645,488,1,35,40,3.5654496173469385,,,,,,
Random,1789,1.135242938995361,8.470479011535645,488,1,35,40,3.5654496173469385,,,,,,
Superpixel,1660,0.2233009338378906,12.820167541503906,489,1,31,40,3.3083545918367347,,,,,,
CAM,1660,3.558732986450196,12.820167541503906,489,1,31,40,3.3083545918367347,,,,,,
FAM,1660,1.6997528076171875,12.820167541503906,489,1,31,40,3.3083545918367347,,,,,,
Random,1660,3.270224571228028,12.820167541503906,489,1,31,40,3.3083545918367347,,,,,,
Superpixel,1240,0.4927387237548828,14.74143409729004,490,1,31,40,2.471301020408164,,,,,,
CAM,1240,9.939364433288574,14.74143409729004,490,1,31,40,2.471301020408164,,,,,,
FAM,1240,2.804046630859375,14.74143409729004,490,1,31,40,2.471301020408164,,,,,,
Random,1240,7.307028770446777,14.74143409729004,490,1,31,40,2.471301020408164,,,,,,
Superpixel,1161,1.0796518325805664,8.130158424377441,491,1,28,40,2.3138552295918364,,,,,,
CAM,1161,3.0343871116638184,8.130158424377441,491,1,28,40,2.3138552295918364,,,,,,
FAM,1161,2.0324301719665527,8.130158424377441,491,1,28,40,2.3138552295918364,,,,,,
Random,1161,2.189249038696289,8.130158424377441,491,1,28,40,2.3138552295918364,,,,,,
Superpixel,977,7.138153076171875,16.23480224609375,492,1,35,40,1.947146045918368,,,,,,
CAM,977,6.468329429626465,16.23480224609375,492,1,35,40,1.947146045918368,,,,,,
FAM,977,5.802249908447266,16.23480224609375,492,1,35,40,1.947146045918368,,,,,,
Random,977,3.673913955688477,16.23480224609375,492,1,35,40,1.947146045918368,,,,,,
Superpixel,1056,1.3817157745361328,16.02787971496582,493,1,32,40,2.1045918367346936,,,,,,
CAM,1056,3.3446083068847656,16.02787971496582,493,1,32,40,2.1045918367346936,,,,,,
FAM,1056,2.6955623626708984,16.02787971496582,493,1,32,40,2.1045918367346936,,,,,,
Random,1056,2.8333301544189453,16.02787971496582,493,1,32,40,2.1045918367346936,,,,,,
Superpixel,3255,7.3046417236328125,13.967168807983398,494,1,29,40,6.487165178571429,,,,,,
CAM,3255,5.940232276916504,13.967168807983398,494,1,29,40,6.487165178571429,,,,,,
FAM,3255,8.161290168762207,13.967168807983398,494,1,29,40,6.487165178571429,,,,,,
Random,3255,1.2185115814208984,13.967168807983398,494,1,29,40,6.487165178571429,,,,,,
Superpixel,1874,11.74408769607544,15.738525390625,495,1,30,40,3.7348533163265305,,,,,,
CAM,1874,4.358896255493164,15.738525390625,495,1,30,40,3.7348533163265305,,,,,,
FAM,1874,3.081855773925781,15.738525390625,495,1,30,40,3.7348533163265305,,,,,,
Random,1874,0.1420612335205078,15.738525390625,495,1,30,40,3.7348533163265305,,,,,,
Superpixel,1785,-0.1864204406738281,10.49150562286377,496,1,33,40,3.557477678571429,,,,,,
CAM,1785,1.6503992080688477,10.49150562286377,496,1,33,40,3.557477678571429,,,,,,
FAM,1785,2.77305555343628,10.49150562286377,496,1,33,40,3.557477678571429,,,,,,
Random,1785,0.5931835174560547,10.49150562286377,496,1,33,40,3.557477678571429,,,,,,
Superpixel,1710,12.453522562980652,13.761595726013184,497,1,31,40,3.4080038265306123,,,,,,
CAM,1710,13.05343770980835,13.761595726013184,497,1,31,40,3.4080038265306123,,,,,,
FAM,1710,13.499613881111143,13.761595726013184,497,1,31,40,3.4080038265306123,,,,,,
Random,1710,6.821245193481445,13.761595726013184,497,1,31,40,3.4080038265306123,,,,,,
Superpixel,853,4.620006561279297,15.232110977172852,498,1,36,40,1.700015943877551,,,,,,
CAM,853,6.420389175415039,15.232110977172852,498,1,36,40,1.700015943877551,,,,,,
FAM,853,5.66844654083252,15.232110977172852,498,1,36,40,1.700015943877551,,,,,,
Random,853,1.480730056762695,15.232110977172852,498,1,36,40,1.700015943877551,,,,,,
Superpixel,1766,0.2473812103271484,11.105846405029297,499,1,34,40,3.519610969387755,,,,,,
CAM,1766,8.93081784248352,11.105846405029297,499,1,34,40,3.519610969387755,,,,,,
FAM,1766,6.140381813049316,11.105846405029297,499,1,34,40,3.519610969387755,,,,,,
Random,1766,0.1010475158691406,11.105846405029297,499,1,34,40,3.519610969387755,,,,,,
Superpixel,1611,-0.2977752685546875,13.099201202392578,0,1,43,50,3.2106983418367347,,,,,,
CAM,1611,5.963723659515381,13.099201202392578,0,1,43,50,3.2106983418367347,,,,,,
FAM,1611,1.6724300384521484,13.099201202392578,0,1,43,50,3.2106983418367347,,,,,,
Random,1611,0.757267951965332,13.099201202392578,0,1,43,50,3.2106983418367347,,,,,,
Superpixel,1510,-0.5901203155517578,14.3037748336792,1,1,46,50,3.009406887755102,,,,,,
CAM,1510,3.037261962890625,14.3037748336792,1,1,46,50,3.009406887755102,,,,,,
FAM,1510,6.157139778137207,14.3037748336792,1,1,46,50,3.009406887755102,,,,,,
Random,1510,1.2087860107421875,14.3037748336792,1,1,46,50,3.009406887755102,,,,,,
Superpixel,1175,0.046478271484375,9.7085542678833,2,1,48,50,2.3417570153061225,,,,,,
CAM,1175,0.4773826599121094,9.7085542678833,2,1,48,50,2.3417570153061225,,,,,,
FAM,1175,1.2454547882080078,9.7085542678833,2,1,48,50,2.3417570153061225,,,,,,
Random,1175,-0.7296791076660156,9.7085542678833,2,1,48,50,2.3417570153061225,,,,,,
Superpixel,544,1.5833816528320312,12.617070198059082,3,1,47,50,1.0841836734693877,,,,,,
CAM,544,0.020822525024414,12.617070198059082,3,1,47,50,1.0841836734693877,,,,,,
FAM,544,0.5261344909667969,12.617070198059082,3,1,47,50,1.0841836734693877,,,,,,
Random,544,0.1430091857910156,12.617070198059082,3,1,47,50,1.0841836734693877,,,,,,
Superpixel,1494,2.5500879287719727,13.0728178024292,4,1,45,50,2.977519132653061,,,,,,
CAM,1494,3.1594390869140625,13.0728178024292,4,1,45,50,2.977519132653061,,,,,,
FAM,1494,0.9755287170410156,13.0728178024292,4,1,45,50,2.977519132653061,,,,,,
Random,1494,0.325408935546875,13.0728178024292,4,1,45,50,2.977519132653061,,,,,,
Superpixel,2457,1.88010835647583,6.779087066650391,5,1,39,50,4.896763392857143,,,,,,
CAM,2457,0.9834508895874025,6.779087066650391,5,1,39,50,4.896763392857143,,,,,,
FAM,2457,1.8247365951538088,6.779087066650391,5,1,39,50,4.896763392857143,,,,,,
Random,2457,1.843016624450684,6.779087066650391,5,1,39,50,4.896763392857143,,,,,,
Superpixel,2273,8.248055934906006,14.718029975891112,6,1,46,50,4.530054209183673,,,,,,
CAM,2273,11.409579753875732,14.718029975891112,6,1,46,50,4.530054209183673,,,,,,
FAM,2273,0.8541908264160156,14.718029975891112,6,1,46,50,4.530054209183673,,,,,,
Random,2273,1.822956085205078,14.718029975891112,6,1,46,50,4.530054209183673,,,,,,
Superpixel,1046,1.2583332061767578,14.793753623962402,7,1,44,50,2.084661989795918,,,,,,
CAM,1046,5.036802291870117,14.793753623962402,7,1,44,50,2.084661989795918,,,,,,
FAM,1046,4.357769012451172,14.793753623962402,7,1,44,50,2.084661989795918,,,,,,
Random,1046,3.913917541503906,14.793753623962402,7,1,44,50,2.084661989795918,,,,,,
Superpixel,1328,1.558335304260254,11.846647262573242,8,1,47,50,2.646683673469388,,,,,,
CAM,1328,5.375962734222412,11.846647262573242,8,1,47,50,2.646683673469388,,,,,,
FAM,1328,4.902979850769043,11.846647262573242,8,1,47,50,2.646683673469388,,,,,,
Random,1328,1.4847908020019531,11.846647262573242,8,1,47,50,2.646683673469388,,,,,,
Superpixel,1152,-1.6873445510864258,15.714459419250488,9,1,46,50,2.295918367346939,,,,,,
CAM,1152,2.663541793823242,15.714459419250488,9,1,46,50,2.295918367346939,,,,,,
FAM,1152,4.886024475097656,15.714459419250488,9,1,46,50,2.295918367346939,,,,,,
Random,1152,0.57830810546875,15.714459419250488,9,1,46,50,2.295918367346939,,,,,,
Superpixel,1045,-1.5054426193237305,14.797472953796388,10,1,48,50,2.0826690051020407,,,,,,
CAM,1045,2.513498306274414,14.797472953796388,10,1,48,50,2.0826690051020407,,,,,,
FAM,1045,1.829935073852539,14.797472953796388,10,1,48,50,2.0826690051020407,,,,,,
Random,1045,1.9101619720458984,14.797472953796388,10,1,48,50,2.0826690051020407,,,,,,
Superpixel,1286,0.1820974349975586,15.955321311950684,11,1,44,50,2.5629783163265305,,,,,,
CAM,1286,1.7696819305419922,15.955321311950684,11,1,44,50,2.5629783163265305,,,,,,
FAM,1286,-0.0966081619262695,15.955321311950684,11,1,44,50,2.5629783163265305,,,,,,
Random,1286,-1.171849250793457,15.955321311950684,11,1,44,50,2.5629783163265305,,,,,,
Superpixel,1169,-0.4100265502929687,12.503718376159668,12,1,43,50,2.329799107142857,,,,,,
CAM,1169,7.306300640106201,12.503718376159668,12,1,43,50,2.329799107142857,,,,,,
FAM,1169,5.016598224639893,12.503718376159668,12,1,43,50,2.329799107142857,,,,,,
Random,1169,4.224430084228516,12.503718376159668,12,1,43,50,2.329799107142857,,,,,,
Superpixel,1158,-0.5447254180908203,12.631207466125488,13,1,46,50,2.307876275510204,,,,,,
CAM,1158,3.080512046813965,12.631207466125488,13,1,46,50,2.307876275510204,,,,,,
FAM,1158,1.2426490783691406,12.631207466125488,13,1,46,50,2.307876275510204,,,,,,
Random,1158,1.459233283996582,12.631207466125488,13,1,46,50,2.307876275510204,,,,,,
Superpixel,1600,-0.390298843383789,11.779589653015137,14,1,36,50,3.188775510204082,,,,,,
CAM,1600,1.82046127319336,11.779589653015137,14,1,36,50,3.188775510204082,,,,,,
FAM,1600,2.4607887268066406,11.779589653015137,14,1,36,50,3.188775510204082,,,,,,
Random,1600,0.7829532623291016,11.779589653015137,14,1,36,50,3.188775510204082,,,,,,
Superpixel,521,0.5278348922729492,12.841392517089844,15,1,46,50,1.038345025510204,,,,,,
CAM,521,0.9744472503662108,12.841392517089844,15,1,46,50,1.038345025510204,,,,,,
FAM,521,0.5931968688964844,12.841392517089844,15,1,46,50,1.038345025510204,,,,,,
Random,521,1.4299468994140625,12.841392517089844,15,1,46,50,1.038345025510204,,,,,,
Superpixel,1215,4.068673610687256,11.09400463104248,16,1,39,50,2.4214764030612246,,,,,,
CAM,1215,3.759308338165283,11.09400463104248,16,1,39,50,2.4214764030612246,,,,,,
FAM,1215,3.1441140174865723,11.09400463104248,16,1,39,50,2.4214764030612246,,,,,,
Random,1215,3.416534423828125,11.09400463104248,16,1,39,50,2.4214764030612246,,,,,,
Superpixel,729,-0.4520511627197265,12.585721015930176,17,1,44,50,1.4528858418367347,,,,,,
CAM,729,3.474717140197754,12.585721015930176,17,1,44,50,1.4528858418367347,,,,,,
FAM,729,-0.9974384307861328,12.585721015930176,17,1,44,50,1.4528858418367347,,,,,,
Random,729,-0.3090801239013672,12.585721015930176,17,1,44,50,1.4528858418367347,,,,,,
Superpixel,1034,2.973163604736328,12.694380760192873,18,1,46,50,2.060746173469388,,,,,,
CAM,1034,-0.0090236663818359,12.694380760192873,18,1,46,50,2.060746173469388,,,,,,
FAM,1034,4.347490310668945,12.694380760192873,18,1,46,50,2.060746173469388,,,,,,
Random,1034,0.3365640640258789,12.694380760192873,18,1,46,50,2.060746173469388,,,,,,
Superpixel,816,-1.6858444213867188,12.989941596984863,19,1,46,50,1.6262755102040818,,,,,,
CAM,816,2.37408447265625,12.989941596984863,19,1,46,50,1.6262755102040818,,,,,,
FAM,816,-0.7469158172607422,12.989941596984863,19,1,46,50,1.6262755102040818,,,,,,
Random,816,1.878458023071289,12.989941596984863,19,1,46,50,1.6262755102040818,,,,,,
Superpixel,1076,2.9282941818237305,16.128185272216797,20,1,47,50,2.144451530612245,,,,,,
CAM,1076,6.2813720703125,16.128185272216797,20,1,47,50,2.144451530612245,,,,,,
FAM,1076,5.570094108581543,16.128185272216797,20,1,47,50,2.144451530612245,,,,,,
Random,1076,3.818171501159668,16.128185272216797,20,1,47,50,2.144451530612245,,,,,,
Superpixel,1109,-3.033763885498047,12.184077262878418,21,1,46,50,2.210220025510204,,,,,,
CAM,1109,1.4275779724121094,12.184077262878418,21,1,46,50,2.210220025510204,,,,,,
FAM,1109,-1.6811580657958984,12.184077262878418,21,1,46,50,2.210220025510204,,,,,,
Random,1109,-0.1397485733032226,12.184077262878418,21,1,46,50,2.210220025510204,,,,,,
Superpixel,1223,1.691366195678711,14.059261322021484,22,1,48,50,2.437420280612245,,,,,,
CAM,1223,4.726876258850098,14.059261322021484,22,1,48,50,2.437420280612245,,,,,,
FAM,1223,6.097200870513916,14.059261322021484,22,1,48,50,2.437420280612245,,,,,,
Random,1223,1.901045799255371,14.059261322021484,22,1,48,50,2.437420280612245,,,,,,
Superpixel,1547,1.4514875411987305,12.09141731262207,23,1,41,50,3.083147321428572,,,,,,
CAM,1547,7.791135311126709,12.09141731262207,23,1,41,50,3.083147321428572,,,,,,
FAM,1547,5.172709941864014,12.09141731262207,23,1,41,50,3.083147321428572,,,,,,
Random,1547,1.1117048263549805,12.09141731262207,23,1,41,50,3.083147321428572,,,,,,
Superpixel,1228,-0.1620893478393554,12.06894302368164,24,1,46,50,2.4473852040816326,,,,,,
CAM,1228,8.445529222488403,12.06894302368164,24,1,46,50,2.4473852040816326,,,,,,
FAM,1228,2.355778694152832,12.06894302368164,24,1,46,50,2.4473852040816326,,,,,,
Random,1228,4.044877052307129,12.06894302368164,24,1,46,50,2.4473852040816326,,,,,,
Superpixel,1129,3.658584117889404,9.44813632965088,25,1,47,50,2.250079719387755,,,,,,
CAM,1129,6.944571971893311,9.44813632965088,25,1,47,50,2.250079719387755,,,,,,
FAM,1129,4.909297466278076,9.44813632965088,25,1,47,50,2.250079719387755,,,,,,
Random,1129,4.352597713470459,9.44813632965088,25,1,47,50,2.250079719387755,,,,,,
Superpixel,2411,9.678171157836914,13.162083625793455,26,1,42,50,4.805086096938775,,,,,,
CAM,2411,7.711339950561523,13.162083625793455,26,1,42,50,4.805086096938775,,,,,,
FAM,2411,8.897455215454102,13.162083625793455,26,1,42,50,4.805086096938775,,,,,,
Random,2411,5.468979835510254,13.162083625793455,26,1,42,50,4.805086096938775,,,,,,
Superpixel,1530,3.275093078613281,12.336620330810549,27,1,47,50,3.049266581632653,,,,,,
CAM,1530,3.384417533874512,12.336620330810549,27,1,47,50,3.049266581632653,,,,,,
FAM,1530,0.7922458648681641,12.336620330810549,27,1,47,50,3.049266581632653,,,,,,
Random,1530,0.8081045150756836,12.336620330810549,27,1,47,50,3.049266581632653,,,,,,
Superpixel,1360,0.1162528991699218,12.569396018981934,28,1,45,50,2.710459183673469,,,,,,
CAM,1360,7.756443977355957,12.569396018981934,28,1,45,50,2.710459183673469,,,,,,
FAM,1360,-0.3662824630737304,12.569396018981934,28,1,45,50,2.710459183673469,,,,,,
Random,1360,0.1216545104980468,12.569396018981934,28,1,45,50,2.710459183673469,,,,,,
Superpixel,1189,-1.5246620178222656,11.978230476379396,29,1,47,50,2.369658801020408,,,,,,
CAM,1189,2.5728588104248047,11.978230476379396,29,1,47,50,2.369658801020408,,,,,,
FAM,1189,0.2282161712646484,11.978230476379396,29,1,47,50,2.369658801020408,,,,,,
Random,1189,-0.1565866470336914,11.978230476379396,29,1,47,50,2.369658801020408,,,,,,
Superpixel,994,4.069492816925049,9.819235801696776,30,1,49,50,1.9810267857142856,,,,,,
CAM,994,6.988951683044434,9.819235801696776,30,1,49,50,1.9810267857142856,,,,,,
FAM,994,6.647347688674927,9.819235801696776,30,1,49,50,1.9810267857142856,,,,,,
Random,994,4.668437480926514,9.819235801696776,30,1,49,50,1.9810267857142856,,,,,,
Superpixel,958,-0.2680301666259765,10.437777519226074,31,1,44,50,1.9092793367346936,,,,,,
CAM,958,0.5668478012084961,10.437777519226074,31,1,44,50,1.9092793367346936,,,,,,
FAM,958,0.5317373275756836,10.437777519226074,31,1,44,50,1.9092793367346936,,,,,,
Random,958,0.6521282196044922,10.437777519226074,31,1,44,50,1.9092793367346936,,,,,,
Superpixel,882,-0.9413251876831056,14.931035041809082,32,1,43,50,1.7578125,,,,,,
CAM,882,0.9033889770507812,14.931035041809082,32,1,43,50,1.7578125,,,,,,
FAM,882,0.3576745986938476,14.931035041809082,32,1,43,50,1.7578125,,,,,,
Random,882,5.000455856323242,14.931035041809082,32,1,43,50,1.7578125,,,,,,
Superpixel,845,0.9371881484985352,16.01531219482422,33,1,48,50,1.6840720663265307,,,,,,
CAM,845,11.026358127593994,16.01531219482422,33,1,48,50,1.6840720663265307,,,,,,
FAM,845,2.017839431762696,16.01531219482422,33,1,48,50,1.6840720663265307,,,,,,
Random,845,1.5194730758666992,16.01531219482422,33,1,48,50,1.6840720663265307,,,,,,
Superpixel,1570,-0.0479164123535156,8.661576271057129,34,1,47,50,3.128985969387755,,,,,,
CAM,1570,3.4778075218200684,8.661576271057129,34,1,47,50,3.128985969387755,,,,,,
FAM,1570,-0.4023628234863281,8.661576271057129,34,1,47,50,3.128985969387755,,,,,,
Random,1570,1.704782485961914,8.661576271057129,34,1,47,50,3.128985969387755,,,,,,
Superpixel,647,0.2333135604858398,13.425541877746582,35,1,44,50,1.2894610969387754,,,,,,
CAM,647,6.840375900268555,13.425541877746582,35,1,44,50,1.2894610969387754,,,,,,
FAM,647,5.571224689483643,13.425541877746582,35,1,44,50,1.2894610969387754,,,,,,
Random,647,-1.094609260559082,13.425541877746582,35,1,44,50,1.2894610969387754,,,,,,
Superpixel,715,3.07985782623291,16.96900749206543,36,1,45,50,1.424984056122449,,,,,,
CAM,715,5.422969818115234,16.96900749206543,36,1,45,50,1.424984056122449,,,,,,
FAM,715,6.392430305480957,16.96900749206543,36,1,45,50,1.424984056122449,,,,,,
Random,715,0.4870185852050781,16.96900749206543,36,1,45,50,1.424984056122449,,,,,,
Superpixel,1085,3.6233320236206055,13.132783889770508,37,1,44,50,2.162388392857143,,,,,,
CAM,1085,4.353647232055664,13.132783889770508,37,1,44,50,2.162388392857143,,,,,,
FAM,1085,1.862135887145996,13.132783889770508,37,1,44,50,2.162388392857143,,,,,,
Random,1085,0.4022779464721679,13.132783889770508,37,1,44,50,2.162388392857143,,,,,,
Superpixel,817,-0.0412425994873046,10.501419067382812,38,1,48,50,1.628268494897959,,,,,,
CAM,817,2.747509479522705,10.501419067382812,38,1,48,50,1.628268494897959,,,,,,
FAM,817,0.7967929840087891,10.501419067382812,38,1,48,50,1.628268494897959,,,,,,
Random,817,-1.2766218185424805,10.501419067382812,38,1,48,50,1.628268494897959,,,,,,
Superpixel,1198,-0.7896442413330078,14.97776699066162,39,1,43,50,2.3875956632653064,,,,,,
CAM,1198,5.859806060791016,14.97776699066162,39,1,43,50,2.3875956632653064,,,,,,
FAM,1198,5.135227203369141,14.97776699066162,39,1,43,50,2.3875956632653064,,,,,,
Random,1198,1.8830041885375977,14.97776699066162,39,1,43,50,2.3875956632653064,,,,,,
Superpixel,1249,0.6910457611083984,14.156771659851074,40,1,42,50,2.489237882653061,,,,,,
CAM,1249,2.566427230834961,14.156771659851074,40,1,42,50,2.489237882653061,,,,,,
FAM,1249,1.874471664428711,14.156771659851074,40,1,42,50,2.489237882653061,,,,,,
Random,1249,2.2841930389404297,14.156771659851074,40,1,42,50,2.489237882653061,,,,,,
Superpixel,594,-1.4184837341308594,9.808170318603516,41,1,48,50,1.1838329081632653,,,,,,
CAM,594,-0.441655158996582,9.808170318603516,41,1,48,50,1.1838329081632653,,,,,,
FAM,594,0.8706912994384766,9.808170318603516,41,1,48,50,1.1838329081632653,,,,,,
Random,594,-0.551849365234375,9.808170318603516,41,1,48,50,1.1838329081632653,,,,,,
Superpixel,1343,-1.1181035041809082,6.9113450050354,42,1,47,50,2.676578443877551,,,,,,
CAM,1343,2.23702335357666,6.9113450050354,42,1,47,50,2.676578443877551,,,,,,
FAM,1343,2.12185287475586,6.9113450050354,42,1,47,50,2.676578443877551,,,,,,
Random,1343,1.4611425399780271,6.9113450050354,42,1,47,50,2.676578443877551,,,,,,
Superpixel,811,-0.0494098663330078,8.154461860656738,43,1,45,50,1.616310586734694,,,,,,
CAM,811,1.2696380615234375,8.154461860656738,43,1,45,50,1.616310586734694,,,,,,
FAM,811,-1.1637725830078125,8.154461860656738,43,1,45,50,1.616310586734694,,,,,,
Random,811,0.1573700904846191,8.154461860656738,43,1,45,50,1.616310586734694,,,,,,
Superpixel,633,-0.1813349723815918,7.419267177581787,44,1,48,50,1.2615593112244898,,,,,,
CAM,633,-0.8674349784851074,7.419267177581787,44,1,48,50,1.2615593112244898,,,,,,
FAM,633,-2.140047550201416,7.419267177581787,44,1,48,50,1.2615593112244898,,,,,,
Random,633,-1.713442325592041,7.419267177581787,44,1,48,50,1.2615593112244898,,,,,,
Superpixel,1684,-0.9465980529785156,16.02260971069336,45,1,45,50,3.356186224489796,,,,,,
CAM,1684,0.6575803756713867,16.02260971069336,45,1,45,50,3.356186224489796,,,,,,
FAM,1684,1.7666473388671875,16.02260971069336,45,1,45,50,3.356186224489796,,,,,,
Random,1684,1.8831768035888672,16.02260971069336,45,1,45,50,3.356186224489796,,,,,,
Superpixel,820,1.47210693359375,13.61289119720459,46,1,42,50,1.6342474489795915,,,,,,
CAM,820,5.830807209014893,13.61289119720459,46,1,42,50,1.6342474489795915,,,,,,
FAM,820,1.9617290496826167,13.61289119720459,46,1,42,50,1.6342474489795915,,,,,,
Random,820,0.5399665832519531,13.61289119720459,46,1,42,50,1.6342474489795915,,,,,,
Superpixel,1132,0.2124481201171875,12.235228538513184,47,1,44,50,2.256058673469388,,,,,,
CAM,1132,1.215167999267578,12.235228538513184,47,1,44,50,2.256058673469388,,,,,,
FAM,1132,2.6263504028320312,12.235228538513184,47,1,44,50,2.256058673469388,,,,,,
Random,1132,1.8644590377807613,12.235228538513184,47,1,44,50,2.256058673469388,,,,,,
Superpixel,1099,-2.27567195892334,6.241652488708496,48,1,47,50,2.1902901785714284,,,,,,
CAM,1099,2.6024868488311768,6.241652488708496,48,1,47,50,2.1902901785714284,,,,,,
FAM,1099,1.331431865692139,6.241652488708496,48,1,47,50,2.1902901785714284,,,,,,
Random,1099,1.494250774383545,6.241652488708496,48,1,47,50,2.1902901785714284,,,,,,
Superpixel,943,-0.4578580856323242,9.01724624633789,49,1,46,50,1.8793845663265307,,,,,,
CAM,943,1.7749223709106443,9.01724624633789,49,1,46,50,1.8793845663265307,,,,,,
FAM,943,1.1858062744140625,9.01724624633789,49,1,46,50,1.8793845663265307,,,,,,
Random,943,0.3197574615478515,9.01724624633789,49,1,46,50,1.8793845663265307,,,,,,
Superpixel,1467,-0.1094493865966796,12.316967964172363,50,1,46,50,2.923708545918368,,,,,,
CAM,1467,4.949562072753906,12.316967964172363,50,1,46,50,2.923708545918368,,,,,,
FAM,1467,6.516039371490479,12.316967964172363,50,1,46,50,2.923708545918368,,,,,,
Random,1467,-1.6360101699829102,12.316967964172363,50,1,46,50,2.923708545918368,,,,,,
Superpixel,1241,0.6826181411743164,9.366311073303224,51,1,49,50,2.4732940051020407,,,,,,
CAM,1241,3.0554451942443848,9.366311073303224,51,1,49,50,2.4732940051020407,,,,,,
FAM,1241,2.813119411468506,9.366311073303224,51,1,49,50,2.4732940051020407,,,,,,
Random,1241,0.670262336730957,9.366311073303224,51,1,49,50,2.4732940051020407,,,,,,
Superpixel,1037,1.537031173706055,11.969888687133787,52,1,44,50,2.0667251275510203,,,,,,
CAM,1037,2.253580093383789,11.969888687133787,52,1,44,50,2.0667251275510203,,,,,,
FAM,1037,0.4210596084594726,11.969888687133787,52,1,44,50,2.0667251275510203,,,,,,
Random,1037,-2.6245174407958984,11.969888687133787,52,1,44,50,2.0667251275510203,,,,,,
Superpixel,1172,-0.1710166931152343,8.190380096435547,53,1,44,50,2.33577806122449,,,,,,
CAM,1172,2.017338752746582,8.190380096435547,53,1,44,50,2.33577806122449,,,,,,
FAM,1172,5.582354307174683,8.190380096435547,53,1,44,50,2.33577806122449,,,,,,
Random,1172,1.935880184173584,8.190380096435547,53,1,44,50,2.33577806122449,,,,,,
Superpixel,1438,8.362142086029053,14.023322105407717,54,1,46,50,2.865911989795918,,,,,,
CAM,1438,1.960770606994629,14.023322105407717,54,1,46,50,2.865911989795918,,,,,,
FAM,1438,-1.4678382873535156,14.023322105407717,54,1,46,50,2.865911989795918,,,,,,
Random,1438,-0.1190166473388671,14.023322105407717,54,1,46,50,2.865911989795918,,,,,,
Superpixel,1104,-2.2895212173461914,13.847554206848145,55,1,45,50,2.2002551020408165,,,,,,
CAM,1104,4.425695419311523,13.847554206848145,55,1,45,50,2.2002551020408165,,,,,,
FAM,1104,4.459890365600586,13.847554206848145,55,1,45,50,2.2002551020408165,,,,,,
Random,1104,2.180095672607422,13.847554206848145,55,1,45,50,2.2002551020408165,,,,,,
Superpixel,1040,1.9394631385803225,9.499467849731444,56,1,44,50,2.072704081632653,,,,,,
CAM,1040,0.8384828567504883,9.499467849731444,56,1,44,50,2.072704081632653,,,,,,
FAM,1040,1.8302793502807613,9.499467849731444,56,1,44,50,2.072704081632653,,,,,,
Random,1040,0.4486703872680664,9.499467849731444,56,1,44,50,2.072704081632653,,,,,,
Superpixel,1312,3.061582565307617,15.408567428588867,57,1,45,50,2.614795918367347,,,,,,
CAM,1312,5.116072654724121,15.408567428588867,57,1,45,50,2.614795918367347,,,,,,
FAM,1312,1.8329105377197263,15.408567428588867,57,1,45,50,2.614795918367347,,,,,,
Random,1312,1.6282310485839844,15.408567428588867,57,1,45,50,2.614795918367347,,,,,,
Superpixel,774,2.110292911529541,7.831768989562988,58,1,46,50,1.5425701530612246,,,,,,
CAM,774,0.5128788948059082,7.831768989562988,58,1,46,50,1.5425701530612246,,,,,,
FAM,774,2.999119281768799,7.831768989562988,58,1,46,50,1.5425701530612246,,,,,,
Random,774,2.336308002471924,7.831768989562988,58,1,46,50,1.5425701530612246,,,,,,
Superpixel,1827,0.4193248748779297,10.82791805267334,59,1,42,50,3.6411830357142856,,,,,,
CAM,1827,2.7516565322875977,10.82791805267334,59,1,42,50,3.6411830357142856,,,,,,
FAM,1827,1.4664793014526367,10.82791805267334,59,1,42,50,3.6411830357142856,,,,,,
Random,1827,-0.431924819946289,10.82791805267334,59,1,42,50,3.6411830357142856,,,,,,
Superpixel,1214,-0.279977798461914,11.512099266052246,60,1,45,50,2.419483418367347,,,,,,
CAM,1214,3.400576591491699,11.512099266052246,60,1,45,50,2.419483418367347,,,,,,
FAM,1214,1.3709430694580078,11.512099266052246,60,1,45,50,2.419483418367347,,,,,,
Random,1214,1.0302581787109375,11.512099266052246,60,1,45,50,2.419483418367347,,,,,,
Superpixel,740,-3.2933449745178223,6.567867755889893,61,1,47,50,1.4748086734693877,,,,,,
CAM,740,1.097365379333496,6.567867755889893,61,1,47,50,1.4748086734693877,,,,,,
FAM,740,0.0644798278808593,6.567867755889893,61,1,47,50,1.4748086734693877,,,,,,
Random,740,-0.2557692527770996,6.567867755889893,61,1,47,50,1.4748086734693877,,,,,,
Superpixel,2393,4.524950981140137,12.996379852294922,62,1,44,50,4.76921237244898,,,,,,
CAM,2393,5.699560642242432,12.996379852294922,62,1,44,50,4.76921237244898,,,,,,
FAM,2393,1.7906923294067385,12.996379852294922,62,1,44,50,4.76921237244898,,,,,,
Random,2393,4.353236198425293,12.996379852294922,62,1,44,50,4.76921237244898,,,,,,
Superpixel,1040,2.7944488525390625,13.005719184875488,63,1,45,50,2.072704081632653,,,,,,
CAM,1040,3.421088218688965,13.005719184875488,63,1,45,50,2.072704081632653,,,,,,
FAM,1040,5.675912857055664,13.005719184875488,63,1,45,50,2.072704081632653,,,,,,
Random,1040,0.6799983978271484,13.005719184875488,63,1,45,50,2.072704081632653,,,,,,
Superpixel,830,0.903818130493164,14.693999290466309,64,1,48,50,1.6541772959183674,,,,,,
CAM,830,5.922698974609375,14.693999290466309,64,1,48,50,1.6541772959183674,,,,,,
FAM,830,5.93946647644043,14.693999290466309,64,1,48,50,1.6541772959183674,,,,,,
Random,830,4.205286979675293,14.693999290466309,64,1,48,50,1.6541772959183674,,,,,,
Superpixel,772,2.0278024673461914,14.149901390075684,65,1,45,50,1.5385841836734695,,,,,,
CAM,772,2.597917556762696,14.149901390075684,65,1,45,50,1.5385841836734695,,,,,,
FAM,772,5.527429580688477,14.149901390075684,65,1,45,50,1.5385841836734695,,,,,,
Random,772,6.62677812576294,14.149901390075684,65,1,45,50,1.5385841836734695,,,,,,
Superpixel,614,3.765294075012207,18.68174362182617,66,1,43,50,1.2236926020408163,,,,,,
CAM,614,2.6001758575439453,18.68174362182617,66,1,43,50,1.2236926020408163,,,,,,
FAM,614,7.402912139892578,18.68174362182617,66,1,43,50,1.2236926020408163,,,,,,
Random,614,0.7978610992431641,18.68174362182617,66,1,43,50,1.2236926020408163,,,,,,
Superpixel,994,2.709231376647949,5.601407051086426,67,1,43,50,1.9810267857142856,,,,,,
CAM,994,0.7010998725891113,5.601407051086426,67,1,43,50,1.9810267857142856,,,,,,
FAM,994,2.4850552082061768,5.601407051086426,67,1,43,50,1.9810267857142856,,,,,,
Random,994,0.5905232429504395,5.601407051086426,67,1,43,50,1.9810267857142856,,,,,,
Superpixel,2151,0.8180465698242188,15.8436918258667,68,1,40,50,4.286910076530613,,,,,,
CAM,2151,3.846145629882813,15.8436918258667,68,1,40,50,4.286910076530613,,,,,,
FAM,2151,1.527165412902832,15.8436918258667,68,1,40,50,4.286910076530613,,,,,,
Random,2151,4.707180976867676,15.8436918258667,68,1,40,50,4.286910076530613,,,,,,
Superpixel,1109,0.257537841796875,10.574131965637209,69,1,46,50,2.210220025510204,,,,,,
CAM,1109,3.0201144218444824,10.574131965637209,69,1,46,50,2.210220025510204,,,,,,
FAM,1109,1.4087028503417969,10.574131965637209,69,1,46,50,2.210220025510204,,,,,,
Random,1109,0.5878839492797852,10.574131965637209,69,1,46,50,2.210220025510204,,,,,,
Superpixel,837,1.9910297393798828,10.96778392791748,70,1,46,50,1.6681281887755102,,,,,,
CAM,837,2.117664337158203,10.96778392791748,70,1,46,50,1.6681281887755102,,,,,,
FAM,837,0.875514030456543,10.96778392791748,70,1,46,50,1.6681281887755102,,,,,,
Random,837,3.5202083587646484,10.96778392791748,70,1,46,50,1.6681281887755102,,,,,,
Superpixel,875,0.3910951614379883,13.712986946105955,71,1,44,50,1.7438616071428572,,,,,,
CAM,875,0.5615301132202148,13.712986946105955,71,1,44,50,1.7438616071428572,,,,,,
FAM,875,0.6680583953857422,13.712986946105955,71,1,44,50,1.7438616071428572,,,,,,
Random,875,1.1890487670898438,13.712986946105955,71,1,44,50,1.7438616071428572,,,,,,
Superpixel,860,0.3231563568115234,7.891994476318359,72,1,45,50,1.713966836734694,,,,,,
CAM,860,2.844202995300293,7.891994476318359,72,1,45,50,1.713966836734694,,,,,,
FAM,860,0.3391876220703125,7.891994476318359,72,1,45,50,1.713966836734694,,,,,,
Random,860,2.3517637252807617,7.891994476318359,72,1,45,50,1.713966836734694,,,,,,
Superpixel,1198,1.476956844329834,9.226783752441406,73,1,43,50,2.3875956632653064,,,,,,
CAM,1198,1.8516631126403809,9.226783752441406,73,1,43,50,2.3875956632653064,,,,,,
FAM,1198,3.1771044731140137,9.226783752441406,73,1,43,50,2.3875956632653064,,,,,,
Random,1198,0.6643686294555664,9.226783752441406,73,1,43,50,2.3875956632653064,,,,,,
Superpixel,636,1.3940744400024414,13.885249137878418,74,1,40,50,1.2675382653061225,,,,,,
CAM,636,0.5692329406738281,13.885249137878418,74,1,40,50,1.2675382653061225,,,,,,
FAM,636,0.369760513305664,13.885249137878418,74,1,40,50,1.2675382653061225,,,,,,
Random,636,-0.1710338592529297,13.885249137878418,74,1,40,50,1.2675382653061225,,,,,,
Superpixel,969,4.214639663696289,12.7848539352417,75,1,45,50,1.931202168367347,,,,,,
CAM,969,3.7142276763916016,12.7848539352417,75,1,45,50,1.931202168367347,,,,,,
FAM,969,0.9604053497314452,12.7848539352417,75,1,45,50,1.931202168367347,,,,,,
Random,969,1.858600616455078,12.7848539352417,75,1,45,50,1.931202168367347,,,,,,
Superpixel,917,2.4901418685913086,14.082791328430176,76,1,38,50,1.8275669642857144,,,,,,
CAM,917,1.4310379028320312,14.082791328430176,76,1,38,50,1.8275669642857144,,,,,,
FAM,917,1.9779720306396484,14.082791328430176,76,1,38,50,1.8275669642857144,,,,,,
Random,917,0.7901792526245117,14.082791328430176,76,1,38,50,1.8275669642857144,,,,,,
Superpixel,1129,4.6564788818359375,11.567422866821287,77,1,48,50,2.250079719387755,,,,,,
CAM,1129,0.6998300552368164,11.567422866821287,77,1,48,50,2.250079719387755,,,,,,
FAM,1129,-0.0762052536010742,11.567422866821287,77,1,48,50,2.250079719387755,,,,,,
Random,1129,0.8178834915161133,11.567422866821287,77,1,48,50,2.250079719387755,,,,,,
Superpixel,852,-0.8868770599365234,9.01831340789795,78,1,46,50,1.6980229591836735,,,,,,
CAM,852,1.6830368041992188,9.01831340789795,78,1,46,50,1.6980229591836735,,,,,,
FAM,852,3.51998233795166,9.01831340789795,78,1,46,50,1.6980229591836735,,,,,,
Random,852,0.9054498672485352,9.01831340789795,78,1,46,50,1.6980229591836735,,,,,,
Superpixel,523,2.853326797485352,11.042000770568848,79,1,47,50,1.042330994897959,,,,,,
CAM,523,3.5379323959350586,11.042000770568848,79,1,47,50,1.042330994897959,,,,,,
FAM,523,4.025589466094971,11.042000770568848,79,1,47,50,1.042330994897959,,,,,,
Random,523,0.1521482467651367,11.042000770568848,79,1,47,50,1.042330994897959,,,,,,
Superpixel,1244,0.8727512359619141,13.937752723693848,80,1,49,50,2.4792729591836737,,,,,,
CAM,1244,4.703006744384766,13.937752723693848,80,1,49,50,2.4792729591836737,,,,,,
FAM,1244,2.1422910690307617,13.937752723693848,80,1,49,50,2.4792729591836737,,,,,,
Random,1244,5.305171966552734,13.937752723693848,80,1,49,50,2.4792729591836737,,,,,,
Superpixel,1652,2.903834342956543,15.349525451660156,81,1,46,50,3.2924107142857144,,,,,,
CAM,1652,5.258288383483887,15.349525451660156,81,1,46,50,3.2924107142857144,,,,,,
FAM,1652,2.614710807800293,15.349525451660156,81,1,46,50,3.2924107142857144,,,,,,
Random,1652,8.403082847595215,15.349525451660156,81,1,46,50,3.2924107142857144,,,,,,
Superpixel,1083,5.446310043334961,17.41687774658203,82,1,40,50,2.158402423469388,,,,,,
CAM,1083,7.123845100402832,17.41687774658203,82,1,40,50,2.158402423469388,,,,,,
FAM,1083,6.903956413269043,17.41687774658203,82,1,40,50,2.158402423469388,,,,,,
Random,1083,4.647866249084473,17.41687774658203,82,1,40,50,2.158402423469388,,,,,,
Superpixel,1886,2.205868721008301,10.657397270202637,83,1,45,50,3.7587691326530615,,,,,,
CAM,1886,7.246427059173584,10.657397270202637,83,1,45,50,3.7587691326530615,,,,,,
FAM,1886,1.311056137084961,10.657397270202637,83,1,45,50,3.7587691326530615,,,,,,
Random,1886,6.37900447845459,10.657397270202637,83,1,45,50,3.7587691326530615,,,,,,
Superpixel,1017,2.2421436309814453,13.52542209625244,84,1,48,50,2.026865433673469,,,,,,
CAM,1017,4.100490570068359,13.52542209625244,84,1,48,50,2.026865433673469,,,,,,
FAM,1017,3.112843513488769,13.52542209625244,84,1,48,50,2.026865433673469,,,,,,
Random,1017,0.9398460388183594,13.52542209625244,84,1,48,50,2.026865433673469,,,,,,
Superpixel,1078,7.025567054748535,18.503782272338867,85,1,49,50,2.1484375,,,,,,
CAM,1078,7.2895002365112305,18.503782272338867,85,1,49,50,2.1484375,,,,,,
FAM,1078,-0.0127849578857421,18.503782272338867,85,1,49,50,2.1484375,,,,,,
Random,1078,5.633701324462891,18.503782272338867,85,1,49,50,2.1484375,,,,,,
Superpixel,1423,-0.665003776550293,15.802794456481934,86,1,46,50,2.836017219387755,,,,,,
CAM,1423,6.006271362304688,15.802794456481934,86,1,46,50,2.836017219387755,,,,,,
FAM,1423,4.67274284362793,15.802794456481934,86,1,46,50,2.836017219387755,,,,,,
Random,1423,4.715541839599609,15.802794456481934,86,1,46,50,2.836017219387755,,,,,,
Superpixel,518,0.3798484802246094,15.148703575134276,87,1,48,50,1.0323660714285714,,,,,,
CAM,518,0.4524269104003906,15.148703575134276,87,1,48,50,1.0323660714285714,,,,,,
FAM,518,1.6183271408081057,15.148703575134276,87,1,48,50,1.0323660714285714,,,,,,
Random,518,0.2813282012939453,15.148703575134276,87,1,48,50,1.0323660714285714,,,,,,
Superpixel,1722,0.7549819946289062,11.899752616882324,88,1,45,50,3.4319196428571432,,,,,,
CAM,1722,4.007452011108398,11.899752616882324,88,1,45,50,3.4319196428571432,,,,,,
FAM,1722,2.3303260803222656,11.899752616882324,88,1,45,50,3.4319196428571432,,,,,,
Random,1722,2.3092641830444336,11.899752616882324,88,1,45,50,3.4319196428571432,,,,,,
Superpixel,1225,-0.5869588851928711,11.500370025634766,89,1,46,50,2.44140625,,,,,,
CAM,1225,2.4645376205444336,11.500370025634766,89,1,46,50,2.44140625,,,,,,
FAM,1225,1.913529396057129,11.500370025634766,89,1,46,50,2.44140625,,,,,,
Random,1225,2.058995246887207,11.500370025634766,89,1,46,50,2.44140625,,,,,,
Superpixel,850,-0.2559986114501953,6.8654656410217285,90,1,44,50,1.6940369897959182,,,,,,
CAM,850,2.240753650665283,6.8654656410217285,90,1,44,50,1.6940369897959182,,,,,,
FAM,850,1.01777982711792,6.8654656410217285,90,1,44,50,1.6940369897959182,,,,,,
Random,850,0.2017011642456054,6.8654656410217285,90,1,44,50,1.6940369897959182,,,,,,
Superpixel,1082,-0.6528282165527344,14.688021659851074,91,1,49,50,2.15640943877551,,,,,,
CAM,1082,9.03745985031128,14.688021659851074,91,1,49,50,2.15640943877551,,,,,,
FAM,1082,8.951322078704834,14.688021659851074,91,1,49,50,2.15640943877551,,,,,,
Random,1082,0.7634859085083008,14.688021659851074,91,1,49,50,2.15640943877551,,,,,,
Superpixel,951,2.4022703170776367,10.596505165100098,92,1,46,50,1.895328443877551,,,,,,
CAM,951,6.490971088409424,10.596505165100098,92,1,46,50,1.895328443877551,,,,,,
FAM,951,7.320100784301758,10.596505165100098,92,1,46,50,1.895328443877551,,,,,,
Random,951,2.7056097984313965,10.596505165100098,92,1,46,50,1.895328443877551,,,,,,
Superpixel,1389,4.38945198059082,13.045243263244627,93,1,45,50,2.768255739795918,,,,,,
CAM,1389,0.8866424560546875,13.045243263244627,93,1,45,50,2.768255739795918,,,,,,
FAM,1389,0.0886383056640625,13.045243263244627,93,1,45,50,2.768255739795918,,,,,,
Random,1389,-0.1380672454833984,13.045243263244627,93,1,45,50,2.768255739795918,,,,,,
Superpixel,1238,2.458606243133545,9.30405616760254,94,1,43,50,2.467315051020408,,,,,,
CAM,1238,3.7912869453430176,9.30405616760254,94,1,43,50,2.467315051020408,,,,,,
FAM,1238,3.34569787979126,9.30405616760254,94,1,43,50,2.467315051020408,,,,,,
Random,1238,5.312944173812866,9.30405616760254,94,1,43,50,2.467315051020408,,,,,,
Superpixel,2852,-0.7629642486572266,14.818351745605469,95,1,39,50,5.683992346938775,,,,,,
CAM,2852,4.513033866882324,14.818351745605469,95,1,39,50,5.683992346938775,,,,,,
FAM,2852,2.374068260192871,14.818351745605469,95,1,39,50,5.683992346938775,,,,,,
Random,2852,4.520346641540527,14.818351745605469,95,1,39,50,5.683992346938775,,,,,,
Superpixel,2087,0.0199337005615234,12.893231391906738,96,1,42,50,4.159359056122449,,,,,,
CAM,2087,5.866287708282471,12.893231391906738,96,1,42,50,4.159359056122449,,,,,,
FAM,2087,7.651504039764404,12.893231391906738,96,1,42,50,4.159359056122449,,,,,,
Random,2087,3.7721023559570312,12.893231391906738,96,1,42,50,4.159359056122449,,,,,,
Superpixel,1484,-0.5124912261962891,13.632012367248535,97,1,47,50,2.9575892857142856,,,,,,
CAM,1484,3.47651481628418,13.632012367248535,97,1,47,50,2.9575892857142856,,,,,,
FAM,1484,1.036478042602539,13.632012367248535,97,1,47,50,2.9575892857142856,,,,,,
Random,1484,0.2727613449096679,13.632012367248535,97,1,47,50,2.9575892857142856,,,,,,
Superpixel,2086,0.8878059387207031,17.183658599853516,98,1,44,50,4.157366071428571,,,,,,
CAM,2086,7.565709114074707,17.183658599853516,98,1,44,50,4.157366071428571,,,,,,
FAM,2086,11.708866596221924,17.183658599853516,98,1,44,50,4.157366071428571,,,,,,
Random,2086,7.7664384841918945,17.183658599853516,98,1,44,50,4.157366071428571,,,,,,
Superpixel,1681,-0.067479133605957,14.828822135925291,99,1,43,50,3.350207270408164,,,,,,
CAM,1681,3.020967483520508,14.828822135925291,99,1,43,50,3.350207270408164,,,,,,
FAM,1681,7.3105788230896,14.828822135925291,99,1,43,50,3.350207270408164,,,,,,
Random,1681,2.59199333190918,14.828822135925291,99,1,43,50,3.350207270408164,,,,,,
Superpixel,1384,-1.1351318359375,12.216415405273438,100,1,49,50,2.7582908163265305,,,,,,
CAM,1384,4.525161266326904,12.216415405273438,100,1,49,50,2.7582908163265305,,,,,,
FAM,1384,3.5349063873291016,12.216415405273438,100,1,49,50,2.7582908163265305,,,,,,
Random,1384,2.694080352783203,12.216415405273438,100,1,49,50,2.7582908163265305,,,,,,
Superpixel,1008,0.6197185516357422,15.428936958312988,101,1,47,50,2.008928571428572,,,,,,
CAM,1008,9.466704845428469,15.428936958312988,101,1,47,50,2.008928571428572,,,,,,
FAM,1008,10.977610111236572,15.428936958312988,101,1,47,50,2.008928571428572,,,,,,
Random,1008,1.7545738220214844,15.428936958312988,101,1,47,50,2.008928571428572,,,,,,
Superpixel,1262,0.0610866546630859,15.503938674926758,102,1,45,50,2.515146683673469,,,,,,
CAM,1262,5.3417510986328125,15.503938674926758,102,1,45,50,2.515146683673469,,,,,,
FAM,1262,5.186490058898926,15.503938674926758,102,1,45,50,2.515146683673469,,,,,,
Random,1262,2.8404321670532227,15.503938674926758,102,1,45,50,2.515146683673469,,,,,,
Superpixel,2070,0.442605972290039,18.070388793945312,103,1,41,50,4.1254783163265305,,,,,,
CAM,2070,10.625393390655518,18.070388793945312,103,1,41,50,4.1254783163265305,,,,,,
FAM,2070,11.562768459320068,18.070388793945312,103,1,41,50,4.1254783163265305,,,,,,
Random,2070,8.188158988952637,18.070388793945312,103,1,41,50,4.1254783163265305,,,,,,
Superpixel,988,2.703258514404297,12.477803230285645,104,1,44,50,1.9690688775510203,,,,,,
CAM,988,5.703551769256592,12.477803230285645,104,1,44,50,1.9690688775510203,,,,,,
FAM,988,1.3839025497436523,12.477803230285645,104,1,44,50,1.9690688775510203,,,,,,
Random,988,-0.6534309387207031,12.477803230285645,104,1,44,50,1.9690688775510203,,,,,,
Superpixel,1090,-0.1813430786132812,17.71215057373047,105,1,42,50,2.1723533163265305,,,,,,
CAM,1090,7.37717342376709,17.71215057373047,105,1,42,50,2.1723533163265305,,,,,,
FAM,1090,3.2080955505371094,17.71215057373047,105,1,42,50,2.1723533163265305,,,,,,
Random,1090,4.887664794921875,17.71215057373047,105,1,42,50,2.1723533163265305,,,,,,
Superpixel,1315,-1.9583501815795896,13.822314262390137,106,1,48,50,2.62077487244898,,,,,,
CAM,1315,8.411691665649414,13.822314262390137,106,1,48,50,2.62077487244898,,,,,,
FAM,1315,3.646196365356445,13.822314262390137,106,1,48,50,2.62077487244898,,,,,,
Random,1315,4.728015899658203,13.822314262390137,106,1,48,50,2.62077487244898,,,,,,
Superpixel,1332,-1.724135398864746,14.434985160827637,107,1,43,50,2.654655612244898,,,,,,
CAM,1332,1.6049270629882812,14.434985160827637,107,1,43,50,2.654655612244898,,,,,,
FAM,1332,-0.996307373046875,14.434985160827637,107,1,43,50,2.654655612244898,,,,,,
Random,1332,1.574418067932129,14.434985160827637,107,1,43,50,2.654655612244898,,,,,,
Superpixel,1344,1.6655044555664062,18.18814468383789,108,1,42,50,2.6785714285714284,,,,,,
CAM,1344,6.244897842407227,18.18814468383789,108,1,42,50,2.6785714285714284,,,,,,
FAM,1344,10.202600955963137,18.18814468383789,108,1,42,50,2.6785714285714284,,,,,,
Random,1344,1.95954704284668,18.18814468383789,108,1,42,50,2.6785714285714284,,,,,,
Superpixel,969,5.217317581176758,11.207807540893556,109,1,45,50,1.931202168367347,,,,,,
CAM,969,4.940088272094727,11.207807540893556,109,1,45,50,1.931202168367347,,,,,,
FAM,969,0.8516712188720703,11.207807540893556,109,1,45,50,1.931202168367347,,,,,,
Random,969,2.2585363388061523,11.207807540893556,109,1,45,50,1.931202168367347,,,,,,
Superpixel,1246,1.7957992553710938,12.709710121154783,110,1,42,50,2.4832589285714284,,,,,,
CAM,1246,2.468076705932617,12.709710121154783,110,1,42,50,2.4832589285714284,,,,,,
FAM,1246,2.7393102645874023,12.709710121154783,110,1,42,50,2.4832589285714284,,,,,,
Random,1246,3.591712951660156,12.709710121154783,110,1,42,50,2.4832589285714284,,,,,,
Superpixel,1509,1.4521055221557615,12.161798477172852,111,1,40,50,3.0074139030612246,,,,,,
CAM,1509,7.262348651885986,12.161798477172852,111,1,40,50,3.0074139030612246,,,,,,
FAM,1509,5.9768805503845215,12.161798477172852,111,1,40,50,3.0074139030612246,,,,,,
Random,1509,3.474472999572754,12.161798477172852,111,1,40,50,3.0074139030612246,,,,,,
Superpixel,927,2.019815444946289,14.646283149719238,112,1,44,50,1.8474968112244896,,,,,,
CAM,927,8.005657196044922,14.646283149719238,112,1,44,50,1.8474968112244896,,,,,,
FAM,927,3.950653076171875,14.646283149719238,112,1,44,50,1.8474968112244896,,,,,,
Random,927,2.0594406127929688,14.646283149719238,112,1,44,50,1.8474968112244896,,,,,,
Superpixel,1312,-1.1969804763793943,11.354926109313965,113,1,45,50,2.614795918367347,,,,,,
CAM,1312,7.32235050201416,11.354926109313965,113,1,45,50,2.614795918367347,,,,,,
FAM,1312,4.45876407623291,11.354926109313965,113,1,45,50,2.614795918367347,,,,,,
Random,1312,7.56168270111084,11.354926109313965,113,1,45,50,2.614795918367347,,,,,,
Superpixel,1453,5.030693531036377,11.279419898986816,114,1,48,50,2.895806760204082,,,,,,
CAM,1453,7.377464532852173,11.279419898986816,114,1,48,50,2.895806760204082,,,,,,
FAM,1453,0.5495710372924805,11.279419898986816,114,1,48,50,2.895806760204082,,,,,,
Random,1453,0.3160476684570312,11.279419898986816,114,1,48,50,2.895806760204082,,,,,,
Superpixel,1559,0.9991436004638672,9.643073081970217,115,1,44,50,3.107063137755102,,,,,,
CAM,1559,1.0696258544921875,9.643073081970217,115,1,44,50,3.107063137755102,,,,,,
FAM,1559,0.7883996963500977,9.643073081970217,115,1,44,50,3.107063137755102,,,,,,
Random,1559,2.511408805847168,9.643073081970217,115,1,44,50,3.107063137755102,,,,,,
Superpixel,723,-0.9982624053955078,9.141690254211426,116,1,46,50,1.4409279336734695,,,,,,
CAM,723,4.271919250488281,9.141690254211426,116,1,46,50,1.4409279336734695,,,,,,
FAM,723,2.279263019561768,9.141690254211426,116,1,46,50,1.4409279336734695,,,,,,
Random,723,-0.6099452972412109,9.141690254211426,116,1,46,50,1.4409279336734695,,,,,,
Superpixel,1407,0.1447639465332031,10.933367729187012,117,1,49,50,2.8041294642857144,,,,,,
CAM,1407,8.749552011489868,10.933367729187012,117,1,49,50,2.8041294642857144,,,,,,
FAM,1407,8.147262334823608,10.933367729187012,117,1,49,50,2.8041294642857144,,,,,,
Random,1407,-0.1766204833984375,10.933367729187012,117,1,49,50,2.8041294642857144,,,,,,
Superpixel,516,-0.1111164093017578,13.120966911315918,118,1,42,50,1.0283801020408163,,,,,,
CAM,516,-0.2206668853759765,13.120966911315918,118,1,42,50,1.0283801020408163,,,,,,
FAM,516,2.1847152709960938,13.120966911315918,118,1,42,50,1.0283801020408163,,,,,,
Random,516,1.506779670715332,13.120966911315918,118,1,42,50,1.0283801020408163,,,,,,
Superpixel,1447,1.9299945831298828,16.402366638183594,119,1,46,50,2.8838488520408165,,,,,,
CAM,1447,5.438654899597168,16.402366638183594,119,1,46,50,2.8838488520408165,,,,,,
FAM,1447,4.024847984313965,16.402366638183594,119,1,46,50,2.8838488520408165,,,,,,
Random,1447,3.1099538803100586,16.402366638183594,119,1,46,50,2.8838488520408165,,,,,,
Superpixel,1527,-0.8464136123657227,8.822118759155273,120,1,41,50,3.0432876275510203,,,,,,
CAM,1527,5.767154932022095,8.822118759155273,120,1,41,50,3.0432876275510203,,,,,,
FAM,1527,0.1092453002929687,8.822118759155273,120,1,41,50,3.0432876275510203,,,,,,
Random,1527,-1.1582574844360352,8.822118759155273,120,1,41,50,3.0432876275510203,,,,,,
Superpixel,1644,2.7275948524475098,6.235069751739502,121,1,44,50,3.276466836734694,,,,,,
CAM,1644,1.442582607269287,6.235069751739502,121,1,44,50,3.276466836734694,,,,,,
FAM,1644,4.892875671386719,6.235069751739502,121,1,44,50,3.276466836734694,,,,,,
Random,1644,2.934569835662842,6.235069751739502,121,1,44,50,3.276466836734694,,,,,,
Superpixel,1300,4.597420692443848,13.506736755371094,122,1,48,50,2.5908801020408165,,,,,,
CAM,1300,4.388071060180664,13.506736755371094,122,1,48,50,2.5908801020408165,,,,,,
FAM,1300,6.063897609710693,13.506736755371094,122,1,48,50,2.5908801020408165,,,,,,
Random,1300,0.0555715560913085,13.506736755371094,122,1,48,50,2.5908801020408165,,,,,,
Superpixel,1927,4.094501972198486,11.120905876159668,123,1,40,50,3.8404815051020407,,,,,,
CAM,1927,4.405286312103272,11.120905876159668,123,1,40,50,3.8404815051020407,,,,,,
FAM,1927,2.7172651290893555,11.120905876159668,123,1,40,50,3.8404815051020407,,,,,,
Random,1927,9.110312938690186,11.120905876159668,123,1,40,50,3.8404815051020407,,,,,,
Superpixel,2044,-0.3406314849853515,16.80983543395996,124,1,42,50,4.073660714285714,,,,,,
CAM,2044,7.669400215148926,16.80983543395996,124,1,42,50,4.073660714285714,,,,,,
FAM,2044,7.818628311157227,16.80983543395996,124,1,42,50,4.073660714285714,,,,,,
Random,2044,6.448208808898926,16.80983543395996,124,1,42,50,4.073660714285714,,,,,,
Superpixel,1156,2.1593942642211914,16.302902221679688,125,1,44,50,2.303890306122449,,,,,,
CAM,1156,3.034018516540528,16.302902221679688,125,1,44,50,2.303890306122449,,,,,,
FAM,1156,1.5935211181640625,16.302902221679688,125,1,44,50,2.303890306122449,,,,,,
Random,1156,1.6013860702514648,16.302902221679688,125,1,44,50,2.303890306122449,,,,,,
Superpixel,1638,0.7437753677368164,14.29814910888672,126,1,44,50,3.264508928571429,,,,,,
CAM,1638,0.1789169311523437,14.29814910888672,126,1,44,50,3.264508928571429,,,,,,
FAM,1638,0.9711751937866212,14.29814910888672,126,1,44,50,3.264508928571429,,,,,,
Random,1638,4.548766136169434,14.29814910888672,126,1,44,50,3.264508928571429,,,,,,
Superpixel,1482,6.467841625213623,13.200457572937012,127,1,46,50,2.9536033163265305,,,,,,
CAM,1482,5.183433532714844,13.200457572937012,127,1,46,50,2.9536033163265305,,,,,,
FAM,1482,1.9400482177734373,13.200457572937012,127,1,46,50,2.9536033163265305,,,,,,
Random,1482,6.778170585632324,13.200457572937012,127,1,46,50,2.9536033163265305,,,,,,
Superpixel,1038,-0.0483350753784179,9.345117568969728,128,1,48,50,2.068718112244898,,,,,,
CAM,1038,3.979398250579834,9.345117568969728,128,1,48,50,2.068718112244898,,,,,,
FAM,1038,1.0401611328125,9.345117568969728,128,1,48,50,2.068718112244898,,,,,,
Random,1038,3.360312938690185,9.345117568969728,128,1,48,50,2.068718112244898,,,,,,
Superpixel,1947,2.728628158569336,13.32651424407959,129,1,44,50,3.880341198979592,,,,,,
CAM,1947,2.3699989318847656,13.32651424407959,129,1,44,50,3.880341198979592,,,,,,
FAM,1947,5.3809099197387695,13.32651424407959,129,1,44,50,3.880341198979592,,,,,,
Random,1947,5.118498802185059,13.32651424407959,129,1,44,50,3.880341198979592,,,,,,
Superpixel,886,1.1467642784118652,7.179259300231934,130,1,46,50,1.7657844387755102,,,,,,
CAM,886,0.737971305847168,7.179259300231934,130,1,46,50,1.7657844387755102,,,,,,
FAM,886,-1.2639780044555664,7.179259300231934,130,1,46,50,1.7657844387755102,,,,,,
Random,886,1.406731128692627,7.179259300231934,130,1,46,50,1.7657844387755102,,,,,,
Superpixel,1069,-1.384260177612305,12.296734809875488,131,1,47,50,2.130500637755102,,,,,,
CAM,1069,4.828426361083984,12.296734809875488,131,1,47,50,2.130500637755102,,,,,,
FAM,1069,4.4964094161987305,12.296734809875488,131,1,47,50,2.130500637755102,,,,,,
Random,1069,2.001995086669922,12.296734809875488,131,1,47,50,2.130500637755102,,,,,,
Superpixel,1308,3.5729780197143555,15.042993545532228,132,1,46,50,2.6068239795918364,,,,,,
CAM,1308,4.010500907897949,15.042993545532228,132,1,46,50,2.6068239795918364,,,,,,
FAM,1308,1.463090896606445,15.042993545532228,132,1,46,50,2.6068239795918364,,,,,,
Random,1308,5.026189804077148,15.042993545532228,132,1,46,50,2.6068239795918364,,,,,,
Superpixel,1010,0.593475341796875,12.704119682312012,133,1,40,50,2.0129145408163263,,,,,,
CAM,1010,4.685362815856934,12.704119682312012,133,1,40,50,2.0129145408163263,,,,,,
FAM,1010,1.0548667907714844,12.704119682312012,133,1,40,50,2.0129145408163263,,,,,,
Random,1010,1.347238540649414,12.704119682312012,133,1,40,50,2.0129145408163263,,,,,,
Superpixel,1524,4.604579448699951,9.561964988708496,134,1,44,50,3.037308673469388,,,,,,
CAM,1524,4.404956340789795,9.561964988708496,134,1,44,50,3.037308673469388,,,,,,
FAM,1524,6.022574663162232,9.561964988708496,134,1,44,50,3.037308673469388,,,,,,
Random,1524,2.07041072845459,9.561964988708496,134,1,44,50,3.037308673469388,,,,,,
Superpixel,2272,0.5972185134887695,11.64293098449707,135,1,36,50,4.528061224489796,,,,,,
CAM,2272,9.708361744880676,11.64293098449707,135,1,36,50,4.528061224489796,,,,,,
FAM,2272,10.100395917892456,11.64293098449707,135,1,36,50,4.528061224489796,,,,,,
Random,2272,2.7388172149658203,11.64293098449707,135,1,36,50,4.528061224489796,,,,,,
Superpixel,1402,0.8593006134033203,11.275784492492676,136,1,48,50,2.7941645408163263,,,,,,
CAM,1402,2.07803726196289,11.275784492492676,136,1,48,50,2.7941645408163263,,,,,,
FAM,1402,1.7310190200805664,11.275784492492676,136,1,48,50,2.7941645408163263,,,,,,
Random,1402,1.8642492294311523,11.275784492492676,136,1,48,50,2.7941645408163263,,,,,,
Superpixel,944,4.1072845458984375,15.144980430603027,137,1,47,50,1.8813775510204085,,,,,,
CAM,944,7.114465713500977,15.144980430603027,137,1,47,50,1.8813775510204085,,,,,,
FAM,944,3.088512420654297,15.144980430603027,137,1,47,50,1.8813775510204085,,,,,,
Random,944,10.003768920898438,15.144980430603027,137,1,47,50,1.8813775510204085,,,,,,
Superpixel,617,-0.4081783294677734,12.23999309539795,138,1,45,50,1.229671556122449,,,,,,
CAM,617,1.4468955993652344,12.23999309539795,138,1,45,50,1.229671556122449,,,,,,
FAM,617,0.8254098892211914,12.23999309539795,138,1,45,50,1.229671556122449,,,,,,
Random,617,0.4945716857910156,12.23999309539795,138,1,45,50,1.229671556122449,,,,,,
Superpixel,1616,0.279637336730957,6.806970119476318,139,1,46,50,3.220663265306122,,,,,,
CAM,1616,2.1795215606689453,6.806970119476318,139,1,46,50,3.220663265306122,,,,,,
FAM,1616,2.863942146301269,6.806970119476318,139,1,46,50,3.220663265306122,,,,,,
Random,1616,1.874989032745361,6.806970119476318,139,1,46,50,3.220663265306122,,,,,,
Superpixel,1265,3.4478702545166016,11.610396385192873,140,1,48,50,2.521125637755102,,,,,,
CAM,1265,3.025773048400879,11.610396385192873,140,1,48,50,2.521125637755102,,,,,,
FAM,1265,2.8328256607055664,11.610396385192873,140,1,48,50,2.521125637755102,,,,,,
Random,1265,2.6500244140625,11.610396385192873,140,1,48,50,2.521125637755102,,,,,,
Superpixel,599,1.1399831771850586,15.713963508605955,141,1,43,50,1.1937978316326532,,,,,,
CAM,599,1.8753585815429688,15.713963508605955,141,1,43,50,1.1937978316326532,,,,,,
FAM,599,0.5417814254760742,15.713963508605955,141,1,43,50,1.1937978316326532,,,,,,
Random,599,1.4808244705200195,15.713963508605955,141,1,43,50,1.1937978316326532,,,,,,
Superpixel,922,5.644232749938965,14.730679512023926,142,1,46,50,1.837531887755102,,,,,,
CAM,922,2.471160888671875,14.730679512023926,142,1,46,50,1.837531887755102,,,,,,
FAM,922,0.1077156066894531,14.730679512023926,142,1,46,50,1.837531887755102,,,,,,
Random,922,1.896278381347656,14.730679512023926,142,1,46,50,1.837531887755102,,,,,,
Superpixel,1934,1.2468509674072266,14.311620712280272,143,1,43,50,3.854432397959184,,,,,,
CAM,1934,3.59920597076416,14.311620712280272,143,1,43,50,3.854432397959184,,,,,,
FAM,1934,1.3668947219848633,14.311620712280272,143,1,43,50,3.854432397959184,,,,,,
Random,1934,3.972781181335449,14.311620712280272,143,1,43,50,3.854432397959184,,,,,,
Superpixel,1687,4.441634178161621,13.337560653686523,144,1,42,50,3.362165178571429,,,,,,
CAM,1687,3.289557456970215,13.337560653686523,144,1,42,50,3.362165178571429,,,,,,
FAM,1687,5.998992443084717,13.337560653686523,144,1,42,50,3.362165178571429,,,,,,
Random,1687,4.026168823242188,13.337560653686523,144,1,42,50,3.362165178571429,,,,,,
Superpixel,1021,2.4092464447021484,17.006467819213867,145,1,44,50,2.03483737244898,,,,,,
CAM,1021,4.696000099182129,17.006467819213867,145,1,44,50,2.03483737244898,,,,,,
FAM,1021,5.073661804199219,17.006467819213867,145,1,44,50,2.03483737244898,,,,,,
Random,1021,2.601808547973633,17.006467819213867,145,1,44,50,2.03483737244898,,,,,,
Superpixel,1136,5.483366012573242,13.564491271972656,146,1,44,50,2.264030612244898,,,,,,
CAM,1136,3.97380256652832,13.564491271972656,146,1,44,50,2.264030612244898,,,,,,
FAM,1136,5.556122779846191,13.564491271972656,146,1,44,50,2.264030612244898,,,,,,
Random,1136,1.470158576965332,13.564491271972656,146,1,44,50,2.264030612244898,,,,,,
Superpixel,1181,4.361763000488281,17.26859474182129,147,1,47,50,2.353714923469388,,,,,,
CAM,1181,8.288623809814453,17.26859474182129,147,1,47,50,2.353714923469388,,,,,,
FAM,1181,2.982421875,17.26859474182129,147,1,47,50,2.353714923469388,,,,,,
Random,1181,7.887463569641113,17.26859474182129,147,1,47,50,2.353714923469388,,,,,,
Superpixel,1332,8.091926574707031,18.31349372863769,148,1,45,50,2.654655612244898,,,,,,
CAM,1332,8.487293243408203,18.31349372863769,148,1,45,50,2.654655612244898,,,,,,
FAM,1332,8.562089920043945,18.31349372863769,148,1,45,50,2.654655612244898,,,,,,
Random,1332,8.774792671203613,18.31349372863769,148,1,45,50,2.654655612244898,,,,,,
Superpixel,997,-0.4280881881713867,11.154372215270996,149,1,42,50,1.9870057397959184,,,,,,
CAM,997,4.461467742919922,11.154372215270996,149,1,42,50,1.9870057397959184,,,,,,
FAM,997,-0.3426837921142578,11.154372215270996,149,1,42,50,1.9870057397959184,,,,,,
Random,997,7.54703950881958,11.154372215270996,149,1,42,50,1.9870057397959184,,,,,,
Superpixel,1357,2.3576622009277344,13.237960815429688,150,1,46,50,2.7044802295918364,,,,,,
CAM,1357,-0.1184730529785156,13.237960815429688,150,1,46,50,2.7044802295918364,,,,,,
FAM,1357,2.429140090942383,13.237960815429688,150,1,46,50,2.7044802295918364,,,,,,
Random,1357,1.3956890106201172,13.237960815429688,150,1,46,50,2.7044802295918364,,,,,,
Superpixel,664,4.541542053222656,13.540781021118164,151,1,42,50,1.323341836734694,,,,,,
CAM,664,2.2786130905151367,13.540781021118164,151,1,42,50,1.323341836734694,,,,,,
FAM,664,1.1674175262451172,13.540781021118164,151,1,42,50,1.323341836734694,,,,,,
Random,664,-0.085850715637207,13.540781021118164,151,1,42,50,1.323341836734694,,,,,,
Superpixel,1114,-0.6224250793457031,16.670333862304688,152,1,47,50,2.220184948979592,,,,,,
CAM,1114,2.991992950439453,16.670333862304688,152,1,47,50,2.220184948979592,,,,,,
FAM,1114,0.5566463470458984,16.670333862304688,152,1,47,50,2.220184948979592,,,,,,
Random,1114,4.179777145385742,16.670333862304688,152,1,47,50,2.220184948979592,,,,,,
Superpixel,1041,1.1157236099243164,14.594741821289062,153,1,45,50,2.0746970663265305,,,,,,
CAM,1041,1.9749736785888672,14.594741821289062,153,1,45,50,2.0746970663265305,,,,,,
FAM,1041,0.4463043212890625,14.594741821289062,153,1,45,50,2.0746970663265305,,,,,,
Random,1041,1.6791706085205078,14.594741821289062,153,1,45,50,2.0746970663265305,,,,,,
Superpixel,1056,3.81524658203125,13.016481399536133,154,1,46,50,2.1045918367346936,,,,,,
CAM,1056,2.892929077148437,13.016481399536133,154,1,46,50,2.1045918367346936,,,,,,
FAM,1056,2.652233123779297,13.016481399536133,154,1,46,50,2.1045918367346936,,,,,,
Random,1056,1.7330446243286133,13.016481399536133,154,1,46,50,2.1045918367346936,,,,,,
Superpixel,1430,5.024850368499756,9.030038833618164,155,1,48,50,2.849968112244898,,,,,,
CAM,1430,5.832092523574829,9.030038833618164,155,1,48,50,2.849968112244898,,,,,,
FAM,1430,6.905169725418091,9.030038833618164,155,1,48,50,2.849968112244898,,,,,,
Random,1430,1.9317970275878904,9.030038833618164,155,1,48,50,2.849968112244898,,,,,,
Superpixel,1286,2.259031295776367,16.346372604370117,156,1,42,50,2.5629783163265305,,,,,,
CAM,1286,5.389862060546875,16.346372604370117,156,1,42,50,2.5629783163265305,,,,,,
FAM,1286,6.1822509765625,16.346372604370117,156,1,42,50,2.5629783163265305,,,,,,
Random,1286,3.0214624404907227,16.346372604370117,156,1,42,50,2.5629783163265305,,,,,,
Superpixel,1091,6.456438064575195,18.035762786865234,157,1,47,50,2.174346301020408,,,,,,
CAM,1091,10.244788646697998,18.035762786865234,157,1,47,50,2.174346301020408,,,,,,
FAM,1091,8.699262619018555,18.035762786865234,157,1,47,50,2.174346301020408,,,,,,
Random,1091,2.6773691177368164,18.035762786865234,157,1,47,50,2.174346301020408,,,,,,
Superpixel,700,4.845948219299316,14.329495429992676,158,1,48,50,1.3950892857142858,,,,,,
CAM,700,2.631302833557129,14.329495429992676,158,1,48,50,1.3950892857142858,,,,,,
FAM,700,2.003647804260254,14.329495429992676,158,1,48,50,1.3950892857142858,,,,,,
Random,700,4.838467597961426,14.329495429992676,158,1,48,50,1.3950892857142858,,,,,,
Superpixel,781,-0.2972469329833984,15.876619338989258,159,1,43,50,1.5565210459183674,,,,,,
CAM,781,5.767495155334473,15.876619338989258,159,1,43,50,1.5565210459183674,,,,,,
FAM,781,4.258056640625,15.876619338989258,159,1,43,50,1.5565210459183674,,,,,,
Random,781,0.5088491439819336,15.876619338989258,159,1,43,50,1.5565210459183674,,,,,,
Superpixel,854,-0.427001953125,12.079415321350098,160,1,43,50,1.7020089285714284,,,,,,
CAM,854,1.6603193283081057,12.079415321350098,160,1,43,50,1.7020089285714284,,,,,,
FAM,854,0.1033744812011718,12.079415321350098,160,1,43,50,1.7020089285714284,,,,,,
Random,854,3.319652557373047,12.079415321350098,160,1,43,50,1.7020089285714284,,,,,,
Superpixel,1541,1.418161392211914,17.422378540039062,161,1,46,50,3.0711894132653064,,,,,,
CAM,1541,6.308187484741211,17.422378540039062,161,1,46,50,3.0711894132653064,,,,,,
FAM,1541,2.455674171447754,17.422378540039062,161,1,46,50,3.0711894132653064,,,,,,
Random,1541,0.3991889953613281,17.422378540039062,161,1,46,50,3.0711894132653064,,,,,,
Superpixel,2160,2.243551254272461,15.753741264343262,162,1,44,50,4.30484693877551,,,,,,
CAM,2160,6.235447883605957,15.753741264343262,162,1,44,50,4.30484693877551,,,,,,
FAM,2160,5.084683418273926,15.753741264343262,162,1,44,50,4.30484693877551,,,,,,
Random,2160,7.697844505310059,15.753741264343262,162,1,44,50,4.30484693877551,,,,,,
Superpixel,1142,0.046173095703125,11.835968017578123,163,1,40,50,2.275988520408164,,,,,,
CAM,1142,2.4979352951049805,11.835968017578123,163,1,40,50,2.275988520408164,,,,,,
FAM,1142,2.952288627624512,11.835968017578123,163,1,40,50,2.275988520408164,,,,,,
Random,1142,-0.1534156799316406,11.835968017578123,163,1,40,50,2.275988520408164,,,,,,
Superpixel,2141,2.180514335632324,9.605253219604492,164,1,40,50,4.266980229591836,,,,,,
CAM,2141,4.793337345123291,9.605253219604492,164,1,40,50,4.266980229591836,,,,,,
FAM,2141,6.940843105316162,9.605253219604492,164,1,40,50,4.266980229591836,,,,,,
Random,2141,1.2914743423461914,9.605253219604492,164,1,40,50,4.266980229591836,,,,,,
Superpixel,892,-0.2443065643310547,9.482483863830566,165,1,47,50,1.7777423469387754,,,,,,
CAM,892,1.640160083770752,9.482483863830566,165,1,47,50,1.7777423469387754,,,,,,
FAM,892,-0.8077583312988281,9.482483863830566,165,1,47,50,1.7777423469387754,,,,,,
Random,892,0.2070417404174804,9.482483863830566,165,1,47,50,1.7777423469387754,,,,,,
Superpixel,1249,0.5601730346679688,12.970099449157717,166,1,46,50,2.489237882653061,,,,,,
CAM,1249,2.473349571228028,12.970099449157717,166,1,46,50,2.489237882653061,,,,,,
FAM,1249,2.210044860839844,12.970099449157717,166,1,46,50,2.489237882653061,,,,,,
Random,1249,4.756424903869629,12.970099449157717,166,1,46,50,2.489237882653061,,,,,,
Superpixel,929,0.1948976516723632,14.106159210205078,167,1,49,50,1.8514827806122447,,,,,,
CAM,929,-0.0285711288452148,14.106159210205078,167,1,49,50,1.8514827806122447,,,,,,
FAM,929,1.188079833984375,14.106159210205078,167,1,49,50,1.8514827806122447,,,,,,
Random,929,1.0868005752563477,14.106159210205078,167,1,49,50,1.8514827806122447,,,,,,
Superpixel,1127,4.962298393249512,15.383405685424805,168,1,48,50,2.24609375,,,,,,
CAM,1127,6.543023109436035,15.383405685424805,168,1,48,50,2.24609375,,,,,,
FAM,1127,0.4858884811401367,15.383405685424805,168,1,48,50,2.24609375,,,,,,
Random,1127,4.305340766906738,15.383405685424805,168,1,48,50,2.24609375,,,,,,
Superpixel,538,3.4894509315490723,9.903432846069336,169,1,47,50,1.0722257653061225,,,,,,
CAM,538,2.360960960388184,9.903432846069336,169,1,47,50,1.0722257653061225,,,,,,
FAM,538,0.6018142700195312,9.903432846069336,169,1,47,50,1.0722257653061225,,,,,,
Random,538,5.231446266174316,9.903432846069336,169,1,47,50,1.0722257653061225,,,,,,
Superpixel,1295,-1.1503958702087402,7.970113277435303,170,1,43,50,2.5809151785714284,,,,,,
CAM,1295,1.6019363403320312,7.970113277435303,170,1,43,50,2.5809151785714284,,,,,,
FAM,1295,-1.1444029808044434,7.970113277435303,170,1,43,50,2.5809151785714284,,,,,,
Random,1295,4.840254783630371,7.970113277435303,170,1,43,50,2.5809151785714284,,,,,,
Superpixel,2295,1.972477912902832,8.926592826843262,171,1,45,50,4.57389987244898,,,,,,
CAM,2295,4.340290069580078,8.926592826843262,171,1,45,50,4.57389987244898,,,,,,
FAM,2295,3.0551700592041016,8.926592826843262,171,1,45,50,4.57389987244898,,,,,,
Random,2295,-1.6640443801879885,8.926592826843262,171,1,45,50,4.57389987244898,,,,,,
Superpixel,1182,6.6593122482299805,15.47469997406006,172,1,48,50,2.3557079081632653,,,,,,
CAM,1182,7.950700759887695,15.47469997406006,172,1,48,50,2.3557079081632653,,,,,,
FAM,1182,6.208539962768555,15.47469997406006,172,1,48,50,2.3557079081632653,,,,,,
Random,1182,4.37291145324707,15.47469997406006,172,1,48,50,2.3557079081632653,,,,,,
Superpixel,1450,-1.3740854263305664,11.197237968444824,173,1,37,50,2.889827806122449,,,,,,
CAM,1450,3.6012558937072754,11.197237968444824,173,1,37,50,2.889827806122449,,,,,,
FAM,1450,8.066651582717896,11.197237968444824,173,1,37,50,2.889827806122449,,,,,,
Random,1450,6.845102787017822,11.197237968444824,173,1,37,50,2.889827806122449,,,,,,
Superpixel,1682,2.4411392211914062,15.447246551513672,174,1,47,50,3.3522002551020407,,,,,,
CAM,1682,1.9951372146606443,15.447246551513672,174,1,47,50,3.3522002551020407,,,,,,
FAM,1682,2.201799392700196,15.447246551513672,174,1,47,50,3.3522002551020407,,,,,,
Random,1682,1.3126230239868164,15.447246551513672,174,1,47,50,3.3522002551020407,,,,,,
Superpixel,1578,1.9738235473632808,19.444435119628903,175,1,43,50,3.144929846938776,,,,,,
CAM,1578,5.465785980224609,19.444435119628903,175,1,43,50,3.144929846938776,,,,,,
FAM,1578,0.4089527130126953,19.444435119628903,175,1,43,50,3.144929846938776,,,,,,
Random,1578,5.661568641662598,19.444435119628903,175,1,43,50,3.144929846938776,,,,,,
Superpixel,954,3.958664894104004,13.659045219421388,176,1,42,50,1.901307397959184,,,,,,
CAM,954,7.209541320800781,13.659045219421388,176,1,42,50,1.901307397959184,,,,,,
FAM,954,5.348738670349121,13.659045219421388,176,1,42,50,1.901307397959184,,,,,,
Random,954,8.851459980010986,13.659045219421388,176,1,42,50,1.901307397959184,,,,,,
Superpixel,1468,-1.626662254333496,11.38173007965088,177,1,44,50,2.925701530612245,,,,,,
CAM,1468,-1.183755874633789,11.38173007965088,177,1,44,50,2.925701530612245,,,,,,
FAM,1468,-0.3611183166503906,11.38173007965088,177,1,44,50,2.925701530612245,,,,,,
Random,1468,-0.4358129501342773,11.38173007965088,177,1,44,50,2.925701530612245,,,,,,
Superpixel,1918,2.6455278396606445,11.553726196289062,178,1,47,50,3.8225446428571432,,,,,,
CAM,1918,0.5803308486938477,11.553726196289062,178,1,47,50,3.8225446428571432,,,,,,
FAM,1918,3.5062484741210938,11.553726196289062,178,1,47,50,3.8225446428571432,,,,,,
Random,1918,2.355313301086426,11.553726196289062,178,1,47,50,3.8225446428571432,,,,,,
Superpixel,1267,2.826052665710449,11.74983024597168,179,1,44,50,2.525111607142857,,,,,,
CAM,1267,5.346140861511231,11.74983024597168,179,1,44,50,2.525111607142857,,,,,,
FAM,1267,3.3729782104492188,11.74983024597168,179,1,44,50,2.525111607142857,,,,,,
Random,1267,9.05199098587036,11.74983024597168,179,1,44,50,2.525111607142857,,,,,,
Superpixel,1062,4.732371807098389,11.495020866394045,180,1,45,50,2.11654974489796,,,,,,
CAM,1062,2.035531044006348,11.495020866394045,180,1,45,50,2.11654974489796,,,,,,
FAM,1062,5.693850040435791,11.495020866394045,180,1,45,50,2.11654974489796,,,,,,
Random,1062,3.7551536560058594,11.495020866394045,180,1,45,50,2.11654974489796,,,,,,
Superpixel,1537,-1.8631067276000977,9.231075286865234,181,1,47,50,3.063217474489796,,,,,,
CAM,1537,5.08200216293335,9.231075286865234,181,1,47,50,3.063217474489796,,,,,,
FAM,1537,2.418630123138428,9.231075286865234,181,1,47,50,3.063217474489796,,,,,,
Random,1537,4.693276882171631,9.231075286865234,181,1,47,50,3.063217474489796,,,,,,
Superpixel,1557,1.8756046295166016,11.02761173248291,182,1,47,50,3.103077168367347,,,,,,
CAM,1557,8.94734239578247,11.02761173248291,182,1,47,50,3.103077168367347,,,,,,
FAM,1557,7.484443187713623,11.02761173248291,182,1,47,50,3.103077168367347,,,,,,
Random,1557,1.6041364669799805,11.02761173248291,182,1,47,50,3.103077168367347,,,,,,
Superpixel,1558,1.029947280883789,7.090257167816162,183,1,44,50,3.1050701530612246,,,,,,
CAM,1558,1.2750654220581057,7.090257167816162,183,1,44,50,3.1050701530612246,,,,,,
FAM,1558,3.017241954803467,7.090257167816162,183,1,44,50,3.1050701530612246,,,,,,
Random,1558,2.722107410430908,7.090257167816162,183,1,44,50,3.1050701530612246,,,,,,
Superpixel,870,3.77187728881836,9.7734956741333,184,1,47,50,1.7338966836734693,,,,,,
CAM,870,3.39453125,9.7734956741333,184,1,47,50,1.7338966836734693,,,,,,
FAM,870,0.7393903732299805,9.7734956741333,184,1,47,50,1.7338966836734693,,,,,,
Random,870,0.9615106582641602,9.7734956741333,184,1,47,50,1.7338966836734693,,,,,,
Superpixel,1866,5.020999908447266,15.033140182495115,185,1,44,50,3.718909438775511,,,,,,
CAM,1866,6.51546573638916,15.033140182495115,185,1,44,50,3.718909438775511,,,,,,
FAM,1866,6.36751651763916,15.033140182495115,185,1,44,50,3.718909438775511,,,,,,
Random,1866,2.802427291870117,15.033140182495115,185,1,44,50,3.718909438775511,,,,,,
Superpixel,1310,0.7048788070678711,8.812786102294922,186,1,43,50,2.610809948979592,,,,,,
CAM,1310,0.7790679931640625,8.812786102294922,186,1,43,50,2.610809948979592,,,,,,
FAM,1310,2.757016658782959,8.812786102294922,186,1,43,50,2.610809948979592,,,,,,
Random,1310,0.8545141220092773,8.812786102294922,186,1,43,50,2.610809948979592,,,,,,
Superpixel,1393,0.3277511596679687,12.115702629089355,187,1,47,50,2.7762276785714284,,,,,,
CAM,1393,1.9804468154907229,12.115702629089355,187,1,47,50,2.7762276785714284,,,,,,
FAM,1393,3.567561149597168,12.115702629089355,187,1,47,50,2.7762276785714284,,,,,,
Random,1393,0.1021032333374023,12.115702629089355,187,1,47,50,2.7762276785714284,,,,,,
Superpixel,2442,-1.8235435485839844,11.069998741149902,188,1,45,50,4.86686862244898,,,,,,
CAM,2442,3.807690143585205,11.069998741149902,188,1,45,50,4.86686862244898,,,,,,
FAM,2442,1.887994766235352,11.069998741149902,188,1,45,50,4.86686862244898,,,,,,
Random,2442,1.1056766510009766,11.069998741149902,188,1,45,50,4.86686862244898,,,,,,
Superpixel,1549,0.1681556701660156,11.380338668823242,189,1,47,50,3.0871332908163263,,,,,,
CAM,1549,-1.347402572631836,11.380338668823242,189,1,47,50,3.0871332908163263,,,,,,
FAM,1549,4.209391117095947,11.380338668823242,189,1,47,50,3.0871332908163263,,,,,,
Random,1549,0.7713184356689453,11.380338668823242,189,1,47,50,3.0871332908163263,,,,,,
Superpixel,1292,0.9185748100280762,6.347030162811279,190,1,46,50,2.574936224489796,,,,,,
CAM,1292,2.7763664722442627,6.347030162811279,190,1,46,50,2.574936224489796,,,,,,
FAM,1292,1.9548873901367188,6.347030162811279,190,1,46,50,2.574936224489796,,,,,,
Random,1292,0.8883652687072754,6.347030162811279,190,1,46,50,2.574936224489796,,,,,,
Superpixel,569,5.9147467613220215,12.793618202209473,191,1,46,50,1.1340082908163265,,,,,,
CAM,569,3.19427490234375,12.793618202209473,191,1,46,50,1.1340082908163265,,,,,,
FAM,569,0.7781658172607422,12.793618202209473,191,1,46,50,1.1340082908163265,,,,,,
Random,569,1.2712783813476562,12.793618202209473,191,1,46,50,1.1340082908163265,,,,,,
Superpixel,1477,0.8451957702636719,12.087818145751951,192,1,47,50,2.943638392857143,,,,,,
CAM,1477,2.816041946411133,12.087818145751951,192,1,47,50,2.943638392857143,,,,,,
FAM,1477,2.5317745208740234,12.087818145751951,192,1,47,50,2.943638392857143,,,,,,
Random,1477,-0.3160820007324219,12.087818145751951,192,1,47,50,2.943638392857143,,,,,,
Superpixel,2168,-1.80985164642334,13.9094820022583,193,1,46,50,4.3207908163265305,,,,,,
CAM,2168,0.2869873046875,13.9094820022583,193,1,46,50,4.3207908163265305,,,,,,
FAM,2168,0.9098443984985352,13.9094820022583,193,1,46,50,4.3207908163265305,,,,,,
Random,2168,5.9323577880859375,13.9094820022583,193,1,46,50,4.3207908163265305,,,,,,
Superpixel,1768,0.5549092292785645,6.818569183349609,194,1,38,50,3.5235969387755106,,,,,,
CAM,1768,1.494265079498291,6.818569183349609,194,1,38,50,3.5235969387755106,,,,,,
FAM,1768,2.2320523262023926,6.818569183349609,194,1,38,50,3.5235969387755106,,,,,,
Random,1768,1.589911937713623,6.818569183349609,194,1,38,50,3.5235969387755106,,,,,,
Superpixel,1688,3.4809799194335938,8.56313705444336,195,1,45,50,3.364158163265306,,,,,,
CAM,1688,3.5424370765686035,8.56313705444336,195,1,45,50,3.364158163265306,,,,,,
FAM,1688,4.832998752593994,8.56313705444336,195,1,45,50,3.364158163265306,,,,,,
Random,1688,3.207223892211914,8.56313705444336,195,1,45,50,3.364158163265306,,,,,,
Superpixel,686,0.4158763885498047,12.835895538330078,196,1,47,50,1.3671875,,,,,,
CAM,686,1.082597732543945,12.835895538330078,196,1,47,50,1.3671875,,,,,,
FAM,686,4.566581726074219,12.835895538330078,196,1,47,50,1.3671875,,,,,,
Random,686,1.2883453369140625,12.835895538330078,196,1,47,50,1.3671875,,,,,,
Superpixel,708,0.6214132308959961,10.101577758789062,197,1,48,50,1.411033163265306,,,,,,
CAM,708,-0.8835363388061523,10.101577758789062,197,1,48,50,1.411033163265306,,,,,,
FAM,708,3.04637098312378,10.101577758789062,197,1,48,50,1.411033163265306,,,,,,
Random,708,-0.2077245712280273,10.101577758789062,197,1,48,50,1.411033163265306,,,,,,
Superpixel,1190,0.5082511901855469,11.389898300170898,198,1,39,50,2.3716517857142856,,,,,,
CAM,1190,5.505330562591553,11.389898300170898,198,1,39,50,2.3716517857142856,,,,,,
FAM,1190,-0.0141315460205078,11.389898300170898,198,1,39,50,2.3716517857142856,,,,,,
Random,1190,5.670172214508057,11.389898300170898,198,1,39,50,2.3716517857142856,,,,,,
Superpixel,1493,-0.0546932220458984,11.502920150756836,199,1,45,50,2.9755261479591835,,,,,,
CAM,1493,2.2346296310424805,11.502920150756836,199,1,45,50,2.9755261479591835,,,,,,
FAM,1493,4.13772439956665,11.502920150756836,199,1,45,50,2.9755261479591835,,,,,,
Random,1493,1.978815078735352,11.502920150756836,199,1,45,50,2.9755261479591835,,,,,,
Superpixel,1984,1.0842342376708984,8.195829391479492,200,1,42,50,3.9540816326530615,,,,,,
CAM,1984,3.580662250518799,8.195829391479492,200,1,42,50,3.9540816326530615,,,,,,
FAM,1984,1.910661220550537,8.195829391479492,200,1,42,50,3.9540816326530615,,,,,,
Random,1984,4.36268949508667,8.195829391479492,200,1,42,50,3.9540816326530615,,,,,,
Superpixel,1564,1.8939456939697263,11.555458068847656,201,1,38,50,3.11702806122449,,,,,,
CAM,1564,3.603623867034912,11.555458068847656,201,1,38,50,3.11702806122449,,,,,,
FAM,1564,2.1926937103271484,11.555458068847656,201,1,38,50,3.11702806122449,,,,,,
Random,1564,2.451089859008789,11.555458068847656,201,1,38,50,3.11702806122449,,,,,,
Superpixel,3107,5.80090856552124,10.537670135498049,202,1,38,50,6.192203443877551,,,,,,
CAM,3107,4.082714557647705,10.537670135498049,202,1,38,50,6.192203443877551,,,,,,
FAM,3107,4.032883644104004,10.537670135498049,202,1,38,50,6.192203443877551,,,,,,
Random,3107,6.9412682056427,10.537670135498049,202,1,38,50,6.192203443877551,,,,,,
Superpixel,1415,0.3628520965576172,13.45071792602539,203,1,47,50,2.8200733418367347,,,,,,
CAM,1415,5.251897811889648,13.45071792602539,203,1,47,50,2.8200733418367347,,,,,,
FAM,1415,3.332840919494629,13.45071792602539,203,1,47,50,2.8200733418367347,,,,,,
Random,1415,4.514684677124023,13.45071792602539,203,1,47,50,2.8200733418367347,,,,,,
Superpixel,1308,-1.0041875839233398,14.600278854370115,204,1,46,50,2.6068239795918364,,,,,,
CAM,1308,7.987140655517578,14.600278854370115,204,1,46,50,2.6068239795918364,,,,,,
FAM,1308,3.9498443603515625,14.600278854370115,204,1,46,50,2.6068239795918364,,,,,,
Random,1308,2.5363826751708984,14.600278854370115,204,1,46,50,2.6068239795918364,,,,,,
Superpixel,1004,3.140481948852539,11.467634201049805,205,1,44,50,2.000956632653061,,,,,,
CAM,1004,-0.3666391372680664,11.467634201049805,205,1,44,50,2.000956632653061,,,,,,
FAM,1004,-0.1234664916992187,11.467634201049805,205,1,44,50,2.000956632653061,,,,,,
Random,1004,2.8384180068969727,11.467634201049805,205,1,44,50,2.000956632653061,,,,,,
Superpixel,1067,0.0139589309692382,11.214329719543455,206,1,38,50,2.126514668367347,,,,,,
CAM,1067,2.4856386184692383,11.214329719543455,206,1,38,50,2.126514668367347,,,,,,
FAM,1067,3.287324905395508,11.214329719543455,206,1,38,50,2.126514668367347,,,,,,
Random,1067,1.446110725402832,11.214329719543455,206,1,38,50,2.126514668367347,,,,,,
Superpixel,2580,1.4609246253967283,9.128189086914062,207,1,39,50,5.141900510204081,,,,,,
CAM,2580,0.1677570343017578,9.128189086914062,207,1,39,50,5.141900510204081,,,,,,
FAM,2580,1.6166934967041016,9.128189086914062,207,1,39,50,5.141900510204081,,,,,,
Random,2580,0.4493923187255859,9.128189086914062,207,1,39,50,5.141900510204081,,,,,,
Superpixel,723,3.583179950714112,10.57050323486328,208,1,44,50,1.4409279336734695,,,,,,
CAM,723,2.6309056282043457,10.57050323486328,208,1,44,50,1.4409279336734695,,,,,,
FAM,723,3.8169894218444815,10.57050323486328,208,1,44,50,1.4409279336734695,,,,,,
Random,723,1.2120513916015625,10.57050323486328,208,1,44,50,1.4409279336734695,,,,,,
Superpixel,1950,0.7418107986450195,14.310815811157228,209,1,44,50,3.886320153061224,,,,,,
CAM,1950,2.245748519897461,14.310815811157228,209,1,44,50,3.886320153061224,,,,,,
FAM,1950,2.651334762573242,14.310815811157228,209,1,44,50,3.886320153061224,,,,,,
Random,1950,2.2600317001342773,14.310815811157228,209,1,44,50,3.886320153061224,,,,,,
Superpixel,1101,2.3579111099243164,12.199350357055664,210,1,42,50,2.1942761479591835,,,,,,
CAM,1101,2.0324440002441406,12.199350357055664,210,1,42,50,2.1942761479591835,,,,,,
FAM,1101,3.453014373779297,12.199350357055664,210,1,42,50,2.1942761479591835,,,,,,
Random,1101,0.9258146286010742,12.199350357055664,210,1,42,50,2.1942761479591835,,,,,,
Superpixel,2444,-0.7333221435546875,14.319704055786133,211,1,38,50,4.870854591836735,,,,,,
CAM,2444,7.183979034423828,14.319704055786133,211,1,38,50,4.870854591836735,,,,,,
FAM,2444,5.465960502624512,14.319704055786133,211,1,38,50,4.870854591836735,,,,,,
Random,2444,-0.7608556747436523,14.319704055786133,211,1,38,50,4.870854591836735,,,,,,
Superpixel,2122,5.268241882324219,14.56499481201172,212,1,37,50,4.229113520408164,,,,,,
CAM,2122,4.1818695068359375,14.56499481201172,212,1,37,50,4.229113520408164,,,,,,
FAM,2122,7.079269409179688,14.56499481201172,212,1,37,50,4.229113520408164,,,,,,
Random,2122,2.288818359375,14.56499481201172,212,1,37,50,4.229113520408164,,,,,,
Superpixel,1285,-0.0887422561645507,10.492862701416016,213,1,45,50,2.560985331632653,,,,,,
CAM,1285,3.785709857940674,10.492862701416016,213,1,45,50,2.560985331632653,,,,,,
FAM,1285,3.4837069511413574,10.492862701416016,213,1,45,50,2.560985331632653,,,,,,
Random,1285,-0.0853538513183593,10.492862701416016,213,1,45,50,2.560985331632653,,,,,,
Superpixel,1899,2.8247299194335938,7.865429878234863,214,1,44,50,3.7846779336734695,,,,,,
CAM,1899,2.938911437988281,7.865429878234863,214,1,44,50,3.7846779336734695,,,,,,
FAM,1899,3.4250736236572266,7.865429878234863,214,1,44,50,3.7846779336734695,,,,,,
Random,1899,2.405308723449707,7.865429878234863,214,1,44,50,3.7846779336734695,,,,,,
Superpixel,1723,1.8507080078125,13.465513229370115,215,1,45,50,3.4339126275510203,,,,,,
CAM,1723,5.040689468383789,13.465513229370115,215,1,45,50,3.4339126275510203,,,,,,
FAM,1723,2.6000757217407227,13.465513229370115,215,1,45,50,3.4339126275510203,,,,,,
Random,1723,-0.4404420852661133,13.465513229370115,215,1,45,50,3.4339126275510203,,,,,,
Superpixel,1735,3.795185089111328,13.941645622253418,216,1,42,50,3.457828443877551,,,,,,
CAM,1735,5.867771148681641,13.941645622253418,216,1,42,50,3.457828443877551,,,,,,
FAM,1735,6.571222305297852,13.941645622253418,216,1,42,50,3.457828443877551,,,,,,
Random,1735,-0.9146976470947266,13.941645622253418,216,1,42,50,3.457828443877551,,,,,,
Superpixel,1160,3.6411380767822266,13.641757011413574,217,1,38,50,2.31186224489796,,,,,,
CAM,1160,5.656084060668945,13.641757011413574,217,1,38,50,2.31186224489796,,,,,,
FAM,1160,6.447575569152832,13.641757011413574,217,1,38,50,2.31186224489796,,,,,,
Random,1160,5.91619873046875,13.641757011413574,217,1,38,50,2.31186224489796,,,,,,
Superpixel,1746,5.174658298492432,12.63535976409912,218,1,45,50,3.479751275510204,,,,,,
CAM,1746,9.774242877960203,12.63535976409912,218,1,45,50,3.479751275510204,,,,,,
FAM,1746,4.9006547927856445,12.63535976409912,218,1,45,50,3.479751275510204,,,,,,
Random,1746,4.824617385864258,12.63535976409912,218,1,45,50,3.479751275510204,,,,,,
Superpixel,1175,2.640227794647217,6.633218288421631,219,1,47,50,2.3417570153061225,,,,,,
CAM,1175,1.5993781089782717,6.633218288421631,219,1,47,50,2.3417570153061225,,,,,,
FAM,1175,2.083626747131348,6.633218288421631,219,1,47,50,2.3417570153061225,,,,,,
Random,1175,3.867312669754028,6.633218288421631,219,1,47,50,2.3417570153061225,,,,,,
Superpixel,1107,2.2319393157958984,10.356335639953612,220,1,34,50,2.206234056122449,,,,,,
CAM,1107,0.6075057983398438,10.356335639953612,220,1,34,50,2.206234056122449,,,,,,
FAM,1107,1.4423503875732422,10.356335639953612,220,1,34,50,2.206234056122449,,,,,,
Random,1107,0.2287273406982422,10.356335639953612,220,1,34,50,2.206234056122449,,,,,,
Superpixel,677,1.7663774490356443,9.833575248718262,221,1,43,50,1.349250637755102,,,,,,
CAM,677,0.5936145782470703,9.833575248718262,221,1,43,50,1.349250637755102,,,,,,
FAM,677,0.4053211212158203,9.833575248718262,221,1,43,50,1.349250637755102,,,,,,
Random,677,1.855804443359375,9.833575248718262,221,1,43,50,1.349250637755102,,,,,,
Superpixel,668,4.958866596221924,12.622729301452637,222,1,44,50,1.331313775510204,,,,,,
CAM,668,2.20234489440918,12.622729301452637,222,1,44,50,1.331313775510204,,,,,,
FAM,668,2.550172805786133,12.622729301452637,222,1,44,50,1.331313775510204,,,,,,
Random,668,3.3079938888549805,12.622729301452637,222,1,44,50,1.331313775510204,,,,,,
Superpixel,2114,4.068134307861328,13.83360767364502,223,1,41,50,4.213169642857143,,,,,,
CAM,2114,0.8412799835205078,13.83360767364502,223,1,41,50,4.213169642857143,,,,,,
FAM,2114,0.3455190658569336,13.83360767364502,223,1,41,50,4.213169642857143,,,,,,
Random,2114,3.3808374404907227,13.83360767364502,223,1,41,50,4.213169642857143,,,,,,
Superpixel,803,5.717641353607178,9.163905143737791,224,1,42,50,1.6003667091836735,,,,,,
CAM,803,4.881979942321777,9.163905143737791,224,1,42,50,1.6003667091836735,,,,,,
FAM,803,3.792011260986328,9.163905143737791,224,1,42,50,1.6003667091836735,,,,,,
Random,803,1.860504150390625,9.163905143737791,224,1,42,50,1.6003667091836735,,,,,,
Superpixel,1357,5.787587881088257,8.729039192199707,225,1,40,50,2.7044802295918364,,,,,,
CAM,1357,2.147237777709961,8.729039192199707,225,1,40,50,2.7044802295918364,,,,,,
FAM,1357,2.383392810821533,8.729039192199707,225,1,40,50,2.7044802295918364,,,,,,
Random,1357,2.2945661544799805,8.729039192199707,225,1,40,50,2.7044802295918364,,,,,,
Superpixel,1590,5.179660320281982,11.11911678314209,226,1,44,50,3.168845663265306,,,,,,
CAM,1590,0.9499740600585938,11.11911678314209,226,1,44,50,3.168845663265306,,,,,,
FAM,1590,0.3179569244384765,11.11911678314209,226,1,44,50,3.168845663265306,,,,,,
Random,1590,0.1156930923461914,11.11911678314209,226,1,44,50,3.168845663265306,,,,,,
Superpixel,632,1.754776954650879,14.863521575927734,227,1,44,50,1.2595663265306123,,,,,,
CAM,632,1.0012998580932615,14.863521575927734,227,1,44,50,1.2595663265306123,,,,,,
FAM,632,-0.0787649154663086,14.863521575927734,227,1,44,50,1.2595663265306123,,,,,,
Random,632,0.6766910552978516,14.863521575927734,227,1,44,50,1.2595663265306123,,,,,,
Superpixel,1371,1.6665630340576172,7.561272621154785,228,1,41,50,2.7323820153061225,,,,,,
CAM,1371,1.2329745292663574,7.561272621154785,228,1,41,50,2.7323820153061225,,,,,,
FAM,1371,0.9510793685913086,7.561272621154785,228,1,41,50,2.7323820153061225,,,,,,
Random,1371,1.8074979782104488,7.561272621154785,228,1,41,50,2.7323820153061225,,,,,,
Superpixel,1624,3.886538505554199,12.991989135742188,229,1,36,50,3.2366071428571432,,,,,,
CAM,1624,4.769574165344238,12.991989135742188,229,1,36,50,3.2366071428571432,,,,,,
FAM,1624,5.216787338256836,12.991989135742188,229,1,36,50,3.2366071428571432,,,,,,
Random,1624,3.158413887023926,12.991989135742188,229,1,36,50,3.2366071428571432,,,,,,
Superpixel,1842,-0.1235275268554687,11.151324272155762,230,1,40,50,3.671077806122449,,,,,,
CAM,1842,-0.2691717147827148,11.151324272155762,230,1,40,50,3.671077806122449,,,,,,
FAM,1842,0.5448837280273438,11.151324272155762,230,1,40,50,3.671077806122449,,,,,,
Random,1842,1.651262283325195,11.151324272155762,230,1,40,50,3.671077806122449,,,,,,
Superpixel,535,2.8791446685791016,11.318161964416504,231,1,43,50,1.0662468112244898,,,,,,
CAM,535,-1.2725515365600586,11.318161964416504,231,1,43,50,1.0662468112244898,,,,,,
FAM,535,0.4760255813598633,11.318161964416504,231,1,43,50,1.0662468112244898,,,,,,
Random,535,0.4020490646362304,11.318161964416504,231,1,43,50,1.0662468112244898,,,,,,
Superpixel,3263,2.152342796325684,14.989322662353516,232,1,32,50,6.503109056122448,,,,,,
CAM,3263,1.9765539169311523,14.989322662353516,232,1,32,50,6.503109056122448,,,,,,
FAM,3263,5.556405067443848,14.989322662353516,232,1,32,50,6.503109056122448,,,,,,
Random,3263,2.865279197692871,14.989322662353516,232,1,32,50,6.503109056122448,,,,,,
Superpixel,1686,-1.4173336029052734,10.468459129333496,233,1,46,50,3.360172193877551,,,,,,
CAM,1686,2.252692222595215,10.468459129333496,233,1,46,50,3.360172193877551,,,,,,
FAM,1686,0.952138900756836,10.468459129333496,233,1,46,50,3.360172193877551,,,,,,
Random,1686,0.7720909118652344,10.468459129333496,233,1,46,50,3.360172193877551,,,,,,
Superpixel,1515,7.034021377563477,14.936963081359863,234,1,46,50,3.01937181122449,,,,,,
CAM,1515,7.905058860778809,14.936963081359863,234,1,46,50,3.01937181122449,,,,,,
FAM,1515,3.316582679748535,14.936963081359863,234,1,46,50,3.01937181122449,,,,,,
Random,1515,0.5626344680786133,14.936963081359863,234,1,46,50,3.01937181122449,,,,,,
Superpixel,2486,5.809900283813477,15.006619453430176,235,1,39,50,4.954559948979592,,,,,,
CAM,2486,0.4525060653686523,15.006619453430176,235,1,39,50,4.954559948979592,,,,,,
FAM,2486,-0.5021839141845703,15.006619453430176,235,1,39,50,4.954559948979592,,,,,,
Random,2486,1.8225040435791016,15.006619453430176,235,1,39,50,4.954559948979592,,,,,,
Superpixel,1647,4.234249114990234,13.495749473571776,236,1,44,50,3.2824457908163267,,,,,,
CAM,1647,-1.0942840576171875,13.495749473571776,236,1,44,50,3.2824457908163267,,,,,,
FAM,1647,-0.6583576202392578,13.495749473571776,236,1,44,50,3.2824457908163267,,,,,,
Random,1647,1.3603477478027344,13.495749473571776,236,1,44,50,3.2824457908163267,,,,,,
Superpixel,2072,6.030569076538086,14.807310104370115,237,1,42,50,4.129464285714286,,,,,,
CAM,2072,1.7812604904174805,14.807310104370115,237,1,42,50,4.129464285714286,,,,,,
FAM,2072,4.010428428649902,14.807310104370115,237,1,42,50,4.129464285714286,,,,,,
Random,2072,0.8545598983764648,14.807310104370115,237,1,42,50,4.129464285714286,,,,,,
Superpixel,1327,3.671519279479981,10.925312042236328,238,1,47,50,2.64469068877551,,,,,,
CAM,1327,0.7669229507446289,10.925312042236328,238,1,47,50,2.64469068877551,,,,,,
FAM,1327,0.9302339553833008,10.925312042236328,238,1,47,50,2.64469068877551,,,,,,
Random,1327,0.377105712890625,10.925312042236328,238,1,47,50,2.64469068877551,,,,,,
Superpixel,1487,3.386505126953125,13.17171573638916,239,1,47,50,2.963568239795918,,,,,,
CAM,1487,1.803016662597656,13.17171573638916,239,1,47,50,2.963568239795918,,,,,,
FAM,1487,2.6261940002441406,13.17171573638916,239,1,47,50,2.963568239795918,,,,,,
Random,1487,0.8769283294677734,13.17171573638916,239,1,47,50,2.963568239795918,,,,,,
Superpixel,1106,1.036703109741211,13.959877967834473,240,1,48,50,2.204241071428572,,,,,,
CAM,1106,2.5250110626220703,13.959877967834473,240,1,48,50,2.204241071428572,,,,,,
FAM,1106,-1.026042938232422,13.959877967834473,240,1,48,50,2.204241071428572,,,,,,
Random,1106,1.3090667724609375,13.959877967834473,240,1,48,50,2.204241071428572,,,,,,
Superpixel,1802,4.769699096679688,14.099804878234863,241,1,43,50,3.591358418367347,,,,,,
CAM,1802,0.7318811416625977,14.099804878234863,241,1,43,50,3.591358418367347,,,,,,
FAM,1802,0.6007804870605469,14.099804878234863,241,1,43,50,3.591358418367347,,,,,,
Random,1802,0.7399158477783203,14.099804878234863,241,1,43,50,3.591358418367347,,,,,,
Superpixel,2557,1.4955482482910156,13.501015663146973,242,1,40,50,5.096061862244898,,,,,,
CAM,2557,5.765352249145508,13.501015663146973,242,1,40,50,5.096061862244898,,,,,,
FAM,2557,3.486134529113769,13.501015663146973,242,1,40,50,5.096061862244898,,,,,,
Random,2557,4.016399383544922,13.501015663146973,242,1,40,50,5.096061862244898,,,,,,
Superpixel,1077,1.0571537017822266,15.295615196228027,243,1,44,50,2.1464445153061225,,,,,,
CAM,1077,3.319232940673828,15.295615196228027,243,1,44,50,2.1464445153061225,,,,,,
FAM,1077,3.700259208679199,15.295615196228027,243,1,44,50,2.1464445153061225,,,,,,
Random,1077,3.4016828536987305,15.295615196228027,243,1,44,50,2.1464445153061225,,,,,,
Superpixel,2553,4.567715167999268,9.232186317443848,244,1,38,50,5.088089923469387,,,,,,
CAM,2553,0.3890256881713867,9.232186317443848,244,1,38,50,5.088089923469387,,,,,,
FAM,2553,0.4084539413452148,9.232186317443848,244,1,38,50,5.088089923469387,,,,,,
Random,2553,-0.2592554092407226,9.232186317443848,244,1,38,50,5.088089923469387,,,,,,
Superpixel,798,1.3424606323242188,15.88653564453125,245,1,47,50,1.5904017857142856,,,,,,
CAM,798,4.392206192016602,15.88653564453125,245,1,47,50,1.5904017857142856,,,,,,
FAM,798,11.768914699554443,15.88653564453125,245,1,47,50,1.5904017857142856,,,,,,
Random,798,7.686252593994141,15.88653564453125,245,1,47,50,1.5904017857142856,,,,,,
Superpixel,1048,5.918435573577881,10.786697387695312,246,1,45,50,2.0886479591836737,,,,,,
CAM,1048,4.281616687774658,10.786697387695312,246,1,45,50,2.0886479591836737,,,,,,
FAM,1048,3.047213077545166,10.786697387695312,246,1,45,50,2.0886479591836737,,,,,,
Random,1048,4.9645771980285645,10.786697387695312,246,1,45,50,2.0886479591836737,,,,,,
Superpixel,1271,0.5685691833496094,11.99916648864746,247,1,44,50,2.533083545918368,,,,,,
CAM,1271,0.4224109649658203,11.99916648864746,247,1,44,50,2.533083545918368,,,,,,
FAM,1271,0.3763685226440429,11.99916648864746,247,1,44,50,2.533083545918368,,,,,,
Random,1271,1.0795230865478516,11.99916648864746,247,1,44,50,2.533083545918368,,,,,,
Superpixel,1824,3.04364013671875,11.57615089416504,248,1,37,50,3.635204081632653,,,,,,
CAM,1824,4.320777416229248,11.57615089416504,248,1,37,50,3.635204081632653,,,,,,
FAM,1824,3.0252456665039062,11.57615089416504,248,1,37,50,3.635204081632653,,,,,,
Random,1824,4.283535003662109,11.57615089416504,248,1,37,50,3.635204081632653,,,,,,
Superpixel,3441,9.821807861328123,14.28640842437744,249,1,33,50,6.857860331632653,,,,,,
CAM,3441,0.8561792373657227,14.28640842437744,249,1,33,50,6.857860331632653,,,,,,
FAM,3441,5.9890642166137695,14.28640842437744,249,1,33,50,6.857860331632653,,,,,,
Random,3441,3.666339874267578,14.28640842437744,249,1,33,50,6.857860331632653,,,,,,
Superpixel,1231,0.0436525344848632,8.568169593811035,250,1,45,50,2.4533641581632653,,,,,,
CAM,1231,3.818827629089356,8.568169593811035,250,1,45,50,2.4533641581632653,,,,,,
FAM,1231,3.382607936859131,8.568169593811035,250,1,45,50,2.4533641581632653,,,,,,
Random,1231,2.3289265632629395,8.568169593811035,250,1,45,50,2.4533641581632653,,,,,,
Superpixel,1079,0.5711865425109863,7.943912029266357,251,1,46,50,2.150430484693877,,,,,,
CAM,1079,-1.2502694129943848,7.943912029266357,251,1,46,50,2.150430484693877,,,,,,
FAM,1079,0.0903487205505371,7.943912029266357,251,1,46,50,2.150430484693877,,,,,,
Random,1079,1.6589736938476562,7.943912029266357,251,1,46,50,2.150430484693877,,,,,,
Superpixel,1086,-0.9920825958251952,12.735684394836426,252,1,45,50,2.1643813775510203,,,,,,
CAM,1086,4.731573104858398,12.735684394836426,252,1,45,50,2.1643813775510203,,,,,,
FAM,1086,0.7938127517700195,12.735684394836426,252,1,45,50,2.1643813775510203,,,,,,
Random,1086,-1.324742317199707,12.735684394836426,252,1,45,50,2.1643813775510203,,,,,,
Superpixel,943,0.4539928436279297,8.80982494354248,253,1,47,50,1.8793845663265307,,,,,,
CAM,943,5.08457350730896,8.80982494354248,253,1,47,50,1.8793845663265307,,,,,,
FAM,943,0.1744775772094726,8.80982494354248,253,1,47,50,1.8793845663265307,,,,,,
Random,943,3.0614027976989746,8.80982494354248,253,1,47,50,1.8793845663265307,,,,,,
Superpixel,936,0.8563680648803711,9.8247652053833,254,1,45,50,1.865433673469388,,,,,,
CAM,936,2.792339324951172,9.8247652053833,254,1,45,50,1.865433673469388,,,,,,
FAM,936,2.541978359222412,9.8247652053833,254,1,45,50,1.865433673469388,,,,,,
Random,936,2.768968105316162,9.8247652053833,254,1,45,50,1.865433673469388,,,,,,
Superpixel,1270,-0.2985353469848633,10.662772178649902,255,1,46,50,2.53109056122449,,,,,,
CAM,1270,3.033756732940674,10.662772178649902,255,1,46,50,2.53109056122449,,,,,,
FAM,1270,5.6496357917785645,10.662772178649902,255,1,46,50,2.53109056122449,,,,,,
Random,1270,3.659143447875977,10.662772178649902,255,1,46,50,2.53109056122449,,,,,,
Superpixel,1064,6.105066299438477,15.382043838500977,256,1,45,50,2.1205357142857144,,,,,,
CAM,1064,1.296283721923828,15.382043838500977,256,1,45,50,2.1205357142857144,,,,,,
FAM,1064,7.524686336517334,15.382043838500977,256,1,45,50,2.1205357142857144,,,,,,
Random,1064,5.487024307250977,15.382043838500977,256,1,45,50,2.1205357142857144,,,,,,
Superpixel,2053,2.6624717712402344,10.048593521118164,257,1,41,50,4.091597576530613,,,,,,
CAM,2053,2.8394651412963867,10.048593521118164,257,1,41,50,4.091597576530613,,,,,,
FAM,2053,5.097291946411133,10.048593521118164,257,1,41,50,4.091597576530613,,,,,,
Random,2053,6.054147481918335,10.048593521118164,257,1,41,50,4.091597576530613,,,,,,
Superpixel,727,1.2055535316467283,9.058530807495115,258,1,47,50,1.4488998724489797,,,,,,
CAM,727,1.952470302581787,9.058530807495115,258,1,47,50,1.4488998724489797,,,,,,
FAM,727,1.8219084739685056,9.058530807495115,258,1,47,50,1.4488998724489797,,,,,,
Random,727,0.8589925765991211,9.058530807495115,258,1,47,50,1.4488998724489797,,,,,,
Superpixel,1133,0.5681743621826172,11.10348129272461,259,1,49,50,2.2580516581632653,,,,,,
CAM,1133,7.628399848937988,11.10348129272461,259,1,49,50,2.2580516581632653,,,,,,
FAM,1133,7.953923940658569,11.10348129272461,259,1,49,50,2.2580516581632653,,,,,,
Random,1133,1.426168441772461,11.10348129272461,259,1,49,50,2.2580516581632653,,,,,,
Superpixel,1060,-1.683523654937744,7.782178401947021,260,1,49,50,2.112563775510204,,,,,,
CAM,1060,4.77055549621582,7.782178401947021,260,1,49,50,2.112563775510204,,,,,,
FAM,1060,6.459037184715271,7.782178401947021,260,1,49,50,2.112563775510204,,,,,,
Random,1060,5.352215051651001,7.782178401947021,260,1,49,50,2.112563775510204,,,,,,
Superpixel,1031,2.209270477294922,10.589920997619627,261,1,46,50,2.054767219387755,,,,,,
CAM,1031,10.845820307731628,10.589920997619627,261,1,46,50,2.054767219387755,,,,,,
FAM,1031,9.347527503967283,10.589920997619627,261,1,46,50,2.054767219387755,,,,,,
Random,1031,3.210662364959717,10.589920997619627,261,1,46,50,2.054767219387755,,,,,,
Superpixel,1926,2.8630571365356445,10.4232177734375,262,1,48,50,3.838488520408164,,,,,,
CAM,1926,2.011442184448242,10.4232177734375,262,1,48,50,3.838488520408164,,,,,,
FAM,1926,0.0311183929443359,10.4232177734375,262,1,48,50,3.838488520408164,,,,,,
Random,1926,-0.7073526382446289,10.4232177734375,262,1,48,50,3.838488520408164,,,,,,
Superpixel,1153,9.327690601348875,12.715682983398438,263,1,45,50,2.2979113520408165,,,,,,
CAM,1153,6.6773295402526855,12.715682983398438,263,1,45,50,2.2979113520408165,,,,,,
FAM,1153,5.140453815460205,12.715682983398438,263,1,45,50,2.2979113520408165,,,,,,
Random,1153,5.296444416046143,12.715682983398438,263,1,45,50,2.2979113520408165,,,,,,
Superpixel,1592,-0.6521310806274414,8.014638900756836,264,1,46,50,3.172831632653061,,,,,,
CAM,1592,5.60502028465271,8.014638900756836,264,1,46,50,3.172831632653061,,,,,,
FAM,1592,5.72570013999939,8.014638900756836,264,1,46,50,3.172831632653061,,,,,,
Random,1592,4.496606349945068,8.014638900756836,264,1,46,50,3.172831632653061,,,,,,
Superpixel,1531,5.363348007202148,16.590599060058594,265,1,45,50,3.0512595663265305,,,,,,
CAM,1531,2.494234085083008,16.590599060058594,265,1,45,50,3.0512595663265305,,,,,,
FAM,1531,5.744976997375488,16.590599060058594,265,1,45,50,3.0512595663265305,,,,,,
Random,1531,6.843179702758789,16.590599060058594,265,1,45,50,3.0512595663265305,,,,,,
Superpixel,1124,4.57404088973999,11.956788063049316,266,1,47,50,2.240114795918368,,,,,,
CAM,1124,8.511162519454956,11.956788063049316,266,1,47,50,2.240114795918368,,,,,,
FAM,1124,9.14446473121643,11.956788063049316,266,1,47,50,2.240114795918368,,,,,,
Random,1124,0.0056066513061523,11.956788063049316,266,1,47,50,2.240114795918368,,,,,,
Superpixel,922,5.138126850128174,13.110607147216797,267,1,49,50,1.837531887755102,,,,,,
CAM,922,2.542576789855957,13.110607147216797,267,1,49,50,1.837531887755102,,,,,,
FAM,922,4.301420211791992,13.110607147216797,267,1,49,50,1.837531887755102,,,,,,
Random,922,0.8566675186157227,13.110607147216797,267,1,49,50,1.837531887755102,,,,,,
Superpixel,1043,-0.3372488021850586,10.649499893188477,268,1,47,50,2.0786830357142856,,,,,,
CAM,1043,-1.1025104522705078,10.649499893188477,268,1,47,50,2.0786830357142856,,,,,,
FAM,1043,0.2803735733032226,10.649499893188477,268,1,47,50,2.0786830357142856,,,,,,
Random,1043,0.445408821105957,10.649499893188477,268,1,47,50,2.0786830357142856,,,,,,
Superpixel,1265,-0.6970081329345703,11.300662994384766,269,1,47,50,2.521125637755102,,,,,,
CAM,1265,3.31634521484375,11.300662994384766,269,1,47,50,2.521125637755102,,,,,,
FAM,1265,3.4628820419311523,11.300662994384766,269,1,47,50,2.521125637755102,,,,,,
Random,1265,1.317575454711914,11.300662994384766,269,1,47,50,2.521125637755102,,,,,,
Superpixel,1583,0.4197826385498047,13.387718200683594,270,1,42,50,3.154894770408164,,,,,,
CAM,1583,9.83159112930298,13.387718200683594,270,1,42,50,3.154894770408164,,,,,,
FAM,1583,6.489734172821045,13.387718200683594,270,1,42,50,3.154894770408164,,,,,,
Random,1583,5.646175861358643,13.387718200683594,270,1,42,50,3.154894770408164,,,,,,
Superpixel,655,3.6759653091430655,8.00174331665039,271,1,48,50,1.305404974489796,,,,,,
CAM,655,6.190926194190979,8.00174331665039,271,1,48,50,1.305404974489796,,,,,,
FAM,655,3.9198169708251953,8.00174331665039,271,1,48,50,1.305404974489796,,,,,,
Random,655,4.263040065765381,8.00174331665039,271,1,48,50,1.305404974489796,,,,,,
Superpixel,882,4.077538967132568,10.862751960754396,272,1,41,50,1.7578125,,,,,,
CAM,882,4.953413486480713,10.862751960754396,272,1,41,50,1.7578125,,,,,,
FAM,882,4.096692562103272,10.862751960754396,272,1,41,50,1.7578125,,,,,,
Random,882,-0.7435178756713867,10.862751960754396,272,1,41,50,1.7578125,,,,,,
Superpixel,1133,-0.5684032440185547,12.18566608428955,273,1,48,50,2.2580516581632653,,,,,,
CAM,1133,0.3044261932373047,12.18566608428955,273,1,48,50,2.2580516581632653,,,,,,
FAM,1133,1.024892807006836,12.18566608428955,273,1,48,50,2.2580516581632653,,,,,,
Random,1133,0.8168106079101562,12.18566608428955,273,1,48,50,2.2580516581632653,,,,,,
Superpixel,883,9.150635719299316,16.64673614501953,274,1,42,50,1.7598054846938775,,,,,,
CAM,883,1.6332635879516602,16.64673614501953,274,1,42,50,1.7598054846938775,,,,,,
FAM,883,1.3815622329711914,16.64673614501953,274,1,42,50,1.7598054846938775,,,,,,
Random,883,-0.5238361358642578,16.64673614501953,274,1,42,50,1.7598054846938775,,,,,,
Superpixel,1764,5.728865623474121,15.19886589050293,275,1,48,50,3.515625,,,,,,
CAM,1764,0.2328882217407226,15.19886589050293,275,1,48,50,3.515625,,,,,,
FAM,1764,1.2843341827392578,15.19886589050293,275,1,48,50,3.515625,,,,,,
Random,1764,0.3031110763549804,15.19886589050293,275,1,48,50,3.515625,,,,,,
Superpixel,2114,-0.9032306671142578,13.627459526062012,276,1,41,50,4.213169642857143,,,,,,
CAM,2114,2.2998085021972656,13.627459526062012,276,1,41,50,4.213169642857143,,,,,,
FAM,2114,2.9981231689453125,13.627459526062012,276,1,41,50,4.213169642857143,,,,,,
Random,2114,0.7021007537841797,13.627459526062012,276,1,41,50,4.213169642857143,,,,,,
Superpixel,1053,-0.8896512985229492,10.346400260925291,277,1,48,50,2.098612882653061,,,,,,
CAM,1053,-0.7167844772338867,10.346400260925291,277,1,48,50,2.098612882653061,,,,,,
FAM,1053,0.7621726989746094,10.346400260925291,277,1,48,50,2.098612882653061,,,,,,
Random,1053,-0.7063388824462891,10.346400260925291,277,1,48,50,2.098612882653061,,,,,,
Superpixel,697,3.958762645721436,11.518095016479492,278,1,43,50,1.3891103316326532,,,,,,
CAM,697,-1.3185911178588867,11.518095016479492,278,1,43,50,1.3891103316326532,,,,,,
FAM,697,1.415914535522461,11.518095016479492,278,1,43,50,1.3891103316326532,,,,,,
Random,697,-1.2163686752319336,11.518095016479492,278,1,43,50,1.3891103316326532,,,,,,
Superpixel,538,7.284743547439575,9.506635665893556,279,1,47,50,1.0722257653061225,,,,,,
CAM,538,3.0427112579345703,9.506635665893556,279,1,47,50,1.0722257653061225,,,,,,
FAM,538,0.0068950653076171,9.506635665893556,279,1,47,50,1.0722257653061225,,,,,,
Random,538,1.4641790390014648,9.506635665893556,279,1,47,50,1.0722257653061225,,,,,,
Superpixel,2602,3.0526747703552246,9.351788520812988,280,1,42,50,5.185746173469387,,,,,,
CAM,2602,3.676514148712158,9.351788520812988,280,1,42,50,5.185746173469387,,,,,,
FAM,2602,0.5122098922729492,9.351788520812988,280,1,42,50,5.185746173469387,,,,,,
Random,2602,2.772982597351074,9.351788520812988,280,1,42,50,5.185746173469387,,,,,,
Superpixel,2956,5.268895149230957,15.694868087768556,281,1,42,50,5.891262755102041,,,,,,
CAM,2956,3.377659797668457,15.694868087768556,281,1,42,50,5.891262755102041,,,,,,
FAM,2956,4.781275749206543,15.694868087768556,281,1,42,50,5.891262755102041,,,,,,
Random,2956,4.96055793762207,15.694868087768556,281,1,42,50,5.891262755102041,,,,,,
Superpixel,1101,2.6574630737304688,13.979659080505373,282,1,46,50,2.1942761479591835,,,,,,
CAM,1101,2.3249740600585938,13.979659080505373,282,1,46,50,2.1942761479591835,,,,,,
FAM,1101,0.5311193466186523,13.979659080505373,282,1,46,50,2.1942761479591835,,,,,,
Random,1101,0.609619140625,13.979659080505373,282,1,46,50,2.1942761479591835,,,,,,
Superpixel,1662,1.9153032302856443,13.835700035095217,283,1,41,50,3.3123405612244894,,,,,,
CAM,1662,2.061408042907715,13.835700035095217,283,1,41,50,3.3123405612244894,,,,,,
FAM,1662,1.0749359130859375,13.835700035095217,283,1,41,50,3.3123405612244894,,,,,,
Random,1662,1.6307239532470703,13.835700035095217,283,1,41,50,3.3123405612244894,,,,,,
Superpixel,755,-1.075275421142578,9.070479393005373,284,1,48,50,1.504703443877551,,,,,,
CAM,755,0.1209583282470703,9.070479393005373,284,1,48,50,1.504703443877551,,,,,,
FAM,755,-0.1512002944946289,9.070479393005373,284,1,48,50,1.504703443877551,,,,,,
Random,755,-1.0974931716918943,9.070479393005373,284,1,48,50,1.504703443877551,,,,,,
Superpixel,568,1.330078125,11.145997047424316,285,1,46,50,1.132015306122449,,,,,,
CAM,568,0.5236186981201172,11.145997047424316,285,1,46,50,1.132015306122449,,,,,,
FAM,568,0.867487907409668,11.145997047424316,285,1,46,50,1.132015306122449,,,,,,
Random,568,2.056382179260254,11.145997047424316,285,1,46,50,1.132015306122449,,,,,,
Superpixel,1643,-0.0003938674926757,12.168622970581056,286,1,43,50,3.2744738520408165,,,,,,
CAM,1643,1.951142311096192,12.168622970581056,286,1,43,50,3.2744738520408165,,,,,,
FAM,1643,0.7833003997802734,12.168622970581056,286,1,43,50,3.2744738520408165,,,,,,
Random,1643,-0.8679819107055664,12.168622970581056,286,1,43,50,3.2744738520408165,,,,,,
Superpixel,1090,6.197029113769531,15.902518272399902,287,1,46,50,2.1723533163265305,,,,,,
CAM,1090,4.29122257232666,15.902518272399902,287,1,46,50,2.1723533163265305,,,,,,
FAM,1090,0.9184513092041016,15.902518272399902,287,1,46,50,2.1723533163265305,,,,,,
Random,1090,1.3710336685180664,15.902518272399902,287,1,46,50,2.1723533163265305,,,,,,
Superpixel,567,-0.3071517944335937,14.044625282287598,288,1,45,50,1.1300223214285714,,,,,,
CAM,567,-0.5718097686767578,14.044625282287598,288,1,45,50,1.1300223214285714,,,,,,
FAM,567,0.0394105911254882,14.044625282287598,288,1,45,50,1.1300223214285714,,,,,,
Random,567,-0.7637767791748047,14.044625282287598,288,1,45,50,1.1300223214285714,,,,,,
Superpixel,2624,0.5189800262451172,11.880253791809082,289,1,39,50,5.229591836734694,,,,,,
CAM,2624,5.639243125915527,11.880253791809082,289,1,39,50,5.229591836734694,,,,,,
FAM,2624,1.0578861236572266,11.880253791809082,289,1,39,50,5.229591836734694,,,,,,
Random,2624,-0.7024459838867188,11.880253791809082,289,1,39,50,5.229591836734694,,,,,,
Superpixel,1320,8.673626899719238,14.989495277404783,290,1,43,50,2.630739795918368,,,,,,
CAM,1320,1.486337661743164,14.989495277404783,290,1,43,50,2.630739795918368,,,,,,
FAM,1320,3.906625747680664,14.989495277404783,290,1,43,50,2.630739795918368,,,,,,
Random,1320,2.563333511352539,14.989495277404783,290,1,43,50,2.630739795918368,,,,,,
Superpixel,1590,7.544133186340332,17.239116668701172,291,1,44,50,3.168845663265306,,,,,,
CAM,1590,1.7880573272705078,17.239116668701172,291,1,44,50,3.168845663265306,,,,,,
FAM,1590,1.236429214477539,17.239116668701172,291,1,44,50,3.168845663265306,,,,,,
Random,1590,2.692864418029785,17.239116668701172,291,1,44,50,3.168845663265306,,,,,,
Superpixel,1225,-0.1872444152832031,12.583741188049316,292,1,48,50,2.44140625,,,,,,
CAM,1225,-0.3120536804199219,12.583741188049316,292,1,48,50,2.44140625,,,,,,
FAM,1225,4.03239631652832,12.583741188049316,292,1,48,50,2.44140625,,,,,,
Random,1225,1.2670574188232422,12.583741188049316,292,1,48,50,2.44140625,,,,,,
Superpixel,1163,3.354106903076172,14.344529151916504,293,1,44,50,2.317841198979592,,,,,,
CAM,1163,-1.337111473083496,14.344529151916504,293,1,44,50,2.317841198979592,,,,,,
FAM,1163,3.361438751220703,14.344529151916504,293,1,44,50,2.317841198979592,,,,,,
Random,1163,2.0737247467041016,14.344529151916504,293,1,44,50,2.317841198979592,,,,,,
Superpixel,1591,1.2146024703979492,9.774456977844238,294,1,40,50,3.1708386479591835,,,,,,
CAM,1591,2.330509185791016,9.774456977844238,294,1,40,50,3.1708386479591835,,,,,,
FAM,1591,-0.2888984680175781,9.774456977844238,294,1,40,50,3.1708386479591835,,,,,,
Random,1591,2.803717613220215,9.774456977844238,294,1,40,50,3.1708386479591835,,,,,,
Superpixel,771,5.916106224060059,15.452606201171877,295,1,44,50,1.5365911989795915,,,,,,
CAM,771,-0.6958770751953125,15.452606201171877,295,1,44,50,1.5365911989795915,,,,,,
FAM,771,2.197615623474121,15.452606201171877,295,1,44,50,1.5365911989795915,,,,,,
Random,771,0.9381132125854492,15.452606201171877,295,1,44,50,1.5365911989795915,,,,,,
Superpixel,639,0.7908248901367188,13.88781452178955,296,1,45,50,1.273517219387755,,,,,,
CAM,639,4.444836616516113,13.88781452178955,296,1,45,50,1.273517219387755,,,,,,
FAM,639,1.8132963180541992,13.88781452178955,296,1,45,50,1.273517219387755,,,,,,
Random,639,1.178119659423828,13.88781452178955,296,1,45,50,1.273517219387755,,,,,,
Superpixel,1196,7.669832229614258,16.863059997558594,297,1,41,50,2.383609693877551,,,,,,
CAM,1196,0.0951957702636718,16.863059997558594,297,1,41,50,2.383609693877551,,,,,,
FAM,1196,2.310574531555176,16.863059997558594,297,1,41,50,2.383609693877551,,,,,,
Random,1196,2.404953956604004,16.863059997558594,297,1,41,50,2.383609693877551,,,,,,
Superpixel,1009,7.406519889831543,14.96630573272705,298,1,47,50,2.010921556122449,,,,,,
CAM,1009,2.55802059173584,14.96630573272705,298,1,47,50,2.010921556122449,,,,,,
FAM,1009,5.9673051834106445,14.96630573272705,298,1,47,50,2.010921556122449,,,,,,
Random,1009,0.0533199310302734,14.96630573272705,298,1,47,50,2.010921556122449,,,,,,
Superpixel,991,-0.0559425354003906,13.316693305969238,299,1,45,50,1.975047831632653,,,,,,
CAM,991,2.715709686279297,13.316693305969238,299,1,45,50,1.975047831632653,,,,,,
FAM,991,0.2086086273193359,13.316693305969238,299,1,45,50,1.975047831632653,,,,,,
Random,991,1.272709846496582,13.316693305969238,299,1,45,50,1.975047831632653,,,,,,
Superpixel,940,-0.0873842239379882,11.20712184906006,300,1,49,50,1.873405612244898,,,,,,
CAM,940,9.30965781211853,11.20712184906006,300,1,49,50,1.873405612244898,,,,,,
FAM,940,7.133722305297852,11.20712184906006,300,1,49,50,1.873405612244898,,,,,,
Random,940,0.9111566543579102,11.20712184906006,300,1,49,50,1.873405612244898,,,,,,
Superpixel,972,0.015451431274414,15.920042991638184,301,1,45,50,1.93718112244898,,,,,,
CAM,972,-0.219914436340332,15.920042991638184,301,1,45,50,1.93718112244898,,,,,,
FAM,972,-0.8846273422241211,15.920042991638184,301,1,45,50,1.93718112244898,,,,,,
Random,972,0.5670032501220703,15.920042991638184,301,1,45,50,1.93718112244898,,,,,,
Superpixel,1639,0.0482368469238281,12.91293239593506,302,1,47,50,3.266501913265306,,,,,,
CAM,1639,1.935567855834961,12.91293239593506,302,1,47,50,3.266501913265306,,,,,,
FAM,1639,3.663423538208008,12.91293239593506,302,1,47,50,3.266501913265306,,,,,,
Random,1639,1.0405559539794922,12.91293239593506,302,1,47,50,3.266501913265306,,,,,,
Superpixel,1385,6.8557175397872925,8.65047550201416,303,1,47,50,2.760283801020408,,,,,,
CAM,1385,7.818276524543762,8.65047550201416,303,1,47,50,2.760283801020408,,,,,,
FAM,1385,8.818499088287354,8.65047550201416,303,1,47,50,2.760283801020408,,,,,,
Random,1385,1.6203298568725586,8.65047550201416,303,1,47,50,2.760283801020408,,,,,,
Superpixel,1059,4.222129821777344,7.639223575592041,304,1,48,50,2.1105707908163263,,,,,,
CAM,1059,3.5561537742614746,7.639223575592041,304,1,48,50,2.1105707908163263,,,,,,
FAM,1059,0.5082869529724121,7.639223575592041,304,1,48,50,2.1105707908163263,,,,,,
Random,1059,2.610513687133789,7.639223575592041,304,1,48,50,2.1105707908163263,,,,,,
Superpixel,1234,-0.5095911026000977,10.562777519226074,305,1,48,50,2.459343112244898,,,,,,
CAM,1234,2.357950210571289,10.562777519226074,305,1,48,50,2.459343112244898,,,,,,
FAM,1234,4.047879219055176,10.562777519226074,305,1,48,50,2.459343112244898,,,,,,
Random,1234,2.9909467697143555,10.562777519226074,305,1,48,50,2.459343112244898,,,,,,
Superpixel,987,1.774794578552246,12.521405220031738,306,1,48,50,1.9670758928571428,,,,,,
CAM,987,0.6372566223144531,12.521405220031738,306,1,48,50,1.9670758928571428,,,,,,
FAM,987,4.455737113952637,12.521405220031738,306,1,48,50,1.9670758928571428,,,,,,
Random,987,5.657466411590576,12.521405220031738,306,1,48,50,1.9670758928571428,,,,,,
Superpixel,1441,0.2473673820495605,7.956989765167236,307,1,41,50,2.871890943877551,,,,,,
CAM,1441,2.3604297637939453,7.956989765167236,307,1,41,50,2.871890943877551,,,,,,
FAM,1441,1.004441738128662,7.956989765167236,307,1,41,50,2.871890943877551,,,,,,
Random,1441,1.5228848457336426,7.956989765167236,307,1,41,50,2.871890943877551,,,,,,
Superpixel,1414,4.542713165283203,7.983482360839844,308,1,43,50,2.818080357142857,,,,,,
CAM,1414,5.084702014923096,7.983482360839844,308,1,43,50,2.818080357142857,,,,,,
FAM,1414,5.5090086460113525,7.983482360839844,308,1,43,50,2.818080357142857,,,,,,
Random,1414,1.7825932502746582,7.983482360839844,308,1,43,50,2.818080357142857,,,,,,
Superpixel,940,0.7473278045654297,13.487833976745604,309,1,43,50,1.873405612244898,,,,,,
CAM,940,-0.0574092864990234,13.487833976745604,309,1,43,50,1.873405612244898,,,,,,
FAM,940,1.8010368347167969,13.487833976745604,309,1,43,50,1.873405612244898,,,,,,
Random,940,6.253357887268066,13.487833976745604,309,1,43,50,1.873405612244898,,,,,,
Superpixel,694,0.2609806060791015,11.885712623596191,310,1,48,50,1.3831313775510203,,,,,,
CAM,694,1.583662033081055,11.885712623596191,310,1,48,50,1.3831313775510203,,,,,,
FAM,694,1.7055892944335938,11.885712623596191,310,1,48,50,1.3831313775510203,,,,,,
Random,694,2.63210391998291,11.885712623596191,310,1,48,50,1.3831313775510203,,,,,,
Superpixel,1219,7.508973360061645,9.580245018005373,311,1,49,50,2.4294483418367347,,,,,,
CAM,1219,7.815346837043762,9.580245018005373,311,1,49,50,2.4294483418367347,,,,,,
FAM,1219,6.77624773979187,9.580245018005373,311,1,49,50,2.4294483418367347,,,,,,
Random,1219,-0.2660331726074219,9.580245018005373,311,1,49,50,2.4294483418367347,,,,,,
Superpixel,921,-0.2190217971801757,15.623077392578123,312,1,46,50,1.8355389030612248,,,,,,
CAM,921,0.341649055480957,15.623077392578123,312,1,46,50,1.8355389030612248,,,,,,
FAM,921,2.006711006164551,15.623077392578123,312,1,46,50,1.8355389030612248,,,,,,
Random,921,1.1824884414672852,15.623077392578123,312,1,46,50,1.8355389030612248,,,,,,
Superpixel,1417,0.998509407043457,10.70521068572998,313,1,46,50,2.82405931122449,,,,,,
CAM,1417,-0.7856454849243164,10.70521068572998,313,1,46,50,2.82405931122449,,,,,,
FAM,1417,1.327432632446289,10.70521068572998,313,1,46,50,2.82405931122449,,,,,,
Random,1417,3.032854080200196,10.70521068572998,313,1,46,50,2.82405931122449,,,,,,
Superpixel,1033,0.3280830383300781,8.181416511535645,314,1,48,50,2.05875318877551,,,,,,
CAM,1033,2.3789939880371094,8.181416511535645,314,1,48,50,2.05875318877551,,,,,,
FAM,1033,2.4558815956115723,8.181416511535645,314,1,48,50,2.05875318877551,,,,,,
Random,1033,2.204461574554444,8.181416511535645,314,1,48,50,2.05875318877551,,,,,,
Superpixel,1059,2.233116149902344,16.103334426879883,315,1,45,50,2.1105707908163263,,,,,,
CAM,1059,5.305397033691406,16.103334426879883,315,1,45,50,2.1105707908163263,,,,,,
FAM,1059,2.9755897521972656,16.103334426879883,315,1,45,50,2.1105707908163263,,,,,,
Random,1059,2.728002548217773,16.103334426879883,315,1,45,50,2.1105707908163263,,,,,,
Superpixel,1288,-0.8782320022583008,11.279531478881836,316,1,45,50,2.5669642857142856,,,,,,
CAM,1288,0.4026670455932617,11.279531478881836,316,1,45,50,2.5669642857142856,,,,,,
FAM,1288,0.2185964584350586,11.279531478881836,316,1,45,50,2.5669642857142856,,,,,,
Random,1288,0.3830747604370117,11.279531478881836,316,1,45,50,2.5669642857142856,,,,,,
Superpixel,1329,0.914358139038086,12.5090913772583,317,1,45,50,2.6486766581632653,,,,,,
CAM,1329,2.2303409576416016,12.5090913772583,317,1,45,50,2.6486766581632653,,,,,,
FAM,1329,1.9662113189697263,12.5090913772583,317,1,45,50,2.6486766581632653,,,,,,
Random,1329,1.4215030670166016,12.5090913772583,317,1,45,50,2.6486766581632653,,,,,,
Superpixel,1392,3.0478835105896,8.307381629943848,318,1,44,50,2.774234693877551,,,,,,
CAM,1392,6.701648354530335,8.307381629943848,318,1,44,50,2.774234693877551,,,,,,
FAM,1392,5.564088106155396,8.307381629943848,318,1,44,50,2.774234693877551,,,,,,
Random,1392,4.677106380462647,8.307381629943848,318,1,44,50,2.774234693877551,,,,,,
Superpixel,1867,3.93338680267334,16.697917938232422,319,1,42,50,3.720902423469388,,,,,,
CAM,1867,2.248849868774414,16.697917938232422,319,1,42,50,3.720902423469388,,,,,,
FAM,1867,0.0256690979003906,16.697917938232422,319,1,42,50,3.720902423469388,,,,,,
Random,1867,2.1117849349975586,16.697917938232422,319,1,42,50,3.720902423469388,,,,,,
Superpixel,802,0.1768054962158203,12.64309787750244,320,1,46,50,1.5983737244897962,,,,,,
CAM,802,3.680475234985352,12.64309787750244,320,1,46,50,1.5983737244897962,,,,,,
FAM,802,5.239952564239502,12.64309787750244,320,1,46,50,1.5983737244897962,,,,,,
Random,802,4.751386642456055,12.64309787750244,320,1,46,50,1.5983737244897962,,,,,,
Superpixel,1201,5.011388778686523,13.365646362304688,321,1,43,50,2.393574617346939,,,,,,
CAM,1201,2.852937698364258,13.365646362304688,321,1,43,50,2.393574617346939,,,,,,
FAM,1201,0.7859773635864258,13.365646362304688,321,1,43,50,2.393574617346939,,,,,,
Random,1201,0.4179563522338867,13.365646362304688,321,1,43,50,2.393574617346939,,,,,,
Superpixel,1267,-0.0566892623901367,15.43865203857422,322,1,44,50,2.525111607142857,,,,,,
CAM,1267,2.5504446029663086,15.43865203857422,322,1,44,50,2.525111607142857,,,,,,
FAM,1267,3.872427940368652,15.43865203857422,322,1,44,50,2.525111607142857,,,,,,
Random,1267,0.7034311294555664,15.43865203857422,322,1,44,50,2.525111607142857,,,,,,
Superpixel,2603,-0.1323118209838867,12.263620376586914,323,1,40,50,5.187739158163265,,,,,,
CAM,2603,2.2575979232788086,12.263620376586914,323,1,40,50,5.187739158163265,,,,,,
FAM,2603,1.5807113647460938,12.263620376586914,323,1,40,50,5.187739158163265,,,,,,
Random,2603,3.3267602920532227,12.263620376586914,323,1,40,50,5.187739158163265,,,,,,
Superpixel,1040,1.9610624313354488,9.488368034362791,324,1,47,50,2.072704081632653,,,,,,
CAM,1040,0.2430849075317382,9.488368034362791,324,1,47,50,2.072704081632653,,,,,,
FAM,1040,1.8688502311706543,9.488368034362791,324,1,47,50,2.072704081632653,,,,,,
Random,1040,1.806729793548584,9.488368034362791,324,1,47,50,2.072704081632653,,,,,,
Superpixel,1399,-0.1895675659179687,13.348353385925291,325,1,43,50,2.7881855867346936,,,,,,
CAM,1399,0.4658765792846679,13.348353385925291,325,1,43,50,2.7881855867346936,,,,,,
FAM,1399,0.0711574554443359,13.348353385925291,325,1,43,50,2.7881855867346936,,,,,,
Random,1399,1.741558074951172,13.348353385925291,325,1,43,50,2.7881855867346936,,,,,,
Superpixel,981,-1.098118782043457,10.921833038330078,326,1,49,50,1.955117984693877,,,,,,
CAM,981,1.138148307800293,10.921833038330078,326,1,49,50,1.955117984693877,,,,,,
FAM,981,0.3832025527954101,10.921833038330078,326,1,49,50,1.955117984693877,,,,,,
Random,981,-1.6671066284179688,10.921833038330078,326,1,49,50,1.955117984693877,,,,,,
Superpixel,952,-0.2408075332641601,15.813647270202637,327,1,46,50,1.8973214285714284,,,,,,
CAM,952,1.990046501159668,15.813647270202637,327,1,46,50,1.8973214285714284,,,,,,
FAM,952,2.468179702758789,15.813647270202637,327,1,46,50,1.8973214285714284,,,,,,
Random,952,0.8118047714233398,15.813647270202637,327,1,46,50,1.8973214285714284,,,,,,
Superpixel,784,0.7129755020141602,10.02759075164795,328,1,44,50,1.5625,,,,,,
CAM,784,1.8571949005126955,10.02759075164795,328,1,44,50,1.5625,,,,,,
FAM,784,0.8187713623046875,10.02759075164795,328,1,44,50,1.5625,,,,,,
Random,784,1.9246091842651367,10.02759075164795,328,1,44,50,1.5625,,,,,,
Superpixel,1338,-0.357736587524414,14.073040008544922,329,1,47,50,2.666613520408164,,,,,,
CAM,1338,1.538106918334961,14.073040008544922,329,1,47,50,2.666613520408164,,,,,,
FAM,1338,2.606416702270508,14.073040008544922,329,1,47,50,2.666613520408164,,,,,,
Random,1338,1.3127050399780271,14.073040008544922,329,1,47,50,2.666613520408164,,,,,,
Superpixel,1254,-0.3082342147827148,12.550060272216797,330,1,46,50,2.499202806122449,,,,,,
CAM,1254,0.5900611877441406,12.550060272216797,330,1,46,50,2.499202806122449,,,,,,
FAM,1254,0.6509838104248047,12.550060272216797,330,1,46,50,2.499202806122449,,,,,,
Random,1254,2.8593320846557617,12.550060272216797,330,1,46,50,2.499202806122449,,,,,,
Superpixel,1744,6.428325653076172,13.943770408630373,331,1,46,50,3.475765306122449,,,,,,
CAM,1744,4.203433036804199,13.943770408630373,331,1,46,50,3.475765306122449,,,,,,
FAM,1744,3.6571664810180655,13.943770408630373,331,1,46,50,3.475765306122449,,,,,,
Random,1744,2.1555566787719727,13.943770408630373,331,1,46,50,3.475765306122449,,,,,,
Superpixel,2042,-0.1572561264038086,13.27929973602295,332,1,44,50,4.069674744897959,,,,,,
CAM,2042,5.403344631195068,13.27929973602295,332,1,44,50,4.069674744897959,,,,,,
FAM,2042,3.3787059783935547,13.27929973602295,332,1,44,50,4.069674744897959,,,,,,
Random,2042,0.8786725997924805,13.27929973602295,332,1,44,50,4.069674744897959,,,,,,
Superpixel,1731,7.866849899291992,15.010395050048828,333,1,45,50,3.4498565051020407,,,,,,
CAM,1731,9.722357749938965,15.010395050048828,333,1,45,50,3.4498565051020407,,,,,,
FAM,1731,6.858423233032227,15.010395050048828,333,1,45,50,3.4498565051020407,,,,,,
Random,1731,5.635357856750488,15.010395050048828,333,1,45,50,3.4498565051020407,,,,,,
Superpixel,767,5.757640838623047,12.984274864196776,334,1,47,50,1.5286192602040818,,,,,,
CAM,767,3.267789840698242,12.984274864196776,334,1,47,50,1.5286192602040818,,,,,,
FAM,767,4.658596038818359,12.984274864196776,334,1,47,50,1.5286192602040818,,,,,,
Random,767,1.348154067993164,12.984274864196776,334,1,47,50,1.5286192602040818,,,,,,
Superpixel,560,0.074193000793457,10.79786777496338,335,1,48,50,1.1160714285714286,,,,,,
CAM,560,7.510810136795044,10.79786777496338,335,1,48,50,1.1160714285714286,,,,,,
FAM,560,7.168557405471802,10.79786777496338,335,1,48,50,1.1160714285714286,,,,,,
Random,560,0.522547721862793,10.79786777496338,335,1,48,50,1.1160714285714286,,,,,,
Superpixel,1241,9.83602738380432,13.823429107666016,336,1,47,50,2.4732940051020407,,,,,,
CAM,1241,3.713263511657715,13.823429107666016,336,1,47,50,2.4732940051020407,,,,,,
FAM,1241,4.149917602539063,13.823429107666016,336,1,47,50,2.4732940051020407,,,,,,
Random,1241,-0.3628864288330078,13.823429107666016,336,1,47,50,2.4732940051020407,,,,,,
Superpixel,911,0.0657596588134765,13.756704330444336,337,1,45,50,1.815609056122449,,,,,,
CAM,911,4.315361022949219,13.756704330444336,337,1,45,50,1.815609056122449,,,,,,
FAM,911,4.9516143798828125,13.756704330444336,337,1,45,50,1.815609056122449,,,,,,
Random,911,4.191516876220703,13.756704330444336,337,1,45,50,1.815609056122449,,,,,,
Superpixel,889,0.7229747772216797,15.13203239440918,338,1,48,50,1.7717633928571428,,,,,,
CAM,889,4.144330978393555,15.13203239440918,338,1,48,50,1.7717633928571428,,,,,,
FAM,889,4.356035232543945,15.13203239440918,338,1,48,50,1.7717633928571428,,,,,,
Random,889,0.8432607650756836,15.13203239440918,338,1,48,50,1.7717633928571428,,,,,,
Superpixel,1317,7.064716577529907,11.01680850982666,339,1,44,50,2.6247608418367347,,,,,,
CAM,1317,1.8972482681274407,11.01680850982666,339,1,44,50,2.6247608418367347,,,,,,
FAM,1317,-0.96844482421875,11.01680850982666,339,1,44,50,2.6247608418367347,,,,,,
Random,1317,-0.4195098876953125,11.01680850982666,339,1,44,50,2.6247608418367347,,,,,,
Superpixel,1095,12.384810209274292,15.919769287109377,340,1,46,50,2.182318239795918,,,,,,
CAM,1095,8.75456714630127,15.919769287109377,340,1,46,50,2.182318239795918,,,,,,
FAM,1095,9.812927722930908,15.919769287109377,340,1,46,50,2.182318239795918,,,,,,
Random,1095,0.1166629791259765,15.919769287109377,340,1,46,50,2.182318239795918,,,,,,
Superpixel,729,8.361339092254639,16.254274368286133,341,1,43,50,1.4528858418367347,,,,,,
CAM,729,5.728612899780273,16.254274368286133,341,1,43,50,1.4528858418367347,,,,,,
FAM,729,3.098374366760254,16.254274368286133,341,1,43,50,1.4528858418367347,,,,,,
Random,729,-0.9974899291992188,16.254274368286133,341,1,43,50,1.4528858418367347,,,,,,
Superpixel,951,8.121581554412842,14.408669471740724,342,1,47,50,1.895328443877551,,,,,,
CAM,951,1.5550470352172852,14.408669471740724,342,1,47,50,1.895328443877551,,,,,,
FAM,951,2.6236677169799805,14.408669471740724,342,1,47,50,1.895328443877551,,,,,,
Random,951,7.255535125732422,14.408669471740724,342,1,47,50,1.895328443877551,,,,,,
Superpixel,1059,5.818899154663086,12.208805084228516,343,1,44,50,2.1105707908163263,,,,,,
CAM,1059,-0.1600933074951172,12.208805084228516,343,1,44,50,2.1105707908163263,,,,,,
FAM,1059,0.4106473922729492,12.208805084228516,343,1,44,50,2.1105707908163263,,,,,,
Random,1059,0.0703659057617187,12.208805084228516,343,1,44,50,2.1105707908163263,,,,,,
Superpixel,1030,4.124355316162109,13.76335906982422,344,1,47,50,2.052774234693877,,,,,,
CAM,1030,1.954671859741211,13.76335906982422,344,1,47,50,2.052774234693877,,,,,,
FAM,1030,0.0786027908325195,13.76335906982422,344,1,47,50,2.052774234693877,,,,,,
Random,1030,0.4485893249511719,13.76335906982422,344,1,47,50,2.052774234693877,,,,,,
Superpixel,552,3.986795425415039,13.20321273803711,345,1,42,50,1.1001275510204085,,,,,,
CAM,552,0.443425178527832,13.20321273803711,345,1,42,50,1.1001275510204085,,,,,,
FAM,552,3.3408775329589844,13.20321273803711,345,1,42,50,1.1001275510204085,,,,,,
Random,552,-0.1728401184082031,13.20321273803711,345,1,42,50,1.1001275510204085,,,,,,
Superpixel,971,0.3859233856201172,16.150007247924805,346,1,49,50,1.935188137755102,,,,,,
CAM,971,10.053164958953856,16.150007247924805,346,1,49,50,1.935188137755102,,,,,,
FAM,971,11.423113346099854,16.150007247924805,346,1,49,50,1.935188137755102,,,,,,
Random,971,4.536230087280273,16.150007247924805,346,1,49,50,1.935188137755102,,,,,,
Superpixel,689,6.275583267211914,12.391377449035645,347,1,40,50,1.3731664540816326,,,,,,
CAM,689,1.7463579177856443,12.391377449035645,347,1,40,50,1.3731664540816326,,,,,,
FAM,689,3.228269577026367,12.391377449035645,347,1,40,50,1.3731664540816326,,,,,,
Random,689,0.631007194519043,12.391377449035645,347,1,40,50,1.3731664540816326,,,,,,
Superpixel,888,7.749953508377075,10.273602485656738,348,1,37,50,1.7697704081632653,,,,,,
CAM,888,7.785359382629394,10.273602485656738,348,1,37,50,1.7697704081632653,,,,,,
FAM,888,7.574640512466431,10.273602485656738,348,1,37,50,1.7697704081632653,,,,,,
Random,888,-0.3605260848999023,10.273602485656738,348,1,37,50,1.7697704081632653,,,,,,
Superpixel,1047,5.7129974365234375,10.695701599121094,349,1,42,50,2.086654974489796,,,,,,
CAM,1047,5.485771179199219,10.695701599121094,349,1,42,50,2.086654974489796,,,,,,
FAM,1047,5.769429683685303,10.695701599121094,349,1,42,50,2.086654974489796,,,,,,
Random,1047,0.4136104583740234,10.695701599121094,349,1,42,50,2.086654974489796,,,,,,
Superpixel,722,3.9959096908569336,13.8681640625,350,1,40,50,1.4389349489795915,,,,,,
CAM,722,4.9431915283203125,13.8681640625,350,1,40,50,1.4389349489795915,,,,,,
FAM,722,3.282365798950196,13.8681640625,350,1,40,50,1.4389349489795915,,,,,,
Random,722,0.8355236053466797,13.8681640625,350,1,40,50,1.4389349489795915,,,,,,
Superpixel,962,3.989682197570801,11.2779541015625,351,1,44,50,1.917251275510204,,,,,,
CAM,962,-0.904653549194336,11.2779541015625,351,1,44,50,1.917251275510204,,,,,,
FAM,962,-0.6385822296142578,11.2779541015625,351,1,44,50,1.917251275510204,,,,,,
Random,962,6.136078357696533,11.2779541015625,351,1,44,50,1.917251275510204,,,,,,
Superpixel,625,1.6382780075073242,8.580537796020508,352,1,42,50,1.2456154336734695,,,,,,
CAM,625,1.1435918807983398,8.580537796020508,352,1,42,50,1.2456154336734695,,,,,,
FAM,625,0.4241352081298828,8.580537796020508,352,1,42,50,1.2456154336734695,,,,,,
Random,625,0.7627840042114258,8.580537796020508,352,1,42,50,1.2456154336734695,,,,,,
Superpixel,1454,9.637489557266235,11.65229606628418,353,1,46,50,2.89779974489796,,,,,,
CAM,1454,9.24591898918152,11.65229606628418,353,1,46,50,2.89779974489796,,,,,,
FAM,1454,5.0506463050842285,11.65229606628418,353,1,46,50,2.89779974489796,,,,,,
Random,1454,0.2542991638183594,11.65229606628418,353,1,46,50,2.89779974489796,,,,,,
Superpixel,1720,4.549234390258789,12.064424514770508,354,1,42,50,3.427933673469388,,,,,,
CAM,1720,1.9381046295166016,12.064424514770508,354,1,42,50,3.427933673469388,,,,,,
FAM,1720,0.6256647109985352,12.064424514770508,354,1,42,50,3.427933673469388,,,,,,
Random,1720,1.063131332397461,12.064424514770508,354,1,42,50,3.427933673469388,,,,,,
Superpixel,600,5.926231384277344,12.731801986694336,355,1,46,50,1.1957908163265305,,,,,,
CAM,600,3.380411148071289,12.731801986694336,355,1,46,50,1.1957908163265305,,,,,,
FAM,600,3.272446632385254,12.731801986694336,355,1,46,50,1.1957908163265305,,,,,,
Random,600,1.3779773712158203,12.731801986694336,355,1,46,50,1.1957908163265305,,,,,,
Superpixel,1086,6.830601215362549,12.03252410888672,356,1,44,50,2.1643813775510203,,,,,,
CAM,1086,4.232540607452393,12.03252410888672,356,1,44,50,2.1643813775510203,,,,,,
FAM,1086,-1.2981863021850586,12.03252410888672,356,1,44,50,2.1643813775510203,,,,,,
Random,1086,2.4373722076416016,12.03252410888672,356,1,44,50,2.1643813775510203,,,,,,
Superpixel,2900,7.032812118530273,11.188125610351562,357,1,43,50,5.779655612244898,,,,,,
CAM,2900,5.930020332336426,11.188125610351562,357,1,43,50,5.779655612244898,,,,,,
FAM,2900,6.489555358886719,11.188125610351562,357,1,43,50,5.779655612244898,,,,,,
Random,2900,0.041914939880371,11.188125610351562,357,1,43,50,5.779655612244898,,,,,,
Superpixel,991,1.8170204162597656,15.25149154663086,358,1,39,50,1.975047831632653,,,,,,
CAM,991,0.8544816970825195,15.25149154663086,358,1,39,50,1.975047831632653,,,,,,
FAM,991,1.576763153076172,15.25149154663086,358,1,39,50,1.975047831632653,,,,,,
Random,991,-0.3647603988647461,15.25149154663086,358,1,39,50,1.975047831632653,,,,,,
Superpixel,1751,8.731018781661987,12.692386627197266,359,1,42,50,3.4897161989795924,,,,,,
CAM,1751,7.706442356109619,12.692386627197266,359,1,42,50,3.4897161989795924,,,,,,
FAM,1751,4.170229911804199,12.692386627197266,359,1,42,50,3.4897161989795924,,,,,,
Random,1751,3.432737350463867,12.692386627197266,359,1,42,50,3.4897161989795924,,,,,,
Superpixel,631,2.79780912399292,9.10841178894043,360,1,46,50,1.2575733418367347,,,,,,
CAM,631,3.008913516998291,9.10841178894043,360,1,46,50,1.2575733418367347,,,,,,
FAM,631,3.7595386505126953,9.10841178894043,360,1,46,50,1.2575733418367347,,,,,,
Random,631,-1.218815803527832,9.10841178894043,360,1,46,50,1.2575733418367347,,,,,,
Superpixel,676,2.551053047180176,9.318045616149902,361,1,44,50,1.3472576530612246,,,,,,
CAM,676,1.0690155029296875,9.318045616149902,361,1,44,50,1.3472576530612246,,,,,,
FAM,676,-0.1900930404663086,9.318045616149902,361,1,44,50,1.3472576530612246,,,,,,
Random,676,0.3280515670776367,9.318045616149902,361,1,44,50,1.3472576530612246,,,,,,
Superpixel,777,2.096808910369873,8.096786499023438,362,1,46,50,1.5485491071428572,,,,,,
CAM,777,2.385491847991944,8.096786499023438,362,1,46,50,1.5485491071428572,,,,,,
FAM,777,2.092228412628174,8.096786499023438,362,1,46,50,1.5485491071428572,,,,,,
Random,777,0.5551638603210449,8.096786499023438,362,1,46,50,1.5485491071428572,,,,,,
Superpixel,1313,2.7358055114746094,15.25532341003418,363,1,47,50,2.6167889030612246,,,,,,
CAM,1313,15.021703347563744,15.25532341003418,363,1,47,50,2.6167889030612246,,,,,,
FAM,1313,13.550652146339417,15.25532341003418,363,1,47,50,2.6167889030612246,,,,,,
Random,1313,-0.3288860321044922,15.25532341003418,363,1,47,50,2.6167889030612246,,,,,,
Superpixel,1712,6.386361598968506,13.018765449523926,364,1,47,50,3.411989795918368,,,,,,
CAM,1712,10.322347402572632,13.018765449523926,364,1,47,50,3.411989795918368,,,,,,
FAM,1712,0.884831428527832,13.018765449523926,364,1,47,50,3.411989795918368,,,,,,
Random,1712,-1.9338140487670896,13.018765449523926,364,1,47,50,3.411989795918368,,,,,,
Superpixel,917,3.211516857147217,10.416288375854492,365,1,47,50,1.8275669642857144,,,,,,
CAM,917,8.415773868560791,10.416288375854492,365,1,47,50,1.8275669642857144,,,,,,
FAM,917,6.529999017715454,10.416288375854492,365,1,47,50,1.8275669642857144,,,,,,
Random,917,-1.674774169921875,10.416288375854492,365,1,47,50,1.8275669642857144,,,,,,
Superpixel,592,4.124319553375244,10.232054710388184,366,1,48,50,1.1798469387755102,,,,,,
CAM,592,4.873322486877441,10.232054710388184,366,1,48,50,1.1798469387755102,,,,,,
FAM,592,5.190150737762451,10.232054710388184,366,1,48,50,1.1798469387755102,,,,,,
Random,592,-0.1524887084960937,10.232054710388184,366,1,48,50,1.1798469387755102,,,,,,
Superpixel,1719,3.862544059753418,13.314410209655762,367,1,48,50,3.4259406887755106,,,,,,
CAM,1719,4.865252494812012,13.314410209655762,367,1,48,50,3.4259406887755106,,,,,,
FAM,1719,0.7271757125854492,13.314410209655762,367,1,48,50,3.4259406887755106,,,,,,
Random,1719,1.5172014236450195,13.314410209655762,367,1,48,50,3.4259406887755106,,,,,,
Superpixel,1479,11.75528272986412,11.276439666748049,368,1,44,50,2.947624362244898,,,,,,
CAM,1479,9.63624370098114,11.276439666748049,368,1,44,50,2.947624362244898,,,,,,
FAM,1479,8.72083067893982,11.276439666748049,368,1,44,50,2.947624362244898,,,,,,
Random,1479,3.9433274269104,11.276439666748049,368,1,44,50,2.947624362244898,,,,,,
Superpixel,1677,2.69668960571289,13.268479347229004,369,1,46,50,3.342235331632653,,,,,,
CAM,1677,1.7621221542358398,13.268479347229004,369,1,46,50,3.342235331632653,,,,,,
FAM,1677,3.4604368209838867,13.268479347229004,369,1,46,50,3.342235331632653,,,,,,
Random,1677,0.4268770217895508,13.268479347229004,369,1,46,50,3.342235331632653,,,,,,
Superpixel,1030,0.5634317398071289,13.779359817504885,370,1,47,50,2.052774234693877,,,,,,
CAM,1030,1.6596126556396484,13.779359817504885,370,1,47,50,2.052774234693877,,,,,,
FAM,1030,-0.7545909881591797,13.779359817504885,370,1,47,50,2.052774234693877,,,,,,
Random,1030,4.406045913696289,13.779359817504885,370,1,47,50,2.052774234693877,,,,,,
Superpixel,795,4.910209894180298,7.364414691925049,371,1,38,50,1.584422831632653,,,,,,
CAM,795,3.125577449798584,7.364414691925049,371,1,38,50,1.584422831632653,,,,,,
FAM,795,0.7984986305236816,7.364414691925049,371,1,38,50,1.584422831632653,,,,,,
Random,795,0.8439846038818359,7.364414691925049,371,1,38,50,1.584422831632653,,,,,,
Superpixel,1412,-1.9119377136230469,12.759831428527832,372,1,46,50,2.814094387755102,,,,,,
CAM,1412,6.577210426330566,12.759831428527832,372,1,46,50,2.814094387755102,,,,,,
FAM,1412,-1.8906164169311523,12.759831428527832,372,1,46,50,2.814094387755102,,,,,,
Random,1412,4.819400787353516,12.759831428527832,372,1,46,50,2.814094387755102,,,,,,
Superpixel,1394,6.089569091796875,12.169473648071287,373,1,46,50,2.7782206632653064,,,,,,
CAM,1394,1.7354049682617188,12.169473648071287,373,1,46,50,2.7782206632653064,,,,,,
FAM,1394,0.8385353088378906,12.169473648071287,373,1,46,50,2.7782206632653064,,,,,,
Random,1394,1.2691097259521484,12.169473648071287,373,1,46,50,2.7782206632653064,,,,,,
Superpixel,1049,-1.094989776611328,12.124338150024414,374,1,44,50,2.090640943877551,,,,,,
CAM,1049,5.903434753417969,12.124338150024414,374,1,44,50,2.090640943877551,,,,,,
FAM,1049,2.101600646972656,12.124338150024414,374,1,44,50,2.090640943877551,,,,,,
Random,1049,0.2282123565673828,12.124338150024414,374,1,44,50,2.090640943877551,,,,,,
Superpixel,1353,2.407499313354492,12.336267471313477,375,1,46,50,2.6965082908163263,,,,,,
CAM,1353,5.017813205718994,12.336267471313477,375,1,46,50,2.6965082908163263,,,,,,
FAM,1353,3.6119232177734375,12.336267471313477,375,1,46,50,2.6965082908163263,,,,,,
Random,1353,1.3541326522827148,12.336267471313477,375,1,46,50,2.6965082908163263,,,,,,
Superpixel,1370,2.997013092041016,12.838436126708984,376,1,49,50,2.730389030612245,,,,,,
CAM,1370,6.509189128875732,12.838436126708984,376,1,49,50,2.730389030612245,,,,,,
FAM,1370,0.1413440704345703,12.838436126708984,376,1,49,50,2.730389030612245,,,,,,
Random,1370,0.13470458984375,12.838436126708984,376,1,49,50,2.730389030612245,,,,,,
Superpixel,521,4.603493690490723,13.869569778442385,377,1,47,50,1.038345025510204,,,,,,
CAM,521,2.4386138916015625,13.869569778442385,377,1,47,50,1.038345025510204,,,,,,
FAM,521,-0.495431900024414,13.869569778442385,377,1,47,50,1.038345025510204,,,,,,
Random,521,-0.2482357025146484,13.869569778442385,377,1,47,50,1.038345025510204,,,,,,
Superpixel,697,8.60894227027893,11.192914962768556,378,1,47,50,1.3891103316326532,,,,,,
CAM,697,2.5460071563720703,11.192914962768556,378,1,47,50,1.3891103316326532,,,,,,
FAM,697,-0.8258056640625,11.192914962768556,378,1,47,50,1.3891103316326532,,,,,,
Random,697,1.1498003005981443,11.192914962768556,378,1,47,50,1.3891103316326532,,,,,,
Superpixel,1161,13.7683744430542,10.514068603515623,379,1,43,50,2.3138552295918364,,,,,,
CAM,1161,10.545887507498264,10.514068603515623,379,1,43,50,2.3138552295918364,,,,,,
FAM,1161,9.607119619846344,10.514068603515623,379,1,43,50,2.3138552295918364,,,,,,
Random,1161,4.212450981140137,10.514068603515623,379,1,43,50,2.3138552295918364,,,,,,
Superpixel,2544,6.987963199615479,12.40369987487793,380,1,45,50,5.07015306122449,,,,,,
CAM,2544,13.678003191947935,12.40369987487793,380,1,45,50,5.07015306122449,,,,,,
FAM,2544,4.695077419281006,12.40369987487793,380,1,45,50,5.07015306122449,,,,,,
Random,2544,2.6739273071289062,12.40369987487793,380,1,45,50,5.07015306122449,,,,,,
Superpixel,1534,3.5157909393310547,11.587076187133787,381,1,44,50,3.057238520408164,,,,,,
CAM,1534,1.755178451538086,11.587076187133787,381,1,44,50,3.057238520408164,,,,,,
FAM,1534,1.577680587768555,11.587076187133787,381,1,44,50,3.057238520408164,,,,,,
Random,1534,3.10302734375,11.587076187133787,381,1,44,50,3.057238520408164,,,,,,
Superpixel,694,1.4480457305908203,9.604865074157717,382,1,44,50,1.3831313775510203,,,,,,
CAM,694,1.6722087860107422,9.604865074157717,382,1,44,50,1.3831313775510203,,,,,,
FAM,694,-1.9514570236206048,9.604865074157717,382,1,44,50,1.3831313775510203,,,,,,
Random,694,-0.0277214050292968,9.604865074157717,382,1,44,50,1.3831313775510203,,,,,,
Superpixel,932,6.064789772033691,9.45546054840088,383,1,48,50,1.857461734693877,,,,,,
CAM,932,4.748450756072998,9.45546054840088,383,1,48,50,1.857461734693877,,,,,,
FAM,932,4.028472900390625,9.45546054840088,383,1,48,50,1.857461734693877,,,,,,
Random,932,-0.4601020812988281,9.45546054840088,383,1,48,50,1.857461734693877,,,,,,
Superpixel,1042,2.241971015930176,10.80064582824707,384,1,48,50,2.076690051020408,,,,,,
CAM,1042,2.4489803314208984,10.80064582824707,384,1,48,50,2.076690051020408,,,,,,
FAM,1042,4.227178573608398,10.80064582824707,384,1,48,50,2.076690051020408,,,,,,
Random,1042,-0.154815673828125,10.80064582824707,384,1,48,50,2.076690051020408,,,,,,
Superpixel,1400,3.876063346862793,10.962685585021973,385,1,47,50,2.790178571428572,,,,,,
CAM,1400,3.049809455871582,10.962685585021973,385,1,47,50,2.790178571428572,,,,,,
FAM,1400,2.0224571228027344,10.962685585021973,385,1,47,50,2.790178571428572,,,,,,
Random,1400,0.2309074401855468,10.962685585021973,385,1,47,50,2.790178571428572,,,,,,
Superpixel,1639,3.11800479888916,11.96926212310791,386,1,47,50,3.266501913265306,,,,,,
CAM,1639,4.492284297943115,11.96926212310791,386,1,47,50,3.266501913265306,,,,,,
FAM,1639,1.760807991027832,11.96926212310791,386,1,47,50,3.266501913265306,,,,,,
Random,1639,-0.7372522354125977,11.96926212310791,386,1,47,50,3.266501913265306,,,,,,
Superpixel,864,1.8361949920654297,12.72247314453125,387,1,46,50,1.7219387755102038,,,,,,
CAM,864,6.014081001281738,12.72247314453125,387,1,46,50,1.7219387755102038,,,,,,
FAM,864,-1.3572998046875,12.72247314453125,387,1,46,50,1.7219387755102038,,,,,,
Random,864,0.429356575012207,12.72247314453125,387,1,46,50,1.7219387755102038,,,,,,
Superpixel,914,4.318747520446777,12.81272792816162,388,1,46,50,1.8215880102040816,,,,,,
CAM,914,4.252056121826172,12.81272792816162,388,1,46,50,1.8215880102040816,,,,,,
FAM,914,3.1519994735717773,12.81272792816162,388,1,46,50,1.8215880102040816,,,,,,
Random,914,2.2888059616088867,12.81272792816162,388,1,46,50,1.8215880102040816,,,,,,
Superpixel,873,9.02836799621582,14.838385581970217,389,1,43,50,1.739875637755102,,,,,,
CAM,873,4.857556343078613,14.838385581970217,389,1,43,50,1.739875637755102,,,,,,
FAM,873,7.183159351348877,14.838385581970217,389,1,43,50,1.739875637755102,,,,,,
Random,873,4.319971084594727,14.838385581970217,389,1,43,50,1.739875637755102,,,,,,
Superpixel,1061,5.288994789123535,14.416349411010742,390,1,48,50,2.114556760204082,,,,,,
CAM,1061,2.838307380676269,14.416349411010742,390,1,48,50,2.114556760204082,,,,,,
FAM,1061,2.799830436706543,14.416349411010742,390,1,48,50,2.114556760204082,,,,,,
Random,1061,-0.6918802261352539,14.416349411010742,390,1,48,50,2.114556760204082,,,,,,
Superpixel,1431,5.569019794464111,10.637313842773438,391,1,42,50,2.8519610969387754,,,,,,
CAM,1431,4.404172897338867,10.637313842773438,391,1,42,50,2.8519610969387754,,,,,,
FAM,1431,4.941178798675537,10.637313842773438,391,1,42,50,2.8519610969387754,,,,,,
Random,1431,1.2144279479980469,10.637313842773438,391,1,42,50,2.8519610969387754,,,,,,
Superpixel,1567,3.508618354797364,14.043931007385254,392,1,49,50,3.1230070153061225,,,,,,
CAM,1567,6.06212854385376,14.043931007385254,392,1,49,50,3.1230070153061225,,,,,,
FAM,1567,9.449481010437012,14.043931007385254,392,1,49,50,3.1230070153061225,,,,,,
Random,1567,1.082524299621582,14.043931007385254,392,1,49,50,3.1230070153061225,,,,,,
Superpixel,1031,6.3731560707092285,13.663690567016602,393,1,44,50,2.054767219387755,,,,,,
CAM,1031,1.5492620468139648,13.663690567016602,393,1,44,50,2.054767219387755,,,,,,
FAM,1031,1.2459421157836914,13.663690567016602,393,1,44,50,2.054767219387755,,,,,,
Random,1031,1.7672080993652344,13.663690567016602,393,1,44,50,2.054767219387755,,,,,,
Superpixel,856,3.320834159851074,13.726884841918944,394,1,43,50,1.7059948979591837,,,,,,
CAM,856,-0.0049819946289062,13.726884841918944,394,1,43,50,1.7059948979591837,,,,,,
FAM,856,2.0708045959472656,13.726884841918944,394,1,43,50,1.7059948979591837,,,,,,
Random,856,1.0455284118652344,13.726884841918944,394,1,43,50,1.7059948979591837,,,,,,
Superpixel,1452,0.7091827392578125,9.495702743530272,395,1,47,50,2.893813775510204,,,,,,
CAM,1452,8.887486279010773,9.495702743530272,395,1,47,50,2.893813775510204,,,,,,
FAM,1452,9.737182572484016,9.495702743530272,395,1,47,50,2.893813775510204,,,,,,
Random,1452,5.569255828857422,9.495702743530272,395,1,47,50,2.893813775510204,,,,,,
Superpixel,908,6.843261241912842,12.505420684814451,396,1,45,50,1.8096301020408163,,,,,,
CAM,908,5.309239387512207,12.505420684814451,396,1,45,50,1.8096301020408163,,,,,,
FAM,908,4.822959899902344,12.505420684814451,396,1,45,50,1.8096301020408163,,,,,,
Random,908,2.623896598815918,12.505420684814451,396,1,45,50,1.8096301020408163,,,,,,
Superpixel,627,8.934160232543945,14.099834442138672,397,1,41,50,1.2496014030612246,,,,,,
CAM,627,4.353604316711426,14.099834442138672,397,1,41,50,1.2496014030612246,,,,,,
FAM,627,4.403461456298828,14.099834442138672,397,1,41,50,1.2496014030612246,,,,,,
Random,627,0.8324432373046875,14.099834442138672,397,1,41,50,1.2496014030612246,,,,,,
Superpixel,986,7.950347900390625,12.498822212219238,398,1,40,50,1.9650829081632653,,,,,,
CAM,986,2.1351566314697266,12.498822212219238,398,1,40,50,1.9650829081632653,,,,,,
FAM,986,4.561527252197266,12.498822212219238,398,1,40,50,1.9650829081632653,,,,,,
Random,986,-0.249176025390625,12.498822212219238,398,1,40,50,1.9650829081632653,,,,,,
Superpixel,2630,4.265432357788086,13.913810729980469,399,1,41,50,5.241549744897959,,,,,,
CAM,2630,3.829660415649414,13.913810729980469,399,1,41,50,5.241549744897959,,,,,,
FAM,2630,0.5008792877197266,13.913810729980469,399,1,41,50,5.241549744897959,,,,,,
Random,2630,1.2538414001464844,13.913810729980469,399,1,41,50,5.241549744897959,,,,,,
Superpixel,1063,8.65087604522705,14.361162185668944,400,1,45,50,2.1185427295918364,,,,,,
CAM,1063,6.735858917236328,14.361162185668944,400,1,45,50,2.1185427295918364,,,,,,
FAM,1063,4.872991561889648,14.361162185668944,400,1,45,50,2.1185427295918364,,,,,,
Random,1063,1.096181869506836,14.361162185668944,400,1,45,50,2.1185427295918364,,,,,,
Superpixel,973,1.243879318237305,13.111021041870115,401,1,47,50,1.9391741071428568,,,,,,
CAM,973,5.51921272277832,13.111021041870115,401,1,47,50,1.9391741071428568,,,,,,
FAM,973,6.2531843185424805,13.111021041870115,401,1,47,50,1.9391741071428568,,,,,,
Random,973,0.7343788146972656,13.111021041870115,401,1,47,50,1.9391741071428568,,,,,,
Superpixel,1818,5.85761833190918,14.034173965454102,402,1,43,50,3.623246173469388,,,,,,
CAM,1818,4.736442565917969,14.034173965454102,402,1,43,50,3.623246173469388,,,,,,
FAM,1818,3.490406036376953,14.034173965454102,402,1,43,50,3.623246173469388,,,,,,
Random,1818,3.5673084259033203,14.034173965454102,402,1,43,50,3.623246173469388,,,,,,
Superpixel,772,4.711904525756836,13.451725959777832,403,1,46,50,1.5385841836734695,,,,,,
CAM,772,1.7416858673095703,13.451725959777832,403,1,46,50,1.5385841836734695,,,,,,
FAM,772,2.6132020950317383,13.451725959777832,403,1,46,50,1.5385841836734695,,,,,,
Random,772,0.969822883605957,13.451725959777832,403,1,46,50,1.5385841836734695,,,,,,
Superpixel,876,5.602433204650879,14.420814514160156,404,1,42,50,1.7458545918367347,,,,,,
CAM,876,4.332714080810547,14.420814514160156,404,1,42,50,1.7458545918367347,,,,,,
FAM,876,3.155216217041016,14.420814514160156,404,1,42,50,1.7458545918367347,,,,,,
Random,876,0.7433547973632812,14.420814514160156,404,1,42,50,1.7458545918367347,,,,,,
Superpixel,1712,0.7763214111328125,9.922111511230469,405,1,49,50,3.411989795918368,,,,,,
CAM,1712,7.129469156265259,9.922111511230469,405,1,49,50,3.411989795918368,,,,,,
FAM,1712,7.765981435775757,9.922111511230469,405,1,49,50,3.411989795918368,,,,,,
Random,1712,8.026190638542175,9.922111511230469,405,1,49,50,3.411989795918368,,,,,,
Superpixel,1699,12.578768014907835,16.47260284423828,406,1,41,50,3.38608099489796,,,,,,
CAM,1699,12.341928482055664,16.47260284423828,406,1,41,50,3.38608099489796,,,,,,
FAM,1699,9.7306547164917,16.47260284423828,406,1,41,50,3.38608099489796,,,,,,
Random,1699,-0.381021499633789,16.47260284423828,406,1,41,50,3.38608099489796,,,,,,
Superpixel,1401,2.6060943603515625,9.179950714111328,407,1,48,50,2.792171556122449,,,,,,
CAM,1401,6.892790794372559,9.179950714111328,407,1,48,50,2.792171556122449,,,,,,
FAM,1401,5.964581251144409,9.179950714111328,407,1,48,50,2.792171556122449,,,,,,
Random,1401,-0.0429649353027343,9.179950714111328,407,1,48,50,2.792171556122449,,,,,,
Superpixel,1019,1.4611778259277344,11.914968490600586,408,1,47,50,2.0308514030612246,,,,,,
CAM,1019,1.4145755767822266,11.914968490600586,408,1,47,50,2.0308514030612246,,,,,,
FAM,1019,0.7586336135864258,11.914968490600586,408,1,47,50,2.0308514030612246,,,,,,
Random,1019,-0.2449569702148437,11.914968490600586,408,1,47,50,2.0308514030612246,,,,,,
Superpixel,1016,7.769385814666748,15.533082008361816,409,1,44,50,2.024872448979592,,,,,,
CAM,1016,1.7278194427490234,15.533082008361816,409,1,44,50,2.024872448979592,,,,,,
FAM,1016,4.646792411804199,15.533082008361816,409,1,44,50,2.024872448979592,,,,,,
Random,1016,1.078603744506836,15.533082008361816,409,1,44,50,2.024872448979592,,,,,,
Superpixel,1133,5.585909843444824,10.72856616973877,410,1,47,50,2.2580516581632653,,,,,,
CAM,1133,4.336638927459717,10.72856616973877,410,1,47,50,2.2580516581632653,,,,,,
FAM,1133,3.992518901824951,10.72856616973877,410,1,47,50,2.2580516581632653,,,,,,
Random,1133,0.9522905349731444,10.72856616973877,410,1,47,50,2.2580516581632653,,,,,,
Superpixel,1519,0.2915163040161133,14.577210426330566,411,1,41,50,3.02734375,,,,,,
CAM,1519,11.036908626556396,14.577210426330566,411,1,41,50,3.02734375,,,,,,
FAM,1519,10.580474138259888,14.577210426330566,411,1,41,50,3.02734375,,,,,,
Random,1519,3.920224189758301,14.577210426330566,411,1,41,50,3.02734375,,,,,,
Superpixel,618,10.510244846343994,15.82571506500244,412,1,47,50,1.2316645408163265,,,,,,
CAM,618,9.254930019378662,15.82571506500244,412,1,47,50,1.2316645408163265,,,,,,
FAM,618,3.028029441833496,15.82571506500244,412,1,47,50,1.2316645408163265,,,,,,
Random,618,0.3419046401977539,15.82571506500244,412,1,47,50,1.2316645408163265,,,,,,
Superpixel,1460,1.5491647720336914,9.7201509475708,413,1,49,50,2.9097576530612246,,,,,,
CAM,1460,8.842186152935028,9.7201509475708,413,1,49,50,2.9097576530612246,,,,,,
FAM,1460,7.441925525665283,9.7201509475708,413,1,49,50,2.9097576530612246,,,,,,
Random,1460,7.777592062950134,9.7201509475708,413,1,49,50,2.9097576530612246,,,,,,
Superpixel,893,5.925185203552246,13.540246963500977,414,1,47,50,1.779735331632653,,,,,,
CAM,893,0.5569295883178711,13.540246963500977,414,1,47,50,1.779735331632653,,,,,,
FAM,893,4.6740922927856445,13.540246963500977,414,1,47,50,1.779735331632653,,,,,,
Random,893,0.0799493789672851,13.540246963500977,414,1,47,50,1.779735331632653,,,,,,
Superpixel,1499,5.228982925415039,15.002659797668455,415,1,42,50,2.987484056122449,,,,,,
CAM,1499,1.9844951629638672,15.002659797668455,415,1,42,50,2.987484056122449,,,,,,
FAM,1499,6.239121437072754,15.002659797668455,415,1,42,50,2.987484056122449,,,,,,
Random,1499,2.8986215591430664,15.002659797668455,415,1,42,50,2.987484056122449,,,,,,
Superpixel,1143,1.420668601989746,14.43680191040039,416,1,44,50,2.2779815051020407,,,,,,
CAM,1143,2.031671524047852,14.43680191040039,416,1,44,50,2.2779815051020407,,,,,,
FAM,1143,0.4243030548095703,14.43680191040039,416,1,44,50,2.2779815051020407,,,,,,
Random,1143,-0.6913948059082031,14.43680191040039,416,1,44,50,2.2779815051020407,,,,,,
Superpixel,1458,2.068756103515625,14.637850761413574,417,1,40,50,2.905771683673469,,,,,,
CAM,1458,1.9354677200317385,14.637850761413574,417,1,40,50,2.905771683673469,,,,,,
FAM,1458,3.548624992370605,14.637850761413574,417,1,40,50,2.905771683673469,,,,,,
Random,1458,2.604008674621582,14.637850761413574,417,1,40,50,2.905771683673469,,,,,,
Superpixel,2445,2.047391891479492,12.88090705871582,418,1,44,50,4.872847576530613,,,,,,
CAM,2445,6.833182334899902,12.88090705871582,418,1,44,50,4.872847576530613,,,,,,
FAM,2445,8.725167274475098,12.88090705871582,418,1,44,50,4.872847576530613,,,,,,
Random,2445,3.504575729370117,12.88090705871582,418,1,44,50,4.872847576530613,,,,,,
Superpixel,1286,3.473465919494629,12.210949897766112,419,1,40,50,2.5629783163265305,,,,,,
CAM,1286,5.341675758361816,12.210949897766112,419,1,40,50,2.5629783163265305,,,,,,
FAM,1286,2.4079980850219727,12.210949897766112,419,1,40,50,2.5629783163265305,,,,,,
Random,1286,0.8515291213989258,12.210949897766112,419,1,40,50,2.5629783163265305,,,,,,
Superpixel,1293,-0.5611400604248047,14.427797317504885,420,1,43,50,2.5769292091836737,,,,,,
CAM,1293,1.548004150390625,14.427797317504885,420,1,43,50,2.5769292091836737,,,,,,
FAM,1293,1.2844762802124023,14.427797317504885,420,1,43,50,2.5769292091836737,,,,,,
Random,1293,0.2303686141967773,14.427797317504885,420,1,43,50,2.5769292091836737,,,,,,
Superpixel,1100,-0.1891059875488281,16.625398635864258,421,1,47,50,2.1922831632653064,,,,,,
CAM,1100,0.7970485687255859,16.625398635864258,421,1,47,50,2.1922831632653064,,,,,,
FAM,1100,4.326747894287109,16.625398635864258,421,1,47,50,2.1922831632653064,,,,,,
Random,1100,5.645413398742676,16.625398635864258,421,1,47,50,2.1922831632653064,,,,,,
Superpixel,1407,0.9258947372436525,13.700872421264648,422,1,46,50,2.8041294642857144,,,,,,
CAM,1407,1.6213645935058594,13.700872421264648,422,1,46,50,2.8041294642857144,,,,,,
FAM,1407,-0.3077526092529297,13.700872421264648,422,1,46,50,2.8041294642857144,,,,,,
Random,1407,1.6111373901367188,13.700872421264648,422,1,46,50,2.8041294642857144,,,,,,
Superpixel,931,-0.2307310104370117,11.946178436279297,423,1,45,50,1.85546875,,,,,,
CAM,931,8.366451501846313,11.946178436279297,423,1,45,50,1.85546875,,,,,,
FAM,931,0.9565410614013672,11.946178436279297,423,1,45,50,1.85546875,,,,,,
Random,931,0.0253725051879882,11.946178436279297,423,1,45,50,1.85546875,,,,,,
Superpixel,1013,3.635479927062988,14.980913162231444,424,1,48,50,2.01889349489796,,,,,,
CAM,1013,4.063243865966797,14.980913162231444,424,1,48,50,2.01889349489796,,,,,,
FAM,1013,-0.7271575927734375,14.980913162231444,424,1,48,50,2.01889349489796,,,,,,
Random,1013,3.965268135070801,14.980913162231444,424,1,48,50,2.01889349489796,,,,,,
Superpixel,2994,5.607781887054443,12.120121002197266,425,1,41,50,5.966996173469387,,,,,,
CAM,2994,5.095217704772949,12.120121002197266,425,1,41,50,5.966996173469387,,,,,,
FAM,2994,3.1890525817871094,12.120121002197266,425,1,41,50,5.966996173469387,,,,,,
Random,2994,1.018291473388672,12.120121002197266,425,1,41,50,5.966996173469387,,,,,,
Superpixel,1174,6.26353931427002,15.36510944366455,426,1,42,50,2.339764030612245,,,,,,
CAM,1174,6.354537010192871,15.36510944366455,426,1,42,50,2.339764030612245,,,,,,
FAM,1174,3.026667594909668,15.36510944366455,426,1,42,50,2.339764030612245,,,,,,
Random,1174,3.163187026977539,15.36510944366455,426,1,42,50,2.339764030612245,,,,,,
Superpixel,1645,3.9036712646484375,16.099628448486328,427,1,47,50,3.278459821428571,,,,,,
CAM,1645,7.473724365234375,16.099628448486328,427,1,47,50,3.278459821428571,,,,,,
FAM,1645,5.524505615234375,16.099628448486328,427,1,47,50,3.278459821428571,,,,,,
Random,1645,0.8776540756225586,16.099628448486328,427,1,47,50,3.278459821428571,,,,,,
Superpixel,1660,-1.169219970703125,13.853906631469728,428,1,44,50,3.3083545918367347,,,,,,
CAM,1660,1.497026443481445,13.853906631469728,428,1,44,50,3.3083545918367347,,,,,,
FAM,1660,1.7591876983642578,13.853906631469728,428,1,44,50,3.3083545918367347,,,,,,
Random,1660,1.0405750274658203,13.853906631469728,428,1,44,50,3.3083545918367347,,,,,,
Superpixel,1639,1.8325867652893064,7.009143352508545,429,1,40,50,3.266501913265306,,,,,,
CAM,1639,3.3392019271850586,7.009143352508545,429,1,40,50,3.266501913265306,,,,,,
FAM,1639,3.1183745861053467,7.009143352508545,429,1,40,50,3.266501913265306,,,,,,
Random,1639,0.8673210144042969,7.009143352508545,429,1,40,50,3.266501913265306,,,,,,
Superpixel,590,0.8097085952758789,11.486364364624023,430,1,49,50,1.175860969387755,,,,,,
CAM,590,5.924538612365723,11.486364364624023,430,1,49,50,1.175860969387755,,,,,,
FAM,590,5.673398017883301,11.486364364624023,430,1,49,50,1.175860969387755,,,,,,
Random,590,6.876212120056152,11.486364364624023,430,1,49,50,1.175860969387755,,,,,,
Superpixel,1834,0.3326234817504883,12.940951347351074,431,1,46,50,3.655133928571429,,,,,,
CAM,1834,3.579197883605957,12.940951347351074,431,1,46,50,3.655133928571429,,,,,,
FAM,1834,0.3781032562255859,12.940951347351074,431,1,46,50,3.655133928571429,,,,,,
Random,1834,2.959944725036621,12.940951347351074,431,1,46,50,3.655133928571429,,,,,,
Superpixel,1208,1.1583404541015625,10.296008110046388,432,1,46,50,2.407525510204082,,,,,,
CAM,1208,0.2230253219604492,10.296008110046388,432,1,46,50,2.407525510204082,,,,,,
FAM,1208,2.8515429496765137,10.296008110046388,432,1,46,50,2.407525510204082,,,,,,
Random,1208,-0.0077066421508789,10.296008110046388,432,1,46,50,2.407525510204082,,,,,,
Superpixel,1071,1.90509033203125,11.46733283996582,433,1,48,50,2.134486607142857,,,,,,
CAM,1071,2.9585351943969727,11.46733283996582,433,1,48,50,2.134486607142857,,,,,,
FAM,1071,3.8276662826538086,11.46733283996582,433,1,48,50,2.134486607142857,,,,,,
Random,1071,3.023527145385742,11.46733283996582,433,1,48,50,2.134486607142857,,,,,,
Superpixel,791,0.1477060317993164,15.526396751403809,434,1,46,50,1.5764508928571428,,,,,,
CAM,791,1.8969659805297847,15.526396751403809,434,1,46,50,1.5764508928571428,,,,,,
FAM,791,2.5279226303100586,15.526396751403809,434,1,46,50,1.5764508928571428,,,,,,
Random,791,3.058135986328125,15.526396751403809,434,1,46,50,1.5764508928571428,,,,,,
Superpixel,708,0.0746078491210937,14.731511116027832,435,1,41,50,1.411033163265306,,,,,,
CAM,708,4.672718048095703,14.731511116027832,435,1,41,50,1.411033163265306,,,,,,
FAM,708,1.843491554260254,14.731511116027832,435,1,41,50,1.411033163265306,,,,,,
Random,708,0.2979135513305664,14.731511116027832,435,1,41,50,1.411033163265306,,,,,,
Superpixel,1480,-1.013559341430664,13.77619743347168,436,1,45,50,2.9496173469387754,,,,,,
CAM,1480,-0.0245084762573242,13.77619743347168,436,1,45,50,2.9496173469387754,,,,,,
FAM,1480,3.122542381286621,13.77619743347168,436,1,45,50,2.9496173469387754,,,,,,
Random,1480,4.865976333618164,13.77619743347168,436,1,45,50,2.9496173469387754,,,,,,
Superpixel,1459,2.182875633239746,11.253127098083496,437,1,42,50,2.907764668367347,,,,,,
CAM,1459,-0.0631084442138671,11.253127098083496,437,1,42,50,2.907764668367347,,,,,,
FAM,1459,1.6978845596313477,11.253127098083496,437,1,42,50,2.907764668367347,,,,,,
Random,1459,2.469313621520996,11.253127098083496,437,1,42,50,2.907764668367347,,,,,,
Superpixel,1237,5.136013031005859,16.001462936401367,438,1,48,50,2.4653220663265305,,,,,,
CAM,1237,1.6138019561767578,16.001462936401367,438,1,48,50,2.4653220663265305,,,,,,
FAM,1237,5.446144104003906,16.001462936401367,438,1,48,50,2.4653220663265305,,,,,,
Random,1237,1.7139406204223633,16.001462936401367,438,1,48,50,2.4653220663265305,,,,,,
Superpixel,745,2.8554000854492188,7.564890384674072,439,1,48,50,1.4847735969387754,,,,,,
CAM,745,2.4158825874328613,7.564890384674072,439,1,48,50,1.4847735969387754,,,,,,
FAM,745,3.0799560546875,7.564890384674072,439,1,48,50,1.4847735969387754,,,,,,
Random,745,1.4815077781677246,7.564890384674072,439,1,48,50,1.4847735969387754,,,,,,
Superpixel,779,3.139817237854004,11.33091163635254,440,1,49,50,1.5525350765306123,,,,,,
CAM,779,3.5099692344665527,11.33091163635254,440,1,49,50,1.5525350765306123,,,,,,
FAM,779,3.9920830726623535,11.33091163635254,440,1,49,50,1.5525350765306123,,,,,,
Random,779,0.1485891342163086,11.33091163635254,440,1,49,50,1.5525350765306123,,,,,,
Superpixel,1865,1.7977828979492188,13.593206405639648,441,1,43,50,3.7169164540816326,,,,,,
CAM,1865,1.5171289443969729,13.593206405639648,441,1,43,50,3.7169164540816326,,,,,,
FAM,1865,0.950115203857422,13.593206405639648,441,1,43,50,3.7169164540816326,,,,,,
Random,1865,0.4655609130859375,13.593206405639648,441,1,43,50,3.7169164540816326,,,,,,
Superpixel,921,0.1771965026855468,12.406341552734377,442,1,46,50,1.8355389030612248,,,,,,
CAM,921,1.0675106048583984,12.406341552734377,442,1,46,50,1.8355389030612248,,,,,,
FAM,921,0.0276737213134765,12.406341552734377,442,1,46,50,1.8355389030612248,,,,,,
Random,921,-0.4504890441894531,12.406341552734377,442,1,46,50,1.8355389030612248,,,,,,
Superpixel,629,-0.5958251953125,17.11969757080078,443,1,40,50,1.2535873724489797,,,,,,
CAM,629,3.514113426208496,17.11969757080078,443,1,40,50,1.2535873724489797,,,,,,
FAM,629,1.2112693786621094,17.11969757080078,443,1,40,50,1.2535873724489797,,,,,,
Random,629,0.6431236267089844,17.11969757080078,443,1,40,50,1.2535873724489797,,,,,,
Superpixel,1163,0.2599716186523437,12.829252243041992,444,1,45,50,2.317841198979592,,,,,,
CAM,1163,5.7083611488342285,12.829252243041992,444,1,45,50,2.317841198979592,,,,,,
FAM,1163,3.603971481323242,12.829252243041992,444,1,45,50,2.317841198979592,,,,,,
Random,1163,1.0599498748779297,12.829252243041992,444,1,45,50,2.317841198979592,,,,,,
Superpixel,619,-0.1275815963745117,11.656576156616213,445,1,49,50,1.233657525510204,,,,,,
CAM,619,-0.8139200210571289,11.656576156616213,445,1,49,50,1.233657525510204,,,,,,
FAM,619,-0.389963150024414,11.656576156616213,445,1,49,50,1.233657525510204,,,,,,
Random,619,-0.2744321823120117,11.656576156616213,445,1,49,50,1.233657525510204,,,,,,
Superpixel,548,1.6539430618286133,13.522462844848633,446,1,44,50,1.092155612244898,,,,,,
CAM,548,1.2878437042236328,13.522462844848633,446,1,44,50,1.092155612244898,,,,,,
FAM,548,0.32421875,13.522462844848633,446,1,44,50,1.092155612244898,,,,,,
Random,548,0.5357894897460938,13.522462844848633,446,1,44,50,1.092155612244898,,,,,,
Superpixel,1284,3.509579658508301,15.200650215148926,447,1,42,50,2.5589923469387754,,,,,,
CAM,1284,2.527726173400879,15.200650215148926,447,1,42,50,2.5589923469387754,,,,,,
FAM,1284,0.0534086227416992,15.200650215148926,447,1,42,50,2.5589923469387754,,,,,,
Random,1284,-0.0770759582519531,15.200650215148926,447,1,42,50,2.5589923469387754,,,,,,
Superpixel,645,-0.013467788696289,15.618755340576172,448,1,47,50,1.2854751275510203,,,,,,
CAM,645,0.5827178955078125,15.618755340576172,448,1,47,50,1.2854751275510203,,,,,,
FAM,645,-1.0409202575683594,15.618755340576172,448,1,47,50,1.2854751275510203,,,,,,
Random,645,-0.6752128601074219,15.618755340576172,448,1,47,50,1.2854751275510203,,,,,,
Superpixel,897,2.658328056335449,10.138473510742188,449,1,41,50,1.7877072704081634,,,,,,
CAM,897,3.589872360229492,10.138473510742188,449,1,41,50,1.7877072704081634,,,,,,
FAM,897,2.3209471702575684,10.138473510742188,449,1,41,50,1.7877072704081634,,,,,,
Random,897,0.5061464309692383,10.138473510742188,449,1,41,50,1.7877072704081634,,,,,,
Superpixel,590,-0.3131313323974609,11.010433197021484,450,1,44,50,1.175860969387755,,,,,,
CAM,590,1.9985980987548828,11.010433197021484,450,1,44,50,1.175860969387755,,,,,,
FAM,590,0.0774774551391601,11.010433197021484,450,1,44,50,1.175860969387755,,,,,,
Random,590,1.4855012893676758,11.010433197021484,450,1,44,50,1.175860969387755,,,,,,
Superpixel,850,3.101824760437012,13.473461151123049,451,1,48,50,1.6940369897959182,,,,,,
CAM,850,2.037822723388672,13.473461151123049,451,1,48,50,1.6940369897959182,,,,,,
FAM,850,3.143339157104492,13.473461151123049,451,1,48,50,1.6940369897959182,,,,,,
Random,850,0.3413524627685547,13.473461151123049,451,1,48,50,1.6940369897959182,,,,,,
Superpixel,1501,7.275210380554199,13.558069229125977,452,1,45,50,2.991470025510204,,,,,,
CAM,1501,8.031278610229492,13.558069229125977,452,1,45,50,2.991470025510204,,,,,,
FAM,1501,5.025581359863281,13.558069229125977,452,1,45,50,2.991470025510204,,,,,,
Random,1501,-0.4198074340820312,13.558069229125977,452,1,45,50,2.991470025510204,,,,,,
Superpixel,1279,2.144176483154297,15.751117706298828,453,1,42,50,2.549027423469388,,,,,,
CAM,1279,10.514957427978516,15.751117706298828,453,1,42,50,2.549027423469388,,,,,,
FAM,1279,0.7804899215698242,15.751117706298828,453,1,42,50,2.549027423469388,,,,,,
Random,1279,1.5255165100097656,15.751117706298828,453,1,42,50,2.549027423469388,,,,,,
Superpixel,1263,-0.6195287704467773,10.423739433288574,454,1,46,50,2.517139668367347,,,,,,
CAM,1263,4.488897800445557,10.423739433288574,454,1,46,50,2.517139668367347,,,,,,
FAM,1263,4.088382244110107,10.423739433288574,454,1,46,50,2.517139668367347,,,,,,
Random,1263,3.2974910736083984,10.423739433288574,454,1,46,50,2.517139668367347,,,,,,
Superpixel,904,-0.0057744979858398,12.612786293029783,455,1,48,50,1.801658163265306,,,,,,
CAM,904,2.40523624420166,12.612786293029783,455,1,48,50,1.801658163265306,,,,,,
FAM,904,3.976784706115722,12.612786293029783,455,1,48,50,1.801658163265306,,,,,,
Random,904,1.692051887512207,12.612786293029783,455,1,48,50,1.801658163265306,,,,,,
Superpixel,1827,0.5949840545654297,14.01921272277832,456,1,45,50,3.6411830357142856,,,,,,
CAM,1827,4.065492630004883,14.01921272277832,456,1,45,50,3.6411830357142856,,,,,,
FAM,1827,-0.0898914337158203,14.01921272277832,456,1,45,50,3.6411830357142856,,,,,,
Random,1827,-0.8907985687255859,14.01921272277832,456,1,45,50,3.6411830357142856,,,,,,
Superpixel,912,2.5941739082336426,7.960134506225586,457,1,48,50,1.8176020408163265,,,,,,
CAM,912,4.299179792404175,7.960134506225586,457,1,48,50,1.8176020408163265,,,,,,
FAM,912,2.6301331520080566,7.960134506225586,457,1,48,50,1.8176020408163265,,,,,,
Random,912,-0.5835695266723633,7.960134506225586,457,1,48,50,1.8176020408163265,,,,,,
Superpixel,1192,5.25255823135376,12.166885375976562,458,1,45,50,2.3756377551020407,,,,,,
CAM,1192,4.338015079498291,12.166885375976562,458,1,45,50,2.3756377551020407,,,,,,
FAM,1192,4.13456916809082,12.166885375976562,458,1,45,50,2.3756377551020407,,,,,,
Random,1192,0.0710868835449218,12.166885375976562,458,1,45,50,2.3756377551020407,,,,,,
Superpixel,1842,10.188425540924072,14.432561874389648,459,1,42,50,3.671077806122449,,,,,,
CAM,1842,8.446791172027588,14.432561874389648,459,1,42,50,3.671077806122449,,,,,,
FAM,1842,9.703954696655272,14.432561874389648,459,1,42,50,3.671077806122449,,,,,,
Random,1842,5.403797149658203,14.432561874389648,459,1,42,50,3.671077806122449,,,,,,
Superpixel,2356,2.6676244735717773,15.38392734527588,460,1,37,50,4.69547193877551,,,,,,
CAM,2356,9.75524091720581,15.38392734527588,460,1,37,50,4.69547193877551,,,,,,
FAM,2356,6.894574165344238,15.38392734527588,460,1,37,50,4.69547193877551,,,,,,
Random,2356,8.066040515899658,15.38392734527588,460,1,37,50,4.69547193877551,,,,,,
Superpixel,1698,5.655667304992676,13.74164867401123,461,1,42,50,3.384088010204082,,,,,,
CAM,1698,5.496272087097168,13.74164867401123,461,1,42,50,3.384088010204082,,,,,,
FAM,1698,5.701669692993164,13.74164867401123,461,1,42,50,3.384088010204082,,,,,,
Random,1698,5.014328956604004,13.74164867401123,461,1,42,50,3.384088010204082,,,,,,
Superpixel,2021,0.4309844970703125,12.440019607543944,462,1,43,50,4.0278220663265305,,,,,,
CAM,2021,4.973514080047607,12.440019607543944,462,1,43,50,4.0278220663265305,,,,,,
FAM,2021,6.969568729400635,12.440019607543944,462,1,43,50,4.0278220663265305,,,,,,
Random,2021,2.3867759704589844,12.440019607543944,462,1,43,50,4.0278220663265305,,,,,,
Superpixel,2236,5.804079055786133,17.04639434814453,463,1,42,50,4.456313775510204,,,,,,
CAM,2236,11.41918420791626,17.04639434814453,463,1,42,50,4.456313775510204,,,,,,
FAM,2236,4.479522705078125,17.04639434814453,463,1,42,50,4.456313775510204,,,,,,
Random,2236,11.19922685623169,17.04639434814453,463,1,42,50,4.456313775510204,,,,,,
Superpixel,796,1.9937562942504885,11.91197681427002,464,1,43,50,1.5864158163265307,,,,,,
CAM,796,2.656426429748535,11.91197681427002,464,1,43,50,1.5864158163265307,,,,,,
FAM,796,1.216167449951172,11.91197681427002,464,1,43,50,1.5864158163265307,,,,,,
Random,796,0.0531492233276367,11.91197681427002,464,1,43,50,1.5864158163265307,,,,,,
Superpixel,930,6.807211399078369,10.815690994262695,465,1,47,50,1.8534757653061225,,,,,,
CAM,930,6.792209148406982,10.815690994262695,465,1,47,50,1.8534757653061225,,,,,,
FAM,930,1.309408187866211,10.815690994262695,465,1,47,50,1.8534757653061225,,,,,,
Random,930,0.5253019332885742,10.815690994262695,465,1,47,50,1.8534757653061225,,,,,,
Superpixel,1297,7.077492952346802,8.3627290725708,466,1,42,50,2.5849011479591835,,,,,,
CAM,1297,1.8937397003173828,8.3627290725708,466,1,42,50,2.5849011479591835,,,,,,
FAM,1297,3.4613375663757324,8.3627290725708,466,1,42,50,2.5849011479591835,,,,,,
Random,1297,-0.1073846817016601,8.3627290725708,466,1,42,50,2.5849011479591835,,,,,,
Superpixel,995,5.890866279602051,13.153190612792969,467,1,48,50,1.983019770408164,,,,,,
CAM,995,2.7908077239990234,13.153190612792969,467,1,48,50,1.983019770408164,,,,,,
FAM,995,3.84935474395752,13.153190612792969,467,1,48,50,1.983019770408164,,,,,,
Random,995,4.906389236450195,13.153190612792969,467,1,48,50,1.983019770408164,,,,,,
Superpixel,866,0.6581850051879883,8.847951889038086,468,1,47,50,1.725924744897959,,,,,,
CAM,866,5.882297515869141,8.847951889038086,468,1,47,50,1.725924744897959,,,,,,
FAM,866,3.190852642059326,8.847951889038086,468,1,47,50,1.725924744897959,,,,,,
Random,866,3.957139492034912,8.847951889038086,468,1,47,50,1.725924744897959,,,,,,
Superpixel,1059,0.1355609893798828,9.869564056396484,469,1,45,50,2.1105707908163263,,,,,,
CAM,1059,2.194079875946045,9.869564056396484,469,1,45,50,2.1105707908163263,,,,,,
FAM,1059,3.36884880065918,9.869564056396484,469,1,45,50,2.1105707908163263,,,,,,
Random,1059,1.4796733856201172,9.869564056396484,469,1,45,50,2.1105707908163263,,,,,,
Superpixel,1903,1.0499191284179688,8.535066604614258,470,1,41,50,3.79264987244898,,,,,,
CAM,1903,2.3503708839416504,8.535066604614258,470,1,41,50,3.79264987244898,,,,,,
FAM,1903,3.178394317626953,8.535066604614258,470,1,41,50,3.79264987244898,,,,,,
Random,1903,1.9790339469909668,8.535066604614258,470,1,41,50,3.79264987244898,,,,,,
Superpixel,1589,1.170146942138672,12.632489204406738,471,1,42,50,3.166852678571429,,,,,,
CAM,1589,6.142301559448242,12.632489204406738,471,1,42,50,3.166852678571429,,,,,,
FAM,1589,5.551291465759277,12.632489204406738,471,1,42,50,3.166852678571429,,,,,,
Random,1589,0.0071878433227539,12.632489204406738,471,1,42,50,3.166852678571429,,,,,,
Superpixel,1513,-0.4116115570068359,12.620854377746582,472,1,35,50,3.0153858418367347,,,,,,
CAM,1513,6.651966571807861,12.620854377746582,472,1,35,50,3.0153858418367347,,,,,,
FAM,1513,2.463886260986328,12.620854377746582,472,1,35,50,3.0153858418367347,,,,,,
Random,1513,0.9460983276367188,12.620854377746582,472,1,35,50,3.0153858418367347,,,,,,
Superpixel,1342,7.647841930389404,13.987737655639648,473,1,46,50,2.6745854591836737,,,,,,
CAM,1342,8.783771991729736,13.987737655639648,473,1,46,50,2.6745854591836737,,,,,,
FAM,1342,7.121680736541748,13.987737655639648,473,1,46,50,2.6745854591836737,,,,,,
Random,1342,0.3011894226074219,13.987737655639648,473,1,46,50,2.6745854591836737,,,,,,
Superpixel,1057,0.0362148284912109,8.992033958435059,474,1,49,50,2.106584821428572,,,,,,
CAM,1057,7.186411142349243,8.992033958435059,474,1,49,50,2.106584821428572,,,,,,
FAM,1057,6.282657146453857,8.992033958435059,474,1,49,50,2.106584821428572,,,,,,
Random,1057,2.003403186798096,8.992033958435059,474,1,49,50,2.106584821428572,,,,,,
Superpixel,1004,2.0025672912597656,13.59919548034668,475,1,48,50,2.000956632653061,,,,,,
CAM,1004,8.412262439727783,13.59919548034668,475,1,48,50,2.000956632653061,,,,,,
FAM,1004,5.080053329467773,13.59919548034668,475,1,48,50,2.000956632653061,,,,,,
Random,1004,1.310075759887695,13.59919548034668,475,1,48,50,2.000956632653061,,,,,,
Superpixel,2279,5.310763835906982,11.059993743896484,476,1,42,50,4.542012117346939,,,,,,
CAM,2279,6.806180000305176,11.059993743896484,476,1,42,50,4.542012117346939,,,,,,
FAM,2279,7.299223899841309,11.059993743896484,476,1,42,50,4.542012117346939,,,,,,
Random,2279,5.291397571563721,11.059993743896484,476,1,42,50,4.542012117346939,,,,,,
Superpixel,1072,-1.2563114166259766,9.515256881713867,477,1,48,50,2.1364795918367347,,,,,,
CAM,1072,3.938168525695801,9.515256881713867,477,1,48,50,2.1364795918367347,,,,,,
FAM,1072,6.282593488693237,9.515256881713867,477,1,48,50,2.1364795918367347,,,,,,
Random,1072,-2.68013858795166,9.515256881713867,477,1,48,50,2.1364795918367347,,,,,,
Superpixel,1244,2.0695343017578125,8.106038093566895,478,1,46,50,2.4792729591836737,,,,,,
CAM,1244,-1.1229963302612305,8.106038093566895,478,1,46,50,2.4792729591836737,,,,,,
FAM,1244,-0.0462560653686523,8.106038093566895,478,1,46,50,2.4792729591836737,,,,,,
Random,1244,0.9269647598266602,8.106038093566895,478,1,46,50,2.4792729591836737,,,,,,
Superpixel,1500,2.541867733001709,9.32462215423584,479,1,43,50,2.9894770408163263,,,,,,
CAM,1500,-1.7168207168579102,9.32462215423584,479,1,43,50,2.9894770408163263,,,,,,
FAM,1500,0.3093175888061523,9.32462215423584,479,1,43,50,2.9894770408163263,,,,,,
Random,1500,0.5065288543701172,9.32462215423584,479,1,43,50,2.9894770408163263,,,,,,
Superpixel,794,0.1512737274169922,8.69333267211914,480,1,44,50,1.5824298469387754,,,,,,
CAM,794,2.0003037452697754,8.69333267211914,480,1,44,50,1.5824298469387754,,,,,,
FAM,794,4.467893123626709,8.69333267211914,480,1,44,50,1.5824298469387754,,,,,,
Random,794,0.4518795013427734,8.69333267211914,480,1,44,50,1.5824298469387754,,,,,,
Superpixel,1534,-0.2008438110351562,12.91010856628418,481,1,43,50,3.057238520408164,,,,,,
CAM,1534,4.153192520141602,12.91010856628418,481,1,43,50,3.057238520408164,,,,,,
FAM,1534,0.3244190216064453,12.91010856628418,481,1,43,50,3.057238520408164,,,,,,
Random,1534,6.642099857330322,12.91010856628418,481,1,43,50,3.057238520408164,,,,,,
Superpixel,1353,-0.462076187133789,11.24067497253418,482,1,40,50,2.6965082908163263,,,,,,
CAM,1353,3.212390899658203,11.24067497253418,482,1,40,50,2.6965082908163263,,,,,,
FAM,1353,4.243985652923584,11.24067497253418,482,1,40,50,2.6965082908163263,,,,,,
Random,1353,2.300281524658203,11.24067497253418,482,1,40,50,2.6965082908163263,,,,,,
Superpixel,1016,3.780342102050781,12.510856628417969,483,1,41,50,2.024872448979592,,,,,,
CAM,1016,1.9971904754638672,12.510856628417969,483,1,41,50,2.024872448979592,,,,,,
FAM,1016,0.2746076583862304,12.510856628417969,483,1,41,50,2.024872448979592,,,,,,
Random,1016,1.2150421142578125,12.510856628417969,483,1,41,50,2.024872448979592,,,,,,
Superpixel,2085,0.4254007339477539,13.336052894592283,484,1,43,50,4.155373086734694,,,,,,
CAM,2085,6.904836177825928,13.336052894592283,484,1,43,50,4.155373086734694,,,,,,
FAM,2085,4.3021345138549805,13.336052894592283,484,1,43,50,4.155373086734694,,,,,,
Random,2085,3.536118507385254,13.336052894592283,484,1,43,50,4.155373086734694,,,,,,
Superpixel,1046,4.314462184906006,11.77963161468506,485,1,43,50,2.084661989795918,,,,,,
CAM,1046,1.845550537109375,11.77963161468506,485,1,43,50,2.084661989795918,,,,,,
FAM,1046,3.3856821060180664,11.77963161468506,485,1,43,50,2.084661989795918,,,,,,
Random,1046,2.901360511779785,11.77963161468506,485,1,43,50,2.084661989795918,,,,,,
Superpixel,681,5.637341499328613,14.067773818969728,486,1,48,50,1.3572225765306123,,,,,,
CAM,681,9.706964492797852,14.067773818969728,486,1,48,50,1.3572225765306123,,,,,,
FAM,681,9.634082794189451,14.067773818969728,486,1,48,50,1.3572225765306123,,,,,,
Random,681,2.049576759338379,14.067773818969728,486,1,48,50,1.3572225765306123,,,,,,
Superpixel,886,-0.2801027297973633,13.88963222503662,487,1,45,50,1.7657844387755102,,,,,,
CAM,886,12.151353478431702,13.88963222503662,487,1,45,50,1.7657844387755102,,,,,,
FAM,886,11.991235971450806,13.88963222503662,487,1,45,50,1.7657844387755102,,,,,,
Random,886,3.4167871475219727,13.88963222503662,487,1,45,50,1.7657844387755102,,,,,,
Superpixel,1457,-0.1819009780883789,8.470479011535645,488,1,47,50,2.903778698979592,,,,,,
CAM,1457,0.1715068817138672,8.470479011535645,488,1,47,50,2.903778698979592,,,,,,
FAM,1457,-0.3451814651489258,8.470479011535645,488,1,47,50,2.903778698979592,,,,,,
Random,1457,1.1713800430297852,8.470479011535645,488,1,47,50,2.903778698979592,,,,,,
Superpixel,769,0.1799755096435547,12.820167541503906,489,1,43,50,1.5326052295918369,,,,,,
CAM,769,5.640411376953125,12.820167541503906,489,1,43,50,1.5326052295918369,,,,,,
FAM,769,0.7829742431640625,12.820167541503906,489,1,43,50,1.5326052295918369,,,,,,
Random,769,4.284571647644043,12.820167541503906,489,1,43,50,1.5326052295918369,,,,,,
Superpixel,1042,0.2986354827880859,14.74143409729004,490,1,35,50,2.076690051020408,,,,,,
CAM,1042,8.122869968414307,14.74143409729004,490,1,35,50,2.076690051020408,,,,,,
FAM,1042,0.5238962173461914,14.74143409729004,490,1,35,50,2.076690051020408,,,,,,
Random,1042,4.807507514953613,14.74143409729004,490,1,35,50,2.076690051020408,,,,,,
Superpixel,856,2.06705904006958,8.130158424377441,491,1,47,50,1.7059948979591837,,,,,,
CAM,856,1.191749095916748,8.130158424377441,491,1,47,50,1.7059948979591837,,,,,,
FAM,856,1.198802471160889,8.130158424377441,491,1,47,50,1.7059948979591837,,,,,,
Random,856,0.2522625923156738,8.130158424377441,491,1,47,50,1.7059948979591837,,,,,,
Superpixel,725,0.480621337890625,16.23480224609375,492,1,44,50,1.4449139030612246,,,,,,
CAM,725,6.948991775512695,16.23480224609375,492,1,44,50,1.4449139030612246,,,,,,
FAM,725,5.263218879699707,16.23480224609375,492,1,44,50,1.4449139030612246,,,,,,
Random,725,6.04112434387207,16.23480224609375,492,1,44,50,1.4449139030612246,,,,,,
Superpixel,615,5.370399475097656,16.02787971496582,493,1,43,50,1.225685586734694,,,,,,
CAM,615,3.5613365173339844,16.02787971496582,493,1,43,50,1.225685586734694,,,,,,
FAM,615,3.343335151672364,16.02787971496582,493,1,43,50,1.225685586734694,,,,,,
Random,615,1.408675193786621,16.02787971496582,493,1,43,50,1.225685586734694,,,,,,
Superpixel,1424,1.6364221572875977,13.967168807983398,494,1,43,50,2.8380102040816326,,,,,,
CAM,1424,4.340335845947266,13.967168807983398,494,1,43,50,2.8380102040816326,,,,,,
FAM,1424,5.379033088684082,13.967168807983398,494,1,43,50,2.8380102040816326,,,,,,
Random,1424,6.406824588775635,13.967168807983398,494,1,43,50,2.8380102040816326,,,,,,
Superpixel,1118,7.900706768035889,15.738525390625,495,1,40,50,2.228156887755102,,,,,,
CAM,1118,2.065641403198242,15.738525390625,495,1,40,50,2.228156887755102,,,,,,
FAM,1118,1.4329357147216797,15.738525390625,495,1,40,50,2.228156887755102,,,,,,
Random,1118,0.9261741638183594,15.738525390625,495,1,40,50,2.228156887755102,,,,,,
Superpixel,1764,4.672170639038086,10.49150562286377,496,1,43,50,3.515625,,,,,,
CAM,1764,1.722211837768555,10.49150562286377,496,1,43,50,3.515625,,,,,,
FAM,1764,2.376502990722656,10.49150562286377,496,1,43,50,3.515625,,,,,,
Random,1764,2.023479461669922,10.49150562286377,496,1,43,50,3.515625,,,,,,
Superpixel,637,11.34717082977295,13.761595726013184,497,1,43,50,1.26953125,,,,,,
CAM,637,7.342639923095703,13.761595726013184,497,1,43,50,1.26953125,,,,,,
FAM,637,9.635980129241943,13.761595726013184,497,1,43,50,1.26953125,,,,,,
Random,637,3.973727226257324,13.761595726013184,497,1,43,50,1.26953125,,,,,,
Superpixel,1167,6.09840202331543,15.232110977172852,498,1,49,50,2.325813137755102,,,,,,
CAM,1167,7.130971908569336,15.232110977172852,498,1,49,50,2.325813137755102,,,,,,
FAM,1167,6.700736045837402,15.232110977172852,498,1,49,50,2.325813137755102,,,,,,
Random,1167,1.473711013793945,15.232110977172852,498,1,49,50,2.325813137755102,,,,,,
Superpixel,1447,1.6021080017089844,11.105846405029297,499,1,48,50,2.8838488520408165,,,,,,
CAM,1447,7.296243190765381,11.105846405029297,499,1,48,50,2.8838488520408165,,,,,,
FAM,1447,6.334685325622559,11.105846405029297,499,1,48,50,2.8838488520408165,,,,,,
Random,1447,3.717642307281494,11.105846405029297,499,1,48,50,2.8838488520408165,,,,,,
Superpixel,4147,0.1572065353393554,13.099201202392578,0,1,21,30,,12.941994667053224,False,0.6612886786460876,0.3303000628948211,0.3309886157512665,17.398395538330078
CAM,4147,3.9395923614501953,13.099201202392578,0,1,21,30,,9.159608840942385,False,0.6612886786460876,0.3347589373588562,0.3265297412872314,25.591327667236328
FAM,4147,5.038298606872559,13.099201202392578,0,1,21,30,,8.06090259552002,False,0.6612886786460876,0.1287699490785598,0.532518744468689,27.22278213500977
Random,4147,3.729249000549317,13.099201202392578,0,1,21,30,,9.369952201843262,False,0.6612886786460876,0.177966371178627,0.4833223223686218,30.027406692504883
Superpixel,2788,-0.8535947799682617,14.3037748336792,1,1,21,30,,15.15736961364746,True,0.989327311515808,0.9810727834701538,0.0082545280456542,14.304888725280762
CAM,2788,4.125423431396484,14.3037748336792,1,1,21,30,,10.178351402282717,True,0.989327311515808,0.776875376701355,0.2124519348144531,18.609764099121094
FAM,2788,6.890104293823242,14.3037748336792,1,1,21,30,,7.413670539855957,True,0.989327311515808,0.2624398171901703,0.7268874645233154,22.259485244750977
Random,2788,3.496588706970215,14.3037748336792,1,1,21,30,,10.807186126708984,True,0.989327311515808,0.9106205105781556,0.0787068009376525,29.606584548950195
Superpixel,3418,2.642214775085449,9.7085542678833,2,1,22,30,,7.066339492797852,False,0.5690967440605164,0.0873742923140525,0.4817224442958832,15.71151065826416
CAM,3418,1.0929908752441406,9.7085542678833,2,1,22,30,,8.61556339263916,True,0.5690967440605164,0.4232628047466278,0.1458339393138885,32.11968231201172
FAM,3418,1.0047998428344729,9.7085542678833,2,1,22,30,,8.703754425048828,True,0.5690967440605164,0.4134350121021271,0.1556617319583892,24.093994140625
Random,3418,2.523750305175781,9.7085542678833,2,1,22,30,,7.18480396270752,False,0.5690967440605164,0.0574536249041557,0.51164311170578,27.728899002075195
Superpixel,2887,-0.939748764038086,12.617070198059082,3,1,25,30,,13.556818962097168,True,0.6019299030303955,0.9594994187355042,-0.3575695157051086,17.51429557800293
CAM,2887,2.460569381713867,12.617070198059082,3,1,25,30,,10.156500816345217,False,0.6019299030303955,0.1364098936319351,0.4655200242996216,17.779205322265625
FAM,2887,1.031757354736328,12.617070198059082,3,1,25,30,,11.585312843322754,True,0.6019299030303955,0.732343316078186,-0.1304134130477905,17.779205322265625
Random,2887,1.613311767578125,12.617070198059082,3,1,25,30,,11.003758430480955,True,0.6019299030303955,0.8066518902778625,-0.204721987247467,31.46500968933105
Superpixel,1804,-0.4246425628662109,13.0728178024292,4,1,21,30,,13.49746036529541,True,0.9761478900909424,0.932373046875,0.0437748432159423,15.633418083190918
CAM,1804,3.8106985092163086,13.0728178024292,4,1,21,30,,9.26211929321289,True,0.9761478900909424,0.7837057709693909,0.1924421191215515,9.069828987121582
FAM,1804,1.0540027618408203,13.0728178024292,4,1,21,30,,12.01881504058838,True,0.9761478900909424,0.9722198247909546,0.0039280652999877,13.360830307006836
Random,1804,-2.594463348388672,13.0728178024292,4,1,21,30,,15.667281150817873,True,0.9761478900909424,0.9960076808929444,-0.0198597908020019,35.116546630859375
Superpixel,2701,0.574732780456543,6.779087066650391,5,1,16,30,,6.204354286193848,True,0.3055950403213501,0.3415812849998474,-0.0359862446784973,17.458784103393555
CAM,2701,0.833003044128418,6.779087066650391,5,1,16,30,,5.946084022521973,True,0.3055950403213501,0.1688787043094635,0.1367163360118866,19.980743408203125
FAM,2701,1.781559944152832,6.779087066650391,5,1,16,30,,4.997527122497559,False,0.3055950403213501,0.0455435924232006,0.2600514590740204,23.101625442504883
Random,2701,2.4882960319519043,6.779087066650391,5,1,16,30,,4.290791034698486,False,0.3055950403213501,0.0351399816572666,0.2704550623893738,34.866886138916016
Superpixel,2141,0.7715339660644531,14.718029975891112,6,1,23,30,,13.94649600982666,True,0.8384060263633728,0.9272606372833252,-0.0888546109199523,10.210956573486328
CAM,2141,12.368340015411375,14.718029975891112,6,1,23,30,,2.3496899604797363,False,0.8384060263633728,0.0002273159625474,0.8381786942481995,18.365238189697266
FAM,2141,0.8077831268310547,14.718029975891112,6,1,23,30,,13.91024684906006,True,0.8384060263633728,0.8549917340278625,-0.0165857076644897,9.324334144592283
Random,2141,-0.5896282196044922,14.718029975891112,6,1,23,30,,15.307658195495604,True,0.8384060263633728,0.9747938513755798,-0.136387825012207,31.26875114440918
Superpixel,2531,2.544367790222168,14.793753623962402,7,1,23,30,,12.249385833740234,False,0.9491627216339112,0.1396279782056808,0.8095347285270691,12.1043062210083
CAM,2531,7.4865288734436035,14.793753623962402,7,1,23,30,,7.307224750518799,False,0.9491627216339112,0.0545658357441425,0.8945968747138977,23.28901100158692
FAM,2531,2.057092666625977,14.793753623962402,7,1,23,30,,12.736660957336426,True,0.9491627216339112,0.767555832862854,0.1816068887710571,20.66193008422852
Random,2531,1.723947525024414,14.793753623962402,7,1,23,30,,13.069806098937988,True,0.9491627216339112,0.948262631893158,0.0009000897407531,35.766998291015625
Superpixel,2025,-0.3257532119750976,11.846647262573242,8,1,24,30,,12.17240047454834,True,0.9195346832275392,0.8999233841896057,0.0196112990379333,13.395344734191896
CAM,2025,4.976276397705078,11.846647262573242,8,1,24,30,,6.870370864868164,True,0.9195346832275392,0.3519578576087951,0.5675768256187439,25.175180435180664
FAM,2025,6.8183770179748535,11.846647262573242,8,1,24,30,,5.028270244598389,False,0.9195346832275392,0.0286264531314373,0.8909082412719727,15.326811790466309
Random,2025,1.4839115142822266,11.846647262573242,8,1,24,30,,10.362735748291016,True,0.9195346832275392,0.8371864557266235,0.0823482275009155,33.560970306396484
Superpixel,2003,1.055466651916504,15.714459419250488,9,1,23,30,,14.658992767333984,True,0.9839437007904052,0.957014262676239,0.0269294381141662,16.987995147705078
CAM,2003,5.423434257507324,15.714459419250488,9,1,23,30,,10.291025161743164,True,0.9839437007904052,0.5287057161331177,0.4552379846572876,16.024301528930664
FAM,2003,5.131917953491211,15.714459419250488,9,1,23,30,,10.582541465759276,True,0.9839437007904052,0.7895892262458801,0.1943544745445251,15.750144004821776
Random,2003,-2.49813175201416,15.714459419250488,9,1,23,30,,18.21259117126465,True,0.9839437007904052,0.9979962110519408,-0.0140525102615356,30.55088233947754
Superpixel,2254,-0.1250896453857422,14.797472953796388,10,1,25,30,,14.922562599182127,True,0.9952379465103148,0.9921268224716188,0.0031111240386962,13.972270011901855
CAM,2254,3.536352157592773,14.797472953796388,10,1,25,30,,11.261120796203612,True,0.9952379465103148,0.8990916013717651,0.0961463451385498,11.19443702697754
FAM,2254,0.6401834487915039,14.797472953796388,10,1,25,30,,14.157289505004885,True,0.9952379465103148,0.9942557215690612,0.0009822249412536,15.239838600158691
Random,2254,2.7590293884277344,14.797472953796388,10,1,25,30,,12.038443565368652,True,0.9952379465103148,0.8953819870948792,0.0998559594154357,27.12865257263184
Superpixel,1862,-1.002335548400879,15.955321311950684,11,1,25,30,,16.957656860351562,True,0.9976735711097716,0.9986942410469056,-0.0010206699371337,12.75268268585205
CAM,1862,1.1091651916503906,15.955321311950684,11,1,25,30,,14.846156120300291,True,0.9976735711097716,0.989920735359192,0.0077528357505798,19.92124938964844
FAM,1862,0.1133632659912109,15.955321311950684,11,1,25,30,,15.841958045959473,True,0.9976735711097716,0.9984803795814514,-0.0008068084716796,13.681422233581545
Random,1862,1.6734867095947266,15.955321311950684,11,1,25,30,,14.281834602355955,True,0.9976735711097716,0.9857627153396606,0.011910855770111,32.38895797729492
Superpixel,2862,5.088132381439209,12.503718376159668,12,1,24,30,,7.415585994720459,False,0.76973956823349,0.0133831156417727,0.7563564777374268,15.64015007019043
CAM,2862,9.708571672439575,12.503718376159668,12,1,24,30,,2.7951467037200928,False,0.76973956823349,0.0004346498753875,0.7693049311637878,19.049943923950195
FAM,2862,6.892877101898193,12.503718376159668,12,1,24,30,,5.610841274261475,False,0.76973956823349,0.0021770417224615,0.7675625085830688,19.049943923950195
Random,2862,3.474674224853516,12.503718376159668,12,1,24,30,,9.029044151306152,False,0.76973956823349,0.2015523165464401,0.5681872367858887,27.25551986694336
Superpixel,1657,-1.0403289794921875,12.631207466125488,13,1,23,30,,13.671536445617676,True,0.6748366355895996,0.810357928276062,-0.1355212926864624,15.49730110168457
CAM,1657,3.151409149169922,12.631207466125488,13,1,23,30,,9.479798316955566,False,0.6748366355895996,0.3116782009601593,0.3631584346294403,22.555381774902344
FAM,1657,1.1488943099975586,12.631207466125488,13,1,23,30,,11.48231315612793,True,0.6748366355895996,0.6907405257225037,-0.015903890132904,20.46705818176269
Random,1657,0.2845735549926758,12.631207466125488,13,1,23,30,,12.346633911132812,True,0.6748366355895996,0.8425453305244446,-0.1677086949348449,36.5806999206543
Superpixel,1963,0.3951969146728515,11.779589653015137,14,1,19,30,,11.384392738342283,True,0.9047540426254272,0.84121173620224,0.0635423064231872,15.838587760925291
CAM,1963,2.25691032409668,11.779589653015137,14,1,19,30,,9.522679328918455,True,0.9047540426254272,0.6852506995201111,0.2195033431053161,24.342634201049805
FAM,1963,3.634222030639648,11.779589653015137,14,1,19,30,,8.145367622375488,False,0.9047540426254272,0.2358608543872833,0.6688932180404663,24.342634201049805
Random,1963,0.5267295837402344,11.779589653015137,14,1,19,30,,11.252860069274902,True,0.9047540426254272,0.9476391673088074,-0.0428851246833801,26.92909240722656
Superpixel,2959,-0.9162845611572266,12.841392517089844,15,1,22,30,,13.75767707824707,True,0.9295387864112854,0.9063861966133118,0.0231525897979736,12.306119918823242
CAM,2959,6.634843349456787,12.841392517089844,15,1,22,30,,6.206549167633057,False,0.9295387864112854,0.0232548117637634,0.906283974647522,19.440364837646484
FAM,2959,6.303420543670654,12.841392517089844,15,1,22,30,,6.5379719734191895,False,0.9295387864112854,0.0457210838794708,0.8838176727294922,19.440364837646484
Random,2959,1.7722129821777344,12.841392517089844,15,1,22,30,,11.06917953491211,True,0.9295387864112854,0.7919315695762634,0.1376072168350219,34.462406158447266
Superpixel,2446,3.4800753593444824,11.09400463104248,16,1,21,30,,7.613929271697998,False,0.4328779578208923,0.0149693507701158,0.4179086089134216,16.197481155395508
CAM,2446,1.8425111770629885,11.09400463104248,16,1,21,30,,9.251493453979492,False,0.4328779578208923,0.2617433369159698,0.1711346209049224,18.54254913330078
FAM,2446,5.844048976898193,11.09400463104248,16,1,21,30,,5.249955654144287,True,0.4328779578208923,0.1363548189401626,0.2965231537818908,17.836143493652344
Random,2446,6.257134914398193,11.09400463104248,16,1,21,30,,4.836869716644287,False,0.4328779578208923,0.0084148533642292,0.4244630932807922,28.391765594482425
Superpixel,3342,4.2352495193481445,12.585721015930176,17,1,24,30,,8.350471496582031,False,0.5422123670578003,0.0541981533169746,0.4880142211914062,17.121355056762695
CAM,3342,5.375340461730957,12.585721015930176,17,1,24,30,,7.210380554199219,False,0.5422123670578003,0.1813212633132934,0.3608911037445068,16.10494613647461
FAM,3342,1.0488929748535156,12.585721015930176,17,1,24,30,,11.53682804107666,False,0.5422123670578003,0.3776887953281402,0.16452357172966,16.10494613647461
Random,3342,2.719881057739258,12.585721015930176,17,1,24,30,,9.865839958190918,False,0.5422123670578003,0.3134033679962158,0.2288089990615844,34.28281021118164
Superpixel,2038,-3.0019664764404297,12.694380760192873,18,1,24,30,,15.6963472366333,True,0.9746168255805968,0.9949942231178284,-0.0203773975372314,14.927054405212402
CAM,2038,2.720855712890625,12.694380760192873,18,1,24,30,,9.973525047302246,True,0.9746168255805968,0.654163122177124,0.3204537034034729,14.024192810058594
FAM,2038,5.959087371826172,12.694380760192873,18,1,24,30,,6.735293388366699,False,0.9746168255805968,0.1760383248329162,0.7985785007476807,10.367156982421877
Random,2038,0.4325685501098633,12.694380760192873,18,1,24,30,,12.261812210083008,True,0.9746168255805968,0.9163278937339784,0.0582889318466186,26.972017288208008
Superpixel,2851,-0.1275873184204101,12.989941596984863,19,1,20,30,,13.117528915405272,True,0.7368566989898682,0.5782821774482727,0.1585745215415954,15.155854225158691
CAM,2851,3.1787338256835938,12.989941596984863,19,1,20,30,,9.81120777130127,True,0.7368566989898682,0.5140938758850098,0.2227628231048584,23.001235961914062
FAM,2851,0.7752313613891602,12.989941596984863,19,1,20,30,,12.214710235595703,True,0.7368566989898682,0.621680736541748,0.1151759624481201,22.381196975708008
Random,2851,2.1708059310913086,12.989941596984863,19,1,20,30,,10.819135665893556,True,0.7368566989898682,0.702025294303894,0.0348314046859741,31.962371826171875
Superpixel,2400,5.476696968078613,16.128185272216797,20,1,25,30,,10.651488304138184,True,0.984364688396454,0.4767369031906128,0.5076277852058411,15.989480018615724
CAM,2400,11.099979400634766,16.128185272216797,20,1,25,30,,5.028205871582031,False,0.984364688396454,0.0278466120362281,0.956518054008484,14.244074821472168
FAM,2400,6.63254451751709,16.128185272216797,20,1,25,30,,9.495640754699709,False,0.984364688396454,0.1139915734529495,0.8703731298446655,14.466500282287598
Random,2400,6.1865739822387695,16.128185272216797,20,1,25,30,,9.941611289978027,True,0.984364688396454,0.4763602018356323,0.5080044865608215,27.361995697021484
Superpixel,2561,0.3132667541503906,12.184077262878418,21,1,24,30,,11.870810508728027,False,0.6424035429954529,0.4432457983493805,0.1991577446460724,11.727036476135254
CAM,2561,3.310142517089844,12.184077262878418,21,1,24,30,,8.873934745788574,False,0.6424035429954529,0.0520435832440853,0.5903599858283997,23.269880294799805
FAM,2561,0.9248771667480468,12.184077262878418,21,1,24,30,,11.259200096130373,True,0.6424035429954529,0.5099802017211914,0.1324233412742614,19.901660919189453
Random,2561,0.087646484375,12.184077262878418,21,1,24,30,,12.096430778503418,True,0.6424035429954529,0.8124237060546875,-0.1700201630592346,27.201187133789062
Superpixel,1855,4.415658950805664,14.059261322021484,22,1,25,30,,9.64360237121582,False,0.6896565556526184,0.2027917057275772,0.4868648648262024,18.47607612609864
CAM,1855,4.3567304611206055,14.059261322021484,22,1,25,30,,9.70253086090088,False,0.6896565556526184,0.2225060164928436,0.4671505391597748,13.872968673706056
FAM,1855,6.332718849182129,14.059261322021484,22,1,25,30,,7.7265424728393555,False,0.6896565556526184,0.09604412317276,0.5936124324798584,13.872968673706056
Random,1855,3.246284484863281,14.059261322021484,22,1,25,30,,10.812976837158203,False,0.6896565556526184,0.2053584605455398,0.4842981100082397,32.56354904174805
Superpixel,2271,0.3188381195068359,12.09141731262207,23,1,22,30,,11.772579193115234,True,0.6096444725990295,0.5620734095573425,0.047571063041687,12.189929008483888
CAM,2271,9.13985538482666,12.09141731262207,23,1,22,30,,2.95156192779541,False,0.6096444725990295,0.0020793615840375,0.6075651049613953,21.703344345092773
FAM,2271,7.940237045288086,12.09141731262207,23,1,22,30,,4.151180267333984,False,0.6096444725990295,0.0018847322789952,0.6077597141265869,25.78324317932129
Random,2271,-0.8629045486450195,12.09141731262207,23,1,22,30,,12.95432186126709,True,0.6096444725990295,0.9435788989067078,-0.3339344263076782,35.754878997802734
Superpixel,3547,4.432907104492188,12.06894302368164,24,1,22,30,,7.636035919189453,False,0.674308717250824,0.1190936043858528,0.5552151203155518,16.555984497070312
CAM,3547,9.253994941711426,12.06894302368164,24,1,22,30,,2.814948081970215,False,0.674308717250824,0.0017183716408908,0.6725903749465942,24.427982330322266
FAM,3547,3.1044015884399414,12.06894302368164,24,1,22,30,,8.9645414352417,False,0.674308717250824,0.0592352077364921,0.6150735020637512,14.795639038085938
Random,3547,3.0019359588623047,12.06894302368164,24,1,22,30,,9.067007064819336,False,0.674308717250824,0.0859656557440757,0.58834308385849,29.115955352783203
Superpixel,2193,-0.3560714721679687,9.44813632965088,25,1,25,30,,9.804207801818848,True,0.4521530270576477,0.7350587248802185,-0.2829056978225708,14.486427307128906
CAM,2193,8.337072849273682,9.44813632965088,25,1,25,30,,1.1110634803771973,False,0.4521530270576477,9.40338577493094e-05,0.4520590007305145,16.23508644104004
FAM,2193,8.703466594219208,9.44813632965088,25,1,25,30,,0.7446697354316711,False,0.4521530270576477,0.0001423672656528,0.4520106613636017,16.23508644104004
Random,2193,1.6512904167175293,9.44813632965088,25,1,25,30,,7.79684591293335,True,0.4521530270576477,0.4667008519172668,-0.0145478248596191,30.83843231201172
Superpixel,1948,5.114312171936035,13.162083625793455,26,1,24,30,,8.047771453857422,False,0.9615579843521118,0.0951703041791915,0.866387665271759,13.83064079284668
CAM,1948,8.050365447998047,13.162083625793455,26,1,24,30,,5.11171817779541,False,0.9615579843521118,0.0157076213508844,0.9458503723144532,16.210739135742188
FAM,1948,8.112679481506348,13.162083625793455,26,1,24,30,,5.049404144287109,False,0.9615579843521118,0.01904190890491,0.9425160884857178,16.210739135742188
Random,1948,8.822326183319092,13.162083625793455,26,1,24,30,,4.339757442474365,False,0.9615579843521118,0.0944576188921928,0.8671003580093384,31.38190269470215
Superpixel,3087,-0.7930707931518555,12.336620330810549,27,1,20,30,,13.129691123962402,True,0.9643480181694032,0.9600069522857666,0.0043410658836364,15.212080955505373
CAM,3087,5.933167457580566,12.336620330810549,27,1,20,30,,6.4034528732299805,False,0.9643480181694032,0.0237012840807437,0.9406467080116272,15.902316093444824
FAM,3087,1.1650428771972656,12.336620330810549,27,1,20,30,,11.17157745361328,True,0.9643480181694032,0.919340431690216,0.045007586479187,19.95395851135254
Random,3087,-0.8202676773071289,12.336620330810549,27,1,20,30,,13.156888008117676,True,0.9643480181694032,0.9558684825897216,0.0084795355796813,28.757532119750977
Superpixel,1797,-1.8344841003417969,12.569396018981934,28,1,24,30,,14.40388011932373,True,0.8125937581062317,0.9313998222351074,-0.1188060641288757,12.960653305053713
CAM,1797,7.318870544433594,12.569396018981934,28,1,24,30,,5.25052547454834,False,0.8125937581062317,0.0080734500661492,0.804520308971405,22.38168907165528
FAM,1797,-0.7006711959838867,12.569396018981934,28,1,24,30,,13.27006721496582,True,0.8125937581062317,0.8430540561676025,-0.0304602980613708,15.505087852478027
Random,1797,1.923074722290039,12.569396018981934,28,1,24,30,,10.646321296691896,True,0.8125937581062317,0.6588215231895447,0.153772234916687,32.05689239501953
Superpixel,1989,2.706315994262696,11.978230476379396,29,1,23,30,,9.2719144821167,True,0.6763960719108582,0.3712405562400818,0.3051555156707763,14.57557201385498
CAM,1989,3.862827301025391,11.978230476379396,29,1,23,30,,8.115403175354004,False,0.6763960719108582,0.2817449271678924,0.3946511447429657,16.63484764099121
FAM,1989,1.6019248962402344,11.978230476379396,29,1,23,30,,10.37630558013916,True,0.6763960719108582,0.5987588763237,0.0776371955871582,10.951445579528809
Random,1989,0.2940940856933594,11.978230476379396,29,1,23,30,,11.684136390686035,True,0.6763960719108582,0.7524793744087219,-0.0760833024978637,26.895870208740234
Superpixel,1666,3.91813325881958,9.819235801696776,30,1,24,30,,5.901102542877197,False,0.3655049800872803,0.008439403027296,0.3570655882358551,12.109519958496094
CAM,1666,8.363335251808167,9.819235801696776,30,1,24,30,,1.4559005498886108,False,0.3655049800872803,0.0005947161698713,0.3649102747440338,18.342262268066406
FAM,1666,7.993006110191345,9.819235801696776,30,1,24,30,,1.826229691505432,False,0.3655049800872803,0.000810875557363,0.3646941184997558,8.793441772460938
Random,1666,3.283195972442627,9.819235801696776,30,1,24,30,,6.53603982925415,True,0.3655049800872803,0.1797179132699966,0.1857870668172836,29.09404182434082
Superpixel,1106,0.5938453674316406,10.437777519226074,31,1,23,30,,9.843932151794434,True,0.9064825773239136,0.8631181120872498,0.0433644652366638,17.860212326049805
CAM,1106,0.2961902618408203,10.437777519226074,31,1,23,30,,10.141587257385254,True,0.9064825773239136,0.87571781873703,0.0307647585868835,16.822154998779297
FAM,1106,1.026590347290039,10.437777519226074,31,1,23,30,,9.411187171936035,True,0.9064825773239136,0.8675998449325562,0.0388827323913574,17.017337799072266
Random,1106,1.0887947082519531,10.437777519226074,31,1,23,30,,9.34898281097412,True,0.9064825773239136,0.7165839076042175,0.189898669719696,30.43978309631348
Superpixel,3518,1.031839370727539,14.931035041809082,32,1,21,30,,13.899195671081545,True,0.994513750076294,0.9945907592773438,-7.700920104980469e-05,19.09961700439453
CAM,3518,5.532122611999512,14.931035041809082,32,1,21,30,,9.39891242980957,True,0.994513750076294,0.7620991468429565,0.2324146032333374,24.91729164123535
FAM,3518,3.236355781555176,14.931035041809082,32,1,21,30,,11.694679260253906,True,0.994513750076294,0.9569999575614928,0.037513792514801,22.41656875610352
Random,3518,2.7762880325317383,14.931035041809082,32,1,21,30,,12.154747009277344,True,0.994513750076294,0.9785726070404052,0.0159411430358886,28.71295166015625
Superpixel,2880,13.36038875579834,16.01531219482422,33,1,23,30,,2.654923439025879,False,0.9967325925827026,2.183269089073292e-06,0.996730387210846,17.57607078552246
CAM,2880,14.857422232627869,16.01531219482422,33,1,23,30,,1.15788996219635,False,0.9967325925827026,0.0021783879492431,0.9945542216300964,20.5753231048584
FAM,2880,17.091562390327454,16.01531219482422,33,1,23,30,,-1.0762501955032349,False,0.9967325925827026,0.00016965897521,0.996562957763672,20.5753231048584
Random,2880,4.554095268249512,16.01531219482422,33,1,23,30,,11.461216926574709,True,0.9967325925827026,0.9671516418457032,0.0295809507369995,30.58284950256348
Superpixel,2233,-1.3599510192871094,8.661576271057129,34,1,24,30,,10.021527290344238,True,0.6250954270362854,0.5662077069282532,0.0588877201080322,16.059402465820312
CAM,2233,4.803522825241089,8.661576271057129,34,1,24,30,,3.85805344581604,False,0.6250954270362854,0.0322269089519977,0.5928685069084167,22.95476150512696
FAM,2233,-0.4091548919677734,8.661576271057129,34,1,24,30,,9.070731163024902,True,0.6250954270362854,0.5744847655296326,0.0506106615066528,22.95476150512696
Random,2233,0.8283953666687012,8.661576271057129,34,1,24,30,,7.833180904388428,True,0.6250954270362854,0.4662145674228668,0.1588808596134185,29.78788375854492
Superpixel,2664,-1.4355792999267578,13.425541877746582,35,1,21,30,,14.86112117767334,True,0.8495261073112488,0.969537615776062,-0.1200115084648132,15.654633522033691
CAM,2664,10.868532180786133,13.425541877746582,35,1,21,30,,2.557009696960449,False,0.8495261073112488,0.0069807269610464,0.8425453901290894,19.253559112548828
FAM,2664,10.357441186904907,13.425541877746582,35,1,21,30,,3.068100690841675,False,0.8495261073112488,0.0074661024846136,0.8420600295066833,19.253559112548828
Random,2664,7.890330791473389,13.425541877746582,35,1,21,30,,5.535211086273193,False,0.8495261073112488,0.0657111629843711,0.7838149666786194,29.16705894470215
Superpixel,1213,4.060548782348633,16.96900749206543,36,1,24,30,,12.908458709716797,True,0.9992175102233888,0.990000307559967,0.0092172026634216,16.783830642700195
CAM,1213,7.532981872558594,16.96900749206543,36,1,24,30,,9.436025619506836,True,0.9992175102233888,0.7880646586418152,0.2111528515815735,19.43832397460937
FAM,1213,8.179685592651367,16.96900749206543,36,1,24,30,,8.789321899414062,True,0.9992175102233888,0.4940250217914581,0.5051925182342529,12.923970222473145
Random,1213,8.447761535644531,16.96900749206543,36,1,24,30,,8.521245956420898,True,0.9992175102233888,0.7276642322540283,0.2715532779693603,35.899471282958984
Superpixel,1596,3.029158592224121,13.132783889770508,37,1,23,30,,10.103625297546388,True,0.947461724281311,0.8846182227134705,0.0628435015678405,15.873130798339844
CAM,1596,5.425660610198975,13.132783889770508,37,1,23,30,,7.707123279571533,False,0.947461724281311,0.2272745668888092,0.7201871871948242,16.72734260559082
FAM,1596,3.409417152404785,13.132783889770508,37,1,23,30,,9.723366737365724,True,0.947461724281311,0.7604170441627502,0.1870446801185608,16.72734260559082
Random,1596,0.2735853195190429,13.132783889770508,37,1,23,30,,12.859198570251465,True,0.947461724281311,0.9023709297180176,0.0450907945632934,33.1702880859375
Superpixel,1519,2.885589122772217,10.501419067382812,38,1,23,30,,7.615829944610596,False,0.4822113811969757,0.0912972539663314,0.3909141421318054,13.36922836303711
CAM,1519,4.366694927215576,10.501419067382812,38,1,23,30,,6.134724140167236,False,0.4822113811969757,0.0166696012020111,0.4655417799949646,16.597461700439453
FAM,1519,1.1524429321289062,10.501419067382812,38,1,23,30,,9.348976135253906,False,0.4822113811969757,0.2827894985675812,0.1994218826293945,24.913806915283203
Random,1519,0.1431407928466797,10.501419067382812,38,1,23,30,,10.358278274536133,True,0.4822113811969757,0.5094763040542603,-0.0272649228572845,27.79087829589844
Superpixel,2052,1.979312896728516,14.97776699066162,39,1,22,30,,12.998454093933104,True,0.9961174726486206,0.9059125781059264,0.090204894542694,18.54934310913086
CAM,2052,6.954654693603516,14.97776699066162,39,1,22,30,,8.023112297058105,False,0.9961174726486206,0.1520938426256179,0.8440236449241638,18.587465286254883
FAM,2052,5.622805595397949,14.97776699066162,39,1,22,30,,9.354961395263672,False,0.9961174726486206,0.3387562036514282,0.6573612689971924,14.334731101989746
Random,2052,-0.234898567199707,14.97776699066162,39,1,22,30,,15.212665557861328,True,0.9961174726486206,0.9984570741653442,-0.0023396015167236,31.116697311401367
Superpixel,3179,7.866215705871582,14.156771659851074,40,1,21,30,,6.290555953979492,False,0.980093002319336,0.0115715088322758,0.9685214757919312,21.706254959106445
CAM,3179,4.201131820678711,14.156771659851074,40,1,21,30,,9.955639839172363,True,0.980093002319336,0.6978290677070618,0.2822639346122741,15.990777015686035
FAM,3179,6.255529880523682,14.156771659851074,40,1,21,30,,7.901241779327393,False,0.980093002319336,0.1782545894384384,0.8018383979797363,22.66538429260254
Random,3179,4.103327751159668,14.156771659851074,40,1,21,30,,10.053443908691406,True,0.980093002319336,0.7285264134407043,0.2515665888786316,29.889633178710938
Superpixel,3340,1.754715919494629,9.808170318603516,41,1,23,30,,8.053454399108887,False,0.3635728657245636,0.1391480863094329,0.2244247794151306,16.17561149597168
CAM,3340,1.884528636932373,9.808170318603516,41,1,23,30,,7.923641681671143,False,0.3635728657245636,0.1405227929353714,0.2230500727891922,22.45881462097168
FAM,3340,-1.4483356475830078,9.808170318603516,41,1,23,30,,11.256505966186523,True,0.3635728657245636,0.4691652357578277,-0.1055923700332641,22.45881462097168
Random,3340,2.512298583984375,9.808170318603516,41,1,23,30,,7.295871734619141,False,0.3635728657245636,0.0756751671433448,0.2878977060317993,26.868358612060547
Superpixel,3006,-2.151891231536865,6.9113450050354,42,1,21,30,,9.063236236572266,True,0.2861197590827942,0.6142374873161316,-0.3281177282333374,16.553407669067383
CAM,3006,0.5626087188720703,6.9113450050354,42,1,21,30,,6.34873628616333,False,0.2861197590827942,0.1675203293561935,0.1185994297266006,25.751054763793945
FAM,3006,1.7341651916503906,6.9113450050354,42,1,21,30,,5.17717981338501,False,0.2861197590827942,0.0293411742895841,0.2567785978317261,26.0908145904541
Random,3006,1.7924070358276367,6.9113450050354,42,1,21,30,,5.118937969207764,False,0.2861197590827942,0.0367699041962623,0.2493498623371124,34.197505950927734
Superpixel,1525,0.4840378761291504,8.154461860656738,43,1,19,30,,7.670423984527588,False,0.4154852032661438,0.240934208035469,0.1745509952306747,15.848520278930664
CAM,1525,2.2602734565734863,8.154461860656738,43,1,19,30,,5.894188404083252,False,0.4154852032661438,0.1075323522090911,0.3079528510570526,10.347726821899414
FAM,1525,-0.3510284423828125,8.154461860656738,43,1,19,30,,8.50549030303955,True,0.4154852032661438,0.3525836169719696,0.0629015862941742,19.33986473083496
Random,1525,2.0518999099731445,8.154461860656738,43,1,19,30,,6.102561950683594,False,0.4154852032661438,0.1346683651208877,0.2808168530464172,30.167144775390625
Superpixel,2021,2.630237102508545,7.419267177581787,44,1,23,30,,4.789030075073242,False,0.4104719758033752,0.0278166998177766,0.3826552629470825,20.82342338562012
CAM,2021,1.407207489013672,7.419267177581787,44,1,23,30,,6.012059688568115,False,0.4104719758033752,0.0976869016885757,0.3127850890159607,20.78520965576172
FAM,2021,-1.6489291191101074,7.419267177581787,44,1,23,30,,9.068196296691896,True,0.4104719758033752,0.705619752407074,-0.2951477766036987,23.58131599426269
Random,2021,-0.0996432304382324,7.419267177581787,44,1,23,30,,7.5189104080200195,True,0.4104719758033752,0.3710387349128723,0.0394332408905029,27.49278450012207
Superpixel,1568,0.7199239730834961,16.02260971069336,45,1,22,30,,15.302685737609863,True,0.991205871105194,0.980821132659912,0.0103847384452819,16.45594024658203
CAM,1568,0.8392963409423828,16.02260971069336,45,1,22,30,,15.183313369750977,True,0.991205871105194,0.9871724247932434,0.0040334463119506,18.90513801574707
FAM,1568,1.184739112854004,16.02260971069336,45,1,22,30,,14.837870597839355,True,0.991205871105194,0.9906065464019777,0.0005993247032165,15.068194389343262
Random,1568,0.3820037841796875,16.02260971069336,45,1,22,30,,15.640605926513672,True,0.991205871105194,0.9933269023895264,-0.0021210312843322,28.82988739013672
Superpixel,2581,0.4914751052856445,13.61289119720459,46,1,22,30,,13.121416091918944,True,0.9910858273506165,0.981123149394989,0.0099626779556274,13.960758209228516
CAM,2581,11.789457440376282,13.61289119720459,46,1,22,30,,1.823433756828308,False,0.9910858273506165,0.0088693369179964,0.982216477394104,15.448073387145996
FAM,2581,4.3331451416015625,13.61289119720459,46,1,22,30,,9.279746055603027,True,0.9910858273506165,0.849608838558197,0.1414769887924194,15.448073387145996
Random,2581,4.419904708862305,13.61289119720459,46,1,22,30,,9.192986488342283,True,0.9910858273506165,0.7782260179519653,0.2128598093986511,35.9844856262207
Superpixel,2896,1.813614845275879,12.235228538513184,47,1,22,30,,10.421613693237305,True,0.6966683864593506,0.8008645176887512,-0.1041961312294006,15.242371559143066
CAM,2896,2.2732601165771484,12.235228538513184,47,1,22,30,,9.961968421936035,True,0.6966683864593506,0.6779813766479492,0.0186870098114013,20.106658935546875
FAM,2896,1.7404041290283203,12.235228538513184,47,1,22,30,,10.494824409484863,True,0.6966683864593506,0.8191835880279541,-0.1225152015686035,21.03682518005371
Random,2896,3.711515426635742,12.235228538513184,47,1,22,30,,8.523713111877441,True,0.6966683864593506,0.58699631690979,0.1096720695495605,35.85969924926758
Superpixel,1219,-1.126638889312744,6.241652488708496,48,1,23,30,,7.36829137802124,True,0.2849724590778351,0.5183399319648743,-0.2333674728870391,13.74354648590088
CAM,1219,2.6177868843078613,6.241652488708496,48,1,23,30,,3.6238656044006334,False,0.2849724590778351,0.0480890162289142,0.2368834465742111,15.954870223999023
FAM,1219,0.7344188690185547,6.241652488708496,48,1,23,30,,5.507233619689941,True,0.2849724590778351,0.1873379051685333,0.0976345539093017,16.400524139404297
Random,1219,-0.2020163536071777,6.241652488708496,48,1,23,30,,6.443668842315674,True,0.2849724590778351,0.3747527599334717,-0.0897803008556366,28.961082458496094
Superpixel,1452,-1.3976964950561523,9.01724624633789,49,1,22,30,,10.414942741394045,True,0.3930745124816894,0.7933924794197083,-0.4003179669380188,13.72230339050293
CAM,1452,2.431826114654541,9.01724624633789,49,1,22,30,,6.58542013168335,True,0.3930745124816894,0.3269468247890472,0.0661276876926422,20.19999885559082
FAM,1452,2.6173806190490723,9.01724624633789,49,1,22,30,,6.399865627288818,True,0.3930745124816894,0.3112394511699676,0.0818350613117218,20.19999885559082
Random,1452,0.1908426284790039,9.01724624633789,49,1,22,30,,8.826403617858887,True,0.3930745124816894,0.4797025918960571,-0.0866280794143676,29.62945938110352
Superpixel,1715,0.2577457427978515,12.316967964172363,50,1,23,30,,12.059222221374512,True,0.9530631303787231,0.8885069489479065,0.0645561814308166,17.927608489990234
CAM,1715,4.477701663970947,12.316967964172363,50,1,23,30,,7.839266300201416,True,0.9530631303787231,0.4455550909042358,0.5075080394744873,13.17440128326416
FAM,1715,6.86481237411499,12.316967964172363,50,1,23,30,,5.452155590057373,False,0.9530631303787231,0.104621797800064,0.8484413623809814,13.17440128326416
Random,1715,-0.8109683990478516,12.316967964172363,50,1,23,30,,13.127936363220217,True,0.9530631303787231,0.9891008734703064,-0.0360377430915832,29.47785186767578
Superpixel,2292,1.066301345825195,9.366311073303224,51,1,24,30,,8.300009727478027,False,0.4389894008636474,0.0942848250269889,0.3447045683860779,11.887520790100098
CAM,2292,5.744055032730103,9.366311073303224,51,1,24,30,,3.62225604057312,False,0.4389894008636474,0.0192131474614143,0.4197762608528137,20.56153678894043
FAM,2292,4.065243244171143,9.366311073303224,51,1,24,30,,5.30106782913208,False,0.4389894008636474,0.0780538991093635,0.3609355092048645,20.56153678894043
Random,2292,3.821545124053955,9.366311073303224,51,1,24,30,,5.544765949249268,False,0.4389894008636474,0.0167727842926979,0.4222166240215301,35.24042892456055
Superpixel,1552,2.863593101501465,11.969888687133787,52,1,18,30,,9.106295585632324,False,0.9200766086578368,0.3231343030929565,0.5969423055648804,16.2397403717041
CAM,1552,2.4133968353271484,11.969888687133787,52,1,18,30,,9.55649185180664,False,0.9200766086578368,0.2556823790073395,0.6643942594528198,23.54998588562012
FAM,1552,2.3504467010498047,11.969888687133787,52,1,18,30,,9.619441986083984,True,0.9200766086578368,0.7744773626327515,0.1455992460250854,23.54998588562012
Random,1552,3.8197412490844727,11.969888687133787,52,1,18,30,,8.150147438049316,True,0.9200766086578368,0.2866747677326202,0.6334018707275391,29.90106773376465
Superpixel,1654,0.2921566963195801,8.190380096435547,53,1,22,30,,7.898223400115967,True,0.2889947295188904,0.2043840140104293,0.084610715508461,12.313626289367676
CAM,1654,1.902135848999024,8.190380096435547,53,1,22,30,,6.288244247436523,False,0.2889947295188904,0.0373469293117523,0.251647800207138,18.225664138793945
FAM,1654,5.062449455261231,8.190380096435547,53,1,22,30,,3.1279306411743164,False,0.2889947295188904,0.0128726540133357,0.2761220633983612,25.63825416564941
Random,1654,3.7052230834960938,8.190380096435547,53,1,22,30,,4.485157012939453,False,0.2889947295188904,0.017002010717988,0.2719927132129669,27.23104286193848
Superpixel,2541,3.5941877365112305,14.023322105407717,54,1,22,30,,10.429134368896484,True,0.986666977405548,0.7420230507850647,0.2446439266204834,14.881255149841309
CAM,2541,5.518470764160156,14.023322105407717,54,1,22,30,,8.504851341247559,False,0.986666977405548,0.3930363059043884,0.5936306715011597,16.91295623779297
FAM,2541,-0.9342489242553712,14.023322105407717,54,1,22,30,,14.957571029663086,True,0.986666977405548,0.9816949367523192,0.0049720406532287,21.52068519592285
Random,2541,1.2860498428344729,14.023322105407717,54,1,22,30,,12.737272262573242,True,0.986666977405548,0.9843929409980774,0.0022740364074707,33.1497917175293
Superpixel,2185,5.385211944580078,13.847554206848145,55,1,22,30,,8.462342262268066,False,0.7576970458030701,0.0501719303429126,0.7075251340866089,17.013336181640625
CAM,2185,7.184606552124023,13.847554206848145,55,1,22,30,,6.662947654724121,False,0.7576970458030701,0.0354033187031745,0.7222937345504761,26.50104141235352
FAM,2185,2.451025009155273,13.847554206848145,55,1,22,30,,11.396529197692873,False,0.7576970458030701,0.2681020498275757,0.4895949959754944,22.18635368347168
Random,2185,6.541836738586426,13.847554206848145,55,1,22,30,,7.305717468261719,False,0.7576970458030701,0.1475336253643036,0.6101634502410889,30.14593505859375
Superpixel,2901,0.7261066436767578,9.499467849731444,56,1,19,30,,8.773361206054688,True,0.5520942807197571,0.608443558216095,-0.0563492774963378,19.63238906860352
CAM,2901,6.038636922836304,9.499467849731444,56,1,19,30,,3.4608309268951416,False,0.5520942807197571,0.0056481617502868,0.5464461445808411,18.473806381225582
FAM,2901,4.814925670623779,9.499467849731444,56,1,19,30,,4.684542179107666,False,0.5520942807197571,0.0778694748878479,0.4742248058319092,23.315874099731445
Random,2901,1.5290555953979492,9.499467849731444,56,1,19,30,,7.970412254333496,True,0.5520942807197571,0.3867833614349365,0.1653109192848205,28.54578971862793
Superpixel,1814,1.0780553817749023,15.408567428588867,57,1,24,30,,14.330512046813965,True,0.9839398860931396,0.9819528460502625,0.0019870400428771,14.263778686523438
CAM,1814,6.566962242126465,15.408567428588867,57,1,24,30,,8.841605186462402,False,0.9839398860931396,0.047762706875801,0.9361771941184998,26.54485893249512
FAM,1814,1.4255704879760742,15.408567428588867,57,1,24,30,,13.982996940612791,True,0.9839398860931396,0.9721381068229676,0.0118017792701721,26.54485893249512
Random,1814,2.615262031555176,15.408567428588867,57,1,24,30,,12.793305397033691,True,0.9839398860931396,0.8604970574378967,0.1234428286552429,33.61279296875
Superpixel,1834,4.373596906661987,7.831768989562988,58,1,23,30,,3.458172082901001,False,0.3204069137573242,0.0196765772998332,0.3007303476333618,13.525361061096191
CAM,1834,2.224283695220948,7.831768989562988,58,1,23,30,,5.607485294342041,True,0.3204069137573242,0.2414026260375976,0.0790042877197265,17.06661033630371
FAM,1834,4.061643123626709,7.831768989562988,58,1,23,30,,3.7701258659362793,False,0.3204069137573242,0.0403837449848651,0.2800231575965881,17.06661033630371
Random,1834,0.1264395713806152,7.831768989562988,58,1,23,30,,7.705329418182373,True,0.3204069137573242,0.3845995962619781,-0.0641926825046539,32.92298126220703
Superpixel,1224,0.268768310546875,10.82791805267334,59,1,23,30,,10.559149742126465,True,0.5812450647354126,0.5981624722480774,-0.0169174075126647,12.925955772399902
CAM,1224,2.978523731231689,10.82791805267334,59,1,23,30,,7.84939432144165,False,0.5812450647354126,0.1349587887525558,0.4462862610816955,20.48453521728516
FAM,1224,1.746297836303711,10.82791805267334,59,1,23,30,,9.081620216369627,True,0.5812450647354126,0.4410714507102966,0.1401736140251159,20.48453521728516
Random,1224,0.5105514526367188,10.82791805267334,59,1,23,30,,10.31736660003662,True,0.5812450647354126,0.4803286790847778,0.1009163856506347,28.37348937988281
Superpixel,3208,0.8428182601928711,11.512099266052246,60,1,22,30,,10.669281005859377,True,0.925330936908722,0.909777283668518,0.0155536532402038,16.246631622314453
CAM,3208,4.142696380615234,11.512099266052246,60,1,22,30,,7.369402885437012,False,0.925330936908722,0.1321936696767807,0.79313725233078,13.288965225219728
FAM,3208,2.09536361694336,11.512099266052246,60,1,22,30,,9.416735649108888,True,0.925330936908722,0.7449879050254822,0.1803430318832397,17.422788619995117
Random,3208,4.841092109680176,11.512099266052246,60,1,22,30,,6.67100715637207,False,0.925330936908722,0.2110124230384826,0.7143185138702393,30.591079711914062
Superpixel,1158,-1.9673428535461424,6.567867755889893,61,1,25,30,,8.535210609436035,True,0.3920613825321197,0.8135012984275818,-0.421439915895462,13.33145809173584
CAM,1158,-0.208106517791748,6.567867755889893,61,1,25,30,,6.775974273681641,True,0.3920613825321197,0.4385671019554138,-0.046505719423294,12.863601684570312
FAM,1158,-0.5505928993225098,6.567867755889893,61,1,25,30,,7.118460655212402,True,0.3920613825321197,0.5996197462081909,-0.2075583636760711,21.58617782592773
Random,1158,1.5510931015014648,6.567867755889893,61,1,25,30,,5.016774654388428,False,0.3920613825321197,0.1350810527801513,0.2569803297519684,32.021053314208984
Superpixel,3929,5.492510795593262,12.996379852294922,62,1,20,30,,7.50386905670166,False,0.931904673576355,0.0178437680006027,0.9140608906745912,18.39886474609375
CAM,3929,7.427681446075439,12.996379852294922,62,1,20,30,,5.568698406219482,False,0.931904673576355,0.048261884599924,0.8836427927017212,18.99016571044922
FAM,3929,4.144941329956055,12.996379852294922,62,1,20,30,,8.851438522338867,True,0.931904673576355,0.4773814976215362,0.4545231759548187,12.517271041870115
Random,3929,1.301218032836914,12.996379852294922,62,1,20,30,,11.695161819458008,True,0.931904673576355,0.7979837656021118,0.1339209079742431,32.72498321533203
Superpixel,2101,2.308780670166016,13.005719184875488,63,1,24,30,,10.696938514709473,True,0.9950255751609802,0.9172571301460266,0.0777684450149536,14.824576377868652
CAM,2101,6.470077037811279,13.005719184875488,63,1,24,30,,6.535642147064209,False,0.9950255751609802,0.0949351042509079,0.9000904560089111,12.38490104675293
FAM,2101,7.094640731811523,13.005719184875488,63,1,24,30,,5.911078453063965,False,0.9950255751609802,0.0728191435337066,0.9222064018249512,12.38490104675293
Random,2101,4.503047943115234,13.005719184875488,63,1,24,30,,8.502671241760254,True,0.9950255751609802,0.5264653563499451,0.4685602188110351,29.19370079040528
Superpixel,1936,7.127684116363525,14.693999290466309,64,1,24,30,,7.566315174102783,False,0.994216799736023,0.0050118737854063,0.9892049431800842,17.714017868041992
CAM,1936,12.018293619155884,14.693999290466309,64,1,24,30,,2.675705671310425,False,0.994216799736023,0.0111019741743803,0.9831148386001588,22.10022354125977
FAM,1936,6.489066123962402,14.693999290466309,64,1,24,30,,8.204933166503906,True,0.994216799736023,0.4711073935031891,0.5231094360351562,15.796677589416504
Random,1936,2.6269302368164062,14.693999290466309,64,1,24,30,,12.067069053649902,True,0.994216799736023,0.5261250734329224,0.4680917263031006,32.176944732666016
Superpixel,3074,1.0065193176269531,14.149901390075684,65,1,21,30,,13.14338207244873,True,0.994541585445404,0.9626535177230836,0.0318880677223205,13.40893268585205
CAM,3074,9.011876106262209,14.149901390075684,65,1,21,30,,5.138025283813477,False,0.994541585445404,0.0741660520434379,0.9203755259513856,18.265172958374023
FAM,3074,8.37550973892212,14.149901390075684,65,1,21,30,,5.7743916511535645,False,0.994541585445404,0.098794013261795,0.8957475423812866,15.758800506591797
Random,3074,5.200241088867188,14.149901390075684,65,1,21,30,,8.949660301208496,True,0.994541585445404,0.5343730449676514,0.4601685404777527,25.33965110778809
Superpixel,4114,7.514518737792969,18.68174362182617,66,1,21,30,,11.167224884033203,True,0.999636173248291,0.7898944020271301,0.2097417712211609,18.846654891967773
CAM,4114,11.146699905395508,18.68174362182617,66,1,21,30,,7.535043716430664,False,0.999636173248291,0.0909560546278953,0.9086801409721376,15.634284019470217
FAM,4114,12.214412689208984,18.68174362182617,66,1,21,30,,6.467330932617188,False,0.999636173248291,0.043027676641941,0.9566084742546082,11.348459243774414
Random,4114,10.16291618347168,18.68174362182617,66,1,21,30,,8.518827438354492,False,0.999636173248291,0.3783499300479889,0.6212862730026245,29.30004501342773
Superpixel,2492,2.272923231124878,5.601407051086426,67,1,24,30,,3.328483819961548,False,0.1425892859697342,0.0067828991450369,0.1358063817024231,14.924216270446776
CAM,2492,0.2739896774291992,5.601407051086426,67,1,24,30,,5.327417373657227,False,0.1425892859697342,0.0862710624933242,0.0563182234764099,20.80719566345215
FAM,2492,3.246654272079468,5.601407051086426,67,1,24,30,,2.354752779006958,False,0.1425892859697342,0.0040191919542849,0.138570100069046,16.83060646057129
Random,2492,-0.028761863708496,5.601407051086426,67,1,24,30,,5.630168914794922,False,0.1425892859697342,0.0882124826312065,0.0543768033385276,39.46401596069336
Superpixel,5905,0.5651922225952148,15.8436918258667,68,1,22,30,,15.278499603271484,True,0.9935588240623474,0.9967709183692932,-0.0032120943069458,18.92845726013184
CAM,5905,3.5911006927490234,15.8436918258667,68,1,22,30,,12.252591133117676,True,0.9935588240623474,0.8741137385368347,0.1194450855255127,18.31910514831543
FAM,5905,3.478574752807617,15.8436918258667,68,1,22,30,,12.365117073059082,True,0.9935588240623474,0.7627356648445129,0.2308231592178344,18.31910514831543
Random,5905,6.030490875244141,15.8436918258667,68,1,22,30,,9.81320095062256,True,0.9935588240623474,0.8663588762283325,0.1271999478340149,28.854230880737305
Superpixel,1843,1.073772430419922,10.574131965637209,69,1,22,30,,9.500359535217283,False,0.7184191942214966,0.4166964590549469,0.3017227351665497,14.542691230773926
CAM,1843,3.375553607940674,10.574131965637209,69,1,22,30,,7.198578357696533,False,0.7184191942214966,0.1101835370063781,0.6082356572151184,23.898378372192383
FAM,1843,1.6391592025756836,10.574131965637209,69,1,22,30,,8.934972763061523,True,0.7184191942214966,0.473357081413269,0.2450621128082275,19.318321228027344
Random,1843,1.4301328659057615,10.574131965637209,69,1,22,30,,9.143999099731444,True,0.7184191942214966,0.6360461711883545,0.082373023033142,32.81038284301758
Superpixel,1479,-0.1693782806396484,10.96778392791748,70,1,23,30,,11.137162208557127,True,0.9538307785987854,0.9392037391662598,0.0146270394325256,15.218399047851562
CAM,1479,2.513376235961914,10.96778392791748,70,1,23,30,,8.454407691955566,True,0.9538307785987854,0.4982711374759674,0.455559641122818,22.06951332092285
FAM,1479,2.0103673934936523,10.96778392791748,70,1,23,30,,8.957416534423828,True,0.9538307785987854,0.7429149746894836,0.2109158039093017,25.50761985778809
Random,1479,-0.8877086639404297,10.96778392791748,70,1,23,30,,11.85549259185791,True,0.9538307785987854,0.9736995697021484,-0.019868791103363,27.45085525512696
Superpixel,2477,-1.9895992279052728,13.712986946105955,71,1,22,30,,15.70258617401123,True,0.9806338548660278,0.9827032089233398,-0.002069354057312,17.016979217529297
CAM,2477,0.840571403503418,13.712986946105955,71,1,22,30,,12.87241554260254,True,0.9806338548660278,0.9757201075553894,0.0049137473106384,22.65411758422852
FAM,2477,4.605287551879883,13.712986946105955,71,1,22,30,,9.107699394226074,True,0.9806338548660278,0.626114010810852,0.3545198440551758,20.505184173583984
Random,2477,1.9449520111083984,13.712986946105955,71,1,22,30,,11.76803493499756,True,0.9806338548660278,0.9402626752853394,0.0403711795806884,25.990610122680664
Superpixel,3052,-0.1022243499755859,7.891994476318359,72,1,20,30,,7.994218826293945,True,0.6753574013710022,0.5943567752838135,0.0810006260871887,17.313318252563477
CAM,3052,4.117930173873901,7.891994476318359,72,1,20,30,,3.774064302444458,False,0.6753574013710022,0.0255279820412397,0.6498294472694397,17.361921310424805
FAM,3052,-1.459249496459961,7.891994476318359,72,1,20,30,,9.35124397277832,True,0.6753574013710022,0.8726556301116943,-0.1972982287406921,18.095928192138672
Random,3052,0.9670629501342772,7.891994476318359,72,1,20,30,,6.924931526184082,True,0.6753574013710022,0.3100447952747345,0.3653126060962677,32.245635986328125
Superpixel,2387,0.2823600769042969,9.226783752441406,73,1,19,30,,8.94442367553711,False,0.4635558724403381,0.1024264767765998,0.3611294031143188,14.376242637634276
CAM,2387,3.212911605834961,9.226783752441406,73,1,19,30,,6.013872146606445,False,0.4635558724403381,0.050862792879343,0.4126930832862854,13.789836883544922
FAM,2387,2.434910297393799,9.226783752441406,73,1,19,30,,6.791873455047607,False,0.4635558724403381,0.0999174267053604,0.3636384606361389,18.959535598754883
Random,2387,0.0050020217895507,9.226783752441406,73,1,19,30,,9.221781730651855,False,0.4635558724403381,0.2843442261219024,0.1792116463184356,32.39212417602539
Superpixel,3489,6.344759941101074,13.885249137878418,74,1,19,30,,7.540489196777344,False,0.951809585094452,0.027221655473113,0.924587905406952,16.686750411987305
CAM,3489,5.565221786499023,13.885249137878418,74,1,19,30,,8.320027351379395,True,0.951809585094452,0.3173438012599945,0.6344658136367798,20.74885368347168
FAM,3489,4.312709808349609,13.885249137878418,74,1,19,30,,9.572539329528809,True,0.951809585094452,0.4139830470085144,0.5378265380859375,24.07342338562012
Random,3489,2.1968002319335938,13.885249137878418,74,1,19,30,,11.688448905944824,True,0.951809585094452,0.9297930002212524,0.0220165848731994,31.1430721282959
Superpixel,2055,0.9378490447998048,12.7848539352417,75,1,24,30,,11.847004890441896,True,0.955521047115326,0.6377307772636414,0.3177902698516845,14.115848541259766
CAM,2055,2.481027603149414,12.7848539352417,75,1,24,30,,10.303826332092283,True,0.955521047115326,0.8420345783233643,0.1134864687919616,21.385950088500977
FAM,2055,1.3759078979492188,12.7848539352417,75,1,24,30,,11.40894603729248,True,0.955521047115326,0.8176102042198181,0.1379108428955078,18.9751033782959
Random,2055,3.2892208099365234,12.7848539352417,75,1,24,30,,9.495633125305176,True,0.955521047115326,0.712121307849884,0.2433997392654419,31.50580596923828
Superpixel,2509,0.8210258483886719,14.082791328430176,76,1,22,30,,13.261765480041504,True,0.5474132895469666,0.9496073126792908,-0.4021940231323242,13.262934684753418
CAM,2509,2.8271360397338867,14.082791328430176,76,1,22,30,,11.255655288696287,True,0.5474132895469666,0.8879914283752441,-0.3405781388282776,11.986865997314451
FAM,2509,2.604635238647461,14.082791328430176,76,1,22,30,,11.478156089782717,True,0.5474132895469666,0.4978261888027191,0.0495871007442474,11.986865997314451
Random,2509,2.936844825744629,14.082791328430176,76,1,22,30,,11.145946502685549,True,0.5474132895469666,0.7868738770484924,-0.2394605875015258,28.85038185119629
Superpixel,2293,5.831646919250488,11.567422866821287,77,1,24,30,,5.735775947570801,False,0.7939906716346741,0.047847893089056,0.7461428046226501,18.332523345947266
CAM,2293,2.134303092956543,11.567422866821287,77,1,24,30,,9.433119773864746,True,0.7939906716346741,0.5692272186279297,0.2247634530067443,17.945005416870117
FAM,2293,-0.1270790100097656,11.567422866821287,77,1,24,30,,11.694501876831056,True,0.7939906716346741,0.5023264288902283,0.2916642427444458,11.460685729980469
Random,2293,2.065135955810547,11.567422866821287,77,1,24,30,,9.502286911010742,False,0.7939906716346741,0.2745799422264099,0.5194107294082642,30.99712562561035
Superpixel,2656,3.056725025177002,9.01831340789795,78,1,23,30,,5.961588382720947,False,0.2836000323295593,0.0444106757640838,0.2391893565654754,16.58916664123535
CAM,2656,3.2620716094970703,9.01831340789795,78,1,23,30,,5.756241798400879,False,0.2836000323295593,0.0232872515916824,0.2603127956390381,16.634336471557617
FAM,2656,3.409778594970703,9.01831340789795,78,1,23,30,,5.608534812927246,False,0.2836000323295593,0.063305914402008,0.2202941179275512,16.634336471557617
Random,2656,3.123225688934326,9.01831340789795,78,1,23,30,,5.895087718963623,False,0.2836000323295593,0.0115289576351642,0.2720710635185241,32.1006965637207
Superpixel,3511,4.11759090423584,11.042000770568848,79,1,23,30,,6.924409866333008,False,0.6109183430671692,0.1057631447911262,0.5051552057266235,14.857040405273438
CAM,3511,6.014811992645264,11.042000770568848,79,1,23,30,,5.027188777923584,False,0.6109183430671692,0.0276436787098646,0.5832746624946594,18.04424476623535
FAM,3511,6.698610305786133,11.042000770568848,79,1,23,30,,4.343390464782715,False,0.6109183430671692,0.0111849466338753,0.5997334122657776,21.202436447143555
Random,3511,0.1908321380615234,11.042000770568848,79,1,23,30,,10.851168632507324,True,0.6109183430671692,0.5351693034172058,0.0757490396499633,26.806434631347656
Superpixel,2869,2.061969757080078,13.937752723693848,80,1,23,30,,11.87578296661377,True,0.9436290860176086,0.9284114837646484,0.0152176022529602,18.30241203308105
CAM,2869,5.070941925048828,13.937752723693848,80,1,23,30,,8.86681079864502,True,0.9436290860176086,0.4229305386543274,0.5206985473632812,10.433025360107422
FAM,2869,3.312076568603516,13.937752723693848,80,1,23,30,,10.625676155090332,True,0.9436290860176086,0.9226019382476808,0.0210271477699279,17.514673233032227
Random,2869,8.03406572341919,13.937752723693848,80,1,23,30,,5.903687000274658,False,0.9436290860176086,0.0742362290620803,0.8693928718566895,27.19720458984375
Superpixel,3990,5.141046524047852,15.349525451660156,81,1,18,30,,10.208478927612305,False,0.9968613386154176,0.2871276140213012,0.7097337245941162,18.644332885742188
CAM,3990,5.4489336013793945,15.349525451660156,81,1,18,30,,9.900591850280762,True,0.9968613386154176,0.7332279086112976,0.2636334300041199,20.282665252685547
FAM,3990,7.246586799621582,15.349525451660156,81,1,18,30,,8.102938652038574,True,0.9968613386154176,0.4821247458457947,0.5147365927696228,20.282665252685547
Random,3990,7.6573615074157715,15.349525451660156,81,1,18,30,,7.692163944244385,True,0.9968613386154176,0.5159773826599121,0.4808839559555053,31.02343368530273
Superpixel,2413,5.438617706298828,17.41687774658203,82,1,20,30,,11.978260040283203,True,0.9997251629829408,0.9650964736938475,0.034628689289093,13.81930446624756
CAM,2413,10.912084579467772,17.41687774658203,82,1,20,30,,6.504793167114258,False,0.9997251629829408,0.0659868121147155,0.9337383508682252,18.251855850219727
FAM,2413,9.44006061553955,17.41687774658203,82,1,20,30,,7.97681713104248,True,0.9997251629829408,0.2567279934883117,0.7429971694946289,18.251855850219727
Random,2413,8.026577949523926,17.41687774658203,82,1,20,30,,9.390299797058104,True,0.9997251629829408,0.8460172414779663,0.1537079215049743,28.18077087402344
Superpixel,1693,9.697135984897614,10.657397270202637,83,1,22,30,,0.9602612853050232,False,0.4797620177268982,0.000250673823757,0.4795113503932953,14.618612289428713
CAM,1693,7.459270477294922,10.657397270202637,83,1,22,30,,3.198126792907715,False,0.4797620177268982,0.0061643770895898,0.4735976457595825,14.86717700958252
FAM,1693,1.2583999633789062,10.657397270202637,83,1,22,30,,9.39899730682373,True,0.4797620177268982,0.5532538294792175,-0.0734918117523193,8.12929630279541
Random,1693,4.058070182800293,10.657397270202637,83,1,22,30,,6.599327087402344,True,0.4797620177268982,0.202867642045021,0.2768943905830383,26.57109832763672
Superpixel,1590,0.5051298141479492,13.52542209625244,84,1,22,30,,13.020292282104492,True,0.935662031173706,0.6971024870872498,0.2385595440864563,12.962861061096191
CAM,1590,5.5706787109375,13.52542209625244,84,1,22,30,,7.954743385314941,False,0.935662031173706,0.2464916110038757,0.6891704201698303,24.03056907653809
FAM,1590,3.3493576049804688,13.52542209625244,84,1,22,30,,10.176064491271973,True,0.935662031173706,0.7492327690124512,0.1864292621612548,24.03056907653809
Random,1590,1.049213409423828,13.52542209625244,84,1,22,30,,12.476208686828612,True,0.935662031173706,0.9701809883117676,-0.0345189571380615,33.06129455566406
Superpixel,1399,7.72866153717041,18.503782272338867,85,1,24,30,,10.775120735168455,True,0.9924842715263368,0.6635939478874207,0.328890323638916,16.114410400390625
CAM,1399,8.775019645690918,18.503782272338867,85,1,24,30,,9.72876262664795,True,0.9924842715263368,0.6568275094032288,0.3356567621231079,13.759160041809082
FAM,1399,3.621306419372559,18.503782272338867,85,1,24,30,,14.882475852966309,True,0.9924842715263368,0.9911587834358216,0.0013254880905151,17.021818161010742
Random,1399,2.359193801879883,18.503782272338867,85,1,24,30,,16.144588470458984,True,0.9924842715263368,0.9903658628463744,0.0021184086799621,28.555816650390625
Superpixel,2129,3.882078170776367,15.802794456481934,86,1,24,30,,11.920716285705566,True,0.9971519708633424,0.95582914352417,0.0413228273391723,18.303476333618164
CAM,2129,4.73004150390625,15.802794456481934,86,1,24,30,,11.072752952575684,True,0.9971519708633424,0.9404302835464478,0.0567216873168945,16.67947769165039
FAM,2129,6.004057884216309,15.802794456481934,86,1,24,30,,9.798736572265623,True,0.9971519708633424,0.8779940605163574,0.1191579103469848,16.75642967224121
Random,2129,3.197673797607422,15.802794456481934,86,1,24,30,,12.605120658874512,True,0.9971519708633424,0.9918421506881714,0.0053098201751708,30.89478874206543
Superpixel,2143,2.381609916687012,15.148703575134276,87,1,22,30,,12.767093658447266,True,0.9971567392349244,0.9258790612220764,0.0712776780128479,17.387149810791016
CAM,2143,0.8231306076049805,15.148703575134276,87,1,22,30,,14.325572967529297,True,0.9971567392349244,0.9926415085792542,0.0045152306556701,19.99166679382324
FAM,2143,2.680946350097656,15.148703575134276,87,1,22,30,,12.46775722503662,True,0.9971567392349244,0.9254006743431092,0.0717560648918151,16.69904136657715
Random,2143,3.512939453125,15.148703575134276,87,1,22,30,,11.635764122009276,True,0.9971567392349244,0.9803200960159302,0.0168366432189941,29.824764251708984
Superpixel,2971,-0.3813066482543945,11.899752616882324,88,1,21,30,,12.28105926513672,True,0.930504024028778,0.9703779816627502,-0.0398739576339721,17.359634399414062
CAM,2971,6.469417095184326,11.899752616882324,88,1,21,30,,5.430335521697998,False,0.930504024028778,0.0176039207726717,0.9129000902175904,25.988910675048828
FAM,2971,3.7056713104248047,11.899752616882324,88,1,21,30,,8.19408130645752,False,0.930504024028778,0.1037135869264602,0.826790452003479,19.77239418029785
Random,2971,10.933736741542816,11.899752616882324,88,1,21,30,,0.966015875339508,False,0.930504024028778,0.0033098135609179,0.9271942377090454,33.033470153808594
Superpixel,2247,0.2419805526733398,11.500370025634766,89,1,24,30,,11.258389472961426,True,0.434247761964798,0.3880508244037628,0.0461969375610351,13.744373321533203
CAM,2247,3.989721775054932,11.500370025634766,89,1,24,30,,7.510648250579834,False,0.434247761964798,0.1019990220665931,0.3322487473487854,22.132471084594727
FAM,2247,4.304914474487305,11.500370025634766,89,1,24,30,,7.195455551147461,False,0.434247761964798,0.1111932471394538,0.3230545222759247,19.08950996398925
Random,2247,1.4780988693237305,11.500370025634766,89,1,24,30,,10.022271156311035,False,0.434247761964798,0.3204793632030487,0.1137683987617492,31.561567306518555
Superpixel,4549,0.4377889633178711,6.8654656410217285,90,1,20,30,,6.427676677703857,True,0.3297589719295501,0.1857627034187317,0.1439962685108184,25.616788864135746
CAM,4549,5.53652024269104,6.8654656410217285,90,1,20,30,,1.3289453983306885,False,0.3297589719295501,0.0013742001028731,0.3283847570419311,19.86236953735352
FAM,4549,7.309407413005829,6.8654656410217285,90,1,20,30,,-0.4439417719841003,False,0.3297589719295501,3.647133780759759e-05,0.3297224938869476,21.093185424804688
Random,4549,2.395780563354492,6.8654656410217285,90,1,20,30,,4.469685077667236,False,0.3297589719295501,0.0525647588074207,0.2771942019462585,26.593626022338867
Superpixel,1625,-0.5044546127319336,14.688021659851074,91,1,24,30,,15.192476272583008,True,0.978518009185791,0.9965458512306212,-0.0180278420448303,12.605961799621582
CAM,1625,8.259207248687744,14.688021659851074,91,1,24,30,,6.42881441116333,True,0.978518009185791,0.1959266811609268,0.7825913429260254,15.929457664489746
FAM,1625,8.562821388244629,14.688021659851074,91,1,24,30,,6.125200271606445,True,0.978518009185791,0.2012989372014999,0.7772190570831299,15.929457664489746
Random,1625,3.358884811401367,14.688021659851074,91,1,24,30,,11.329136848449709,True,0.978518009185791,0.9416824579238892,0.0368355512619018,27.86090850830078
Superpixel,4935,5.866256237030029,10.596505165100098,92,1,22,30,,4.730248928070068,False,0.8455199599266052,0.0012514099944382,0.8442685604095459,19.11370277404785
CAM,4935,8.896473407745361,10.596505165100098,92,1,22,30,,1.7000317573547363,False,0.8455199599266052,3.913456021109596e-05,0.8454807996749878,16.872940063476562
FAM,4935,9.436403632164,10.596505165100098,92,1,22,30,,1.1601015329360962,False,0.8455199599266052,0.0001480373030062,0.8453719019889832,19.8170223236084
Random,4935,10.88584953546524,10.596505165100098,92,1,22,30,,-0.2893443703651428,False,0.8455199599266052,0.0002430801396258,0.8452768921852112,32.34634017944336
Superpixel,1168,6.806314945220947,13.045243263244627,93,1,24,30,,6.238928318023682,False,0.7442044615745544,0.0082087647169828,0.7359957098960876,17.55082130432129
CAM,1168,0.4157867431640625,13.045243263244627,93,1,24,30,,12.629456520080566,True,0.7442044615745544,0.5309107303619385,0.2132937312126159,16.885784149169922
FAM,1168,0.0989875793457031,13.045243263244627,93,1,24,30,,12.946255683898926,True,0.7442044615745544,0.6186498999595642,0.1255545616149902,16.885784149169922
Random,1168,3.661358833312988,13.045243263244627,93,1,24,30,,9.38388442993164,False,0.7442044615745544,0.3587875366210937,0.3854169249534607,28.66082000732422
Superpixel,3875,0.4409523010253906,9.30405616760254,94,1,21,30,,8.863103866577148,False,0.4444924294948578,0.1332724690437317,0.3112199604511261,13.474084854125977
CAM,3875,5.44493556022644,9.30405616760254,94,1,21,30,,3.859120607376098,False,0.4444924294948578,0.0168411321938037,0.4276512861251831,12.615486145019531
FAM,3875,1.4054579734802246,9.30405616760254,94,1,21,30,,7.898598194122314,False,0.4444924294948578,0.0117746302857995,0.4327178001403808,20.16561317443848
Random,3875,7.710762143135071,9.30405616760254,94,1,21,30,,1.5932940244674685,False,0.4444924294948578,0.0010785772465169,0.4434138536453247,33.758907318115234
Superpixel,2073,0.0248775482177734,14.818351745605469,95,1,21,30,,14.793474197387695,True,0.9936524629592896,0.9804865121841432,0.0131659507751464,21.273393630981445
CAM,2073,2.986016273498535,14.818351745605469,95,1,21,30,,11.832335472106934,True,0.9936524629592896,0.8084961175918579,0.1851563453674316,20.43381118774414
FAM,2073,1.6966285705566406,14.818351745605469,95,1,21,30,,13.121723175048828,True,0.9936524629592896,0.9770703315734864,0.0165821313858032,23.1313419342041
Random,2073,4.917400360107422,14.818351745605469,95,1,21,30,,9.900951385498049,True,0.9936524629592896,0.7213025093078613,0.2723499536514282,27.209592819213867
Superpixel,3762,0.4663600921630859,12.893231391906738,96,1,21,30,,12.426871299743652,True,0.9699661731719972,0.8874701857566833,0.0824959874153137,16.667892456054688
CAM,3762,8.767245769500732,12.893231391906738,96,1,21,30,,4.125985622406006,False,0.9699661731719972,0.0085408305749297,0.9614253640174866,16.143783569335938
FAM,3762,8.419556140899658,12.893231391906738,96,1,21,30,,4.47367525100708,False,0.9699661731719972,0.0391284972429275,0.9308376908302308,21.51363182067871
Random,3762,5.434275150299072,12.893231391906738,96,1,21,30,,7.458956241607666,True,0.9699661731719972,0.467989444732666,0.501976728439331,30.097909927368164
Superpixel,1938,-0.2759952545166015,13.632012367248535,97,1,22,30,,13.908007621765137,True,0.9622726440429688,0.976073145866394,-0.0138005018234252,14.112741470336914
CAM,1938,3.832956314086914,13.632012367248535,97,1,22,30,,9.79905605316162,False,0.9622726440429688,0.3361080288887024,0.6261646151542664,20.04677963256836
FAM,1938,1.3335723876953125,13.632012367248535,97,1,22,30,,12.298439979553224,True,0.9622726440429688,0.8654604554176331,0.0968121886253357,20.04677963256836
Random,1938,2.984203338623047,13.632012367248535,97,1,22,30,,10.647809028625488,True,0.9622726440429688,0.9372102618217468,0.0250623822212219,25.9183292388916
Superpixel,2012,-0.255868911743164,17.183658599853516,98,1,21,30,,17.43952751159668,True,0.9997792840003968,0.9998420476913452,-6.276369094848633e-05,13.319620132446287
CAM,2012,6.786008834838867,17.183658599853516,98,1,21,30,,10.397649765014648,True,0.9997792840003968,0.8758847713470459,0.1238945126533508,16.907976150512695
FAM,2012,11.739023685455322,17.183658599853516,98,1,21,30,,5.444634914398193,True,0.9997792840003968,0.1183629184961319,0.881416380405426,19.37313270568848
Random,2012,0.7237319946289062,17.183658599853516,98,1,21,30,,16.45992660522461,True,0.9997792840003968,0.9989320635795592,0.0008472204208374,35.01677703857422
Superpixel,1883,0.0157909393310546,14.828822135925291,99,1,22,30,,14.813031196594238,True,0.9975523352622986,0.9979344606399536,-0.000382125377655,13.218528747558594
CAM,1883,3.3067550659179688,14.828822135925291,99,1,22,30,,11.522067070007324,True,0.9975523352622986,0.9306604266166688,0.0668919086456298,25.09396171569824
FAM,1883,7.562594890594482,14.828822135925291,99,1,22,30,,7.26622724533081,True,0.9975523352622986,0.5127484202384949,0.4848039150238037,21.70130729675293
Random,1883,8.7378830909729,14.828822135925291,99,1,22,30,,6.090939044952393,True,0.9975523352622986,0.1539135873317718,0.8436387777328491,28.519649505615234
Superpixel,2990,-0.0298757553100585,12.216415405273438,100,1,25,30,,12.246291160583496,True,0.9044454097747804,0.85170978307724,0.0527356266975402,15.651813507080078
CAM,2990,5.03378963470459,12.216415405273438,100,1,25,30,,7.182625770568848,False,0.9044454097747804,0.0674666091799736,0.8369787931442261,19.197507858276367
FAM,2990,10.795586943626404,12.216415405273438,100,1,25,30,,1.4208284616470337,False,0.9044454097747804,0.0025069627445191,0.9019384384155272,20.93292808532715
Random,2990,3.38503646850586,12.216415405273438,100,1,25,30,,8.831378936767578,True,0.9044454097747804,0.5497115254402161,0.3547338843345642,31.24170684814453
Superpixel,2557,0.6724796295166016,15.428936958312988,101,1,24,30,,14.756457328796388,True,0.9957218170166016,0.979544997215271,0.0161768198013305,11.500779151916504
CAM,2557,8.743873596191406,15.428936958312988,101,1,24,30,,6.685063362121582,False,0.9957218170166016,0.0916832238435745,0.9040386080741882,22.8120231628418
FAM,2557,8.294644832611084,15.428936958312988,101,1,24,30,,7.134292125701904,True,0.9957218170166016,0.2877414226531982,0.7079803943634033,22.8120231628418
Random,2557,12.752647638320925,15.428936958312988,101,1,24,30,,2.676289319992065,False,0.9957218170166016,0.0045888684689998,0.9911329746246338,28.79829788208008
Superpixel,1974,-0.0163450241088867,15.503938674926758,102,1,25,30,,15.520283699035645,True,0.996592342853546,0.9959601759910583,0.0006321668624877,14.824935913085938
CAM,1974,4.091068267822266,15.503938674926758,102,1,25,30,,11.412870407104492,True,0.996592342853546,0.9685637950897216,0.0280285477638244,12.280092239379885
FAM,1974,5.04229736328125,15.503938674926758,102,1,25,30,,10.461641311645508,True,0.996592342853546,0.9486846327781676,0.0479077100753784,12.410677909851074
Random,1974,5.733809471130371,15.503938674926758,102,1,25,30,,9.770129203796388,True,0.996592342853546,0.766490638256073,0.2301017045974731,28.574626922607425
Superpixel,3308,3.048648834228516,18.070388793945312,103,1,21,30,,15.021739959716797,True,0.9988299012184144,0.9975008368492126,0.0013290643692016,16.043119430541992
CAM,3308,12.76880407333374,18.070388793945312,103,1,21,30,,5.301584720611572,False,0.9988299012184144,0.034581858664751,0.9642480611801147,22.00968360900879
FAM,3308,11.29864263534546,18.070388793945312,103,1,21,30,,6.7717461585998535,False,0.9988299012184144,0.1028322130441665,0.8959977030754089,16.343690872192383
Random,3308,14.421481609344482,18.070388793945312,103,1,21,30,,3.64890718460083,False,0.9988299012184144,0.0111099388450384,0.98771995306015,27.731948852539062
Superpixel,2443,-0.3967123031616211,12.477803230285645,104,1,20,30,,12.874515533447266,True,0.878959059715271,0.9025592803955078,-0.0236002206802368,16.89894676208496
CAM,2443,5.009994029998779,12.477803230285645,104,1,20,30,,7.467809200286865,False,0.878959059715271,0.0207792595028877,0.8581798076629639,21.1799259185791
FAM,2443,1.249530792236328,12.477803230285645,104,1,20,30,,11.228272438049316,True,0.878959059715271,0.5804875493049622,0.2984715104103088,20.785058975219727
Random,2443,4.543984413146973,12.477803230285645,104,1,20,30,,7.933818817138672,False,0.878959059715271,0.2916373312473297,0.5873217582702637,30.40070343017578
Superpixel,2922,0.3503684997558594,17.71215057373047,105,1,16,30,,17.36178207397461,True,0.9997777342796326,0.9996021389961244,0.0001755952835083,13.050779342651367
CAM,2922,8.641214370727539,17.71215057373047,105,1,16,30,,9.07093620300293,True,0.9997777342796326,0.6135770678520203,0.3862006664276123,21.64643859863281
FAM,2922,2.86624813079834,17.71215057373047,105,1,16,30,,14.845902442932127,True,0.9997777342796326,0.99667090177536,0.0031068325042724,21.64643859863281
Random,2922,5.534374237060547,17.71215057373047,105,1,16,30,,12.177776336669922,True,0.9997777342796326,0.9689513444900512,0.0308263897895813,28.34455680847168
Superpixel,3424,0.24578857421875,13.822314262390137,106,1,21,30,,13.576525688171388,True,0.9959412813186646,0.9936102032661438,0.0023310780525207,13.375592231750488
CAM,3424,10.543428659439089,13.822314262390137,106,1,21,30,,3.27888560295105,False,0.9959412813186646,0.0026261187158524,0.9933151602745056,15.483625411987305
FAM,3424,6.792397499084473,13.822314262390137,106,1,21,30,,7.029916763305664,False,0.9959412813186646,0.1762161999940872,0.8197250962257385,15.483625411987305
Random,3424,7.994321346282959,13.822314262390137,106,1,21,30,,5.827992916107178,False,0.9959412813186646,0.0874405428767204,0.9085007309913636,28.034847259521484
Superpixel,2984,1.364213943481445,14.434985160827637,107,1,19,30,,13.070771217346191,True,0.99201101064682,0.8152400255203247,0.1767709851264953,15.660944938659668
CAM,2984,3.697710037231445,14.434985160827637,107,1,19,30,,10.737275123596191,False,0.99201101064682,0.1418066769838333,0.850204348564148,10.09892463684082
FAM,2984,0.6518373489379883,14.434985160827637,107,1,19,30,,13.783147811889648,True,0.99201101064682,0.8930880427360535,0.0989229679107666,23.4404239654541
Random,2984,1.918354034423828,14.434985160827637,107,1,19,30,,12.516631126403809,True,0.99201101064682,0.9218961000442504,0.0701149106025695,35.839874267578125
Superpixel,2251,7.380870819091797,18.18814468383789,108,1,21,30,,10.807273864746094,True,0.999941110610962,0.4491844177246094,0.5507566928863525,18.94984245300293
CAM,2251,8.599333763122559,18.18814468383789,108,1,21,30,,9.588810920715332,True,0.999941110610962,0.7174480557441711,0.2824930548667907,13.396485328674316
FAM,2251,12.178753852844238,18.18814468383789,108,1,21,30,,6.009390830993652,True,0.999941110610962,0.1794969588518142,0.8204441666603088,16.164867401123047
Random,2251,4.354706764221191,18.18814468383789,108,1,21,30,,13.8334379196167,True,0.999941110610962,0.991178810596466,0.0087623000144958,27.03159713745117
Superpixel,2512,0.1391506195068359,11.207807540893556,109,1,21,30,,11.06865692138672,True,0.9765617847442628,0.974811851978302,0.0017499327659606,22.30361557006836
CAM,2512,5.088185787200928,11.207807540893556,109,1,21,30,,6.119621753692627,False,0.9765617847442628,0.1665547490119934,0.8100070357322693,15.713970184326172
FAM,2512,0.9820871353149414,11.207807540893556,109,1,21,30,,10.225720405578612,True,0.9765617847442628,0.9492285251617432,0.0273332595825195,16.87999153137207
Random,2512,1.513890266418457,11.207807540893556,109,1,21,30,,9.693917274475098,True,0.9765617847442628,0.9134260416030884,0.0631357431411743,27.12739372253418
Superpixel,2527,0.2434272766113281,12.709710121154783,110,1,23,30,,12.466282844543455,True,0.8131070733070374,0.73457932472229,0.0785277485847473,16.232271194458008
CAM,2527,3.135915756225586,12.709710121154783,110,1,23,30,,9.5737943649292,True,0.8131070733070374,0.3886586725711822,0.4244484007358551,20.455108642578125
FAM,2527,3.360142707824707,12.709710121154783,110,1,23,30,,9.349567413330078,True,0.8131070733070374,0.6800033450126648,0.1331037282943725,19.32676887512207
Random,2527,9.612958431243896,12.709710121154783,110,1,23,30,,3.0967516899108887,False,0.8131070733070374,0.0016695286612957,0.8114375472068787,32.3567008972168
Superpixel,2433,-0.3719816207885742,12.161798477172852,111,1,19,30,,12.533780097961426,True,0.666263222694397,0.7149567008018494,-0.0486934781074523,14.882927894592283
CAM,2433,7.65347146987915,12.161798477172852,111,1,19,30,,4.508327007293701,False,0.666263222694397,0.0250366181135177,0.641226589679718,19.680482864379883
FAM,2433,5.791311264038086,12.161798477172852,111,1,19,30,,6.370487213134766,False,0.666263222694397,0.0911242142319679,0.5751389861106873,21.01595115661621
Random,2433,3.210391998291016,12.161798477172852,111,1,19,30,,8.951406478881836,False,0.666263222694397,0.1304915994405746,0.5357716083526611,25.337520599365234
Superpixel,1186,0.7070379257202148,14.646283149719238,112,1,22,30,,13.939245223999023,True,0.9954355359077454,0.9835500717163086,0.0118854641914367,19.957130432128903
CAM,1186,7.699541568756103,14.646283149719238,112,1,22,30,,6.946741580963135,True,0.9954355359077454,0.4372740685939789,0.5581614971160889,13.82982349395752
FAM,1186,3.5906248092651367,14.646283149719238,112,1,22,30,,11.055658340454102,True,0.9954355359077454,0.8825799226760864,0.1128556132316589,24.507476806640625
Random,1186,8.104584693908691,14.646283149719238,112,1,22,30,,6.541698455810547,True,0.9954355359077454,0.2701607048511505,0.7252748012542725,34.10043716430664
Superpixel,2999,0.6440505981445312,11.354926109313965,113,1,22,30,,10.710875511169434,True,0.7278690934181213,0.7785054445266724,-0.050636351108551,19.724422454833984
CAM,2999,9.346530199050903,11.354926109313965,113,1,22,30,,2.008395910263061,False,0.7278690934181213,8.945711306296289e-05,0.7277796268463135,15.79222297668457
FAM,2999,7.206473350524902,11.354926109313965,113,1,22,30,,4.148452758789063,False,0.7278690934181213,0.001434113131836,0.7264350056648254,15.79222297668457
Random,2999,5.034487247467041,11.354926109313965,113,1,22,30,,6.320438861846924,False,0.7278690934181213,0.0356479287147522,0.6922211647033691,29.973047256469727
Superpixel,1839,3.208868980407715,11.279419898986816,114,1,21,30,,8.070550918579102,False,0.8169397711753845,0.0927818492054939,0.7241579294204712,18.23634529113769
CAM,1839,6.910271167755127,11.279419898986816,114,1,21,30,,4.3691487312316895,False,0.8169397711753845,0.0345586277544498,0.7823811173439026,17.20834732055664
FAM,1839,1.065826416015625,11.279419898986816,114,1,21,30,,10.213593482971191,True,0.8169397711753845,0.8439635634422302,-0.0270237922668457,16.170604705810547
Random,1839,1.7939090728759766,11.279419898986816,114,1,21,30,,9.48551082611084,True,0.8169397711753845,0.6434221863746643,0.1735175848007202,31.48175811767578
Superpixel,1856,-0.3382072448730469,9.643073081970217,115,1,25,30,,9.981280326843262,True,0.6300275921821594,0.818594217300415,-0.1885666251182556,14.28164768218994
CAM,1856,0.8759069442749023,9.643073081970217,115,1,25,30,,8.767166137695312,True,0.6300275921821594,0.7864972949028015,-0.1564697027206421,22.76594924926757
FAM,1856,0.7791614532470703,9.643073081970217,115,1,25,30,,8.863911628723145,True,0.6300275921821594,0.4620687663555145,0.1679588258266449,24.328277587890625
Random,1856,1.3750600814819336,9.643073081970217,115,1,25,30,,8.268013000488281,False,0.6300275921821594,0.2756546139717102,0.3543729782104492,27.71309471130371
Superpixel,3925,-0.8594646453857422,9.141690254211426,116,1,22,30,,10.001154899597168,True,0.3412531316280365,0.3665637075901031,-0.0253105759620666,16.03053855895996
CAM,3925,0.5963726043701172,9.141690254211426,116,1,22,30,,8.545317649841309,True,0.3412531316280365,0.4608775377273559,-0.1196244060993194,18.4172592163086
FAM,3925,2.2420573234558105,9.141690254211426,116,1,22,30,,6.899632930755615,False,0.3412531316280365,0.072603590786457,0.26864954829216,19.901222229003903
Random,3925,5.423383712768555,9.141690254211426,116,1,22,30,,3.718306541442871,False,0.3412531316280365,0.034548245370388,0.3067048788070678,27.83254623413086
Superpixel,2234,0.9406890869140624,10.933367729187012,117,1,23,30,,9.99267864227295,True,0.951835572719574,0.910896897315979,0.0409386754035949,14.700352668762209
CAM,2234,8.05000925064087,10.933367729187012,117,1,23,30,,2.8833584785461426,False,0.951835572719574,0.0043073575943708,0.9475282430648804,23.050273895263672
FAM,2234,8.215385675430298,10.933367729187012,117,1,23,30,,2.717982053756714,False,0.951835572719574,0.0016358258435502,0.9501997232437134,17.38332748413086
Random,2234,2.537752151489258,10.933367729187012,117,1,23,30,,8.395615577697754,True,0.951835572719574,0.7596502304077148,0.1921853423118591,30.34291648864746
Superpixel,2074,6.256585597991943,13.120966911315918,118,1,22,30,,6.864381313323975,False,0.9344008564949036,0.0078032296150922,0.9265976548194884,16.70052719116211
CAM,2074,1.466263771057129,13.120966911315918,118,1,22,30,,11.654703140258787,True,0.9344008564949036,0.9333419799804688,0.0010588765144348,20.37510108947754
FAM,2074,4.383073806762695,13.120966911315918,118,1,22,30,,8.737893104553223,True,0.9344008564949036,0.60411137342453,0.3302894830703735,20.37510108947754
Random,2074,1.0787782669067385,13.120966911315918,118,1,22,30,,12.04218864440918,True,0.9344008564949036,0.9334597587585448,0.0009410977363586,24.873815536499023
Superpixel,3351,3.219784736633301,16.402366638183594,119,1,21,30,,13.182581901550291,True,0.9973747730255128,0.9306564927101136,0.0667182803153991,16.188203811645508
CAM,3351,6.067873001098633,16.402366638183594,119,1,21,30,,10.33449363708496,True,0.9973747730255128,0.5840145945549011,0.4133601784706116,16.1657657623291
FAM,3351,7.516363143920898,16.402366638183594,119,1,21,30,,8.886003494262695,False,0.9973747730255128,0.3108589053153991,0.6865158677101135,10.139404296875
Random,3351,8.082402229309082,16.402366638183594,119,1,21,30,,8.319964408874512,True,0.9973747730255128,0.702650249004364,0.2947245240211487,35.633914947509766
Superpixel,2487,4.430469036102295,8.822118759155273,120,1,21,30,,4.3916497230529785,False,0.3662554025650024,0.0250888913869857,0.3411664962768554,20.354564666748047
CAM,2487,5.112337589263916,8.822118759155273,120,1,21,30,,3.709781169891357,False,0.3662554025650024,0.0295259580016136,0.3367294371128082,21.083600997924805
FAM,2487,0.511876106262207,8.822118759155273,120,1,21,30,,8.310242652893066,True,0.3662554025650024,0.3913174867630005,-0.025062084197998,15.375288009643556
Random,2487,4.762925148010254,8.822118759155273,120,1,21,30,,4.05919361114502,False,0.3662554025650024,0.0069118496030569,0.359343558549881,33.19234848022461
Superpixel,2505,2.066868782043457,6.235069751739502,121,1,22,30,,4.168200969696045,False,0.2723608613014221,0.0164306405931711,0.2559302151203155,19.746057510375977
CAM,2505,4.782667994499207,6.235069751739502,121,1,22,30,,1.4524017572402954,False,0.2723608613014221,0.0044041597284376,0.2679567039012909,23.064441680908203
FAM,2505,5.007169723510742,6.235069751739502,121,1,22,30,,1.2279000282287598,False,0.2723608613014221,0.001756957732141,0.2706038951873779,23.830699920654297
Random,2505,2.3210978507995605,6.235069751739502,121,1,22,30,,3.913971900939941,False,0.2723608613014221,0.0406839661300182,0.2316768914461136,25.662372589111328
Superpixel,2668,2.858885765075684,13.506736755371094,122,1,24,30,,10.64785099029541,True,0.9940621256828308,0.968975067138672,0.0250870585441589,14.832956314086914
CAM,2668,7.266368865966797,13.506736755371094,122,1,24,30,,6.240367889404297,True,0.9940621256828308,0.3456585109233856,0.6484036445617676,14.68097972869873
FAM,2668,6.482386112213135,13.506736755371094,122,1,24,30,,7.024350643157959,True,0.9940621256828308,0.4986553192138672,0.4954068064689636,14.68097972869873
Random,2668,3.293452262878418,13.506736755371094,122,1,24,30,,10.213284492492676,True,0.9940621256828308,0.9137798547744752,0.0802822709083557,28.470218658447266
Superpixel,2375,3.6631245613098153,11.120905876159668,123,1,21,30,,7.457781314849853,True,0.7133698463439941,0.3017404079437256,0.4116294384002685,20.632719039916992
CAM,2375,4.378674507141113,11.120905876159668,123,1,21,30,,6.742231369018555,False,0.7133698463439941,0.2285359799861908,0.4848338663578033,15.679125785827637
FAM,2375,1.89913272857666,11.120905876159668,123,1,21,30,,9.221773147583008,True,0.7133698463439941,0.6655591130256653,0.0478107333183288,19.541423797607425
Random,2375,5.572356224060059,11.120905876159668,123,1,21,30,,5.548549652099609,True,0.7133698463439941,0.1644860059022903,0.548883855342865,34.76860809326172
Superpixel,2802,2.7114152908325195,16.80983543395996,124,1,21,30,,14.09842014312744,True,0.9925070405006408,0.9521890878677368,0.040317952632904,17.9955997467041
CAM,2802,8.155228614807129,16.80983543395996,124,1,21,30,,8.654606819152832,True,0.9925070405006408,0.575720489025116,0.4167865514755249,9.673454284667969
FAM,2802,8.97645378112793,16.80983543395996,124,1,21,30,,7.833381652832031,True,0.9925070405006408,0.3993378281593323,0.5931692123413086,10.76960277557373
Random,2802,7.188763618469238,16.80983543395996,124,1,21,30,,9.621071815490724,True,0.9925070405006408,0.742668867111206,0.2498381733894348,30.23616981506348
Superpixel,2182,2.500661849975586,16.302902221679688,125,1,21,30,,13.802240371704102,True,0.997812032699585,0.9315105080604552,0.0663015246391296,15.951334953308104
CAM,2182,2.963078498840332,16.302902221679688,125,1,21,30,,13.339823722839355,True,0.997812032699585,0.9687705039978028,0.0290415287017822,15.721014022827148
FAM,2182,2.9236364364624023,16.302902221679688,125,1,21,30,,13.379265785217283,True,0.997812032699585,0.9678733944892884,0.0299386382102966,11.127060890197754
Random,2182,2.4596548080444336,16.302902221679688,125,1,21,30,,13.843247413635254,True,0.997812032699585,0.9961177110671996,0.0016943216323852,28.815040588378903
Superpixel,3181,0.6699457168579102,14.29814910888672,126,1,23,30,,13.628203392028809,True,0.9513253569602966,0.5869806408882141,0.3643447160720825,13.106663703918455
CAM,3181,0.9748983383178712,14.29814910888672,126,1,23,30,,13.323250770568848,True,0.9513253569602966,0.9356784224510192,0.0156469345092773,13.620198249816896
FAM,3181,2.1396169662475586,14.29814910888672,126,1,23,30,,12.15853214263916,False,0.9513253569602966,0.2203499674797058,0.7309753894805908,15.498092651367188
Random,3181,4.245078086853027,14.29814910888672,126,1,23,30,,10.053071022033691,True,0.9513253569602966,0.8066306114196777,0.1446947455406189,25.964088439941406
Superpixel,3048,4.500225067138672,13.200457572937012,127,1,25,30,,8.70023250579834,True,0.957143783569336,0.4434097707271576,0.513733983039856,16.924617767333984
CAM,3048,5.251391410827637,13.200457572937012,127,1,25,30,,7.949066162109375,True,0.957143783569336,0.4645927250385284,0.4925510585308075,19.79193878173828
FAM,3048,4.981475830078125,13.200457572937012,127,1,25,30,,8.218981742858887,True,0.957143783569336,0.698401153087616,0.2587426304817199,17.50914192199707
Random,3048,4.267473220825195,13.200457572937012,127,1,25,30,,8.932984352111816,True,0.957143783569336,0.6894584894180298,0.2676852941513061,27.94243049621582
Superpixel,1626,0.9996728897094728,9.345117568969728,128,1,25,30,,8.345444679260254,False,0.6604340672492981,0.0022500809282064,0.6581839919090271,15.824478149414062
CAM,1626,2.93552303314209,9.345117568969728,128,1,25,30,,6.409594535827637,False,0.6604340672492981,0.0004313476092647,0.6600027084350586,16.38527488708496
FAM,1626,1.6230535507202148,9.345117568969728,128,1,25,30,,7.722064018249512,True,0.6604340672492981,0.3151974976062774,0.3452365696430206,16.38527488708496
Random,1626,4.190577507019043,9.345117568969728,128,1,25,30,,5.154540061950684,False,0.6604340672492981,0.0543483756482601,0.6060857176780701,29.0507755279541
Superpixel,1650,1.595205307006836,13.32651424407959,129,1,25,30,,11.731308937072754,True,0.984628677368164,0.9502164721488952,0.0344122052192688,16.254474639892578
CAM,1650,3.359652519226074,13.32651424407959,129,1,25,30,,9.966861724853516,True,0.984628677368164,0.860146164894104,0.12448251247406,19.199865341186523
FAM,1650,4.97899055480957,13.32651424407959,129,1,25,30,,8.34752368927002,True,0.984628677368164,0.6932798027992249,0.2913488745689392,18.810461044311523
Random,1650,1.4633655548095703,13.32651424407959,129,1,25,30,,11.86314868927002,True,0.984628677368164,0.9145103693008424,0.0701183080673217,30.07723045349121
Superpixel,1213,2.41379451751709,7.179259300231934,130,1,22,30,,4.765464782714844,False,0.2914071381092071,0.0671771690249443,0.2242299616336822,10.230769157409668
CAM,1213,0.4338116645812988,7.179259300231934,130,1,22,30,,6.745447635650635,False,0.2914071381092071,0.1682865172624588,0.1231206208467483,13.235883712768556
FAM,1213,-1.3819169998168943,7.179259300231934,130,1,22,30,,8.561176300048828,True,0.2914071381092071,0.5817152857780457,-0.2903081476688385,19.351003646850582
Random,1213,4.0218565464019775,7.179259300231934,130,1,22,30,,3.157402753829956,False,0.2914071381092071,0.0210259947925806,0.2703811526298523,31.562240600585938
Superpixel,1453,-1.6179895401000977,12.296734809875488,131,1,25,30,,13.914724349975586,True,0.9436692595481871,0.9707156419754028,-0.0270463824272155,16.234283447265625
CAM,1453,5.387311935424805,12.296734809875488,131,1,25,30,,6.909422874450684,True,0.9436692595481871,0.3403584063053131,0.6033108234405518,22.158729553222656
FAM,1453,4.2626142501831055,12.296734809875488,131,1,25,30,,8.034120559692383,True,0.9436692595481871,0.5490835309028625,0.3945857286453247,21.26726722717285
Random,1453,-0.7052516937255859,12.296734809875488,131,1,25,30,,13.001986503601074,True,0.9436692595481871,0.9573857188224792,-0.0137164592742919,27.559223175048828
Superpixel,1026,5.938532829284668,15.042993545532228,132,1,23,30,,9.10446071624756,False,0.9574609994888306,0.0536591634154319,0.9038018584251404,17.745018005371094
CAM,1026,2.833806037902832,15.042993545532228,132,1,23,30,,12.209187507629396,True,0.9574609994888306,0.8465397357940674,0.1109212636947631,14.011053085327148
FAM,1026,1.746485710144043,15.042993545532228,132,1,23,30,,13.296507835388184,True,0.9574609994888306,0.9416356086730956,0.0158253908157348,14.011053085327148
Random,1026,1.876229286193848,15.042993545532228,132,1,23,30,,13.16676425933838,True,0.9574609994888306,0.954443335533142,0.0030176639556884,32.547393798828125
Superpixel,2534,3.628782272338867,12.704119682312012,133,1,20,30,,9.075337409973145,True,0.9761433601379396,0.784500241279602,0.1916431188583374,16.086183547973633
CAM,2534,5.6229424476623535,12.704119682312012,133,1,20,30,,7.081177234649658,True,0.9761433601379396,0.2406396865844726,0.7355036735534668,13.73590850830078
FAM,2534,3.1685285568237305,12.704119682312012,133,1,20,30,,9.53559112548828,True,0.9761433601379396,0.476129949092865,0.5000134110450745,20.888830184936523
Random,2534,3.019775390625,12.704119682312012,133,1,20,30,,9.684344291687012,True,0.9761433601379396,0.8330840468406677,0.1430593132972717,36.628562927246094
Superpixel,2037,4.86963415145874,9.561964988708496,134,1,25,30,,4.692330837249756,False,0.7552341222763062,0.0116836316883564,0.7435504794120789,17.192920684814453
CAM,2037,5.248937129974365,9.561964988708496,134,1,25,30,,4.313027858734131,False,0.7552341222763062,0.0056189280003309,0.7496151924133301,14.421985626220703
FAM,2037,6.7047295570373535,9.561964988708496,134,1,25,30,,2.8572354316711426,False,0.7552341222763062,0.0014083873247727,0.7538257241249084,14.421985626220703
Random,2037,1.5248756408691406,9.561964988708496,134,1,25,30,,8.037089347839355,True,0.7552341222763062,0.5504372119903564,0.2047969102859497,28.75649642944336
Superpixel,2130,2.989030838012696,11.64293098449707,135,1,16,30,,8.653900146484375,True,0.9746475219726562,0.6123945713043213,0.3622529506683349,17.944847106933594
CAM,2130,9.35448694229126,11.64293098449707,135,1,16,30,,2.2884440422058105,False,0.9746475219726562,0.0170938000082969,0.9575537443161012,11.96531867980957
FAM,2130,9.81885850429535,11.64293098449707,135,1,16,30,,1.8240724802017207,False,0.9746475219726562,0.0084216557443141,0.9662258625030518,11.96531867980957
Random,2130,6.600098609924316,11.64293098449707,135,1,16,30,,5.042832374572754,True,0.9746475219726562,0.1676965653896331,0.8069509267807007,30.319719314575195
Superpixel,1604,3.4929862022399902,11.275784492492676,136,1,24,30,,7.782798290252685,False,0.8680004477500916,0.0249713044613599,0.8430291414260864,18.37556266784668
CAM,1604,2.6481008529663086,11.275784492492676,136,1,24,30,,8.627683639526367,False,0.8680004477500916,0.1531760841608047,0.714824378490448,15.990262985229492
FAM,1604,2.258647918701172,11.275784492492676,136,1,24,30,,9.017136573791504,False,0.8680004477500916,0.1565178036689758,0.7114826440811157,16.22864532470703
Random,1604,6.876228332519531,11.275784492492676,136,1,24,30,,4.3995561599731445,False,0.8680004477500916,0.0208453629165887,0.8471550941467285,30.14867401123047
Superpixel,2285,7.454102993011475,15.144980430603027,137,1,25,30,,7.690877437591553,True,0.9985264539718628,0.2697429358959198,0.7287834882736206,16.910409927368164
CAM,2285,9.206931591033936,15.144980430603027,137,1,25,30,,5.938048839569092,False,0.9985264539718628,0.087710253894329,0.9108161926269532,16.031034469604492
FAM,2285,5.510004043579102,15.144980430603027,137,1,25,30,,9.634976387023926,True,0.9985264539718628,0.7824755907058716,0.2160508632659912,18.089874267578125
Random,2285,10.709609031677246,15.144980430603027,137,1,25,30,,4.435371398925781,False,0.9985264539718628,0.023128654807806,0.9753978252410888,31.076101303100582
Superpixel,1989,-1.7007427215576172,12.23999309539795,138,1,21,30,,13.940735816955566,True,0.9902260899543762,0.9972512125968932,-0.007025122642517,14.50841999053955
CAM,1989,1.6148414611816406,12.23999309539795,138,1,21,30,,10.625151634216309,True,0.9902260899543762,0.9522139430046082,0.038012146949768,18.40450668334961
FAM,1989,1.0604877471923828,12.23999309539795,138,1,21,30,,11.179505348205566,True,0.9902260899543762,0.970787763595581,0.0194383263587951,18.40450668334961
Random,1989,1.2655410766601562,12.23999309539795,138,1,21,30,,10.974452018737791,True,0.9902260899543762,0.9710733890533448,0.0191527009010314,33.08274459838867
Superpixel,2386,0.0953235626220703,6.806970119476318,139,1,24,30,,6.711646556854248,False,0.191185250878334,0.0039653894491493,0.1872198581695556,13.380133628845217
CAM,2386,1.8433256149291992,6.806970119476318,139,1,24,30,,4.963644504547119,False,0.191185250878334,0.0241818763315677,0.1670033782720565,14.783353805541992
FAM,2386,4.18720555305481,6.806970119476318,139,1,24,30,,2.619764566421509,False,0.191185250878334,0.0017965306760743,0.1893887221813202,17.869462966918945
Random,2386,5.559751629829407,6.806970119476318,139,1,24,30,,1.2472184896469116,False,0.191185250878334,0.0019669530447572,0.1892182976007461,27.59320831298828
Superpixel,2175,4.229970455169678,11.610396385192873,140,1,25,30,,7.380425930023193,False,0.5213428735733032,0.0063336780294775,0.5150092244148254,17.356599807739258
CAM,2175,3.656716346740722,11.610396385192873,140,1,25,30,,7.953680038452148,False,0.5213428735733032,0.1950616836547851,0.326281189918518,13.909899711608888
FAM,2175,4.80263614654541,11.610396385192873,140,1,25,30,,6.807760238647461,False,0.5213428735733032,0.1676005274057388,0.3537423610687256,17.295251846313477
Random,2175,6.56257963180542,11.610396385192873,140,1,25,30,,5.047816753387451,False,0.5213428735733032,0.0814369320869445,0.4399059414863586,31.70112991333008
Superpixel,1283,5.920586585998535,15.713963508605955,141,1,24,30,,9.793376922607422,False,0.9962761402130128,0.0671695843338966,0.9291065335273744,15.45985984802246
CAM,1283,2.8343753814697266,15.713963508605955,141,1,24,30,,12.87958812713623,True,0.9962761402130128,0.85139399766922,0.1448821425437927,16.922405242919922
FAM,1283,0.5820121765136719,15.713963508605955,141,1,24,30,,15.131951332092283,True,0.9962761402130128,0.9942657351493835,0.0020104050636291,18.96651268005371
Random,1283,0.2078075408935547,15.713963508605955,141,1,24,30,,15.506155967712402,True,0.9962761402130128,0.997416615486145,-0.0011404752731323,26.520681381225582
Superpixel,1759,7.251330852508545,14.730679512023926,142,1,25,30,,7.479348659515381,False,0.9845327734947203,0.0901763215661048,0.8943564295768738,17.404483795166016
CAM,1759,1.7090511322021484,14.730679512023926,142,1,25,30,,13.021628379821776,True,0.9845327734947203,0.6188074946403503,0.3657252788543701,12.76518726348877
FAM,1759,0.6158027648925781,14.730679512023926,142,1,25,30,,14.114876747131348,True,0.9845327734947203,0.9963377714157104,-0.0118049979209899,23.494604110717773
Random,1759,5.015331268310547,14.730679512023926,142,1,25,30,,9.71534824371338,False,0.9845327734947203,0.3179361820220947,0.6665965914726257,25.95455741882324
Superpixel,1935,-0.091592788696289,14.311620712280272,143,1,24,30,,14.403213500976562,True,0.9856692552566528,0.977700650691986,0.0079686045646667,17.092899322509766
CAM,1935,3.615355491638184,14.311620712280272,143,1,24,30,,10.69626522064209,True,0.9856692552566528,0.5991072654724121,0.3865619897842407,11.613214492797852
FAM,1935,1.3832359313964844,14.311620712280272,143,1,24,30,,12.928384780883787,True,0.9856692552566528,0.9262505769729614,0.0594186782836914,19.82115173339844
Random,1935,0.5472373962402344,14.311620712280272,143,1,24,30,,13.76438331604004,True,0.9856692552566528,0.9678512811660768,0.0178179740905761,27.192007064819336
Superpixel,1438,4.984210968017578,13.337560653686523,144,1,21,30,,8.353349685668945,False,0.8352937698364258,0.2058771103620529,0.6294166445732117,15.196510314941406
CAM,1438,3.6312875747680655,13.337560653686523,144,1,21,30,,9.706273078918455,True,0.8352937698364258,0.4368985295295715,0.3983952403068542,16.36678123474121
FAM,1438,6.23092794418335,13.337560653686523,144,1,21,30,,7.106632709503174,False,0.8352937698364258,0.1874720007181167,0.6478217840194702,17.25246810913086
Random,1438,2.657597541809082,13.337560653686523,144,1,21,30,,10.67996311187744,False,0.8352937698364258,0.3645114302635193,0.4707823395729065,29.727338790893555
Superpixel,3898,5.142837524414063,17.006467819213867,145,1,24,30,,11.863630294799805,True,0.9989553689956664,0.7042444944381714,0.2947108745574951,15.542475700378418
CAM,3898,8.211146354675293,17.006467819213867,145,1,24,30,,8.795321464538574,True,0.9989553689956664,0.334997296333313,0.6639580726623535,19.959651947021484
FAM,3898,5.229274749755859,17.006467819213867,145,1,24,30,,11.777193069458008,True,0.9989553689956664,0.8286519050598145,0.170303463935852,19.959651947021484
Random,3898,8.276248931884766,17.006467819213867,145,1,24,30,,8.730218887329102,True,0.9989553689956664,0.4130446910858154,0.5859106779098511,31.4296817779541
Superpixel,2992,2.6129398345947266,13.564491271972656,146,1,21,30,,10.95155143737793,True,0.8321751952171326,0.4869596362113952,0.3452155590057373,19.05961799621582
CAM,2992,4.722988128662109,13.564491271972656,146,1,21,30,,8.841503143310547,True,0.8321751952171326,0.749904215335846,0.0822709798812866,15.373655319213867
FAM,2992,4.284141540527344,13.564491271972656,146,1,21,30,,9.280349731445312,True,0.8321751952171326,0.5916206240653992,0.2405545711517334,15.373655319213867
Random,2992,4.517659187316895,13.564491271972656,146,1,21,30,,9.046832084655762,False,0.8321751952171326,0.2802937924861908,0.5518814325332642,30.89301490783692
Superpixel,1516,4.957098007202148,17.26859474182129,147,1,22,30,,12.31149673461914,True,0.9994877576828004,0.5639089345932007,0.4355788230895996,17.842391967773438
CAM,1516,7.757778167724609,17.26859474182129,147,1,22,30,,9.51081657409668,True,0.9994877576828004,0.8799833059310913,0.1195044517517089,13.472208023071287
FAM,1516,2.2237491607666016,17.26859474182129,147,1,22,30,,15.044845581054688,True,0.9994877576828004,0.9743298888206482,0.0251578688621521,13.472208023071287
Random,1516,5.497568130493164,17.26859474182129,147,1,22,30,,11.771026611328123,True,0.9994877576828004,0.875706136226654,0.1237816214561462,27.978439331054688
Superpixel,2488,4.961950302124023,18.31349372863769,148,1,21,30,,13.351543426513672,True,0.999848246574402,0.9590291976928712,0.0408190488815307,18.47090530395508
CAM,2488,9.30641269683838,18.31349372863769,148,1,21,30,,9.007081031799316,True,0.999848246574402,0.5629873871803284,0.4368608593940735,13.401331901550291
FAM,2488,8.341512680053711,18.31349372863769,148,1,21,30,,9.971981048583984,True,0.999848246574402,0.7454719543457031,0.2543762922286987,13.401331901550291
Random,2488,3.892019271850586,18.31349372863769,148,1,21,30,,14.42147445678711,True,0.999848246574402,0.9910649061203004,0.0087833404541015,27.55158805847168
Superpixel,1958,2.004477500915528,11.154372215270996,149,1,17,30,,9.149894714355469,False,0.6199917793273926,0.0052904626354575,0.6147013306617737,17.050947189331055
CAM,1958,1.942673683166504,11.154372215270996,149,1,17,30,,9.211698532104492,True,0.6199917793273926,0.3325334787368774,0.2874583005905151,13.878573417663574
FAM,1958,0.5175113677978516,11.154372215270996,149,1,17,30,,10.636860847473145,True,0.6199917793273926,0.6980187296867371,-0.0780269503593444,13.878573417663574
Random,1958,6.288807392120361,11.154372215270996,149,1,17,30,,4.865564823150635,False,0.6199917793273926,0.0581358522176742,0.5618559122085571,31.98160743713379
Superpixel,2545,2.1411352157592773,13.237960815429688,150,1,23,30,,11.09682559967041,True,0.9049380421638488,0.6788099408149719,0.2261281013488769,13.248971939086914
CAM,2545,1.3886184692382812,13.237960815429688,150,1,23,30,,11.849342346191406,True,0.9049380421638488,0.5139769315719604,0.3909611105918884,13.632893562316896
FAM,2545,1.867288589477539,13.237960815429688,150,1,23,30,,11.370672225952148,True,0.9049380421638488,0.7001311182975769,0.2048069238662719,12.737566947937012
Random,2545,1.2524490356445312,13.237960815429688,150,1,23,30,,11.985511779785156,False,0.9049380421638488,0.3382327258586883,0.5667053461074829,32.22563934326172
Superpixel,5228,6.0365309715271,13.540781021118164,151,1,21,30,,7.504250049591064,False,0.9704593420028688,0.0020282249897718,0.9684311151504515,20.96941947937012
CAM,5228,6.5223236083984375,13.540781021118164,151,1,21,30,,7.018457412719727,False,0.9704593420028688,0.112133964896202,0.8583253622055054,20.125450134277344
FAM,5228,5.623890399932861,13.540781021118164,151,1,21,30,,7.916890621185303,False,0.9704593420028688,0.045191217213869,0.9252681136131288,22.61864280700684
Random,5228,3.670932769775391,13.540781021118164,151,1,21,30,,9.869848251342772,True,0.9704593420028688,0.6429174542427063,0.3275418877601623,31.83236122131348
Superpixel,2220,1.7598342895507812,16.670333862304688,152,1,24,30,,14.910499572753906,True,0.9970794916152954,0.99030601978302,0.0067734718322753,15.654881477355955
CAM,2220,4.223583221435547,16.670333862304688,152,1,24,30,,12.44675064086914,True,0.9970794916152954,0.7336801886558533,0.2633993029594421,9.797077178955078
FAM,2220,0.32672119140625,16.670333862304688,152,1,24,30,,16.343612670898438,True,0.9970794916152954,0.9873063564300536,0.0097731351852417,14.928391456604004
Random,2220,3.3916454315185547,16.670333862304688,152,1,24,30,,13.278688430786133,True,0.9970794916152954,0.7691948413848877,0.2278846502304077,33.15376281738281
Superpixel,1306,3.560445785522461,14.594741821289062,153,1,25,30,,11.034296035766602,True,0.993712604045868,0.7532249093055725,0.2404876947402954,17.512374877929688
CAM,1306,2.4160642623901367,14.594741821289062,153,1,25,30,,12.178677558898926,True,0.993712604045868,0.9158269166946412,0.0778856873512268,14.569660186767578
FAM,1306,1.0708904266357422,14.594741821289062,153,1,25,30,,13.52385139465332,True,0.993712604045868,0.970491349697113,0.0232212543487548,17.627304077148438
Random,1306,0.3993844985961914,14.594741821289062,153,1,25,30,,14.195357322692873,True,0.993712604045868,0.9847672581672668,0.008945345878601,35.03752136230469
Superpixel,1418,0.4495697021484375,13.016481399536133,154,1,22,30,,12.566911697387695,True,0.9780177474021912,0.9639946222305298,0.0140231251716613,16.38193702697754
CAM,1418,3.82596492767334,13.016481399536133,154,1,22,30,,9.190516471862791,True,0.9780177474021912,0.8055417537689209,0.1724759936332702,14.881810188293455
FAM,1418,2.3028507232666016,13.016481399536133,154,1,22,30,,10.713630676269531,True,0.9780177474021912,0.8981291651725769,0.0798885822296142,15.883193969726562
Random,1418,0.9951763153076172,13.016481399536133,154,1,22,30,,12.021305084228516,True,0.9780177474021912,0.9049299359321594,0.0730878114700317,33.2260856628418
Superpixel,2626,4.977232456207275,9.030038833618164,155,1,24,30,,4.052806377410889,False,0.5152313113212585,0.0224628783762455,0.4927684366703033,18.14799118041992
CAM,2626,6.022791385650635,9.030038833618164,155,1,24,30,,3.0072474479675293,False,0.5152313113212585,0.0154646271839737,0.4997666776180267,16.73084831237793
FAM,2626,8.240702509880066,9.030038833618164,155,1,24,30,,0.7893363237380981,False,0.5152313113212585,0.0003482310858089,0.5148831009864807,16.73084831237793
Random,2626,7.374075174331665,9.030038833618164,155,1,24,30,,1.655963659286499,False,0.5152313113212585,0.0022606828715652,0.5129706263542175,28.953643798828125
Superpixel,2087,-0.2210140228271484,16.346372604370117,156,1,21,30,,16.567386627197266,True,0.9948359727859496,0.990214705467224,0.0046212673187255,20.032569885253903
CAM,2087,7.026873588562012,16.346372604370117,156,1,21,30,,9.319499015808104,True,0.9948359727859496,0.6576112508773804,0.3372247219085693,15.230934143066406
FAM,2087,6.387495040893555,16.346372604370117,156,1,21,30,,9.958877563476562,True,0.9948359727859496,0.6813181042671204,0.3135178685188293,15.571371078491213
Random,2087,6.472259521484375,16.346372604370117,156,1,21,30,,9.874113082885742,True,0.9948359727859496,0.7974515557289124,0.1973844170570373,28.53414726257324
Superpixel,1319,11.78035306930542,18.035762786865234,157,1,24,30,,6.255409717559815,True,0.992727279663086,0.2382844239473343,0.7544428706169128,17.4730167388916
CAM,1319,10.941629886627195,18.035762786865234,157,1,24,30,,7.094132900238037,True,0.992727279663086,0.3565617799758911,0.6361654996871948,13.214481353759766
FAM,1319,9.261908531188965,18.035762786865234,157,1,24,30,,8.77385425567627,True,0.992727279663086,0.6764702200889587,0.3162570595741272,19.01705741882324
Random,1319,4.584115982055664,18.035762786865234,157,1,24,30,,13.45164680480957,True,0.992727279663086,0.9704142212867736,0.0223130583763122,29.939653396606445
Superpixel,1971,2.908442497253418,14.329495429992676,158,1,23,30,,11.421052932739258,True,0.9455470442771912,0.9583870768547058,-0.0128400325775146,13.67545223236084
CAM,1971,3.997328758239746,14.329495429992676,158,1,23,30,,10.33216667175293,True,0.9455470442771912,0.8409803509712219,0.1045666933059692,19.57998847961425
FAM,1971,7.832343101501465,14.329495429992676,158,1,23,30,,6.497152328491211,True,0.9455470442771912,0.3283533453941345,0.6171936988830566,11.121150970458984
Random,1971,1.9467182159423828,14.329495429992676,158,1,23,30,,12.382777214050291,True,0.9455470442771912,0.9665995240211488,-0.0210524797439575,29.18950653076172
Superpixel,1629,-0.0111541748046875,15.876619338989258,159,1,20,30,,15.887773513793944,True,0.956594944000244,0.9830194115638732,-0.0264244675636291,15.139165878295898
CAM,1629,5.249122619628906,15.876619338989258,159,1,20,30,,10.627496719360352,True,0.956594944000244,0.5367043018341064,0.4198906421661377,14.491857528686523
FAM,1629,4.734310150146484,15.876619338989258,159,1,20,30,,11.142309188842772,True,0.956594944000244,0.6802775859832764,0.2763173580169678,14.491857528686523
Random,1629,1.3393640518188477,15.876619338989258,159,1,20,30,,14.53725528717041,True,0.956594944000244,0.9689822196960448,-0.0123872756958007,30.18252182006836
Superpixel,2679,1.2427911758422852,12.079415321350098,160,1,22,30,,10.836624145507812,True,0.963690996170044,0.8808965682983398,0.0827944278717041,16.714399337768555
CAM,2679,4.098851680755615,12.079415321350098,160,1,22,30,,7.980563640594482,True,0.963690996170044,0.4715819358825683,0.4921090602874756,16.10968017578125
FAM,2679,0.0896530151367187,12.079415321350098,160,1,22,30,,11.98976230621338,True,0.963690996170044,0.9681536555290222,-0.0044626593589782,17.683629989624023
Random,2679,1.4706087112426758,12.079415321350098,160,1,22,30,,10.608806610107422,True,0.963690996170044,0.8803737759590149,0.083317220211029,27.62319564819336
Superpixel,2082,1.903040885925293,17.422378540039062,161,1,23,30,,15.51933765411377,True,0.9996544122695924,0.9932142496109008,0.0064401626586914,18.374771118164062
CAM,2082,4.962078094482422,17.422378540039062,161,1,23,30,,12.46030044555664,True,0.9996544122695924,0.9678094983100892,0.0318449139595031,16.2608642578125
FAM,2082,3.611584663391113,17.422378540039062,161,1,23,30,,13.81079387664795,True,0.9996544122695924,0.991337776184082,0.0083166360855102,12.370083808898926
Random,2082,3.5232467651367188,17.422378540039062,161,1,23,30,,13.899131774902344,True,0.9996544122695924,0.9937483072280884,0.0059061050415039,32.836631774902344
Superpixel,1649,0.9317216873168944,15.753741264343262,162,1,23,30,,14.822019577026367,True,0.9180561900138856,0.8466992974281311,0.0713568925857544,14.273064613342283
CAM,1649,6.357155799865723,15.753741264343262,162,1,23,30,,9.39658546447754,True,0.9180561900138856,0.5940559506416321,0.3240002393722534,10.86322784423828
FAM,1649,4.30654239654541,15.753741264343262,162,1,23,30,,11.447198867797852,True,0.9180561900138856,0.7599471807479858,0.1581090092658996,13.073186874389648
Random,1649,1.7113943099975586,15.753741264343262,162,1,23,30,,14.042346954345703,True,0.9180561900138856,0.8451146483421326,0.0729415416717529,27.451717376708984
Superpixel,3574,0.0415859222412109,11.835968017578123,163,1,19,30,,11.794382095336914,True,0.977590024471283,0.9740362763404846,0.0035537481307983,21.35006523132324
CAM,3574,4.1465935707092285,11.835968017578123,163,1,19,30,,7.689374446868896,True,0.977590024471283,0.3156673908233642,0.6619226336479187,22.74605941772461
FAM,3574,4.798220157623291,11.835968017578123,163,1,19,30,,7.037747859954834,False,0.977590024471283,0.1837383806705474,0.7938516139984131,22.74605941772461
Random,3574,7.41710615158081,11.835968017578123,163,1,19,30,,4.4188618659973145,False,0.977590024471283,0.0705384463071823,0.9070515632629396,31.54633903503418
Superpixel,1998,1.8979616165161133,9.605253219604492,164,1,19,30,,7.707291603088379,True,0.7504106760025024,0.3485268652439117,0.4018838107585907,19.094377517700195
CAM,1998,4.51148796081543,9.605253219604492,164,1,19,30,,5.093765258789063,False,0.7504106760025024,0.0525181926786899,0.6978924870491028,12.31704330444336
FAM,1998,6.9714062213897705,9.605253219604492,164,1,19,30,,2.6338469982147217,False,0.7504106760025024,0.0111906947568058,0.7392199635505676,12.31704330444336
Random,1998,4.228188514709473,9.605253219604492,164,1,19,30,,5.37706470489502,False,0.7504106760025024,0.0693505629897117,0.6810601353645325,29.76520729064941
Superpixel,3124,0.6025419235229492,9.482483863830566,165,1,23,30,,8.879941940307617,False,0.3745094835758209,0.2488037347793579,0.125705748796463,18.26700210571289
CAM,3124,1.8155937194824217,9.482483863830566,165,1,23,30,,7.666890144348144,False,0.3745094835758209,0.1190775260329246,0.2554319500923157,18.196409225463867
FAM,3124,1.3234281539916992,9.482483863830566,165,1,23,30,,8.159055709838867,True,0.3745094835758209,0.3490800857543945,0.0254293978214263,15.90816593170166
Random,3124,1.1625986099243164,9.482483863830566,165,1,23,30,,8.31988525390625,True,0.3745094835758209,0.5420251488685608,-0.1675156652927398,29.955141067504883
Superpixel,3355,5.576529026031494,12.970099449157717,166,1,20,30,,7.393570423126221,False,0.9861443042755128,0.0318314805626869,0.954312801361084,21.607595443725582
CAM,3355,5.793212413787842,12.970099449157717,166,1,20,30,,7.176887035369873,False,0.9861443042755128,0.0280173178762197,0.958126962184906,16.349767684936523
FAM,3355,3.983104705810547,12.970099449157717,166,1,20,30,,8.986994743347168,True,0.9861443042755128,0.567429780960083,0.4187145233154297,19.069551467895508
Random,3355,1.811854362487793,12.970099449157717,166,1,20,30,,11.158245086669922,True,0.9861443042755128,0.9719669222831726,0.01417738199234,32.960384368896484
Superpixel,1599,3.82430362701416,14.106159210205078,167,1,25,30,,10.281855583190918,True,0.972569227218628,0.386221319437027,0.5863479375839233,18.149112701416016
CAM,1599,1.0482501983642578,14.106159210205078,167,1,25,30,,13.05790901184082,True,0.972569227218628,0.9225867390632628,0.0499824881553649,20.668577194213867
FAM,1599,1.542271614074707,14.106159210205078,167,1,25,30,,12.563887596130373,True,0.972569227218628,0.8871586918830872,0.0854105353355407,19.214204788208008
Random,1599,1.803571701049805,14.106159210205078,167,1,25,30,,12.302587509155272,True,0.972569227218628,0.7003433704376221,0.2722258567810058,31.68023109436035
Superpixel,1688,3.6513671875,15.383405685424805,168,1,24,30,,11.732038497924805,True,0.9940968751907348,0.91813987493515,0.0759570002555847,13.631617546081545
CAM,1688,6.989492416381836,15.383405685424805,168,1,24,30,,8.393913269042969,False,0.9940968751907348,0.1895296722650528,0.8045672178268433,19.444564819335938
FAM,1688,1.0665864944458008,15.383405685424805,168,1,24,30,,14.316819190979004,True,0.9940968751907348,0.9828579425811768,0.0112389326095581,15.937655448913574
Random,1688,4.7037763595581055,15.383405685424805,168,1,24,30,,10.6796293258667,False,0.9940968751907348,0.3579064905643463,0.6361904144287109,32.77622604370117
Superpixel,1813,2.112417697906494,9.903432846069336,169,1,25,30,,7.791015148162842,True,0.6874171495437622,0.4549240171909332,0.2324931323528289,14.608704566955566
CAM,1813,7.236994504928589,9.903432846069336,169,1,25,30,,2.666438341140747,False,0.6874171495437622,0.0073958737775683,0.6800212860107422,18.438640594482425
FAM,1813,-0.4069452285766601,9.903432846069336,169,1,25,30,,10.310378074645996,True,0.6874171495437622,0.5033112168312073,0.1841059327125549,18.438640594482425
Random,1813,1.0232868194580078,9.903432846069336,169,1,25,30,,8.880146026611328,True,0.6874171495437622,0.581032931804657,0.1063842177391052,28.360286712646484
Superpixel,2432,-0.6424174308776855,7.970113277435303,170,1,23,30,,8.612530708312988,True,0.6337898969650269,0.5763595104217529,0.0574303865432739,14.597190856933594
CAM,2432,0.7427358627319336,7.970113277435303,170,1,23,30,,7.227377414703369,True,0.6337898969650269,0.4433678388595581,0.1904220581054687,13.237205505371094
FAM,2432,-0.4743943214416504,7.970113277435303,170,1,23,30,,8.444507598876953,True,0.6337898969650269,0.5899259448051453,0.0438639521598815,12.639527320861816
Random,2432,2.08532190322876,7.970113277435303,170,1,23,30,,5.884791374206543,True,0.6337898969650269,0.1615657657384872,0.4722241163253784,28.61749267578125
Superpixel,2911,1.891694068908692,8.926592826843262,171,1,25,30,,7.03489875793457,False,0.2634117305278778,0.042403545230627,0.2210081815719604,19.91221809387207
CAM,2911,5.250705718994141,8.926592826843262,171,1,25,30,,3.675887107849121,False,0.2634117305278778,0.0028418051078915,0.2605699300765991,11.84373664855957
FAM,2911,4.239648818969727,8.926592826843262,171,1,25,30,,4.686944007873535,False,0.2634117305278778,0.0086756339296698,0.2547360956668854,20.561017990112305
Random,2911,-0.48272705078125,8.926592826843262,171,1,25,30,,9.409319877624512,True,0.2634117305278778,0.6523169875144958,-0.388905256986618,32.276092529296875
Superpixel,1218,5.729633331298828,15.47469997406006,172,1,20,30,,9.74506664276123,False,0.9969077706336976,0.0802463963627815,0.9166613817214966,16.86673355102539
CAM,1218,7.467068672180176,15.47469997406006,172,1,20,30,,8.007631301879883,False,0.9969077706336976,0.3599666357040405,0.636941134929657,14.802129745483398
FAM,1218,6.256316184997559,15.47469997406006,172,1,20,30,,9.2183837890625,True,0.9969077706336976,0.7790658473968506,0.2178419232368469,24.31922721862793
Random,1218,4.424473762512207,15.47469997406006,172,1,20,30,,11.050226211547852,True,0.9969077706336976,0.6126635670661926,0.3842442035675049,37.22072219848633
Superpixel,2532,1.6578054428100586,11.197237968444824,173,1,15,30,,9.539432525634766,True,0.8726325631141663,0.4651773273944855,0.4074552357196808,14.317410469055176
CAM,2532,4.771051406860352,11.197237968444824,173,1,15,30,,6.426186561584473,False,0.8726325631141663,0.0094537157565355,0.8631788492202759,19.74112319946289
FAM,2532,7.218780279159546,11.197237968444824,173,1,15,30,,3.9784576892852783,False,0.8726325631141663,0.0134371360763907,0.8591954112052917,16.276037216186523
Random,2532,7.21247124671936,11.197237968444824,173,1,15,30,,3.984766721725464,False,0.8726325631141663,0.0057647419162094,0.8668678402900696,30.44261360168457
Superpixel,3617,1.2602663040161133,15.447246551513672,174,1,22,30,,14.18698024749756,True,0.9985080361366272,0.92156982421875,0.0769382119178772,23.042940139770508
CAM,3617,4.874577522277832,15.447246551513672,174,1,22,30,,10.57266902923584,True,0.9985080361366272,0.8506505489349365,0.1478574872016906,15.316194534301758
FAM,3617,3.5815343856811523,15.447246551513672,174,1,22,30,,11.86571216583252,True,0.9985080361366272,0.9305106997489928,0.0679973363876342,17.232736587524414
Random,3617,3.187428474426269,15.447246551513672,174,1,22,30,,12.259818077087402,True,0.9985080361366272,0.9302586913108826,0.0682493448257446,33.12826919555664
Superpixel,3119,1.2507686614990234,19.444435119628903,175,1,23,30,,18.193666458129883,True,0.9998399019241332,0.998700737953186,0.0011391639709472,12.619770050048828
CAM,3119,6.764019966125488,19.444435119628903,175,1,23,30,,12.680415153503418,True,0.9998399019241332,0.9000487327575684,0.0997911691665649,14.274762153625488
FAM,3119,0.3788490295410156,19.444435119628903,175,1,23,30,,19.06558609008789,True,0.9998399019241332,0.9995404481887816,0.0002994537353515,23.21080017089844
Random,3119,12.17457628250122,19.444435119628903,175,1,23,30,,7.269858837127685,False,0.9998399019241332,0.021052761003375,0.978787124156952,28.753421783447266
Superpixel,3023,1.9775562286376955,13.659045219421388,176,1,22,30,,11.681488990783691,True,0.938870906829834,0.8673370480537415,0.0715338587760925,20.82580947875977
CAM,3023,6.679477691650391,13.659045219421388,176,1,22,30,,6.979567527770996,False,0.938870906829834,0.0451185517013073,0.8937523365020752,23.664730072021484
FAM,3023,6.702259540557861,13.659045219421388,176,1,22,30,,6.956785678863525,False,0.938870906829834,0.0598652027547359,0.8790057301521301,15.080808639526367
Random,3023,3.977947235107422,13.659045219421388,176,1,22,30,,9.681097984313965,False,0.938870906829834,0.3450700044631958,0.5938009023666382,29.6124267578125
Superpixel,2790,-0.6322174072265625,11.38173007965088,177,1,23,30,,12.01394748687744,True,0.7201384902000427,0.8773433566093445,-0.1572048664093017,17.131778717041016
CAM,2790,1.088536262512207,11.38173007965088,177,1,23,30,,10.293193817138672,True,0.7201384902000427,0.3813939988613128,0.3387444913387298,26.231773376464844
FAM,2790,1.162266731262207,11.38173007965088,177,1,23,30,,10.219463348388672,True,0.7201384902000427,0.641064465045929,0.0790740251541137,32.39569091796875
Random,2790,-0.6072635650634766,11.38173007965088,177,1,23,30,,11.988993644714355,True,0.7201384902000427,0.922886073589325,-0.2027475833892822,30.67215156555176
Superpixel,3392,0.3375349044799804,11.553726196289062,178,1,21,30,,11.216191291809082,True,0.9161572456359864,0.7318814396858215,0.1842758059501648,17.841232299804688
CAM,3392,2.126042366027832,11.553726196289062,178,1,21,30,,9.42768383026123,True,0.9161572456359864,0.4581646621227264,0.4579925835132599,23.473546981811523
FAM,3392,2.6703872680664062,11.553726196289062,178,1,21,30,,8.883338928222656,True,0.9161572456359864,0.5503188967704773,0.365838348865509,18.30579376220703
Random,3392,8.55196475982666,11.553726196289062,178,1,21,30,,3.0017614364624023,False,0.9161572456359864,0.0080553805455565,0.9081018567085266,33.2007942199707
Superpixel,2595,2.5265979766845703,11.74983024597168,179,1,24,30,,9.22323226928711,True,0.8356481790542603,0.6187304854393005,0.2169176936149597,15.072368621826172
CAM,2595,8.65331506729126,11.74983024597168,179,1,24,30,,3.09651517868042,False,0.8356481790542603,0.0137618277221918,0.8218863606452942,20.359363555908203
FAM,2595,2.495952606201172,11.74983024597168,179,1,24,30,,9.253877639770508,True,0.8356481790542603,0.6772637367248535,0.1583844423294067,14.95135498046875
Random,2595,7.1523284912109375,11.74983024597168,179,1,24,30,,4.597501754760742,False,0.8356481790542603,0.0463736280798912,0.7892745733261108,26.96588516235352
Superpixel,2293,1.9676294326782229,11.495020866394045,180,1,23,30,,9.52739143371582,True,0.9620795249938964,0.6632267236709595,0.298852801322937,16.549863815307617
CAM,2293,4.95205545425415,11.495020866394045,180,1,23,30,,6.542965412139893,True,0.9620795249938964,0.2760223746299743,0.6860571503639221,12.24868106842041
FAM,2293,3.529226779937744,11.495020866394045,180,1,23,30,,7.965794086456299,True,0.9620795249938964,0.4048419296741485,0.5572376251220703,18.27405166625977
Random,2293,2.3353710174560547,11.495020866394045,180,1,23,30,,9.159649848937988,True,0.9620795249938964,0.7831476926803589,0.1789318323135376,34.444969177246094
Superpixel,2302,-1.879103660583496,9.231075286865234,181,1,24,30,,11.11017894744873,True,0.535922110080719,0.8481760621070862,-0.3122539520263672,15.38587474822998
CAM,2302,4.441974639892578,9.231075286865234,181,1,24,30,,4.789100646972656,False,0.535922110080719,0.0114608835428953,0.5244612097740173,11.63343334197998
FAM,2302,2.305591583251953,9.231075286865234,181,1,24,30,,6.925483703613281,True,0.535922110080719,0.2887811660766601,0.2471409440040588,14.394307136535645
Random,2302,2.291555404663086,9.231075286865234,181,1,24,30,,6.939519882202148,False,0.535922110080719,0.1779151856899261,0.3580069243907928,29.79611015319824
Superpixel,2337,4.853703498840332,11.02761173248291,182,1,23,30,,6.173908233642578,False,0.8253743648529053,0.0197396203875541,0.8056347370147705,14.92194366455078
CAM,2337,9.021838188171388,11.02761173248291,182,1,23,30,,2.0057735443115234,False,0.8253743648529053,0.0008171565714292,0.8245571851730347,15.316241264343262
FAM,2337,7.510883808135986,11.02761173248291,182,1,23,30,,3.516727924346924,False,0.8253743648529053,0.0018603054340928,0.8235140442848206,15.316241264343262
Random,2337,5.420444011688232,11.02761173248291,182,1,23,30,,5.607167720794678,False,0.8253743648529053,0.0488014854490757,0.7765728831291199,27.843542098999023
Superpixel,2121,-1.865977764129639,7.090257167816162,183,1,24,30,,8.9562349319458,True,0.3688081502914428,0.7636531591415405,-0.3948450088500976,14.732385635375977
CAM,2121,1.251969337463379,7.090257167816162,183,1,24,30,,5.838287830352783,False,0.3688081502914428,0.0358573161065578,0.3329508304595947,21.85260391235352
FAM,2121,4.02962589263916,7.090257167816162,183,1,24,30,,3.060631275177002,False,0.3688081502914428,0.0085149155929684,0.3602932393550873,21.296754837036133
Random,2121,4.404178142547607,7.090257167816162,183,1,24,30,,2.6860790252685547,False,0.3688081502914428,0.0040106978267431,0.364797443151474,35.02914810180664
Superpixel,2634,2.0341100692749023,9.7734956741333,184,1,25,30,,7.739385604858398,False,0.3757300078868866,0.0220534093677997,0.3536765873432159,18.515350341796875
CAM,2634,3.487152099609375,9.7734956741333,184,1,25,30,,6.286343574523926,False,0.3757300078868866,0.045637346804142,0.3300926685333252,23.05208969116211
FAM,2634,-0.972294807434082,9.7734956741333,184,1,25,30,,10.745790481567385,True,0.3757300078868866,0.7039822340011597,-0.328252226114273,26.708784103393555
Random,2634,-0.3175067901611328,9.7734956741333,184,1,25,30,,10.091002464294434,True,0.3757300078868866,0.5318039059638977,-0.1560738980770111,24.57592010498047
Superpixel,2819,1.5561981201171875,15.033140182495115,185,1,25,30,,13.47694206237793,True,0.992706835269928,0.9785571694374084,0.0141496658325195,13.713027954101562
CAM,2819,5.475959777832031,15.033140182495115,185,1,25,30,,9.557180404663086,False,0.992706835269928,0.2414858043193817,0.7512210607528687,20.64914321899414
FAM,2819,8.083668231964111,15.033140182495115,185,1,25,30,,6.949471950531006,False,0.992706835269928,0.0876508355140686,0.9050559997558594,21.432376861572266
Random,2819,9.440272331237791,15.033140182495115,185,1,25,30,,5.592867851257324,False,0.992706835269928,0.0062171290628612,0.986489713191986,31.10320854187012
Superpixel,2627,2.547381401062012,8.812786102294922,186,1,22,30,,6.26540470123291,False,0.4572585821151733,0.0849740877747535,0.3722845017910003,15.39991855621338
CAM,2627,-0.5477771759033203,8.812786102294922,186,1,22,30,,9.360563278198242,True,0.4572585821151733,0.253647893667221,0.2036106884479522,17.587751388549805
FAM,2627,3.420506477355957,8.812786102294922,186,1,22,30,,5.392279624938965,False,0.4572585821151733,0.0073435129597783,0.4499150812625885,14.680819511413574
Random,2627,4.3379082679748535,8.812786102294922,186,1,22,30,,4.474877834320068,False,0.4572585821151733,0.0114637203514575,0.4457948505878448,29.659439086914062
Superpixel,3435,2.3363523483276367,12.115702629089355,187,1,22,30,,9.77935028076172,True,0.4995273053646087,0.3660147786140442,0.1335125267505645,16.420204162597656
CAM,3435,-0.3998994827270508,12.115702629089355,187,1,22,30,,12.515602111816406,True,0.4995273053646087,0.6014639735221863,-0.1019366681575775,17.909507751464844
FAM,3435,0.3575878143310547,12.115702629089355,187,1,22,30,,11.7581148147583,False,0.4995273053646087,0.3389515876770019,0.1605757176876068,14.875567436218262
Random,3435,1.478118896484375,12.115702629089355,187,1,22,30,,10.63758373260498,False,0.4995273053646087,0.0582430250942707,0.4412842690944671,27.51474571228028
Superpixel,3548,-4.114353179931641,11.069998741149902,188,1,24,30,,15.184351921081545,True,0.751642107963562,0.9798336625099182,-0.2281915545463562,12.77866268157959
CAM,3548,6.039012432098389,11.069998741149902,188,1,24,30,,5.030986309051514,False,0.751642107963562,0.0315839201211929,0.7200582027435303,17.210721969604492
FAM,3548,1.9236793518066408,11.069998741149902,188,1,24,30,,9.146319389343262,True,0.751642107963562,0.3945965468883514,0.3570455610752105,16.50664710998535
Random,3548,7.436839818954468,11.069998741149902,188,1,24,30,,3.6331589221954346,False,0.751642107963562,0.0149748241528868,0.736667275428772,35.21420669555664
Superpixel,2573,0.6095123291015625,11.380338668823242,189,1,23,30,,10.77082633972168,False,0.6461688280105591,0.0414494201540946,0.6047194004058838,18.958097457885746
CAM,2573,0.5425510406494141,11.380338668823242,189,1,23,30,,10.837787628173828,True,0.6461688280105591,0.5425540804862976,0.1036147475242614,11.647232055664062
FAM,2573,3.578591823577881,11.380338668823242,189,1,23,30,,7.801746845245361,False,0.6461688280105591,0.0542935617268085,0.5918752551078796,12.666491508483888
Random,2573,0.2719306945800781,11.380338668823242,189,1,23,30,,11.108407974243164,True,0.6461688280105591,0.647904634475708,-0.0017358064651489,28.120067596435547
Superpixel,2685,1.1291470527648926,6.347030162811279,190,1,22,30,,5.217883110046387,False,0.2324460595846176,0.0562047809362411,0.1762412786483764,16.742963790893555
CAM,2685,2.732206344604492,6.347030162811279,190,1,22,30,,3.614823818206787,False,0.2324460595846176,0.0267982017248868,0.2056478559970855,20.58373260498047
FAM,2685,2.2613916397094727,6.347030162811279,190,1,22,30,,4.085638523101807,False,0.2324460595846176,0.04041039198637,0.1920356750488281,21.64868927001953
Random,2685,1.0991764068603516,6.347030162811279,190,1,22,30,,5.247853755950928,False,0.2324460595846176,0.1301109492778778,0.1023351103067398,25.097885131835938
Superpixel,1165,8.810693502426147,12.793618202209473,191,1,22,30,,3.982924699783325,False,0.9514027237892152,0.0131519427523016,0.9382507801055908,18.15714836120605
CAM,1165,5.642863750457764,12.793618202209473,191,1,22,30,,7.150754451751709,True,0.9514027237892152,0.2440865039825439,0.7073162198066711,22.14966011047364
FAM,1165,4.049626350402832,12.793618202209473,191,1,22,30,,8.74399185180664,True,0.9514027237892152,0.3933984637260437,0.5580042600631714,22.14966011047364
Random,1165,3.160914421081543,12.793618202209473,191,1,22,30,,9.63270378112793,True,0.9514027237892152,0.7613952159881592,0.1900075078010559,34.969844818115234
Superpixel,2388,-0.2157936096191406,12.087818145751951,192,1,24,30,,12.303611755371094,True,0.9246045351028442,0.9467750787734984,-0.0221705436706542,14.794148445129396
CAM,2388,3.204944610595703,12.087818145751951,192,1,24,30,,8.88287353515625,True,0.9246045351028442,0.4642577469348907,0.4603467881679535,12.676149368286133
FAM,2388,4.195149898529053,12.087818145751951,192,1,24,30,,7.8926682472229,False,0.9246045351028442,0.257962554693222,0.6666419506072998,12.676149368286133
Random,2388,1.6876144409179688,12.087818145751951,192,1,24,30,,10.400203704833984,False,0.9246045351028442,0.4085411429405212,0.516063392162323,26.32260513305664
Superpixel,2371,-0.2214860916137695,13.9094820022583,193,1,21,30,,14.13096809387207,True,0.7885860800743103,0.8468180894851685,-0.0582320094108581,26.55399513244629
CAM,2371,0.6388692855834961,13.9094820022583,193,1,21,30,,13.270612716674805,True,0.7885860800743103,0.8191080093383789,-0.0305219292640686,18.50329971313477
FAM,2371,0.977208137512207,13.9094820022583,193,1,21,30,,12.932273864746094,True,0.7885860800743103,0.8424904942512512,-0.0539044141769409,18.50329971313477
Random,2371,4.410059928894043,13.9094820022583,193,1,21,30,,9.499422073364258,True,0.7885860800743103,0.4977708756923675,0.2908152043819427,31.344127655029297
Superpixel,4001,1.343922138214111,6.818569183349609,194,1,14,30,,5.474647045135498,False,0.3631191849708557,0.1432351619005203,0.2198840230703354,15.008293151855469
CAM,4001,-0.9355096817016602,6.818569183349609,194,1,14,30,,7.754078865051269,True,0.3631191849708557,0.5093691349029541,-0.1462499499320984,21.499286651611328
FAM,4001,2.32895565032959,6.818569183349609,194,1,14,30,,4.48961353302002,False,0.3631191849708557,0.0306699369102716,0.3324492573738098,18.06886100769043
Random,4001,2.614492416381836,6.818569183349609,194,1,14,30,,4.204076766967773,False,0.3631191849708557,0.0304713044315576,0.3326478898525238,27.212980270385746
Superpixel,1977,-0.4438838958740234,8.56313705444336,195,1,21,30,,9.007020950317383,True,0.3995378911495209,0.4437480568885803,-0.0442101657390594,22.07378196716309
CAM,1977,3.799886703491211,8.56313705444336,195,1,21,30,,4.763250350952148,False,0.3995378911495209,0.0339455008506774,0.3655923902988434,16.006650924682617
FAM,1977,5.4566731452941895,8.56313705444336,195,1,21,30,,3.10646390914917,False,0.3995378911495209,0.0048094652593135,0.394728422164917,17.635942459106445
Random,1977,5.216794490814209,8.56313705444336,195,1,21,30,,3.3463425636291504,False,0.3995378911495209,0.0135446432977914,0.3859932422637939,31.466550827026367
Superpixel,2452,1.9928617477416992,12.835895538330078,196,1,22,30,,10.84303379058838,True,0.9073813557624816,0.5915369391441345,0.3158444166183471,17.821186065673828
CAM,2452,5.245699882507324,12.835895538330078,196,1,22,30,,7.590195655822754,True,0.9073813557624816,0.5441898703575134,0.3631914854049682,22.942771911621094
FAM,2452,5.807013511657715,12.835895538330078,196,1,22,30,,7.028882026672363,True,0.9073813557624816,0.3364844620227813,0.5708968639373779,17.489727020263672
Random,2452,-0.0966434478759765,12.835895538330078,196,1,22,30,,12.932538986206056,True,0.9073813557624816,0.7853113412857056,0.1220700144767761,30.86840438842773
Superpixel,2031,2.16104507446289,10.101577758789062,197,1,24,30,,7.940532684326172,False,0.7134426236152649,0.0641569346189498,0.6492856740951538,14.81867790222168
CAM,2031,-1.1106023788452148,10.101577758789062,197,1,24,30,,11.212180137634276,False,0.7134426236152649,0.3977595269680023,0.3156830966472626,18.38398170471192
FAM,2031,2.6364169120788574,10.101577758789062,197,1,24,30,,7.465160846710205,False,0.7134426236152649,0.1742678731679916,0.5391747355461121,18.38398170471192
Random,2031,0.9986257553100586,10.101577758789062,197,1,24,30,,9.102952003479004,True,0.7134426236152649,0.4916789829730987,0.2217636406421661,30.388229370117188
Superpixel,2166,2.701959609985352,11.389898300170898,198,1,19,30,,8.687938690185547,False,0.7590669393539429,0.1410705000162124,0.6179964542388916,13.28685188293457
CAM,2166,4.176257610321045,11.389898300170898,198,1,19,30,,7.213640689849853,False,0.7590669393539429,0.094215989112854,0.6648509502410889,20.5200309753418
FAM,2166,0.3180389404296875,11.389898300170898,198,1,19,30,,11.071859359741213,True,0.7590669393539429,0.7182466387748718,0.040820300579071,19.14157485961914
Random,2166,2.315164566040039,11.389898300170898,198,1,19,30,,9.07473373413086,True,0.7590669393539429,0.4386263489723205,0.3204405903816223,29.22886848449707
Superpixel,3048,0.1502704620361328,11.502920150756836,199,1,22,30,,11.352649688720703,True,0.5623348355293274,0.5716930627822876,-0.0093582272529602,14.420225143432615
CAM,3048,4.4467549324035645,11.502920150756836,199,1,22,30,,7.056165218353272,False,0.5623348355293274,0.1133536323904991,0.4489811956882477,22.45117378234864
FAM,3048,3.936534404754639,11.502920150756836,199,1,22,30,,7.566385746002197,False,0.5623348355293274,0.2773085832595825,0.2850262522697449,22.704200744628903
Random,3048,-0.8920431137084961,11.502920150756836,199,1,22,30,,12.394963264465332,True,0.5623348355293274,0.92820006608963,-0.3658652305603027,27.318723678588867
Superpixel,2126,0.3777079582214355,8.195829391479492,200,1,22,30,,7.818121433258057,False,0.3709622919559479,0.2636345326900482,0.1073277592658996,18.550172805786133
CAM,2126,3.44632625579834,8.195829391479492,200,1,22,30,,4.749503135681152,False,0.3709622919559479,0.0612652488052845,0.3096970319747925,18.521907806396484
FAM,2126,2.0159125328063965,8.195829391479492,200,1,22,30,,6.179916858673096,False,0.3709622919559479,0.1359703540802002,0.2349919378757476,13.09947681427002
Random,2126,6.535204887390137,8.195829391479492,200,1,22,30,,1.6606245040893557,False,0.3709622919559479,0.0061803925782442,0.3647818863391876,27.2981014251709
Superpixel,2045,0.1858997344970703,11.555458068847656,201,1,22,30,,11.369558334350586,True,0.6022733449935913,0.4975498020648956,0.1047235429286956,17.015268325805664
CAM,2045,3.3864240646362305,11.555458068847656,201,1,22,30,,8.169034004211426,False,0.6022733449935913,0.3341794610023498,0.2680938839912414,21.576305389404297
FAM,2045,3.194787979125977,11.555458068847656,201,1,22,30,,8.36067008972168,True,0.6022733449935913,0.4542427361011505,0.1480306088924408,20.5625228881836
Random,2045,7.774061918258667,11.555458068847656,201,1,22,30,,3.781396150588989,False,0.6022733449935913,0.0110446950420737,0.5912286639213562,28.8179988861084
Superpixel,2434,0.84710693359375,10.537670135498049,202,1,21,30,,9.690563201904297,True,0.4334437251091003,0.6775491833686829,-0.2441054582595825,12.42116928100586
CAM,2434,4.417998313903809,10.537670135498049,202,1,21,30,,6.119671821594238,False,0.4334437251091003,0.0642462745308876,0.3691974580287933,21.31654930114746
FAM,2434,4.354424476623535,10.537670135498049,202,1,21,30,,6.183245658874512,False,0.4334437251091003,0.1398138254880905,0.2936298847198486,22.914894104003903
Random,2434,2.522512435913086,10.537670135498049,202,1,21,30,,8.015157699584961,True,0.4334437251091003,0.3440722525119781,0.0893714725971221,25.68273162841797
Superpixel,1952,0.4192943572998047,13.45071792602539,203,1,25,30,,13.031423568725586,True,0.8517539501190186,0.7530655860900879,0.0986883640289306,12.94912815093994
CAM,1952,5.688662528991699,13.45071792602539,203,1,25,30,,7.762055397033691,False,0.8517539501190186,0.1026730313897132,0.7490808963775635,23.823978424072266
FAM,1952,3.988534927368164,13.45071792602539,203,1,25,30,,9.462182998657228,True,0.8517539501190186,0.7184155583381653,0.1333383917808532,23.06365394592285
Random,1952,4.078057289123535,13.45071792602539,203,1,25,30,,9.372660636901855,False,0.8517539501190186,0.2247672230005264,0.6269867420196533,25.9216537475586
Superpixel,3799,1.0542335510253906,14.600278854370115,204,1,25,30,,13.546045303344728,True,0.6036614179611206,0.6338298320770264,-0.0301684141159057,11.677339553833008
CAM,3799,4.433927536010742,14.600278854370115,204,1,25,30,,10.166351318359377,False,0.6036614179611206,0.0975503027439117,0.5061111450195312,13.231287956237791
FAM,3799,4.909660339355469,14.600278854370115,204,1,25,30,,9.690618515014648,False,0.6036614179611206,0.3151600658893585,0.2885013520717621,13.231287956237791
Random,3799,5.156559944152832,14.600278854370115,204,1,25,30,,9.443718910217283,False,0.6036614179611206,0.1712578386068344,0.432403564453125,29.268348693847656
Superpixel,3202,-1.2470836639404297,11.467634201049805,205,1,19,30,,12.714717864990234,True,0.8422634601593018,0.9687208533287048,-0.126457393169403,17.0690860748291
CAM,3202,1.8306655883789065,11.467634201049805,205,1,19,30,,9.636968612670898,True,0.8422634601593018,0.6144802570343018,0.227783203125,12.409971237182615
FAM,3202,1.0079231262207031,11.467634201049805,205,1,19,30,,10.459711074829102,True,0.8422634601593018,0.896164059638977,-0.0539005994796752,16.1668758392334
Random,3202,1.5863723754882812,11.467634201049805,205,1,19,30,,9.881261825561523,True,0.8422634601593018,0.6186864972114563,0.2235769629478454,28.290435791015625
Superpixel,1240,2.610190391540528,11.214329719543455,206,1,22,30,,8.60413932800293,False,0.9523817300796508,0.1825021058320999,0.7698796391487122,15.44598388671875
CAM,1240,2.3227968215942383,11.214329719543455,206,1,22,30,,8.891532897949219,True,0.9523817300796508,0.7242089509963989,0.2281727790832519,16.072908401489258
FAM,1240,3.4983625411987305,11.214329719543455,206,1,22,30,,7.715967178344727,True,0.9523817300796508,0.4573400616645813,0.4950416684150696,17.575870513916016
Random,1240,2.054266929626465,11.214329719543455,206,1,22,30,,9.160062789916992,True,0.9523817300796508,0.7027552127838135,0.2496265172958374,28.527908325195312
Superpixel,3181,2.965015411376953,9.128189086914062,207,1,21,30,,6.163173675537109,False,0.293325811624527,0.0012523458572104,0.2920734584331512,21.936113357543945
CAM,3181,0.5672893524169922,9.128189086914062,207,1,21,30,,8.56089973449707,False,0.293325811624527,0.1990694552659988,0.0942563563585281,15.980393409729004
FAM,3181,1.226287841796875,9.128189086914062,207,1,21,30,,7.9019012451171875,False,0.293325811624527,0.2111597657203674,0.0821660459041595,18.844839096069336
Random,3181,-0.4035301208496094,9.128189086914062,207,1,21,30,,9.531719207763672,True,0.293325811624527,0.4281831979751587,-0.1348573863506317,31.169490814208984
Superpixel,1134,2.7923383712768555,10.57050323486328,208,1,24,30,,7.778164863586426,True,0.8292497992515564,0.4645575582981109,0.3646922409534454,19.28005599975586
CAM,1134,3.0813145637512207,10.57050323486328,208,1,24,30,,7.4891886711120605,True,0.8292497992515564,0.3911813199520111,0.4380684792995453,22.428979873657227
FAM,1134,4.800198078155518,10.57050323486328,208,1,24,30,,5.770305156707764,True,0.8292497992515564,0.2077309191226959,0.6215188503265381,22.428979873657227
Random,1134,2.9683609008789062,10.57050323486328,208,1,24,30,,7.602142333984375,False,0.8292497992515564,0.2165877670049667,0.6126620173454285,27.42320251464844
Superpixel,3045,-0.7634162902832031,14.310815811157228,209,1,21,30,,15.07423210144043,True,0.975888192653656,0.9967890977859496,-0.0209009051322937,17.1079044342041
CAM,3045,1.2872190475463867,14.310815811157228,209,1,21,30,,13.02359676361084,True,0.975888192653656,0.9903324246406556,-0.0144442319869995,18.332416534423828
FAM,3045,1.8088417053222656,14.310815811157228,209,1,21,30,,12.50197410583496,True,0.975888192653656,0.9798567891120912,-0.003968596458435,18.332416534423828
Random,3045,1.9585685729980469,14.310815811157228,209,1,21,30,,12.35224723815918,True,0.975888192653656,0.9722036719322203,0.0036845207214355,29.804292678833008
Superpixel,2990,3.52889347076416,12.199350357055664,210,1,20,30,,8.670456886291504,True,0.7372003793716431,0.2177439928054809,0.5194563865661621,19.16083335876465
CAM,2990,2.183677673339844,12.199350357055664,210,1,20,30,,10.01567268371582,True,0.7372003793716431,0.7010676264762878,0.0361327528953552,19.261966705322266
FAM,2990,4.768337249755859,12.199350357055664,210,1,20,30,,7.431013107299805,True,0.7372003793716431,0.472005695104599,0.265194684267044,21.01881217956543
Random,2990,0.3759269714355469,12.199350357055664,210,1,20,30,,11.823423385620115,True,0.7372003793716431,0.9255772233009338,-0.1883768439292907,26.972681045532227
Superpixel,3084,3.9224910736083984,14.319704055786133,211,1,22,30,,10.397212982177734,False,0.9836567640304564,0.2333075106143951,0.7503492832183838,19.594682693481445
CAM,3084,8.219173908233643,14.319704055786133,211,1,22,30,,6.10053014755249,True,0.9836567640304564,0.2411009520292282,0.7425557971000671,13.928038597106934
FAM,3084,6.9567742347717285,14.319704055786133,211,1,22,30,,7.362929821014404,True,0.9836567640304564,0.3937736749649048,0.5898830890655518,13.928038597106934
Random,3084,0.7184543609619141,14.319704055786133,211,1,22,30,,13.60124969482422,True,0.9836567640304564,0.9604594707489014,0.0231972932815551,28.58902168273925
Superpixel,4394,2.473213195800781,14.56499481201172,212,1,16,30,,12.091781616210938,True,0.9880843758583068,0.9696958661079408,0.0183885097503662,15.098443031311035
CAM,4394,4.018318176269531,14.56499481201172,212,1,16,30,,10.546676635742188,True,0.9880843758583068,0.8319149613380432,0.1561694145202636,14.820754051208496
FAM,4394,3.40606689453125,14.56499481201172,212,1,16,30,,11.158927917480469,True,0.9880843758583068,0.6477758884429932,0.3403084874153137,17.37865447998047
Random,4394,0.8639020919799805,14.56499481201172,212,1,16,30,,13.701092720031738,True,0.9880843758583068,0.9904424548149108,-0.002358078956604,30.9282169342041
Superpixel,3363,-0.1424522399902343,10.492862701416016,213,1,22,30,,10.63531494140625,True,0.7745071649551392,0.7869269251823425,-0.0124197602272033,16.38285255432129
CAM,3363,8.507517099380493,10.492862701416016,213,1,22,30,,1.9853456020355225,False,0.7745071649551392,0.0087063545361161,0.7658008337020874,19.233762741088867
FAM,3363,3.4562630653381348,10.492862701416016,213,1,22,30,,7.036599636077881,False,0.7745071649551392,0.1387009471654892,0.6358062028884888,19.233762741088867
Random,3363,7.595516681671143,10.492862701416016,213,1,22,30,,2.897346019744873,False,0.7745071649551392,0.0093513196334242,0.7651558518409729,29.94252586364746
Superpixel,1765,0.12615966796875,7.865429878234863,214,1,22,30,,7.739270210266113,False,0.341676652431488,0.2345242500305175,0.1071524024009704,15.435462951660156
CAM,1765,2.8946542739868164,7.865429878234863,214,1,22,30,,4.970775604248047,False,0.341676652431488,0.0207340400665998,0.320942610502243,20.49584579467773
FAM,1765,3.026022434234619,7.865429878234863,214,1,22,30,,4.839407444000244,False,0.341676652431488,0.0206055361777544,0.3210711181163788,20.49584579467773
Random,1765,1.105189323425293,7.865429878234863,214,1,22,30,,6.76024055480957,False,0.341676652431488,0.1352196335792541,0.2064570188522339,27.893430709838867
Superpixel,2803,2.9846668243408203,13.465513229370115,215,1,23,30,,10.480846405029297,True,0.9960216879844666,0.3779503107070923,0.6180713772773743,15.000818252563477
CAM,2803,6.35313606262207,13.465513229370115,215,1,23,30,,7.112377166748047,False,0.9960216879844666,0.2227966487407684,0.7732250690460205,18.761306762695312
FAM,2803,5.517870903015137,13.465513229370115,215,1,23,30,,7.94764232635498,True,0.9960216879844666,0.4129346907138824,0.5830869674682617,18.84044075012207
Random,2803,0.4401330947875976,13.465513229370115,215,1,23,30,,13.02538013458252,True,0.9960216879844666,0.9920225143432616,0.0039991736412048,28.768707275390625
Superpixel,1882,8.363397598266602,13.941645622253418,216,1,20,30,,5.578248023986816,False,0.9954233765602112,0.0029435972683131,0.9924798011779784,15.314404487609863
CAM,1882,5.758519172668457,13.941645622253418,216,1,20,30,,8.183126449584961,False,0.9954233765602112,0.0235857106745243,0.9718376398086548,15.498360633850098
FAM,1882,6.74461841583252,13.941645622253418,216,1,20,30,,7.197027206420898,False,0.9954233765602112,0.0180006008595228,0.9774227738380432,15.498360633850098
Random,1882,0.0229434967041015,13.941645622253418,216,1,20,30,,13.918702125549316,True,0.9954233765602112,0.9975857734680176,-0.0021623969078063,27.05770874023437
Superpixel,6903,5.66951322555542,13.641757011413574,217,1,15,30,,7.972243785858154,False,0.996257781982422,0.0565057806670665,0.9397519826889038,22.2766170501709
CAM,6903,7.341341495513916,13.641757011413574,217,1,15,30,,6.300415515899658,False,0.996257781982422,0.1295641213655471,0.8666936755180359,23.070940017700195
FAM,6903,8.318629264831543,13.641757011413574,217,1,15,30,,5.323127746582031,False,0.996257781982422,0.0621818415820598,0.9340759515762328,18.9217472076416
Random,6903,6.522503852844238,13.641757011413574,217,1,15,30,,7.119253158569336,True,0.996257781982422,0.2844003140926361,0.7118574380874634,27.032135009765625
Superpixel,4483,7.234090328216553,12.63535976409912,218,1,21,30,,5.401269435882568,False,0.9735365509986876,0.0004380554310046,0.9730985164642334,20.127798080444336
CAM,4483,8.581811428070068,12.63535976409912,218,1,21,30,,4.053548336029053,False,0.9735365509986876,0.0004931879229843,0.9730433821678162,20.162750244140625
FAM,4483,5.82335376739502,12.63535976409912,218,1,21,30,,6.812005996704102,False,0.9735365509986876,0.0035444407258182,0.9699921011924744,20.162750244140625
Random,4483,2.71394157409668,12.63535976409912,218,1,21,30,,9.92141819000244,True,0.9735365509986876,0.7391337752342224,0.2344027757644653,25.42003059387207
Superpixel,1532,3.446273803710937,6.633218288421631,219,1,22,30,,3.1869444847106934,False,0.2398336827754974,0.0115468353033065,0.2282868474721908,23.85318183898925
CAM,1532,1.2079896926879885,6.633218288421631,219,1,22,30,,5.425228595733643,False,0.2398336827754974,0.1324701905250549,0.1073634922504425,21.79150390625
FAM,1532,2.338298320770264,6.633218288421631,219,1,22,30,,4.294919967651367,False,0.2398336827754974,0.0594634301960468,0.1803702563047409,25.40056610107422
Random,1532,3.3386318683624268,6.633218288421631,219,1,22,30,,3.294586420059204,False,0.2398336827754974,0.0296904165297746,0.2101432681083679,30.733530044555664
Superpixel,4452,1.7006101608276367,10.356335639953612,220,1,16,30,,8.655725479125977,True,0.8907216191291809,0.4084698855876922,0.4822517335414886,20.84472274780273
CAM,4452,0.8052978515625,10.356335639953612,220,1,16,30,,9.551037788391112,True,0.8907216191291809,0.7693437933921814,0.1213778257369995,26.139556884765625
FAM,4452,1.4094924926757812,10.356335639953612,220,1,16,30,,8.946843147277832,True,0.8907216191291809,0.5408360362052917,0.3498855829238891,20.497283935546875
Random,4452,2.309213638305664,10.356335639953612,220,1,16,30,,8.04712200164795,False,0.8907216191291809,0.2294578999280929,0.6612637042999268,27.38505744934082
Superpixel,2808,5.65807056427002,9.833575248718262,221,1,21,30,,4.175504684448242,False,0.8343688249588013,0.000104652805021,0.8342641592025757,20.758363723754883
CAM,2808,1.3647499084472656,9.833575248718262,221,1,21,30,,8.468825340270996,True,0.8343688249588013,0.5543137192726135,0.2800551056861877,21.608577728271484
FAM,2808,0.8237371444702148,9.833575248718262,221,1,21,30,,9.009838104248049,True,0.8343688249588013,0.713140606880188,0.1212282180786132,21.608577728271484
Random,2808,1.7178573608398438,9.833575248718262,221,1,21,30,,8.115717887878418,True,0.8343688249588013,0.530461847782135,0.3039069771766662,28.92025375366211
Superpixel,3806,0.7731103897094727,12.622729301452637,222,1,21,30,,11.849618911743164,True,0.9869339466094972,0.979077160358429,0.0078567862510681,17.14230728149414
CAM,3806,5.035205841064453,12.622729301452637,222,1,21,30,,7.587523460388184,False,0.9869339466094972,0.0374690964818,0.9494648575782776,19.01804542541504
FAM,3806,7.691255569458008,12.622729301452637,222,1,21,30,,4.931473731994629,False,0.9869339466094972,0.0070997113361954,0.979834258556366,20.71219062805176
Random,3806,4.356888771057129,12.622729301452637,222,1,21,30,,8.265840530395508,False,0.9869339466094972,0.0826370418071746,0.904296875,26.49775123596192
Superpixel,2621,1.5107650756835938,13.83360767364502,223,1,22,30,,12.322842597961426,True,0.9964296221733092,0.9792015552520752,0.0172280669212341,16.0423641204834
CAM,2621,1.0595579147338867,13.83360767364502,223,1,22,30,,12.774049758911133,True,0.9964296221733092,0.9884633421897888,0.0079662799835205,16.214214324951172
FAM,2621,1.7073469161987305,13.83360767364502,223,1,22,30,,12.126260757446287,True,0.9964296221733092,0.9490537047386168,0.0473759174346923,17.632022857666016
Random,2621,1.6697454452514648,13.83360767364502,223,1,22,30,,12.163862228393556,True,0.9964296221733092,0.988634705543518,0.0077949166297912,28.6450424194336
Superpixel,3571,2.0616679191589355,9.163905143737791,224,1,22,30,,7.102237224578857,False,0.6917192339897156,0.1266646683216095,0.5650545358657837,16.743391036987305
CAM,3571,6.477487564086914,9.163905143737791,224,1,22,30,,2.686417579650879,False,0.6917192339897156,0.0036966747138649,0.6880225539207458,15.987570762634276
FAM,3571,7.148529291152954,9.163905143737791,224,1,22,30,,2.015375852584839,False,0.6917192339897156,0.0030413651838898,0.6886778473854065,15.987570762634276
Random,3571,-0.0895423889160156,9.163905143737791,224,1,22,30,,9.253447532653809,True,0.6917192339897156,0.8249808549880981,-0.1332616209983825,28.662050247192383
Superpixel,1670,4.752687692642212,8.729039192199707,225,1,23,30,,3.976351499557495,False,0.8091729879379272,0.0098596215248107,0.7993133664131165,17.72805404663086
CAM,1670,2.1233510971069336,8.729039192199707,225,1,23,30,,6.605688095092773,True,0.8091729879379272,0.3387888967990875,0.4703840911388397,21.591238021850582
FAM,1670,1.3056459426879885,8.729039192199707,225,1,23,30,,7.423393249511719,True,0.8091729879379272,0.6187254786491394,0.1904475092887878,13.922118186950684
Random,1670,2.279591083526612,8.729039192199707,225,1,23,30,,6.449448108673096,True,0.8091729879379272,0.3422383368015289,0.4669346511363983,25.581897735595703
Superpixel,1722,6.26700496673584,11.11911678314209,226,1,21,30,,4.85211181640625,False,0.9652831554412842,0.0105400579050183,0.9547430872917176,17.110443115234375
CAM,1722,1.0560874938964844,11.11911678314209,226,1,21,30,,10.063029289245604,True,0.9652831554412842,0.9279181361198424,0.0373650193214416,14.572001457214355
FAM,1722,0.3898239135742187,11.11911678314209,226,1,21,30,,10.729292869567873,True,0.9652831554412842,0.9513958096504213,0.013887345790863,13.553250312805176
Random,1722,2.903407096862793,11.11911678314209,226,1,21,30,,8.215709686279297,True,0.9652831554412842,0.6107099652290344,0.3545731902122497,34.45814514160156
Superpixel,4158,3.2655344009399414,14.863521575927734,227,1,22,30,,11.597987174987791,True,0.9934486746788024,0.9255366325378418,0.0679120421409607,16.030982971191406
CAM,4158,5.354928016662598,14.863521575927734,227,1,22,30,,9.508593559265137,True,0.9934486746788024,0.8783722519874573,0.1150764226913452,14.273947715759276
FAM,4158,3.484970092773437,14.863521575927734,227,1,22,30,,11.378551483154297,True,0.9934486746788024,0.967356264591217,0.0260924100875854,14.273947715759276
Random,4158,2.982821464538574,14.863521575927734,227,1,22,30,,11.88070011138916,True,0.9934486746788024,0.98465895652771,0.0087897181510925,26.74958610534668
Superpixel,3838,-0.1410717964172363,7.561272621154785,228,1,23,30,,7.702344417572021,True,0.3581812083721161,0.310992032289505,0.047189176082611,21.050676345825195
CAM,3838,-1.2481107711791992,7.561272621154785,228,1,23,30,,8.809383392333984,True,0.3581812083721161,0.6416337490081787,-0.2834525406360626,28.5954818725586
FAM,3838,1.212141990661621,7.561272621154785,228,1,23,30,,6.349130630493164,True,0.3581812083721161,0.1691198945045471,0.1890613138675689,28.5954818725586
Random,3838,-1.6367530822753906,7.561272621154785,228,1,23,30,,9.198025703430176,True,0.3581812083721161,0.747148334980011,-0.3889671266078949,29.57735824584961
Superpixel,1211,3.009695053100586,12.991989135742188,229,1,18,30,,9.982294082641602,True,0.997040331363678,0.7939424514770508,0.2030978798866272,15.883628845214844
CAM,1211,3.760354042053223,12.991989135742188,229,1,18,30,,9.231635093688965,True,0.997040331363678,0.6077041029930115,0.3893362283706665,18.302101135253903
FAM,1211,6.210564613342285,12.991989135742188,229,1,18,30,,6.781424522399902,True,0.997040331363678,0.3029923439025879,0.6940479874610901,17.59819984436035
Random,1211,3.642146110534668,12.991989135742188,229,1,18,30,,9.34984302520752,True,0.997040331363678,0.8961836695671082,0.1008566617965698,26.359649658203125
Superpixel,5797,0.5231637954711914,11.151324272155762,230,1,20,30,,10.62816047668457,True,0.9480237364768982,0.8428836464881897,0.1051400899887085,17.7604923248291
CAM,5797,-0.5556850433349609,11.151324272155762,230,1,20,30,,11.707009315490724,True,0.9480237364768982,0.9742922782897948,-0.0262685418128967,12.369946479797363
FAM,5797,1.2533893585205078,11.151324272155762,230,1,20,30,,9.897934913635254,True,0.9480237364768982,0.5500437021255493,0.3979800343513489,23.42637252807617
Random,5797,0.0492219924926757,11.151324272155762,230,1,20,30,,11.102102279663086,True,0.9480237364768982,0.8398396968841553,0.1081840395927429,30.735998153686523
Superpixel,3743,-0.0895700454711914,11.318161964416504,231,1,21,30,,11.407732009887695,True,0.9801126718521118,0.965904712677002,0.0142079591751098,18.56928253173828
CAM,3743,5.853113174438477,11.318161964416504,231,1,21,30,,5.465048789978027,False,0.9801126718521118,0.0051638870500028,0.9749487638473512,10.819610595703123
FAM,3743,0.3140106201171875,11.318161964416504,231,1,21,30,,11.004151344299316,True,0.9801126718521118,0.9768229722976683,0.0032896995544433,21.579408645629883
Random,3743,-1.796396255493164,11.318161964416504,231,1,21,30,,13.114558219909668,True,0.9801126718521118,0.9924984574317932,-0.0123857855796813,29.197887420654297
Superpixel,5582,0.6283149719238281,14.989322662353516,232,1,15,30,,14.361007690429688,True,0.9967631101608276,0.994294822216034,0.0024682879447937,15.64585781097412
CAM,5582,3.7893686294555664,14.989322662353516,232,1,15,30,,11.19995403289795,True,0.9967631101608276,0.8010091781616211,0.1957539319992065,17.722761154174805
FAM,5582,7.235361099243164,14.989322662353516,232,1,15,30,,7.753961563110352,False,0.9967631101608276,0.0412589907646179,0.9555041193962096,19.689769744873047
Random,5582,4.899613380432129,14.989322662353516,232,1,15,30,,10.089709281921388,True,0.9967631101608276,0.826362669467926,0.1704004406929016,30.354087829589844
Superpixel,4330,2.26089096069336,10.468459129333496,233,1,21,30,,8.207568168640137,False,0.6611426472663879,0.0049519324675202,0.6561906933784485,19.82670021057129
CAM,4330,2.664677619934082,10.468459129333496,233,1,21,30,,7.803781509399414,False,0.6611426472663879,0.0487300008535385,0.6124126315116882,21.338165283203125
FAM,4330,0.9521694183349608,10.468459129333496,233,1,21,30,,9.516289710998535,True,0.6611426472663879,0.4867286086082458,0.1744140386581421,21.338165283203125
Random,4330,1.7517080307006836,10.468459129333496,233,1,21,30,,8.716751098632812,False,0.6611426472663879,0.3044841289520263,0.3566585183143616,30.404544830322266
Superpixel,2011,13.357451438903809,14.936963081359863,234,1,25,30,,1.579511642456055,False,0.9829851984977722,0.0016376317944377,0.9813475608825684,18.254467010498047
CAM,2011,6.960280418395996,14.936963081359863,234,1,25,30,,7.976682662963867,False,0.9829851984977722,0.1075764521956443,0.8754087686538696,19.10504913330078
FAM,2011,3.829599380493164,14.936963081359863,234,1,25,30,,11.1073637008667,True,0.9829851984977722,0.9034239053726196,0.0795612931251525,19.10504913330078
Random,2011,2.22415542602539,14.936963081359863,234,1,25,30,,12.712807655334473,True,0.9829851984977722,0.9832785725593568,-0.0002933740615844,32.143943786621094
Superpixel,2805,5.341015815734863,15.006619453430176,235,1,19,30,,9.665603637695312,False,0.9969466328620912,0.035397358238697,0.9615492820739746,16.96906280517578
CAM,2805,1.1486854553222656,15.006619453430176,235,1,19,30,,13.85793399810791,True,0.9969466328620912,0.9882956743240356,0.0086509585380554,14.932157516479492
FAM,2805,1.4859590530395508,15.006619453430176,235,1,19,30,,13.520660400390623,True,0.9969466328620912,0.9590854048728944,0.0378612279891967,14.932157516479492
Random,2805,0.715911865234375,15.006619453430176,235,1,19,30,,14.2907075881958,True,0.9969466328620912,0.9891605973243712,0.0077860355377197,32.20207214355469
Superpixel,1302,2.4615249633789062,13.495749473571776,236,1,18,30,,11.034224510192873,False,0.9979730248451232,0.0131204696372151,0.9848525524139404,15.556888580322266
CAM,1302,-1.3099422454833984,13.495749473571776,236,1,18,30,,14.805691719055176,True,0.9979730248451232,0.998024582862854,-5.155801773071289e-05,17.497264862060547
FAM,1302,-1.0415573120117188,13.495749473571776,236,1,18,30,,14.537306785583496,True,0.9979730248451232,0.998612642288208,-0.0006396174430847,15.576684951782228
Random,1302,0.5137786865234375,13.495749473571776,236,1,18,30,,12.98197078704834,True,0.9979730248451232,0.9969518184661864,0.0010212063789367,31.17680931091309
Superpixel,3477,4.111371040344238,14.807310104370115,237,1,21,30,,10.69593906402588,False,0.9991264939308168,0.1408348679542541,0.8582916259765625,13.40743923187256
CAM,3477,3.158792495727539,14.807310104370115,237,1,21,30,,11.648517608642578,True,0.9991264939308168,0.646894633769989,0.3522318601608276,23.02090835571289
FAM,3477,4.9977216720581055,14.807310104370115,237,1,21,30,,9.809588432312012,True,0.9991264939308168,0.4870206415653229,0.5121058225631714,19.41526222229004
Random,3477,0.8705415725708008,14.807310104370115,237,1,21,30,,13.936768531799316,True,0.9991264939308168,0.9983054399490356,0.000821053981781,26.123506546020508
Superpixel,1985,3.5334692001342773,10.925312042236328,238,1,25,30,,7.391842842102051,False,0.9523288011550904,0.1136341094970703,0.83869469165802,18.193044662475582
CAM,1985,-0.3234081268310547,10.925312042236328,238,1,25,30,,11.248720169067385,True,0.9523288011550904,0.8520894646644592,0.1002393364906311,17.39113426208496
FAM,1985,1.0712547302246094,10.925312042236328,238,1,25,30,,9.85405731201172,True,0.9523288011550904,0.9135234355926514,0.0388053655624389,17.39113426208496
Random,1985,2.00783634185791,10.925312042236328,238,1,25,30,,8.917475700378418,True,0.9523288011550904,0.7093697190284729,0.2429590821266174,31.3572006225586
Superpixel,2298,5.587854862213135,13.17171573638916,239,1,24,30,,7.583860874176025,False,0.992544174194336,0.0205823369324207,0.9719618558883668,14.83651351928711
CAM,2298,2.2648839950561523,13.17171573638916,239,1,24,30,,10.906831741333008,True,0.992544174194336,0.4534205198287964,0.5391236543655396,18.29607391357422
FAM,2298,3.464055061340332,13.17171573638916,239,1,24,30,,9.707660675048828,True,0.992544174194336,0.883795976638794,0.1087481975555419,18.29607391357422
Random,2298,2.137412071228028,13.17171573638916,239,1,24,30,,11.034303665161133,True,0.992544174194336,0.9779234528541564,0.0146207213401794,26.025802612304688
Superpixel,3089,0.4038505554199219,13.959877967834473,240,1,23,30,,13.55602741241455,True,0.9951190948486328,0.993918776512146,0.0012003183364868,18.253904342651367
CAM,3089,1.3416728973388672,13.959877967834473,240,1,23,30,,12.618205070495604,True,0.9951190948486328,0.9916507601737976,0.0034683346748352,23.28877067565918
FAM,3089,3.671077728271485,13.959877967834473,240,1,23,30,,10.288800239562988,True,0.9951190948486328,0.5929785966873169,0.4021404981613159,21.2212142944336
Random,3089,2.551132202148437,13.959877967834473,240,1,23,30,,11.408745765686035,True,0.9951190948486328,0.9765217304229736,0.0185973644256591,26.58381462097168
Superpixel,2660,3.786264419555664,14.099804878234863,241,1,22,30,,10.3135404586792,True,0.9958970546722412,0.635500431060791,0.3603966236114502,15.450579643249512
CAM,2660,1.4454402923583984,14.099804878234863,241,1,22,30,,12.654364585876465,True,0.9958970546722412,0.9861004948616028,0.0097965598106384,18.554000854492188
FAM,2660,0.5812082290649414,14.099804878234863,241,1,22,30,,13.518596649169922,True,0.9958970546722412,0.9925411939620972,0.003355860710144,19.481163024902344
Random,2660,0.6092233657836914,14.099804878234863,241,1,22,30,,13.490581512451172,True,0.9958970546722412,0.9957581162452698,0.0001389384269714,27.27688217163086
Superpixel,4698,5.306365013122559,13.501015663146973,242,1,18,30,,8.194650650024414,False,0.9938617944717408,0.2962701320648193,0.6975916624069214,24.920988082885746
CAM,4698,6.615836143493652,13.501015663146973,242,1,18,30,,6.88517951965332,False,0.9938617944717408,0.0057990560308098,0.9880627393722534,18.44272994995117
FAM,4698,6.992910385131836,13.501015663146973,242,1,18,30,,6.508105278015137,False,0.9938617944717408,0.0099546844139695,0.9839071035385132,18.44272994995117
Random,4698,5.976240158081055,13.501015663146973,242,1,18,30,,7.524775505065918,True,0.9938617944717408,0.5265429615974426,0.4673188328742981,24.20230484008789
Superpixel,1065,3.103921890258789,15.295615196228027,243,1,24,30,,12.191693305969238,True,0.968818724155426,0.4886215627193451,0.4801971614360809,16.579357147216797
CAM,1065,3.452909469604492,15.295615196228027,243,1,24,30,,11.842705726623535,True,0.968818724155426,0.8104835748672485,0.1583351492881775,22.95437431335449
FAM,1065,3.8442678451538086,15.295615196228027,243,1,24,30,,11.45134735107422,True,0.968818724155426,0.8656693696975708,0.1031493544578552,22.95437431335449
Random,1065,0.9840288162231444,15.295615196228027,243,1,24,30,,14.311586380004885,True,0.968818724155426,0.9667809009552002,0.0020378232002258,30.70806884765625
Superpixel,2408,4.992355823516846,9.232186317443848,244,1,21,30,,4.239830493927002,False,0.5575323104858398,0.0002666631771717,0.5572656393051147,14.98370361328125
CAM,2408,0.4296178817749023,9.232186317443848,244,1,21,30,,8.802568435668945,True,0.5575323104858398,0.3533506393432617,0.2041816711425781,20.049880981445312
FAM,2408,-0.6402788162231445,9.232186317443848,244,1,21,30,,9.872465133666992,True,0.5575323104858398,0.3102383911609649,0.2472939193248748,17.026037216186523
Random,2408,-0.0827226638793945,9.232186317443848,244,1,21,30,,9.314908981323242,True,0.5575323104858398,0.4960846602916717,0.061447650194168,27.414575576782227
Superpixel,2676,1.3166780471801758,15.88653564453125,245,1,20,30,,14.569857597351074,True,0.9877084493637084,0.9803791046142578,0.0073293447494506,18.94803047180176
CAM,2676,7.854792594909668,15.88653564453125,245,1,20,30,,8.031743049621582,False,0.9877084493637084,0.0281836427748203,0.9595248103141784,13.527080535888672
FAM,2676,13.590826988220217,15.88653564453125,245,1,20,30,,2.295708656311035,False,0.9877084493637084,0.0010487566469237,0.9866597056388856,13.527080535888672
Random,2676,6.232046127319336,15.88653564453125,245,1,20,30,,9.654489517211914,True,0.9877084493637084,0.7197622060775757,0.2679462432861328,26.575252532958984
Superpixel,3020,1.1671695709228516,10.786697387695312,246,1,24,30,,9.61952781677246,False,0.4457881152629852,0.2985917627811432,0.147196352481842,16.787307739257812
CAM,3020,4.427683353424072,10.786697387695312,246,1,24,30,,6.35901403427124,False,0.4457881152629852,0.1448660045862198,0.3009220957756042,16.010009765625
FAM,3020,4.746610641479492,10.786697387695312,246,1,24,30,,6.04008674621582,False,0.4457881152629852,0.0537149049341678,0.3920732140541076,16.010009765625
Random,3020,5.352597713470459,10.786697387695312,246,1,24,30,,5.4340996742248535,False,0.4457881152629852,0.0752133950591087,0.3705747127532959,31.82930374145508
Superpixel,3486,2.648989677429199,11.99916648864746,247,1,21,30,,9.350176811218262,False,0.485158622264862,0.1220332458615303,0.3631253838539123,17.990554809570312
CAM,3486,2.0090579986572266,11.99916648864746,247,1,21,30,,9.990108489990234,False,0.485158622264862,0.0880282223224639,0.397130399942398,6.4913649559021
FAM,3486,-0.4695997238159179,11.99916648864746,247,1,21,30,,12.46876621246338,True,0.485158622264862,0.6380142569541931,-0.152855634689331,18.466529846191406
Random,3486,0.1446971893310547,11.99916648864746,247,1,21,30,,11.854469299316406,True,0.485158622264862,0.7452419996261597,-0.2600833773612976,30.46261405944824
Superpixel,7991,4.8907647132873535,11.57615089416504,248,1,16,30,,6.6853861808776855,False,0.4958996176719665,0.0343429595232009,0.4615566730499267,24.14334487915039
CAM,7991,2.985097885131836,11.57615089416504,248,1,16,30,,8.591053009033203,False,0.4958996176719665,0.0805353820323944,0.4153642356395721,20.40697288513184
FAM,7991,6.544801235198975,11.57615089416504,248,1,16,30,,5.0313496589660645,False,0.4958996176719665,0.0127495070919394,0.4831501245498657,19.877700805664062
Random,7991,7.481263160705566,11.57615089416504,248,1,16,30,,4.094887733459473,False,0.4958996176719665,0.0002021233085542,0.4956974983215332,30.928861618041992
Superpixel,6152,7.138042449951172,14.28640842437744,249,1,13,30,,7.1483659744262695,False,0.9703354239463806,0.0091132642701268,0.9612221717834472,19.303125381469727
CAM,6152,1.9667882919311523,14.28640842437744,249,1,13,30,,12.319620132446287,False,0.9703354239463806,0.4212343990802765,0.5491009950637817,21.44363021850586
FAM,6152,2.620646476745605,14.28640842437744,249,1,13,30,,11.665761947631836,True,0.9703354239463806,0.3711482584476471,0.5991871356964111,21.44363021850586
Random,6152,4.379916191101074,14.28640842437744,249,1,13,30,,9.906492233276367,False,0.9703354239463806,0.0380169413983821,0.9323185086250304,31.584548950195312
Superpixel,1773,0.6528105735778809,8.568169593811035,250,1,21,30,,7.915359020233154,True,0.5677154660224915,0.4354485869407654,0.132266879081726,27.10904121398925
CAM,1773,4.6794140338897705,8.568169593811035,250,1,21,30,,3.8887555599212646,False,0.5677154660224915,0.0523605979979038,0.5153548717498779,19.66272354125977
FAM,1773,1.0875492095947266,8.568169593811035,250,1,21,30,,7.480620384216309,True,0.5677154660224915,0.5366978645324707,0.0310176014900207,20.00304412841797
Random,1773,1.6269259452819824,8.568169593811035,250,1,21,30,,6.941243648529053,True,0.5677154660224915,0.4641661345958709,0.1035493314266204,26.27204322814941
Superpixel,3690,2.0683507919311523,7.943912029266357,251,1,23,30,,5.875561237335205,False,0.4496249258518219,0.1282322108745575,0.3213927149772644,18.2831974029541
CAM,3690,3.774479866027832,7.943912029266357,251,1,23,30,,4.169432163238525,False,0.4496249258518219,0.0066145984455943,0.4430103302001953,16.043777465820312
FAM,3690,-0.6335091590881348,7.943912029266357,251,1,23,30,,8.577421188354492,True,0.4496249258518219,0.4092559814453125,0.0403689444065094,16.043777465820312
Random,3690,4.1132285594940186,7.943912029266357,251,1,23,30,,3.830683469772339,False,0.4496249258518219,0.0209021773189306,0.4287227392196655,28.69359970092773
Superpixel,2321,-0.1718502044677734,12.735684394836426,252,1,23,30,,12.9075345993042,True,0.6492916345596313,0.7835977077484131,-0.1343060731887817,15.816099166870115
CAM,2321,4.76240873336792,12.735684394836426,252,1,23,30,,7.973275661468506,True,0.6492916345596313,0.6137142777442932,0.0355773568153381,24.33552932739257
FAM,2321,1.3721027374267578,12.735684394836426,252,1,23,30,,11.363581657409668,True,0.6492916345596313,0.6166095733642578,0.0326820611953735,24.33552932739257
Random,2321,3.561267852783203,12.735684394836426,252,1,23,30,,9.174416542053224,False,0.6492916345596313,0.4608154594898224,0.1884761750698089,29.477819442749023
Superpixel,2928,-0.2381429672241211,8.80982494354248,253,1,24,30,,9.047967910766602,True,0.479721188545227,0.5569868087768555,-0.0772656202316284,
CAM,2928,4.645888805389404,8.80982494354248,253,1,24,30,,4.163936138153076,False,0.479721188545227,0.0011167856864631,0.4786044061183929,
FAM,2928,0.5258607864379883,8.80982494354248,253,1,24,30,,8.283964157104492,True,0.479721188545227,0.3826312720775604,0.0970899164676666,
Random,2928,6.078843593597412,8.80982494354248,253,1,24,30,,2.7309813499450684,False,0.479721188545227,0.0052141407504677,0.4745070338249206,
Superpixel,1816,1.6044015884399414,9.8247652053833,254,1,24,30,,8.22036361694336,True,0.838973879814148,0.4817200899124145,0.3572537899017334,18.201568603515625
CAM,1816,2.910529613494873,9.8247652053833,254,1,24,30,,6.914235591888428,False,0.838973879814148,0.3079012036323547,0.5310726761817932,13.756587028503418
FAM,1816,3.8225579261779785,9.8247652053833,254,1,24,30,,6.002207279205322,True,0.838973879814148,0.2509558200836181,0.5880180597305298,22.66065788269043
Random,1816,0.6708135604858398,9.8247652053833,254,1,24,30,,9.15395164489746,True,0.838973879814148,0.7331336736679077,0.1058402061462402,30.409912109375
Superpixel,2322,0.6031637191772461,10.662772178649902,255,1,25,30,,10.059608459472656,False,0.6839670538902283,0.2662577331066131,0.4177093207836151,19.380014419555664
CAM,2322,4.4551215171813965,10.662772178649902,255,1,25,30,,6.207650661468506,False,0.6839670538902283,0.0158898085355758,0.6680772304534912,17.2340087890625
FAM,2322,5.630519390106201,10.662772178649902,255,1,25,30,,5.032252788543701,False,0.6839670538902283,0.0276249144226312,0.6563421487808228,17.2340087890625
Random,2322,1.3806581497192385,10.662772178649902,255,1,25,30,,9.282114028930664,True,0.6839670538902283,0.3494254946708679,0.3345415592193603,29.85679054260254
Superpixel,1238,7.230007171630859,15.382043838500977,256,1,23,30,,8.152036666870117,False,0.9959820508956908,0.0877345576882362,0.9082474708557128,21.19345092773437
CAM,1238,1.955161094665528,15.382043838500977,256,1,23,30,,13.42688274383545,True,0.9959820508956908,0.963326096534729,0.0326559543609619,18.480833053588867
FAM,1238,7.4499735832214355,15.382043838500977,256,1,23,30,,7.932070255279541,True,0.9959820508956908,0.4151407480239868,0.5808413028717041,17.899627685546875
Random,1238,2.65960693359375,15.382043838500977,256,1,23,30,,12.722436904907228,True,0.9959820508956908,0.9857995510101318,0.010182499885559,33.009456634521484
Superpixel,2502,2.995758533477783,10.048593521118164,257,1,22,30,,7.052834987640381,False,0.8466770648956299,0.144490972161293,0.702186107635498,16.026315689086914
CAM,2502,2.783236026763916,10.048593521118164,257,1,22,30,,7.265357494354248,False,0.8466770648956299,0.2112321406602859,0.6354449391365051,17.800867080688477
FAM,2502,4.473898887634277,10.048593521118164,257,1,22,30,,5.574694633483887,False,0.8466770648956299,0.1149337515234947,0.731743335723877,17.800867080688477
Random,2502,5.841109752655029,10.048593521118164,257,1,22,30,,4.207483768463135,False,0.8466770648956299,0.0233242679387331,0.8233528137207031,26.615779876708984
Superpixel,2490,0.1556119918823242,9.058530807495115,258,1,25,30,,8.902918815612793,True,0.4123368859291076,0.3233401775360107,0.0889967083930969,23.54109573364257
CAM,2490,-0.0646085739135742,9.058530807495115,258,1,25,30,,9.123139381408691,True,0.4123368859291076,0.3829631805419922,0.0293737053871154,22.57962989807129
FAM,2490,0.2919387817382812,9.058530807495115,258,1,25,30,,8.766592025756836,True,0.4123368859291076,0.4748711287975311,-0.0625342428684234,23.65042304992676
Random,2490,4.250342845916748,9.058530807495115,258,1,25,30,,4.808187961578369,False,0.4123368859291076,0.0689241588115692,0.3434127271175384,26.722375869750977
Superpixel,1399,1.6111536026000977,11.10348129272461,259,1,25,30,,9.492327690124512,True,0.8718050718307495,0.7012970447540283,0.1705080270767212,17.745498657226562
CAM,1399,8.905123233795166,11.10348129272461,259,1,25,30,,2.198358058929444,False,0.8718050718307495,0.0047310572117567,0.8670740127563477,20.81696319580078
FAM,1399,6.564786434173584,11.10348129272461,259,1,25,30,,4.538694858551025,False,0.8718050718307495,0.0338277854025363,0.8379772901535034,20.81696319580078
Random,1399,3.709018230438232,11.10348129272461,259,1,25,30,,7.394463062286377,False,0.8718050718307495,0.2643840312957763,0.6074210405349731,29.53135108947754
Superpixel,1698,2.25296688079834,7.782178401947021,260,1,23,30,,5.529211521148682,False,0.2343540638685226,0.0085931848734617,0.2257608771324157,26.273256301879883
CAM,1698,3.572977066040039,7.782178401947021,260,1,23,30,,4.209201335906982,False,0.2343540638685226,0.0242379643023014,0.2101161032915115,17.0108585357666
FAM,1698,7.3302366733551025,7.782178401947021,260,1,23,30,,0.4519417285919189,False,0.2343540638685226,0.0002653239062055,0.234088733792305,17.11565589904785
Random,1698,6.887641906738281,7.782178401947021,260,1,23,30,,0.8945364952087402,False,0.2343540638685226,0.0012235260801389,0.233130544424057,28.91728401184082
Superpixel,3080,4.428775310516357,10.589920997619627,261,1,23,30,,6.161145687103272,False,0.4492621123790741,0.0432427488267421,0.4060193598270416,15.615693092346191
CAM,3080,10.546796090900898,10.589920997619627,261,1,23,30,,0.0431249067187309,False,0.4492621123790741,0.0013601863756775,0.4479019343852997,16.85728645324707
FAM,3080,9.519202589988708,10.589920997619627,261,1,23,30,,1.0707184076309204,False,0.4492621123790741,0.0007129001896828,0.448549211025238,16.85728645324707
Random,3080,6.663973093032837,10.589920997619627,261,1,23,30,,3.925947904586792,False,0.4492621123790741,0.0263541787862777,0.4229079484939575,25.095653533935547
Superpixel,1129,-0.4097499847412109,10.4232177734375,262,1,23,30,,10.832967758178713,True,0.4313460886478424,0.514717698097229,-0.0833716094493866,16.108945846557617
CAM,1129,-0.953537940979004,10.4232177734375,262,1,23,30,,11.376755714416504,True,0.4313460886478424,0.7532267570495605,-0.3218806684017181,16.332862854003906
FAM,1129,-1.1291427612304688,10.4232177734375,262,1,23,30,,11.552360534667969,True,0.4313460886478424,0.6624109148979187,-0.2310648262500763,25.064807891845703
Random,1129,-0.8055553436279297,10.4232177734375,262,1,23,30,,11.22877311706543,True,0.4313460886478424,0.5371333956718445,-0.105787307024002,32.452884674072266
Superpixel,1034,10.209100723266602,12.715682983398438,263,1,24,30,,2.506582260131836,False,0.8792741894721985,0.0037711495533585,0.8755030632019043,18.4395751953125
CAM,1034,5.637032508850098,12.715682983398438,263,1,24,30,,7.07865047454834,False,0.8792741894721985,0.0127781732007861,0.8664960265159607,17.323129653930664
FAM,1034,5.462835788726807,12.715682983398438,263,1,24,30,,7.252847194671631,False,0.8792741894721985,0.0508234798908233,0.8284506797790527,12.767067909240724
Random,1034,1.4922370910644531,12.715682983398438,263,1,24,30,,11.223445892333984,True,0.8792741894721985,0.701028048992157,0.1782461404800415,35.17558288574219
Superpixel,1254,0.2024102210998535,8.014638900756836,264,1,22,30,,7.812228679656982,True,0.4027937948703766,0.3869024217128753,0.0158913731575012,13.905158042907717
CAM,1254,4.867105960845947,8.014638900756836,264,1,22,30,,3.1475329399108887,False,0.4027937948703766,0.0069762668572366,0.3958175182342529,20.03487014770508
FAM,1254,4.860617637634277,8.014638900756836,264,1,22,30,,3.1540212631225586,False,0.4027937948703766,0.0030333448667079,0.3997604548931122,20.03487014770508
Random,1254,4.070662021636963,8.014638900756836,264,1,22,30,,3.943976879119873,False,0.4027937948703766,0.0061652730219066,0.3966285288333893,33.44797134399414
Superpixel,4521,4.921140670776367,16.590599060058594,265,1,22,30,,11.669458389282228,True,0.9986966252326964,0.5397941470146179,0.4589024782180786,25.456205368041992
CAM,4521,7.852190971374512,16.590599060058594,265,1,22,30,,8.738408088684082,True,0.9986966252326964,0.401799201965332,0.5968974232673645,19.88705062866211
FAM,4521,7.568742752075195,16.590599060058594,265,1,22,30,,9.021856307983398,False,0.9986966252326964,0.1474047899246215,0.851291835308075,19.88705062866211
Random,4521,5.561891555786133,16.590599060058594,265,1,22,30,,11.02870750427246,True,0.9986966252326964,0.9354649782180786,0.0632316470146179,26.76880645751953
Superpixel,3223,8.83820128440857,11.956788063049316,266,1,23,30,,3.118586778640747,False,0.911790132522583,0.0035056881606578,0.9082844257354736,15.012931823730469
CAM,3223,8.49838137626648,11.956788063049316,266,1,23,30,,3.458406686782837,False,0.911790132522583,0.0048876125365495,0.9069024920463562,17.852806091308594
FAM,3223,10.397559642791748,11.956788063049316,266,1,23,30,,1.5592284202575684,False,0.911790132522583,0.0034622191451489,0.9083279371261596,17.852806091308594
Random,3223,10.17759931087494,11.956788063049316,266,1,23,30,,1.7791887521743774,False,0.911790132522583,0.0002110393688781,0.9115790724754332,31.55996894836425
Superpixel,2279,4.501164436340332,13.110607147216797,267,1,22,30,,8.609442710876465,False,0.9557005167007446,0.0194966774433851,0.9362038373947144,20.19582176208496
CAM,2279,4.098738670349121,13.110607147216797,267,1,22,30,,9.011868476867676,False,0.9557005167007446,0.4256740808486938,0.5300264358520508,18.57197570800781
FAM,2279,5.736703395843506,13.110607147216797,267,1,22,30,,7.373903751373291,True,0.9557005167007446,0.3338623046875,0.6218382120132446,18.57197570800781
Random,2279,1.9412431716918943,13.110607147216797,267,1,22,30,,11.169363975524902,True,0.9557005167007446,0.852299153804779,0.1034013628959655,28.17391395568848
Superpixel,1463,-1.554729461669922,10.649499893188477,268,1,23,30,,12.204229354858398,True,0.7774461507797241,0.8396862745285034,-0.0622401237487793,20.274667739868164
CAM,1463,-0.9101457595825196,10.649499893188477,268,1,23,30,,11.559645652770996,True,0.7774461507797241,0.873310923576355,-0.0958647727966308,22.96617317199707
FAM,1463,0.5413417816162109,10.649499893188477,268,1,23,30,,10.108158111572266,True,0.7774461507797241,0.756938099861145,0.0205080509185791,19.008852005004883
Random,1463,0.3839349746704101,10.649499893188477,268,1,23,30,,10.265564918518066,True,0.7774461507797241,0.7338883876800537,0.0435577630996704,24.807992935180664
Superpixel,2137,0.249114990234375,11.300662994384766,269,1,22,30,,11.05154800415039,True,0.6028273105621338,0.6341703534126282,-0.0313430428504943,15.834501266479492
CAM,2137,2.7524871826171875,11.300662994384766,269,1,22,30,,8.548175811767578,True,0.6028273105621338,0.4726887047290802,0.1301386058330536,16.83641242980957
FAM,2137,3.4413838386535645,11.300662994384766,269,1,22,30,,7.859279155731201,False,0.6028273105621338,0.0122407265007495,0.5905866026878357,16.83641242980957
Random,2137,1.2536296844482422,11.300662994384766,269,1,22,30,,10.047033309936523,True,0.6028273105621338,0.5006787776947021,0.1021485328674316,29.364715576171875
Superpixel,1599,7.232343196868896,13.387718200683594,270,1,23,30,,6.155375003814697,False,0.9867717623710632,0.0424673780798912,0.9443044066429138,18.64609718322754
CAM,1599,9.76238250732422,13.387718200683594,270,1,23,30,,3.625335693359375,False,0.9867717623710632,0.0088335070759058,0.9779382348060608,15.03912353515625
FAM,1599,6.998386383056641,13.387718200683594,270,1,23,30,,6.389331817626953,False,0.9867717623710632,0.2070856243371963,0.7796861529350281,19.17466354370117
Random,1599,11.612587928771973,13.387718200683594,270,1,23,30,,1.775130271911621,False,0.9867717623710632,0.0049542500637471,0.9818174839019777,30.595569610595703
Superpixel,1577,2.377604484558105,8.00174331665039,271,1,24,30,,5.624138832092285,True,0.4947666227817535,0.1400699764490127,0.3546966314315796,14.773075103759766
CAM,1577,6.904839873313904,8.00174331665039,271,1,24,30,,1.0969034433364868,False,0.4947666227817535,0.0006581743946298,0.4941084384918213,17.957481384277344
FAM,1577,5.687009334564209,8.00174331665039,271,1,24,30,,2.3147339820861816,False,0.4947666227817535,0.005986878182739,0.488779753446579,14.011783599853516
Random,1577,6.334635496139526,8.00174331665039,271,1,24,30,,1.6671078205108645,False,0.4947666227817535,0.0004132460744585,0.4943533837795257,30.072324752807617
Superpixel,3058,2.9984822273254395,10.862751960754396,272,1,19,30,,7.864269733428955,False,0.5978756546974182,0.2298421561717987,0.3680334985256195,22.505739212036133
CAM,3058,4.994606018066406,10.862751960754396,272,1,19,30,,5.868145942687988,False,0.5978756546974182,0.0294102542102336,0.5684654116630554,19.47735595703125
FAM,3058,5.02679443359375,10.862751960754396,272,1,19,30,,5.8359575271606445,False,0.5978756546974182,0.1353858262300491,0.4624898433685303,20.68896102905273
Random,3058,1.9961509704589844,10.862751960754396,272,1,19,30,,8.86660099029541,False,0.5978756546974182,0.3636298775672912,0.2342457771301269,31.32289695739746
Superpixel,2930,-0.4584741592407226,12.18566608428955,273,1,24,30,,12.644140243530272,True,0.959573209285736,0.9715378880500792,-0.0119646787643432,17.366037368774414
CAM,2930,2.473494529724121,12.18566608428955,273,1,24,30,,9.71217155456543,True,0.959573209285736,0.731528639793396,0.2280445694923401,12.128360748291016
FAM,2930,2.59603214263916,12.18566608428955,273,1,24,30,,9.58963394165039,True,0.959573209285736,0.7403034567832947,0.2192697525024414,12.128360748291016
Random,2930,0.6333446502685547,12.18566608428955,273,1,24,30,,11.552321434020996,True,0.959573209285736,0.9227051734924316,0.0368680357933044,26.19753837585449
Superpixel,3010,10.197097301483154,16.64673614501953,274,1,22,30,,6.449638843536377,False,0.9993419051170348,0.011702830903232,0.98763906955719,21.240816116333008
CAM,3010,1.6571569442749023,16.64673614501953,274,1,22,30,,14.989579200744627,True,0.9993419051170348,0.9843820929527284,0.0149598121643066,17.770946502685547
FAM,3010,5.649023056030273,16.64673614501953,274,1,22,30,,10.997713088989258,True,0.9993419051170348,0.9056872129440308,0.0936546921730041,24.831663131713867
Random,3010,0.660369873046875,16.64673614501953,274,1,22,30,,15.986366271972656,True,0.9993419051170348,0.9988366961479188,0.0005052089691162,27.06216812133789
Superpixel,3098,6.427604675292969,15.19886589050293,275,1,21,30,,8.771261215209961,False,0.998971700668335,0.0160713922232389,0.982900321483612,21.18663215637207
CAM,3098,0.2486162185668945,15.19886589050293,275,1,21,30,,14.950249671936035,True,0.998971700668335,0.9988313317298888,0.000140368938446,20.85273742675781
FAM,3098,0.0441036224365234,15.19886589050293,275,1,21,30,,15.154762268066406,True,0.998971700668335,0.9988906979560852,8.100271224975586e-05,19.315603256225582
Random,3098,1.5029287338256836,15.19886589050293,275,1,21,30,,13.695937156677246,True,0.998971700668335,0.9969504475593568,0.0020212531089782,26.26460647583008
Superpixel,2305,-0.4036397933959961,13.627459526062012,276,1,23,30,,14.031099319458008,True,0.9966474175453186,0.9972646236419678,-0.0006172060966491,15.81029224395752
CAM,2305,4.010754585266113,13.627459526062012,276,1,23,30,,9.616704940795898,True,0.9966474175453186,0.4874473512172699,0.5092000961303711,19.13743782043457
FAM,2305,2.8146228790283203,13.627459526062012,276,1,23,30,,10.812836647033691,True,0.9966474175453186,0.9342625737190248,0.0623848438262939,19.019081115722656
Random,2305,1.6283092498779297,13.627459526062012,276,1,23,30,,11.999150276184082,True,0.9966474175453186,0.9768054485321044,0.0198419690132141,27.28023338317871
Superpixel,3998,-0.263554573059082,10.346400260925291,277,1,23,30,,10.609954833984377,True,0.8598275184631348,0.7416524887084961,0.1181750297546386,20.2653751373291
CAM,3998,1.6869592666625977,10.346400260925291,277,1,23,30,,8.659440994262695,True,0.8598275184631348,0.7540571689605713,0.1057703495025634,20.32874870300293
FAM,3998,0.4746017456054687,10.346400260925291,277,1,23,30,,9.871798515319824,True,0.8598275184631348,0.8644129037857056,-0.0045853853225708,18.491479873657227
Random,3998,0.6931304931640625,10.346400260925291,277,1,23,30,,9.65326976776123,True,0.8598275184631348,0.9069872498512268,-0.047159731388092,31.738990783691406
Superpixel,3510,7.787883758544922,11.518095016479492,278,1,21,30,,3.7302112579345694,False,0.978962242603302,0.0023236684501171,0.9766385555267334,19.75225830078125
CAM,3510,1.450092315673828,11.518095016479492,278,1,21,30,,10.068002700805664,True,0.978962242603302,0.9325954914093018,0.0463667511940002,30.675092697143555
FAM,3510,1.1832551956176758,11.518095016479492,278,1,21,30,,10.334839820861816,True,0.978962242603302,0.9487414956092834,0.0302207469940185,17.64988899230957
Random,3510,2.94565486907959,11.518095016479492,278,1,21,30,,8.572440147399902,True,0.978962242603302,0.6539039611816406,0.3250582814216614,25.59511947631836
Superpixel,2792,0.0003480911254882,9.506635665893556,279,1,21,30,,9.506287574768066,True,0.9034437537193298,0.8886923789978027,0.0147513747215271,17.22402572631836
CAM,2792,3.687748432159424,9.506635665893556,279,1,21,30,,5.818887233734131,False,0.9034437537193298,0.1422197520732879,0.7612240314483643,27.50455093383789
FAM,2792,4.540825366973877,9.506635665893556,279,1,21,30,,4.965810298919678,False,0.9034437537193298,0.0916837230324745,0.8117600083351135,27.50455093383789
Random,2792,2.9621405601501465,9.506635665893556,279,1,21,30,,6.544495105743408,False,0.9034437537193298,0.267505019903183,0.6359387636184692,29.331632614135746
Superpixel,3045,1.6724843978881836,9.351788520812988,280,1,21,30,,7.679304122924805,True,0.6199613809585571,0.5469242334365845,0.0730371475219726,20.65755653381348
CAM,3045,3.732065200805664,9.351788520812988,280,1,21,30,,5.619723320007324,False,0.6199613809585571,0.0393503829836845,0.580610990524292,21.85403823852539
FAM,3045,-0.4082393646240234,9.351788520812988,280,1,21,30,,9.760027885437012,True,0.6199613809585571,0.7265520691871643,-0.1065906882286071,21.85403823852539
Random,3045,2.2971954345703125,9.351788520812988,280,1,21,30,,7.054593086242676,True,0.6199613809585571,0.3309028148651123,0.2890585660934448,28.913244247436523
Superpixel,2795,7.789013862609863,15.694868087768556,281,1,23,30,,7.905854225158691,False,0.9991878867149352,0.0087716542184352,0.9904162287712096,18.76555252075196
CAM,2795,3.1440467834472656,15.694868087768556,281,1,23,30,,12.550821304321287,True,0.9991878867149352,0.9850747585296632,0.0141131281852722,21.010643005371094
FAM,2795,3.900012969970703,15.694868087768556,281,1,23,30,,11.794855117797852,True,0.9991878867149352,0.9678738117218018,0.0313140749931335,23.40879821777344
Random,2795,2.6972455978393555,15.694868087768556,281,1,23,30,,12.9976224899292,True,0.9991878867149352,0.9920349717140198,0.0071529150009155,31.769859313964844
Superpixel,3143,0.1113977432250976,13.979659080505373,282,1,23,30,,13.868261337280272,True,0.9905390739440918,0.9907608032226562,-0.0002217292785644,14.3330078125
CAM,3143,4.903171539306641,13.979659080505373,282,1,23,30,,9.07648754119873,True,0.9905390739440918,0.7511976957321167,0.2393413782119751,15.75844669342041
FAM,3143,1.168278694152832,13.979659080505373,282,1,23,30,,12.81138038635254,True,0.9905390739440918,0.9684728980064392,0.0220661759376525,29.72705841064453
Random,3143,0.2233238220214843,13.979659080505373,282,1,23,30,,13.756335258483888,True,0.9905390739440918,0.9845699667930604,0.0059691071510314,30.02790069580078
Superpixel,1948,3.4063100814819336,13.835700035095217,283,1,23,30,,10.42938995361328,True,0.9903505444526672,0.5227137207984924,0.4676368236541748,15.774818420410156
CAM,1948,1.420445442199707,13.835700035095217,283,1,23,30,,12.415254592895508,True,0.9903505444526672,0.9779978394508362,0.012352705001831,17.8409366607666
FAM,1948,1.4427738189697266,13.835700035095217,283,1,23,30,,12.392926216125488,True,0.9903505444526672,0.9752976298332214,0.0150529146194458,14.45952606201172
Random,1948,3.212765693664551,13.835700035095217,283,1,23,30,,10.622934341430664,True,0.9903505444526672,0.8322692513465881,0.1580812931060791,28.768922805786133
Superpixel,2244,4.615756511688232,9.070479393005373,284,1,24,30,,4.454722881317139,False,0.5044413805007935,0.0022540735080838,0.5021873116493225,21.66832160949707
CAM,2244,2.877008438110352,9.070479393005373,284,1,24,30,,6.19347095489502,False,0.5044413805007935,0.0273800604045391,0.4770613312721252,23.84901428222656
FAM,2244,0.1171836853027343,9.070479393005373,284,1,24,30,,8.953295707702637,True,0.5044413805007935,0.5106127262115479,-0.0061713457107543,24.575477600097656
Random,2244,0.2803659439086914,9.070479393005373,284,1,24,30,,8.79011344909668,True,0.5044413805007935,0.4559920132160187,0.0484493672847747,27.59773826599121
Superpixel,4103,2.666889190673828,11.145997047424316,285,1,23,30,,8.479107856750488,False,0.967743754386902,0.2399740517139434,0.7277697324752808,19.209753036499023
CAM,4103,0.1861495971679687,11.145997047424316,285,1,23,30,,10.959847450256348,True,0.967743754386902,0.9618890285491944,0.0058547258377075,19.993127822875977
FAM,4103,-0.9612216949462892,11.145997047424316,285,1,23,30,,12.107218742370604,True,0.967743754386902,0.9899594187736512,-0.0222156643867492,19.993127822875977
Random,4103,2.1685523986816406,11.145997047424316,285,1,23,30,,8.977444648742676,True,0.967743754386902,0.8500354290008545,0.1177083253860473,32.45602798461914
Superpixel,3751,-0.093271255493164,12.168622970581056,286,1,22,30,,12.26189422607422,True,0.9527434706687928,0.9640337228775024,-0.0112902522087097,13.06769847869873
CAM,3751,4.039168357849121,12.168622970581056,286,1,22,30,,8.129454612731934,False,0.9527434706687928,0.3299521505832672,0.6227912902832031,15.906146049499512
FAM,3751,1.132526397705078,12.168622970581056,286,1,22,30,,11.036096572875977,True,0.9527434706687928,0.9053691029548644,0.0473743677139282,19.00297164916992
Random,3751,0.2647552490234375,12.168622970581056,286,1,22,30,,11.903867721557615,True,0.9527434706687928,0.967604637145996,-0.0148611664772033,30.83701705932617
Superpixel,1482,8.473732948303223,15.902518272399902,287,1,23,30,,7.42878532409668,False,0.9995242357254028,0.0934384316205978,0.9060857892036438,18.92714500427246
CAM,1482,3.9299612045288086,15.902518272399902,287,1,23,30,,11.972557067871094,True,0.9995242357254028,0.9885810017585754,0.0109432339668273,20.307741165161133
FAM,1482,2.760481834411621,15.902518272399902,287,1,23,30,,13.14203643798828,True,0.9995242357254028,0.9924762845039368,0.007047951221466,20.307741165161133
Random,1482,2.115015983581543,15.902518272399902,287,1,23,30,,13.78750228881836,True,0.9995242357254028,0.9979444146156312,0.0015798211097717,25.085479736328125
Superpixel,3788,5.182310104370117,14.044625282287598,288,1,20,30,,8.86231517791748,False,0.9920406937599182,0.1365176290273666,0.8555230498313904,21.762744903564453
CAM,3788,6.098691463470459,14.044625282287598,288,1,20,30,,7.945933818817139,False,0.9920406937599182,0.1261329054832458,0.8659077882766724,16.01252555847168
FAM,3788,6.971593856811523,14.044625282287598,288,1,20,30,,7.073031425476074,False,0.9920406937599182,0.0510585196316242,0.9409821629524232,22.02077865600586
Random,3788,-0.9856634140014648,14.044625282287598,288,1,20,30,,15.030288696289062,True,0.9920406937599182,0.9987682700157166,-0.0067275762557983,27.37455368041992
Superpixel,2910,5.732577800750732,11.880253791809082,289,1,21,30,,6.14767599105835,False,0.9754862189292908,0.1490353643894195,0.8264508247375488,20.584117889404297
CAM,2910,5.1996049880981445,11.880253791809082,289,1,21,30,,6.6806488037109375,False,0.9754862189292908,0.0334909074008464,0.9419953227043152,18.03156089782715
FAM,2910,1.7849140167236328,11.880253791809082,289,1,21,30,,10.09533977508545,True,0.9754862189292908,0.8384703993797302,0.1370158195495605,17.469051361083984
Random,2910,0.2106227874755859,11.880253791809082,289,1,21,30,,11.669631004333496,True,0.9754862189292908,0.9828234910964966,-0.0073372721672058,30.31138038635254
Superpixel,2506,7.06142520904541,14.989495277404783,290,1,21,30,,7.928070068359375,False,0.9977587461471558,0.1025267094373703,0.8952320218086243,18.99966049194336
CAM,2506,3.359384536743164,14.989495277404783,290,1,21,30,,11.63011074066162,True,0.9977587461471558,0.9264740347862244,0.0712847113609314,22.20942687988281
FAM,2506,7.467062950134277,14.989495277404783,290,1,21,30,,7.522432327270508,False,0.9977587461471558,0.2402091324329376,0.7575496435165405,26.54950523376465
Random,2506,0.6005563735961914,14.989495277404783,290,1,21,30,,14.388938903808594,True,0.9977587461471558,0.9969743490219116,0.0007843971252441,32.3111686706543
Superpixel,1095,7.223130226135254,17.239116668701172,291,1,23,30,,10.015986442565918,False,0.9998410940170288,0.3415825963020324,0.6582584977149963,20.034393310546875
CAM,1095,2.2400121688842773,17.239116668701172,291,1,23,30,,14.999104499816896,True,0.9998410940170288,0.9993718266487122,0.0004692673683166,19.609554290771484
FAM,1095,0.8382701873779297,17.239116668701172,291,1,23,30,,16.400846481323242,True,0.9998410940170288,0.999657154083252,0.0001839399337768,19.609554290771484
Random,1095,7.151448249816895,17.239116668701172,291,1,23,30,,10.087668418884276,True,0.9998410940170288,0.7417139410972595,0.2581271529197693,32.612945556640625
Superpixel,2496,-0.1121721267700195,12.583741188049316,292,1,22,30,,12.695913314819336,True,0.99040424823761,0.9915801882743835,-0.0011759400367736,13.225225448608398
CAM,2496,0.5508556365966797,12.583741188049316,292,1,22,30,,12.032885551452637,True,0.99040424823761,0.9872152805328368,0.0031889677047729,16.54323959350586
FAM,2496,5.015764236450195,12.583741188049316,292,1,22,30,,7.567976951599121,True,0.99040424823761,0.4001783728599548,0.590225875377655,19.7098388671875
Random,2496,1.0486125946044922,12.583741188049316,292,1,22,30,,11.535128593444824,True,0.99040424823761,0.9615736603736876,0.0288305878639221,31.161375045776367
Superpixel,4627,9.802705764770508,14.344529151916504,293,1,21,30,,4.541823387145996,False,0.9793640971183776,0.007521191611886,0.971842885017395,19.88032913208008
CAM,4627,7.623248100280762,14.344529151916504,293,1,21,30,,6.721281051635742,True,0.9793640971183776,0.2822193503379822,0.6971447467803955,22.453094482421875
FAM,4627,8.412311553955078,14.344529151916504,293,1,21,30,,5.932217597961426,False,0.9793640971183776,0.0180004518479108,0.961363673210144,22.453094482421875
Random,4627,3.131044387817383,14.344529151916504,293,1,21,30,,11.21348476409912,True,0.9793640971183776,0.9406863451004028,0.0386777520179748,28.764450073242188
Superpixel,5515,4.011620044708252,9.774456977844238,294,1,18,30,,5.762836933135986,False,0.8113483786582947,0.014393363147974,0.7969549894332886,16.54847526550293
CAM,5515,8.213197112083435,9.774456977844238,294,1,18,30,,1.5612598657608032,False,0.8113483786582947,0.0031538838520646,0.8081945180892944,19.121883392333984
FAM,5515,3.156435966491699,9.774456977844238,294,1,18,30,,6.618021011352539,True,0.8113483786582947,0.2211047410964965,0.5902436375617981,22.373085021972656
Random,5515,0.2638616561889648,9.774456977844238,294,1,18,30,,9.510595321655272,True,0.8113483786582947,0.7924631834030151,0.0188851952552795,30.52090644836425
Superpixel,3818,7.173171043395996,15.452606201171877,295,1,22,30,,8.279435157775879,False,0.999578297138214,0.0257197357714176,0.9738585352897644,18.38181495666504
CAM,3818,5.446022987365723,15.452606201171877,295,1,22,30,,10.006583213806152,True,0.999578297138214,0.736906886100769,0.262671411037445,14.823965072631836
FAM,3818,10.222978115081789,15.452606201171877,295,1,22,30,,5.229628086090088,False,0.999578297138214,0.016841135919094,0.9827371835708618,14.823965072631836
Random,3818,9.654387950897217,15.452606201171877,295,1,22,30,,5.798218250274658,True,0.999578297138214,0.2097749859094619,0.7898033261299133,31.64358329772949
Superpixel,2999,10.665457487106323,13.88781452178955,296,1,21,30,,3.2223570346832275,False,0.9912174940109252,0.0012397840619087,0.9899777173995972,20.1833553314209
CAM,2999,6.642230033874512,13.88781452178955,296,1,21,30,,7.245584487915039,False,0.9912174940109252,0.2205827385187149,0.7706347703933716,18.672483444213867
FAM,2999,3.973806381225586,13.88781452178955,296,1,21,30,,9.914008140563965,True,0.9912174940109252,0.8473261594772339,0.1438913345336914,25.444929122924805
Random,2999,3.867450714111328,13.88781452178955,296,1,21,30,,10.020363807678224,True,0.9912174940109252,0.8910994529724121,0.1001180410385131,27.21468734741211
Superpixel,1293,7.345382690429687,16.863059997558594,297,1,23,30,,9.517677307128906,True,0.9997772574424744,0.9125605821609496,0.0872166752815246,18.45573234558105
CAM,1293,-0.1571559906005859,16.863059997558594,297,1,23,30,,17.02021598815918,True,0.9997772574424744,0.999738872051239,3.838539123535156e-05,14.463923454284668
FAM,1293,2.696896553039551,16.863059997558594,297,1,23,30,,14.166163444519045,True,0.9997772574424744,0.9976123571395874,0.0021649003028869,14.463923454284668
Random,1293,0.9816656112670898,16.863059997558594,297,1,23,30,,15.881394386291504,True,0.9997772574424744,0.9995999932289124,0.000177264213562,28.462677001953125
Superpixel,4399,9.85366439819336,14.96630573272705,298,1,20,30,,5.112641334533691,False,0.9986881613731384,0.0136522008106112,0.9850359559059144,18.21173095703125
CAM,4399,4.711392402648926,14.96630573272705,298,1,20,30,,10.254913330078123,True,0.9986881613731384,0.8232358694076538,0.1754522919654846,21.17514419555664
FAM,4399,10.55406093597412,14.96630573272705,298,1,20,30,,4.41224479675293,False,0.9986881613731384,0.0123386327177286,0.9863495230674744,16.932575225830078
Random,4399,3.1250953674316406,14.96630573272705,298,1,20,30,,11.84121036529541,True,0.9986881613731384,0.978461742401123,0.0202264189720153,33.197105407714844
Superpixel,3700,1.4456634521484375,13.316693305969238,299,1,22,30,,11.8710298538208,True,0.9976420402526855,0.4817404448986053,0.5159015655517578,20.3842887878418
CAM,3700,2.06916618347168,13.316693305969238,299,1,22,30,,11.24752712249756,True,0.9976420402526855,0.9803304076194764,0.0173116326332092,21.67245483398437
FAM,3700,0.218667984008789,13.316693305969238,299,1,22,30,,13.09802532196045,True,0.9976420402526855,0.9952860474586488,0.0023559927940368,21.67245483398437
Random,3700,6.792852878570557,13.316693305969238,299,1,22,30,,6.523840427398682,True,0.9976420402526855,0.3494448959827423,0.6481971740722656,25.487642288208008
Superpixel,1041,1.3010263442993164,11.20712184906006,300,1,23,30,,9.906095504760742,False,0.7085956931114197,0.1826316714286804,0.5259640216827393,18.79014015197754
CAM,1041,9.94872534275055,11.20712184906006,300,1,23,30,,1.2583965063095093,False,0.7085956931114197,0.0012266194680705,0.7073690891265869,23.261260986328125
FAM,1041,7.827484369277954,11.20712184906006,300,1,23,30,,3.3796374797821045,False,0.7085956931114197,0.0021640341728925,0.7064316868782043,23.261260986328125
Random,1041,1.7965497970581057,11.20712184906006,300,1,23,30,,9.410572052001951,True,0.7085956931114197,0.5945140719413757,0.1140816211700439,27.37746238708496
Superpixel,1901,0.3726177215576172,15.920042991638184,301,1,23,30,,15.547425270080566,True,0.999710500240326,0.9997103810310364,1.1920928955078125e-07,17.595218658447266
CAM,1901,-0.3891515731811523,15.920042991638184,301,1,23,30,,16.309194564819336,True,0.999710500240326,0.9997965693473816,-8.606910705566406e-05,17.039880752563477
FAM,1901,2.04392147064209,15.920042991638184,301,1,23,30,,13.876121520996094,True,0.999710500240326,0.9907864928245544,0.0089240074157714,14.865041732788086
Random,1901,1.4237651824951172,15.920042991638184,301,1,23,30,,14.496277809143066,True,0.999710500240326,0.998817265033722,0.000893235206604,30.785987854003903
Superpixel,1898,0.7610864639282227,12.91293239593506,302,1,23,30,,12.151845932006836,True,0.9917305111885072,0.9837069511413574,0.0080235600471496,14.967083930969238
CAM,1898,2.499597549438477,12.91293239593506,302,1,23,30,,10.413334846496582,True,0.9917305111885072,0.9389346241950988,0.0527958869934082,17.034788131713867
FAM,1898,4.973190784454346,12.91293239593506,302,1,23,30,,7.939741611480713,True,0.9917305111885072,0.580045223236084,0.4116852879524231,20.198545455932617
Random,1898,1.709451675415039,12.91293239593506,302,1,23,30,,11.20348072052002,True,0.9917305111885072,0.9673718810081482,0.0243586301803588,27.627744674682617
Superpixel,2199,-0.2139062881469726,8.65047550201416,303,1,24,30,,8.864381790161133,True,0.6346471905708313,0.717271089553833,-0.0826238989830017,21.54567146301269
CAM,2199,7.711050271987915,8.65047550201416,303,1,24,30,,0.9394252300262452,False,0.6346471905708313,0.0003731408796738,0.6342740654945374,12.850038528442385
FAM,2199,8.449627697467804,8.65047550201416,303,1,24,30,,0.2008478045463562,False,0.6346471905708313,0.0001351959363091,0.6345120072364807,12.850038528442385
Random,2199,3.275097370147705,8.65047550201416,303,1,24,30,,5.375378131866455,False,0.6346471905708313,0.1402097642421722,0.494437426328659,29.46920394897461
Superpixel,2942,0.3757486343383789,7.639223575592041,304,1,25,30,,7.263474941253662,False,0.4440232515335083,0.2117286026477813,0.2322946488857269,24.97005844116211
CAM,2942,4.618113517761231,7.639223575592041,304,1,25,30,,3.0211100578308105,False,0.4440232515335083,0.0069321761839091,0.4370910823345184,18.904556274414062
FAM,2942,1.6877985000610352,7.639223575592041,304,1,25,30,,5.951425075531006,True,0.4440232515335083,0.1558564156293869,0.2881668210029602,18.904556274414062
Random,2942,5.852776885032654,7.639223575592041,304,1,25,30,,1.7864466905593872,False,0.4440232515335083,0.0006998316966928,0.4433234333992004,34.22035217285156
Superpixel,2294,0.8473777770996094,10.562777519226074,305,1,24,30,,9.715399742126465,True,0.9636769890785216,0.9131690263748168,0.0505079627037048,15.670379638671877
CAM,2294,4.25728178024292,10.562777519226074,305,1,24,30,,6.305495738983154,False,0.9636769890785216,0.2449937164783477,0.7186832427978516,14.88700008392334
FAM,2294,6.885535478591919,10.562777519226074,305,1,24,30,,3.6772420406341553,False,0.9636769890785216,0.0250748712569475,0.938602089881897,14.88700008392334
Random,2294,2.8558096885681152,10.562777519226074,305,1,24,30,,7.706967830657959,True,0.9636769890785216,0.6590438485145569,0.3046331405639648,26.888193130493164
Superpixel,2891,2.006196975708008,12.521405220031738,306,1,24,30,,10.51520824432373,True,0.9515111446380616,0.7760453820228577,0.1754657626152038,15.924132347106934
CAM,2891,3.877885818481445,12.521405220031738,306,1,24,30,,8.643519401550293,False,0.9515111446380616,0.2653530538082123,0.6861580610275269,21.142608642578125
FAM,2891,5.923945903778076,12.521405220031738,306,1,24,30,,6.597459316253662,False,0.9515111446380616,0.0138432029634714,0.937667965888977,21.142608642578125
Random,2891,8.897156953811646,12.521405220031738,306,1,24,30,,3.6242482662200928,False,0.9515111446380616,0.031022684648633,0.9204884767532348,31.495651245117188
Superpixel,2446,-0.5337367057800293,7.956989765167236,307,1,19,30,,8.490726470947266,True,0.4844917356967926,0.332784354686737,0.1517073810100555,12.368528366088867
CAM,2446,3.6690616607666016,7.956989765167236,307,1,19,30,,4.287928104400635,False,0.4844917356967926,0.0568602420389652,0.4276314973831177,21.00765037536621
FAM,2446,1.3777213096618652,7.956989765167236,307,1,19,30,,6.579268455505371,True,0.4844917356967926,0.3394729793071747,0.1450187563896179,22.18079948425293
Random,2446,3.3896594047546387,7.956989765167236,307,1,19,30,,4.567330360412598,False,0.4844917356967926,0.0443196296691894,0.4401721060276031,29.180477142333984
Superpixel,1726,5.732916355133057,7.983482360839844,308,1,22,30,,2.250566005706787,False,0.3493677675724029,0.0005557942786253,0.3488119840621948,20.580625534057617
CAM,1726,4.538934469223023,7.983482360839844,308,1,22,30,,3.4445478916168213,False,0.3493677675724029,0.007092538755387,0.3422752320766449,22.23545455932617
FAM,1726,5.649687051773071,7.983482360839844,308,1,22,30,,2.3337953090667725,False,0.3493677675724029,0.0059683267027139,0.3433994352817535,22.23545455932617
Random,1726,-0.1715154647827148,7.983482360839844,308,1,22,30,,8.154997825622559,True,0.3493677675724029,0.6140327453613281,-0.2646649777889251,27.9279842376709
Superpixel,2958,0.5815134048461914,13.487833976745604,309,1,23,30,,12.906320571899414,True,0.9975351095199584,0.9962887763977052,0.0012463331222534,14.583250999450684
CAM,2958,-0.0110244750976562,13.487833976745604,309,1,23,30,,13.498858451843262,True,0.9975351095199584,0.997554361820221,-1.925230026245117e-05,12.949540138244627
FAM,2958,3.3271780014038086,13.487833976745604,309,1,23,30,,10.160655975341797,True,0.9975351095199584,0.9234191179275512,0.0741159915924072,17.240455627441406
Random,2958,0.1325798034667968,13.487833976745604,309,1,23,30,,13.355254173278809,True,0.9975351095199584,0.9951446652412416,0.002390444278717,30.88424491882324
Superpixel,2164,-0.2887067794799804,11.885712623596191,310,1,25,30,,12.174419403076172,True,0.986206829547882,0.9876248836517334,-0.0014180541038513,19.1513614654541
CAM,2164,2.4517688751220703,11.885712623596191,310,1,25,30,,9.43394374847412,True,0.986206829547882,0.9037703275680542,0.0824365019798278,19.239234924316406
FAM,2164,2.4994850158691406,11.885712623596191,310,1,25,30,,9.38622760772705,True,0.986206829547882,0.8983678817749023,0.0878389477729797,14.649691581726074
Random,2164,2.449336051940918,11.885712623596191,310,1,25,30,,9.436376571655272,True,0.986206829547882,0.8866636753082275,0.0995431542396545,25.190616607666016
Superpixel,1880,8.516668200492859,9.580245018005373,311,1,25,30,,1.0635768175125122,False,0.3950234651565552,0.0011379671050235,0.3938854932785034,23.757244110107425
CAM,1880,9.215761244297028,9.580245018005373,311,1,25,30,,0.3644837737083435,False,0.3950234651565552,2.853799742297269e-05,0.3949949145317077,16.98147964477539
FAM,1880,7.634612202644348,9.580245018005373,311,1,25,30,,1.945632815361023,False,0.3950234651565552,1.735834484861698e-05,0.3950061202049255,16.98147964477539
Random,1880,8.795319259166718,9.580245018005373,311,1,25,30,,0.7849257588386536,False,0.3950234651565552,0.0013649488100782,0.3936585187911987,31.114273071289062
Superpixel,2114,0.4196996688842773,15.623077392578123,312,1,24,30,,15.203377723693848,True,0.9996106028556824,0.9995323419570924,7.826089859008789e-05,19.677465438842773
CAM,2114,1.1945247650146484,15.623077392578123,312,1,24,30,,14.428552627563477,True,0.9996106028556824,0.9991494417190552,0.0004611611366271,13.118559837341309
FAM,2114,2.821982383728028,15.623077392578123,312,1,24,30,,12.801095008850098,True,0.9996106028556824,0.9908995628356934,0.008711040019989,14.768073081970217
Random,2114,0.9429035186767578,15.623077392578123,312,1,24,30,,14.680173873901367,True,0.9996106028556824,0.9994934797286988,0.0001171231269836,26.09067726135254
Superpixel,3378,-4.238519668579102,10.70521068572998,313,1,23,30,,14.943730354309082,True,0.8372070789337158,0.9982981085777284,-0.1610910296440124,26.13905906677246
CAM,3378,0.54168701171875,10.70521068572998,313,1,23,30,,10.16352367401123,True,0.8372070789337158,0.956619381904602,-0.1194123029708862,22.69614028930664
FAM,3378,-1.1804866790771484,10.70521068572998,313,1,23,30,,11.885697364807127,True,0.8372070789337158,0.989224374294281,-0.1520172953605651,14.081954956054688
Random,3378,3.0879626274108887,10.70521068572998,313,1,23,30,,7.617248058319092,True,0.8372070789337158,0.6103901863098145,0.2268168926239013,24.63709831237793
Superpixel,2096,0.640080451965332,8.181416511535645,314,1,23,30,,7.541336059570312,True,0.5217648148536682,0.3559166491031647,0.1658481657505035,13.215124130249023
CAM,2096,2.740295886993408,8.181416511535645,314,1,23,30,,5.441120624542236,True,0.5217648148536682,0.1813355684280395,0.3404292464256286,17.554101943969727
FAM,2096,2.612008571624756,8.181416511535645,314,1,23,30,,5.569407939910889,False,0.5217648148536682,0.0690072625875473,0.4527575373649597,15.91233730316162
Random,2096,7.597940802574158,8.181416511535645,314,1,23,30,,0.5834757089614868,False,0.5217648148536682,0.0019426902290433,0.5198221206665039,26.05192947387696
Superpixel,3651,3.5277233123779297,16.103334426879883,315,1,20,30,,12.575611114501951,True,0.999372661113739,0.9641038775444032,0.0352687835693359,19.51909065246582
CAM,3651,6.293840408325195,16.103334426879883,315,1,20,30,,9.809494018554688,True,0.999372661113739,0.8242668509483337,0.1751058101654052,13.277429580688477
FAM,3651,6.648468971252441,16.103334426879883,315,1,20,30,,9.45486545562744,True,0.999372661113739,0.3868676126003265,0.6125050783157349,16.410274505615234
Random,3651,11.30904245376587,16.103334426879883,315,1,20,30,,4.794291973114014,False,0.999372661113739,0.0645546019077301,0.9348180294036864,28.85576057434082
Superpixel,5358,1.4668083190917969,11.279531478881836,316,1,20,30,,9.81272315979004,True,0.9440305233001708,0.9332721829414368,0.0107583403587341,19.26152992248535
CAM,5358,0.9714117050170898,11.279531478881836,316,1,20,30,,10.308119773864746,True,0.9440305233001708,0.5974063277244568,0.3466241955757141,14.454341888427734
FAM,5358,1.4697990417480469,11.279531478881836,316,1,20,30,,9.809732437133787,True,0.9440305233001708,0.94172865152359,0.0023018717765808,27.144454956054688
Random,5358,2.830799102783203,11.279531478881836,316,1,20,30,,8.448732376098633,False,0.9440305233001708,0.1823663264513015,0.7616642117500305,31.81014633178711
Superpixel,3538,4.94629430770874,12.5090913772583,317,1,22,30,,7.56279706954956,False,0.994666576385498,0.0423668585717678,0.95229971408844,18.600414276123047
CAM,3538,2.086088180541992,12.5090913772583,317,1,22,30,,10.423003196716309,True,0.994666576385498,0.9731675386428832,0.0214990377426147,13.128450393676758
FAM,3538,4.262245178222656,12.5090913772583,317,1,22,30,,8.246846199035645,True,0.994666576385498,0.5528390407562256,0.4418275356292724,14.921616554260254
Random,3538,0.6388282775878906,12.5090913772583,317,1,22,30,,11.87026309967041,True,0.994666576385498,0.9913355708122252,0.0033310055732727,26.439531326293945
Superpixel,1210,7.045595288276672,8.307381629943848,318,1,21,30,,1.2617863416671753,False,0.6840696334838867,0.0013513979502022,0.6827182173728943,18.45819664001465
CAM,1210,7.323383748531341,8.307381629943848,318,1,21,30,,0.983997881412506,False,0.6840696334838867,0.0053400686010718,0.6787295937538147,10.362491607666016
FAM,1210,5.914142847061157,8.307381629943848,318,1,21,30,,2.3932387828826904,False,0.6840696334838867,0.0024549735244363,0.6816146373748779,10.362491607666016
Random,1210,6.148932933807373,8.307381629943848,318,1,21,30,,2.1584486961364746,False,0.6840696334838867,0.0046065147034823,0.6794631481170654,30.449996948242188
Superpixel,4753,2.8036937713623047,16.697917938232422,319,1,19,30,,13.894224166870115,True,0.9992278814315796,0.991356611251831,0.0078712701797485,16.2648983001709
CAM,4753,4.856490135192871,16.697917938232422,319,1,19,30,,11.84142780303955,True,0.9992278814315796,0.83936607837677,0.1598618030548095,15.659594535827637
FAM,4753,8.98290729522705,16.697917938232422,319,1,19,30,,7.715010643005371,False,0.9992278814315796,0.05896907299757,0.940258800983429,12.780360221862791
Random,4753,9.244100570678713,16.697917938232422,319,1,19,30,,7.453817367553711,False,0.9992278814315796,0.2284338325262069,0.7707940340042114,30.583871841430664
Superpixel,3236,3.980344772338867,12.64309787750244,320,1,22,30,,8.662753105163574,True,0.990748941898346,0.6014703512191772,0.3892785906791687,16.929468154907227
CAM,3236,6.458674907684326,12.64309787750244,320,1,22,30,,6.184422969818115,True,0.990748941898346,0.3491502702236175,0.6415987014770508,14.382413864135742
FAM,3236,4.776883125305176,12.64309787750244,320,1,22,30,,7.866214752197266,True,0.990748941898346,0.6385437250137329,0.352205216884613,17.224668502807617
Random,3236,3.951225280761719,12.64309787750244,320,1,22,30,,8.691872596740723,True,0.990748941898346,0.8173808455467224,0.1733680963516235,31.88388061523437
Superpixel,5177,1.706801414489746,13.365646362304688,321,1,20,30,,11.65884494781494,True,0.9837915897369384,0.9352052807807922,0.0485863089561462,19.90124893188477
CAM,5177,7.716861248016357,13.365646362304688,321,1,20,30,,5.64878511428833,False,0.9837915897369384,0.1222311332821846,0.8615604639053345,15.639822959899902
FAM,5177,7.49463415145874,13.365646362304688,321,1,20,30,,5.871012210845947,False,0.9837915897369384,0.0613567605614662,0.9224348068237304,15.639822959899902
Random,5177,3.2851991653442383,13.365646362304688,321,1,20,30,,10.08044719696045,True,0.9837915897369384,0.6584908962249756,0.3253006935119629,25.64640235900879
Superpixel,1752,2.437184333801269,15.43865203857422,322,1,23,30,,13.00146770477295,True,0.9994953870773317,0.9935744404792786,0.0059209465980529,16.79193687438965
CAM,1752,2.91953182220459,15.43865203857422,322,1,23,30,,12.519120216369627,True,0.9994953870773317,0.991724729537964,0.0077706575393676,12.18703269958496
FAM,1752,5.455055236816406,15.43865203857422,322,1,23,30,,9.983596801757812,True,0.9994953870773317,0.9112172722816468,0.0882781147956848,12.18703269958496
Random,1752,4.189837455749512,15.43865203857422,322,1,23,30,,11.248814582824709,True,0.9994953870773317,0.9850886464118958,0.0144067406654357,30.465049743652344
Superpixel,3348,0.2763547897338867,12.263620376586914,323,1,21,30,,11.987265586853027,True,0.986372172832489,0.9789567589759828,0.0074154138565063,16.21848487854004
CAM,3348,2.066767692565918,12.263620376586914,323,1,21,30,,10.196852684020996,True,0.986372172832489,0.8755418658256531,0.1108303070068359,17.262819290161133
FAM,3348,1.941999435424805,12.263620376586914,323,1,21,30,,10.32162094116211,True,0.986372172832489,0.8427848219871521,0.1435873508453369,17.262819290161133
Random,3348,1.6437196731567385,12.263620376586914,323,1,21,30,,10.619900703430176,True,0.986372172832489,0.9731439352035522,0.0132282376289367,29.31487846374512
Superpixel,2194,0.3611688613891601,9.488368034362791,324,1,25,30,,9.127199172973633,True,0.8297483325004578,0.8088160157203674,0.0209323167800903,21.101715087890625
CAM,2194,2.486423969268799,9.488368034362791,324,1,25,30,,7.001944065093994,True,0.8297483325004578,0.3713580369949341,0.4583902955055237,24.20662879943848
FAM,2194,1.2188262939453125,9.488368034362791,324,1,25,30,,8.26954174041748,True,0.8297483325004578,0.3566740155220032,0.4730743169784546,24.20662879943848
Random,2194,3.5091891288757324,9.488368034362791,324,1,25,30,,5.9791789054870605,False,0.8297483325004578,0.179792121052742,0.649956226348877,35.047569274902344
Superpixel,2637,0.8805007934570312,13.348353385925291,325,1,20,30,,12.467852592468262,True,0.9981898665428162,0.9960071444511414,0.0021827220916748,15.933521270751951
CAM,2637,0.7315797805786133,13.348353385925291,325,1,20,30,,12.61677360534668,True,0.9981898665428162,0.9929521679878236,0.0052376985549926,7.102665424346924
FAM,2637,1.634124755859375,13.348353385925291,325,1,20,30,,11.714228630065918,True,0.9981898665428162,0.9787282943725586,0.0194615721702575,9.244072914123535
Random,2637,3.2889480590820312,13.348353385925291,325,1,20,30,,10.059405326843262,True,0.9981898665428162,0.943389058113098,0.054800808429718,26.81123352050781
Superpixel,1833,-0.3778409957885742,10.921833038330078,326,1,25,30,,11.299674034118652,True,0.9682162404060364,0.9780117273330688,-0.0097954869270324,22.01621437072754
CAM,1833,0.7157907485961914,10.921833038330078,326,1,25,30,,10.206042289733888,True,0.9682162404060364,0.9346185326576232,0.033597707748413,21.002504348754883
FAM,1833,-0.6200351715087891,10.921833038330078,326,1,25,30,,11.541868209838867,True,0.9682162404060364,0.9862838983535768,-0.0180676579475402,29.32610893249512
Random,1833,-0.4208908081054687,10.921833038330078,326,1,25,30,,11.342723846435549,True,0.9682162404060364,0.9756799936294556,-0.0074637532234191,26.070465087890625
Superpixel,2179,2.8894529342651367,15.813647270202637,327,1,21,30,,12.9241943359375,True,0.9997894167900084,0.996328055858612,0.0034613609313964,16.459936141967773
CAM,2179,3.7306528091430655,15.813647270202637,327,1,21,30,,12.08299446105957,True,0.9997894167900084,0.9930009841918944,0.006788432598114,12.251745223999023
FAM,2179,2.2828330993652344,15.813647270202637,327,1,21,30,,13.530814170837402,True,0.9997894167900084,0.9979954957962036,0.0017939209938049,19.154033660888672
Random,2179,4.188061714172363,15.813647270202637,327,1,21,30,,11.625585556030272,True,0.9997894167900084,0.9900880455970764,0.0097013711929321,27.649578094482425
Superpixel,2561,0.2276735305786132,10.02759075164795,328,1,23,30,,9.799917221069336,True,0.7237470746040344,0.6411266922950745,0.0826203823089599,17.63111114501953
CAM,2561,2.841125011444092,10.02759075164795,328,1,23,30,,7.186465740203857,False,0.7237470746040344,0.0897055491805076,0.6340415477752686,14.905348777770996
FAM,2561,1.9410133361816408,10.02759075164795,328,1,23,30,,8.086577415466309,True,0.7237470746040344,0.5689800977706909,0.1547669768333435,18.52973175048828
Random,2561,5.483785152435303,10.02759075164795,328,1,23,30,,4.543805599212647,False,0.7237470746040344,0.0778483226895332,0.6458987593650818,31.41645240783692
Superpixel,1122,4.6507062911987305,14.073040008544922,329,1,21,30,,9.422333717346191,True,0.9909105896949768,0.7584112882614136,0.2324993014335632,16.9064884185791
CAM,1122,1.829336166381836,14.073040008544922,329,1,21,30,,12.243703842163086,True,0.9909105896949768,0.9520745277404784,0.0388360619544982,11.321736335754396
FAM,1122,2.336851119995117,14.073040008544922,329,1,21,30,,11.736188888549805,True,0.9909105896949768,0.977065086364746,0.0138455033302307,11.321736335754396
Random,1122,1.2974729537963867,14.073040008544922,329,1,21,30,,12.775567054748535,True,0.9909105896949768,0.980366051197052,0.0105445384979248,29.19008445739746
Superpixel,2115,-0.1900234222412109,12.550060272216797,330,1,25,30,,12.740083694458008,True,0.8716648817062378,0.932503342628479,-0.0608384609222412,15.132309913635254
CAM,2115,0.928668975830078,12.550060272216797,330,1,25,30,,11.62139129638672,True,0.8716648817062378,0.8923065066337585,-0.0206416249275207,22.41175842285156
FAM,2115,1.655991554260254,12.550060272216797,330,1,25,30,,10.894068717956545,True,0.8716648817062378,0.7509603500366211,0.1207045316696167,22.41175842285156
Random,2115,2.6210594177246094,12.550060272216797,330,1,25,30,,9.929000854492188,True,0.8716648817062378,0.7484471201896667,0.123217761516571,28.69143486022949
Superpixel,1951,5.200883865356445,13.943770408630373,331,1,23,30,,8.742886543273926,True,0.9908558130264282,0.4246984422206878,0.566157341003418,17.35622787475586
CAM,1951,1.7733259201049805,13.943770408630373,331,1,23,30,,12.17044448852539,True,0.9908558130264282,0.962696611881256,0.0281592011451721,16.67360496520996
FAM,1951,2.679520606994629,13.943770408630373,331,1,23,30,,11.264249801635742,True,0.9908558130264282,0.9731340408325196,0.0177217721939086,16.67360496520996
Random,1951,3.85471248626709,13.943770408630373,331,1,23,30,,10.08905792236328,True,0.9908558130264282,0.9594024419784546,0.0314533710479736,30.49789428710937
Superpixel,1745,9.95354175567627,13.27929973602295,332,1,21,30,,3.32575798034668,False,0.8332386612892151,0.000735898327548,0.8325027823448181,17.64865493774414
CAM,1745,5.1411848068237305,13.27929973602295,332,1,21,30,,8.138114929199219,False,0.8332386612892151,0.2796154320240021,0.5536231994628906,21.229310989379883
FAM,1745,2.8191919326782227,13.27929973602295,332,1,21,30,,10.460107803344728,True,0.8332386612892151,0.69069904088974,0.1425396203994751,21.229310989379883
Random,1745,-0.5561285018920898,13.27929973602295,332,1,21,30,,13.83542823791504,True,0.8332386612892151,0.9713732004165648,-0.1381345391273498,36.01226043701172
Superpixel,1629,-0.0450153350830078,15.010395050048828,333,1,24,30,,15.055410385131836,True,0.9932303428649902,0.9948875308036804,-0.0016571879386901,13.751546859741213
CAM,1629,9.812862396240234,15.010395050048828,333,1,24,30,,5.197532653808594,True,0.9932303428649902,0.1924038529396057,0.8008264899253845,15.826677322387695
FAM,1629,6.775343894958496,15.010395050048828,333,1,24,30,,8.235051155090332,True,0.9932303428649902,0.6444991827011108,0.3487311601638794,24.636550903320312
Random,1629,8.390437602996826,15.010395050048828,333,1,24,30,,6.619957447052002,True,0.9932303428649902,0.431621640920639,0.5616086721420288,28.255205154418945
Superpixel,1152,6.064593315124512,12.984274864196776,334,1,21,30,,6.919681549072266,False,0.5531551837921143,0.0789432376623153,0.4742119312286377,16.258283615112305
CAM,1152,5.570834159851074,12.984274864196776,334,1,21,30,,7.413440704345703,False,0.5531551837921143,0.0881172940135002,0.4650378823280334,20.527908325195312
FAM,1152,4.910617828369141,12.984274864196776,334,1,21,30,,8.073657035827637,False,0.5531551837921143,0.0440330877900123,0.5091220736503601,19.427818298339844
Random,1152,2.659287452697754,12.984274864196776,334,1,21,30,,10.324987411499023,False,0.5531551837921143,0.2166373431682586,0.3365178406238556,30.70005226135254
Superpixel,1065,9.43780779838562,10.79786777496338,335,1,24,30,,1.3600599765777588,False,0.5151040554046631,0.0016858997987583,0.5134181380271912,14.327103614807127
CAM,1065,8.416005373001099,10.79786777496338,335,1,24,30,,2.3818624019622803,False,0.5151040554046631,0.0087811788544058,0.5063228607177734,16.563596725463867
FAM,1065,7.88136887550354,10.79786777496338,335,1,24,30,,2.916498899459839,False,0.5151040554046631,0.0102514792233705,0.5048525929450989,16.563596725463867
Random,1065,2.7558746337890625,10.79786777496338,335,1,24,30,,8.041993141174316,True,0.5151040554046631,0.3268163800239563,0.1882876753807068,31.59337043762207
Superpixel,2941,10.04093599319458,13.823429107666016,336,1,22,30,,3.782493114471436,False,0.9428622722625732,0.0040620062500238,0.9388002753257751,17.234189987182617
CAM,2941,4.3132171630859375,13.823429107666016,336,1,22,30,,9.510211944580078,True,0.9428622722625732,0.8353297710418701,0.1075325012207031,19.502914428710938
FAM,2941,6.675849914550781,13.823429107666016,336,1,22,30,,7.147579193115234,True,0.9428622722625732,0.3937027156352997,0.5491595268249512,24.437759399414062
Random,2941,-1.012491226196289,13.823429107666016,336,1,22,30,,14.835920333862305,True,0.9428622722625732,0.9711045622825624,-0.028242290019989,27.72336769104004
Superpixel,1215,5.496851921081543,13.756704330444336,337,1,20,30,,8.259852409362793,True,0.8436246514320374,0.4070033729076385,0.4366212785243988,16.574743270874023
CAM,1215,3.678522109985352,13.756704330444336,337,1,20,30,,10.078182220458984,True,0.8436246514320374,0.8531842231750488,-0.0095595717430114,19.305540084838867
FAM,1215,3.875028610229492,13.756704330444336,337,1,20,30,,9.881675720214844,True,0.8436246514320374,0.8422476649284363,0.001376986503601,15.246885299682615
Random,1215,-0.5452194213867188,13.756704330444336,337,1,20,30,,14.301923751831056,True,0.8436246514320374,0.9004908204078674,-0.05686616897583,39.05024337768555
Superpixel,2345,12.669797658920288,15.13203239440918,338,1,23,30,,2.462234735488892,False,0.9911401867866516,0.0008139103883877,0.9903262853622437,16.357059478759766
CAM,2345,5.347891807556152,15.13203239440918,338,1,23,30,,9.784140586853027,True,0.9911401867866516,0.6566014289855957,0.3345387578010559,15.929450988769531
FAM,2345,8.32965898513794,15.13203239440918,338,1,23,30,,6.80237340927124,False,0.9911401867866516,0.2332613915205001,0.7578787803649902,21.912940979003903
Random,2345,-0.020822525024414,15.13203239440918,338,1,23,30,,15.152854919433594,True,0.9911401867866516,0.9871280193328856,0.0040121674537658,29.600435256958008
Superpixel,1655,8.860227584838867,11.01680850982666,339,1,24,30,,2.156580924987793,False,0.9597367644309998,0.0008124305168166,0.9589243531227112,15.067736625671388
CAM,1655,2.2637147903442383,11.01680850982666,339,1,24,30,,8.753093719482422,True,0.9597367644309998,0.8604757189750671,0.0992610454559326,15.831727981567385
FAM,1655,-1.1063432693481443,11.01680850982666,339,1,24,30,,12.123151779174805,True,0.9597367644309998,0.9715084433555604,-0.0117716789245605,21.00826644897461
Random,1655,3.9893641471862793,11.01680850982666,339,1,24,30,,7.027444362640381,False,0.9597367644309998,0.2220423519611358,0.7376943826675415,28.21460151672364
Superpixel,1396,12.369928121566772,15.919769287109377,340,1,22,30,,3.5498411655426025,False,0.9899024963378906,0.0068383133038878,0.9830641746520996,14.324296951293944
CAM,1396,9.171018600463867,15.919769287109377,340,1,22,30,,6.748750686645508,False,0.9899024963378906,0.0881223902106285,0.901780128479004,15.086612701416016
FAM,1396,10.116599082946776,15.919769287109377,340,1,22,30,,5.803170204162598,False,0.9899024963378906,0.0586784444749355,0.9312240481376648,15.086612701416016
Random,1396,-0.4566841125488281,15.919769287109377,340,1,22,30,,16.376453399658203,True,0.9899024963378906,0.9937865734100342,-0.0038840770721435,36.4378547668457
Superpixel,1361,1.3529624938964844,16.254274368286133,341,1,20,30,,14.901311874389648,True,0.9976442456245422,0.9974337220191956,0.0002105236053466,16.958541870117188
CAM,1361,5.928897857666016,16.254274368286133,341,1,20,30,,10.325376510620115,True,0.9976442456245422,0.8563956022262573,0.1412486433982849,15.252681732177734
FAM,1361,1.920858383178711,16.254274368286133,341,1,20,30,,14.333415985107422,True,0.9976442456245422,0.992289125919342,0.0053551197052001,11.674763679504396
Random,1361,0.6143455505371094,16.254274368286133,341,1,20,30,,15.639928817749023,True,0.9976442456245422,0.998110294342041,-0.0004660487174987,30.266084671020508
Superpixel,1785,10.117552757263184,14.408669471740724,342,1,23,30,,4.291116714477539,False,0.98892080783844,0.0195921491831541,0.9693286418914796,18.27762794494629
CAM,1785,3.021313667297364,14.408669471740724,342,1,23,30,,11.38735580444336,True,0.98892080783844,0.8854707479476929,0.103450059890747,23.47715759277344
FAM,1785,4.190676689147949,14.408669471740724,342,1,23,30,,10.217992782592772,True,0.98892080783844,0.6676017045974731,0.3213191032409668,23.47715759277344
Random,1785,-0.2665700912475586,14.408669471740724,342,1,23,30,,14.67523956298828,True,0.98892080783844,0.9879846572875975,0.0009361505508422,28.32318878173828
Superpixel,1523,6.646792411804199,12.208805084228516,343,1,21,30,,5.562012672424316,False,0.9733415842056274,0.0327550359070301,0.9405865669250488,16.915206909179688
CAM,1523,0.2217464447021484,12.208805084228516,343,1,21,30,,11.987058639526367,True,0.9733415842056274,0.9849194288253784,-0.0115778446197509,14.694311141967772
FAM,1523,0.2846794128417969,12.208805084228516,343,1,21,30,,11.92412567138672,True,0.9733415842056274,0.981845498085022,-0.0085039138793945,15.904464721679688
Random,1523,2.069165229797364,12.208805084228516,343,1,21,30,,10.139639854431152,True,0.9733415842056274,0.844531238079071,0.1288103461265564,31.62551498413086
Superpixel,1765,10.439671993255615,13.76335906982422,344,1,24,30,,3.3236870765686035,False,0.9720318913459778,0.0006142064812593,0.9714176654815674,17.199464797973633
CAM,1765,1.438314437866211,13.76335906982422,344,1,24,30,,12.325044631958008,True,0.9720318913459778,0.9630601406097412,0.0089717507362365,21.375974655151367
FAM,1765,0.1325016021728515,13.76335906982422,344,1,24,30,,13.630857467651367,True,0.9720318913459778,0.971885621547699,0.0001462697982788,17.61619758605957
Random,1765,0.0951175689697265,13.76335906982422,344,1,24,30,,13.668241500854492,True,0.9720318913459778,0.9739205837249756,-0.0018886923789978,31.168981552124023
Superpixel,1735,9.826093912124634,13.20321273803711,345,1,20,30,,3.377118825912476,False,0.9741098284721376,0.0075302277691662,0.9665796160697936,14.422773361206056
CAM,1735,3.0082740783691406,13.20321273803711,345,1,20,30,,10.194938659667969,True,0.9741098284721376,0.8551313877105713,0.1189784407615661,19.76342010498047
FAM,1735,5.678830623626709,13.20321273803711,345,1,20,30,,7.5243821144104,True,0.9741098284721376,0.4935382902622223,0.4805715382099151,19.76342010498047
Random,1735,-0.3325557708740234,13.20321273803711,345,1,20,30,,13.535768508911133,True,0.9741098284721376,0.9671601057052612,0.0069497227668762,33.64397430419922
Superpixel,1148,2.47134780883789,16.150007247924805,346,1,24,30,,13.678659439086914,True,0.9971702694892884,0.990382730960846,0.0067875385284423,14.065043449401855
CAM,1148,10.035075664520264,16.150007247924805,346,1,24,30,,6.114931583404541,False,0.9971702694892884,0.15127794444561,0.8458923101425171,20.28917121887207
FAM,1148,11.7505464553833,16.150007247924805,346,1,24,30,,4.399460792541504,False,0.9971702694892884,0.0472770519554615,0.9498932361602784,26.317323684692383
Random,1148,4.894364356994629,16.150007247924805,346,1,24,30,,11.255642890930176,True,0.9971702694892884,0.9117624163627625,0.0854078531265258,29.88850212097168
Superpixel,2590,10.549217343330383,12.391377449035645,347,1,21,30,,1.8421601057052608,False,0.9554347395896912,0.0018989029340445,0.9535358548164368,14.321420669555664
CAM,2590,5.253599643707275,12.391377449035645,347,1,21,30,,7.137777805328369,False,0.9554347395896912,0.1005543172359466,0.8548804521560669,17.172054290771484
FAM,2590,7.8964762687683105,12.391377449035645,347,1,21,30,,4.494901180267334,False,0.9554347395896912,0.0200633313506841,0.9353713989257812,13.055026054382324
Random,2590,0.5216703414916992,12.391377449035645,347,1,21,30,,11.869707107543944,True,0.9554347395896912,0.9529880881309508,0.0024466514587402,28.06633949279785
Superpixel,2846,0.0391998291015625,10.273602485656738,348,1,18,30,,10.234402656555176,True,0.4234167039394378,0.4071723818778991,0.0162443220615386,16.789472579956055
CAM,2846,8.171954154968262,10.273602485656738,348,1,18,30,,2.101648330688477,False,0.4234167039394378,0.0085072871297597,0.4149094223976135,15.520940780639648
FAM,2846,8.531385898590088,10.273602485656738,348,1,18,30,,1.7422165870666504,False,0.4234167039394378,0.0039982078596949,0.4194184839725494,15.520940780639648
Random,2846,3.0910425186157227,10.273602485656738,348,1,18,30,,7.182559967041016,False,0.4234167039394378,0.1418940126895904,0.2815226912498474,26.709943771362305
Superpixel,1345,5.978436470031738,10.695701599121094,349,1,17,30,,4.717265129089356,False,0.4734380841255188,0.0832584723830223,0.3901796042919159,17.857601165771484
CAM,1345,5.919167995452881,10.695701599121094,349,1,17,30,,4.776533603668213,False,0.4734380841255188,0.0700019299983978,0.4034361541271209,17.893245697021484
FAM,1345,6.2162065505981445,10.695701599121094,349,1,17,30,,4.479495048522949,False,0.4734380841255188,0.0656412243843078,0.4077968597412109,21.22072982788086
Random,1345,6.594941139221191,10.695701599121094,349,1,17,30,,4.100760459899902,False,0.4734380841255188,0.0567146316170692,0.4167234599590301,27.470870971679688
Superpixel,6241,6.35589075088501,13.8681640625,350,1,21,30,,7.51227331161499,False,0.9956564903259276,0.1573622971773147,0.8382942080497742,17.402360916137695
CAM,6241,6.119243144989014,13.8681640625,350,1,21,30,,7.748920917510986,True,0.9956564903259276,0.427202045917511,0.5684544444084167,19.62095642089844
FAM,6241,5.721923828125,13.8681640625,350,1,21,30,,8.146240234375,True,0.9956564903259276,0.5289623141288757,0.466694176197052,26.081069946289062
Random,6241,3.0266313552856445,13.8681640625,350,1,21,30,,10.841532707214355,True,0.9956564903259276,0.9674255847930908,0.0282309055328369,28.66077041625977
Superpixel,1699,3.9513368606567374,11.2779541015625,351,1,23,30,,7.326617240905762,False,0.8433395028114319,0.1509105265140533,0.6924289464950562,16.75632667541504
CAM,1699,-0.5765600204467773,11.2779541015625,351,1,23,30,,11.854514122009276,True,0.8433395028114319,0.9478030800819396,-0.1044635772705078,21.46643829345703
FAM,1699,0.1687126159667968,11.2779541015625,351,1,23,30,,11.109241485595703,True,0.8433395028114319,0.9273051023483276,-0.0839655995368957,21.46643829345703
Random,1699,5.077149391174316,11.2779541015625,351,1,23,30,,6.200804710388184,True,0.8433395028114319,0.3527949154376983,0.4905445873737335,28.68633270263672
Superpixel,4808,4.386085033416748,8.580537796020508,352,1,17,30,,4.19445276260376,False,0.4486052691936493,0.0328953638672828,0.415709912776947,19.0157470703125
CAM,4808,3.707526206970215,8.580537796020508,352,1,17,30,,4.873011589050293,False,0.4486052691936493,0.0302814655005931,0.418323814868927,19.296520233154297
FAM,4808,3.887989044189453,8.580537796020508,352,1,17,30,,4.692548751831055,False,0.4486052691936493,0.0376765094697475,0.4109287559986114,27.008060455322266
Random,4808,1.8060808181762693,8.580537796020508,352,1,17,30,,6.774456977844238,False,0.4486052691936493,0.1948815733194351,0.253723680973053,29.9390926361084
Superpixel,1448,10.464836239814758,11.65229606628418,353,1,23,30,,1.1874598264694214,False,0.7952733039855957,0.0003725836286321,0.7949007153511047,17.00447654724121
CAM,1448,9.149482250213625,11.65229606628418,353,1,23,30,,2.5028138160705566,False,0.7952733039855957,0.0016512392321601,0.7936220765113831,20.50227165222168
FAM,1448,5.05979585647583,11.65229606628418,353,1,23,30,,6.59250020980835,False,0.7952733039855957,0.0424653105437755,0.7528079748153687,20.50227165222168
Random,1448,3.0772953033447266,11.65229606628418,353,1,23,30,,8.575000762939453,False,0.7952733039855957,0.3496147692203522,0.4456585347652435,33.606651306152344
Superpixel,2351,6.207075119018555,12.064424514770508,354,1,23,30,,5.857349395751953,True,0.9630587697029114,0.1816249787807464,0.7814338207244873,17.25807762145996
CAM,2351,4.294968605041504,12.064424514770508,354,1,23,30,,7.769455909729004,True,0.9630587697029114,0.6393609642982483,0.3236978054046631,16.232627868652344
FAM,2351,1.7906761169433594,12.064424514770508,354,1,23,30,,10.273748397827148,True,0.9630587697029114,0.861893355846405,0.1011654138565063,24.23611831665039
Random,2351,5.908320426940918,12.064424514770508,354,1,23,30,,6.15610408782959,True,0.9630587697029114,0.320302665233612,0.6427561044692993,35.65501022338867
Superpixel,4045,5.6560564041137695,12.731801986694336,355,1,20,30,,7.075745582580566,True,0.992343246936798,0.207214206457138,0.7851290702819824,18.467262268066406
CAM,4045,8.120925426483154,12.731801986694336,355,1,20,30,,4.610876560211182,False,0.992343246936798,0.0783597081899643,0.9139835238456726,22.71742248535156
FAM,4045,7.998991012573242,12.731801986694336,355,1,20,30,,4.732810974121094,False,0.992343246936798,0.0853496789932251,0.906993567943573,22.71742248535156
Random,4045,5.900758743286133,12.731801986694336,355,1,20,30,,6.831043243408203,True,0.992343246936798,0.4736009240150451,0.5187423229217529,29.74494171142578
Superpixel,2202,9.39092755317688,12.03252410888672,356,1,22,30,,2.641596555709839,False,0.4588519334793091,0.0031394076067954,0.4557125270366668,16.503957748413086
CAM,2202,5.390075206756592,12.03252410888672,356,1,22,30,,6.642448902130127,True,0.4588519334793091,0.3992359340190887,0.0596159994602203,17.998655319213867
FAM,2202,-2.61933708190918,12.03252410888672,356,1,22,30,,14.651861190795898,True,0.4588519334793091,0.9170790910720824,-0.4582271575927734,18.302875518798828
Random,2202,5.69166374206543,12.03252410888672,356,1,22,30,,6.340860366821289,True,0.4588519334793091,0.3762799799442291,0.0825719535350799,34.91449737548828
Superpixel,2173,3.079111099243164,11.188125610351562,357,1,22,30,,8.109014511108398,True,0.946277678012848,0.3549934029579162,0.5912842750549316,13.141683578491213
CAM,2173,5.763583660125732,11.188125610351562,357,1,22,30,,5.42454195022583,True,0.946277678012848,0.1516024768352508,0.7946752309799194,20.809783935546875
FAM,2173,6.14757251739502,11.188125610351562,357,1,22,30,,5.040553092956543,False,0.946277678012848,0.111824057996273,0.8344536423683167,29.173015594482425
Random,2173,0.5555095672607422,11.188125610351562,357,1,22,30,,10.63261604309082,True,0.946277678012848,0.9336401224136353,0.0126375555992126,31.340574264526367
Superpixel,1356,2.6758718490600586,15.25149154663086,358,1,21,30,,12.5756196975708,True,0.997307538986206,0.9841996431350708,0.0131078958511352,14.150025367736816
CAM,1356,0.8688125610351562,15.25149154663086,358,1,21,30,,14.382678985595703,True,0.997307538986206,0.9934148788452148,0.0038926601409912,19.45136070251465
FAM,1356,1.1397676467895508,15.25149154663086,358,1,21,30,,14.111723899841309,True,0.997307538986206,0.9854969382286072,0.0118106007575988,17.62257194519043
Random,1356,3.091157913208008,15.25149154663086,358,1,21,30,,12.160333633422852,True,0.997307538986206,0.929442822933197,0.067864716053009,34.19548416137695
Superpixel,2729,5.047247409820557,12.692386627197266,359,1,23,30,,7.645139217376709,True,0.963893473148346,0.5281044840812683,0.4357889890670776,16.476181030273438
CAM,2729,9.382089853286743,12.692386627197266,359,1,23,30,,3.3102967739105225,False,0.963893473148346,0.0127021232619881,0.9511913657188416,23.72877693176269
FAM,2729,5.665165424346924,12.692386627197266,359,1,23,30,,7.027221202850342,False,0.963893473148346,0.1833603978157043,0.7805330753326416,21.166223526000977
Random,2729,0.9836540222167968,12.692386627197266,359,1,23,30,,11.708732604980469,True,0.963893473148346,0.9622618556022644,0.0016316175460815,32.91408157348633
Superpixel,2236,1.2266440391540527,9.10841178894043,360,1,25,30,,7.881767749786377,True,0.9170040488243104,0.7309048175811768,0.1860992312431335,15.907793045043944
CAM,2236,4.690836429595947,9.10841178894043,360,1,25,30,,4.417575359344482,False,0.9170040488243104,0.0681842416524887,0.8488197922706604,24.32994842529297
FAM,2236,3.4386425018310547,9.10841178894043,360,1,25,30,,5.669769287109375,True,0.9170040488243104,0.2336001396179199,0.6834039092063904,17.921327590942383
Random,2236,1.725285530090332,9.10841178894043,360,1,25,30,,7.383126258850098,True,0.9170040488243104,0.5413325428962708,0.3756715059280395,31.5247859954834
Superpixel,2472,2.581503868103028,9.318045616149902,361,1,21,30,,6.736541748046875,True,0.9518738389015198,0.242856353521347,0.7090175151824951,17.7142391204834
CAM,2472,5.799964666366577,9.318045616149902,361,1,21,30,,3.518080949783325,False,0.9518738389015198,0.0071665742434561,0.9447072744369508,20.495201110839844
FAM,2472,-1.1053333282470703,9.318045616149902,361,1,21,30,,10.423378944396973,True,0.9518738389015198,0.9565204977989196,-0.0046466588973999,21.914913177490234
Random,2472,-0.4572162628173828,9.318045616149902,361,1,21,30,,9.775261878967283,True,0.9518738389015198,0.96722811460495,-0.0153542757034301,27.33430862426757
Superpixel,2359,6.123760938644409,8.096786499023438,362,1,23,30,,1.9730255603790283,False,0.6895783543586731,0.0034369640052318,0.6861413717269897,17.88922119140625
CAM,2359,2.773181438446045,8.096786499023438,362,1,23,30,,5.323605060577393,False,0.6895783543586731,0.0431784316897392,0.6463999152183533,21.823484420776367
FAM,2359,3.1421661376953125,8.096786499023438,362,1,23,30,,4.954620361328125,False,0.6895783543586731,0.1225448250770568,0.5670335292816162,21.823484420776367
Random,2359,0.1784224510192871,8.096786499023438,362,1,23,30,,7.91836404800415,True,0.6895783543586731,0.6994314789772034,-0.0098531246185302,30.927623748779297
Superpixel,1674,15.94233113527298,15.25532341003418,363,1,24,30,,-0.6870077252388,False,0.9986586570739746,4.4001506466884166e-05,0.9986146688461304,18.88315391540528
CAM,1674,15.63965940475464,15.25532341003418,363,1,24,30,,-0.384335994720459,False,0.9986586570739746,0.0001927752600749,0.998465895652771,20.30806350708008
FAM,1674,13.79938519001007,15.25532341003418,363,1,24,30,,1.4559382200241089,False,0.9986586570739746,0.0019321321742609,0.9967265129089355,22.84878158569336
Random,1674,1.2264480590820312,15.25532341003418,363,1,24,30,,14.028875350952148,True,0.9986586570739746,0.9930464625358582,0.0056121945381164,26.51248550415039
Superpixel,1270,9.162867069244385,13.018765449523926,364,1,24,30,,3.855898380279541,False,0.8122561573982239,0.0013819482410326,0.8108742237091064,19.210668563842773
CAM,1270,9.366913080215454,13.018765449523926,364,1,24,30,,3.651852369308472,False,0.8122561573982239,0.010099871084094,0.8021562695503235,16.60445213317871
FAM,1270,0.5566415786743164,13.018765449523926,364,1,24,30,,12.46212387084961,True,0.8122561573982239,0.8716725707054138,-0.0594164133071899,16.60445213317871
Random,1270,0.5591917037963867,13.018765449523926,364,1,24,30,,12.45957374572754,True,0.8122561573982239,0.735028088092804,0.0772280693054199,27.28938865661621
Superpixel,2838,1.10430908203125,10.416288375854492,365,1,24,30,,9.311979293823242,True,0.9633886218070984,0.9097083210945128,0.0536803007125854,12.250576972961426
CAM,2838,10.976949036121368,10.416288375854492,365,1,24,30,,-0.5606606602668762,False,0.9633886218070984,0.0002665878273546,0.963122010231018,12.836116790771484
FAM,2838,8.026507139205933,10.416288375854492,365,1,24,30,,2.38978123664856,False,0.9633886218070984,0.0094190230593085,0.9539695978164672,16.192886352539062
Random,2838,6.508637189865112,10.416288375854492,365,1,24,30,,3.90765118598938,False,0.9633886218070984,0.0485907085239887,0.9147979021072388,26.54944610595703
Superpixel,2899,8.411177277565002,10.232054710388184,366,1,23,30,,1.8208774328231807,False,0.8280770182609558,0.0003358185349497,0.8277412056922913,18.96466827392578
CAM,2899,8.491222977638245,10.232054710388184,366,1,23,30,,1.740831732749939,False,0.8280770182609558,0.0022739439737051,0.8258031010627747,18.8082218170166
FAM,2899,8.218466997146606,10.232054710388184,366,1,23,30,,2.013587713241577,False,0.8280770182609558,0.002455894369632,0.8256211280822754,18.8082218170166
Random,2899,-3.2759580612182617,10.232054710388184,366,1,23,30,,13.508012771606444,True,0.8280770182609558,0.9879294633865356,-0.1598524451255798,33.45112991333008
Superpixel,4384,7.872928619384766,13.314410209655762,367,1,20,30,,5.441481590270996,True,0.9775955677032472,0.1494856476783752,0.8281099200248718,17.122636795043945
CAM,4384,11.06984519958496,13.314410209655762,367,1,20,30,,2.244565010070801,False,0.9775955677032472,0.0057852054014801,0.9718103408813475,19.78041648864746
FAM,4384,1.6033830642700195,13.314410209655762,367,1,20,30,,11.711027145385742,True,0.9775955677032472,0.9240847826004028,0.0535107851028442,21.48932647705078
Random,4384,9.023298263549805,13.314410209655762,367,1,20,30,,4.291111946105957,False,0.9775955677032472,0.0383789539337158,0.9392166137695312,28.531530380249023
Superpixel,1754,11.519216865301132,11.276439666748049,368,1,21,30,,-0.2427771985530853,False,0.4338518977165222,5.355563189368695e-05,0.4337983429431915,15.561636924743652
CAM,1754,9.849440217018127,11.276439666748049,368,1,21,30,,1.4269994497299194,False,0.4338518977165222,0.0006355051300488,0.433216392993927,19.04550552368164
FAM,1754,10.006777882575989,11.276439666748049,368,1,21,30,,1.269661784172058,False,0.4338518977165222,0.002151558175683,0.4317003488540649,19.04550552368164
Random,1754,-0.6387500762939453,11.276439666748049,368,1,21,30,,11.915189743041992,True,0.4338518977165222,0.3759146332740783,0.0579372644424438,33.01996994018555
Superpixel,3156,5.782073020935059,13.268479347229004,369,1,23,30,,7.486406326293945,True,0.9957512617111206,0.3789521753787994,0.6167991161346436,16.818471908569336
CAM,3156,11.321531891822817,13.268479347229004,369,1,23,30,,1.946947455406189,False,0.9957512617111206,0.0067148515954613,0.9890363812446594,14.040255546569824
FAM,3156,6.457633972167969,13.268479347229004,369,1,23,30,,6.810845375061035,True,0.9957512617111206,0.2189102172851562,0.7768410444259644,15.880990982055664
Random,3156,-0.489842414855957,13.268479347229004,369,1,23,30,,13.75832176208496,True,0.9957512617111206,0.9980190992355348,-0.002267837524414,28.07049560546875
Superpixel,1448,0.0600481033325195,13.779359817504885,370,1,21,30,,13.719311714172363,True,0.9975704550743104,0.9975998997688292,-2.944469451904297e-05,14.584452629089355
CAM,1448,1.7769670486450195,13.779359817504885,370,1,21,30,,12.002392768859863,True,0.9975704550743104,0.987580180168152,0.0099902749061584,17.917407989501953
FAM,1448,-0.4818191528320312,13.779359817504885,370,1,21,30,,14.261178970336914,True,0.9975704550743104,0.9984279870986938,-0.0008575320243835,14.110610008239746
Random,1448,3.132571220397949,13.779359817504885,370,1,21,30,,10.646788597106934,True,0.9975704550743104,0.9590920805931092,0.0384783744812011,32.98777389526367
Superpixel,2547,3.238698482513428,7.364414691925049,371,1,20,30,,4.125716209411621,False,0.2172244787216186,0.0120523450896143,0.2051721364259719,12.06409740447998
CAM,2547,5.442368149757385,7.364414691925049,371,1,20,30,,1.922046542167664,False,0.2172244787216186,0.0015112578403204,0.2157132178544998,26.25000190734864
FAM,2547,2.492105484008789,7.364414691925049,371,1,20,30,,4.87230920791626,False,0.2172244787216186,0.0436369217932224,0.1735875606536865,24.124595642089844
Random,2547,2.511036872863769,7.364414691925049,371,1,20,30,,4.853377819061279,False,0.2172244787216186,0.0164421238005161,0.2007823586463928,29.64820098876953
Superpixel,1092,8.624232292175293,12.759831428527832,372,1,24,30,,4.135599136352539,False,0.9913228750228882,0.0068063461221754,0.9845165014266968,15.196635246276855
CAM,1092,6.6636481285095215,12.759831428527832,372,1,24,30,,6.096183300018311,False,0.9913228750228882,0.1162158697843551,0.8751069903373718,20.11943626403809
FAM,1092,-1.871864318847656,12.759831428527832,372,1,24,30,,14.631695747375488,True,0.9913228750228882,0.9986135959625244,-0.0072907209396362,16.013145446777344
Random,1092,3.51602840423584,12.759831428527832,372,1,24,30,,9.243803024291992,True,0.9913228750228882,0.728053867816925,0.2632690072059631,34.231788635253906
Superpixel,1573,5.444588661193848,12.169473648071287,373,1,22,30,,6.724884986877441,False,0.9903911352157592,0.1550729572772979,0.8353182077407837,16.169342041015625
CAM,1573,2.242983818054199,12.169473648071287,373,1,22,30,,9.92648983001709,True,0.9903911352157592,0.938029170036316,0.0523619651794433,24.573938369750977
FAM,1573,0.875727653503418,12.169473648071287,373,1,22,30,,11.293745994567873,True,0.9903911352157592,0.9871813654899596,0.0032097697257995,20.997652053833008
Random,1573,-0.060098648071289,12.169473648071287,373,1,22,30,,12.229572296142578,True,0.9903911352157592,0.992024302482605,-0.0016331672668457,29.12165641784668
Superpixel,2305,-0.1848487854003906,12.124338150024414,374,1,21,30,,12.309186935424805,True,0.9698716402053832,0.9877848625183104,-0.0179132223129272,15.602684020996094
CAM,2305,6.971902370452881,12.124338150024414,374,1,21,30,,5.152435779571533,False,0.9698716402053832,0.0458747930824756,0.9239968657493592,13.647944450378418
FAM,2305,2.2897825241088867,12.124338150024414,374,1,21,30,,9.834555625915527,True,0.9698716402053832,0.7628770470619202,0.2069945931434631,21.23893928527832
Random,2305,5.383611679077148,12.124338150024414,374,1,21,30,,6.740726470947266,True,0.9698716402053832,0.2724240124225616,0.697447657585144,34.47965240478516
Superpixel,1628,5.41943359375,12.336267471313477,375,1,24,30,,6.916833877563477,False,0.7498161792755127,0.0415466837584972,0.708269476890564,15.89191436767578
CAM,1628,5.030520915985107,12.336267471313477,375,1,24,30,,7.305746555328369,True,0.7498161792755127,0.5895772576332092,0.1602389216423034,16.713010787963867
FAM,1628,3.512271881103516,12.336267471313477,375,1,24,30,,8.823995590209961,True,0.7498161792755127,0.4892999827861786,0.2605161964893341,16.713010787963867
Random,1628,1.5263748168945312,12.336267471313477,375,1,24,30,,10.809892654418944,True,0.7498161792755127,0.8537396192550659,-0.1039234399795532,27.84277534484864
Superpixel,4230,9.303499460220335,12.838436126708984,376,1,22,30,,3.5349366664886475,False,0.996402382850647,0.0168369468301534,0.979565441608429,17.92631721496582
CAM,4230,9.082419157028198,12.838436126708984,376,1,22,30,,3.756016969680786,False,0.996402382850647,0.0113653894513845,0.9850369691848756,23.9183406829834
FAM,4230,2.326296806335449,12.838436126708984,376,1,22,30,,10.512139320373535,True,0.996402382850647,0.9626078009605408,0.0337945818901062,20.080856323242188
Random,4230,-1.302220344543457,12.838436126708984,376,1,22,30,,14.14065647125244,True,0.996402382850647,0.9987439513206482,-0.0023415684700012,31.030977249145508
Superpixel,1422,7.351223468780518,13.869569778442385,377,1,24,30,,6.518346309661865,False,0.9956613183021544,0.047883540391922,0.9477777481079102,20.971893310546875
CAM,1422,6.585988521575928,13.869569778442385,377,1,24,30,,7.283581256866455,False,0.9956613183021544,0.1143773272633552,0.8812839984893799,25.18710327148437
FAM,1422,-0.707183837890625,13.869569778442385,377,1,24,30,,14.576753616333008,True,0.9956613183021544,0.9983406066894532,-0.0026792883872985,25.72721672058105
Random,1422,-0.2557621002197265,13.869569778442385,377,1,24,30,,14.12533187866211,True,0.9956613183021544,0.9980720281600952,-0.0024107098579406,26.210418701171875
Superpixel,1101,7.961865186691284,11.192914962768556,378,1,21,30,,3.2310497760772705,False,0.8428277969360352,0.0004677555989474,0.8423600196838379,21.27845001220703
CAM,1101,5.3267340660095215,11.192914962768556,378,1,21,30,,5.866180896759033,False,0.8428277969360352,0.0222060736268758,0.8206217288970947,22.04596328735352
FAM,1101,-0.8766212463378906,11.192914962768556,378,1,21,30,,12.069536209106444,True,0.8428277969360352,0.933788537979126,-0.0909607410430908,22.04596328735352
Random,1101,6.449540138244629,11.192914962768556,378,1,21,30,,4.743374824523926,False,0.8428277969360352,0.0276627019047737,0.815165102481842,26.65183448791504
Superpixel,1320,14.028971433639526,10.514068603515623,379,1,23,30,,-3.5149028301239014,False,0.9412343502044678,1.384485244670941e-06,0.941232979297638,18.16699981689453
CAM,1320,11.454764902591704,10.514068603515623,379,1,23,30,,-0.9406962990760804,False,0.9412343502044678,0.00011862370593,0.9411157369613647,20.037654876708984
FAM,1320,10.507765240035951,10.514068603515623,379,1,23,30,,0.0063033634796738,False,0.9412343502044678,0.000861249747686,0.9403731226921082,20.534711837768555
Random,1320,-3.077943801879883,10.514068603515623,379,1,23,30,,13.592012405395508,True,0.9412343502044678,0.9918828010559082,-0.0506484508514404,30.29210662841797
Superpixel,3321,9.606575965881348,12.40369987487793,380,1,24,30,,2.797123908996582,False,0.994001567363739,0.0034599506761878,0.9905416369438172,21.39339256286621
CAM,3321,14.59876561164856,12.40369987487793,380,1,24,30,,-2.19506573677063,False,0.994001567363739,1.7230318917427212e-05,0.9939843416213988,16.495845794677734
FAM,3321,8.192342758178711,12.40369987487793,380,1,24,30,,4.211357116699219,False,0.994001567363739,0.0278193280100822,0.9661822319030762,18.7590446472168
Random,3321,7.541776657104492,12.40369987487793,380,1,24,30,,4.8619232177734375,False,0.994001567363739,0.033596433699131,0.9604051113128662,34.931304931640625
Superpixel,2596,0.1958942413330078,11.587076187133787,381,1,21,30,,11.39118194580078,True,0.991693913936615,0.9900516867637634,0.0016422271728515,22.615602493286133
CAM,2596,2.336505889892578,11.587076187133787,381,1,21,30,,9.250570297241213,True,0.991693913936615,0.8941881656646729,0.0975057482719421,32.25399398803711
FAM,2596,3.2021560668945312,11.587076187133787,381,1,21,30,,8.384920120239258,True,0.991693913936615,0.8474397659301758,0.1442541480064392,14.253650665283203
Random,2596,2.783285140991211,11.587076187133787,381,1,21,30,,8.803791046142578,True,0.991693913936615,0.8906250596046448,0.1010688543319702,30.695884704589844
Superpixel,2230,1.662301540374756,9.604865074157717,382,1,24,30,,7.942563533782959,True,0.927288293838501,0.6362125277519226,0.2910757660865783,18.37781524658203
CAM,2230,4.32422399520874,9.604865074157717,382,1,24,30,,5.280641078948975,True,0.927288293838501,0.1287250369787216,0.7985632419586182,25.33882522583008
FAM,2230,-1.5994529724121094,9.604865074157717,382,1,24,30,,11.204318046569824,True,0.927288293838501,0.9822924733161926,-0.0550041794776916,20.718530654907227
Random,2230,-1.2458839416503906,9.604865074157717,382,1,24,30,,10.850749015808104,True,0.927288293838501,0.9755753874778748,-0.0482870936393737,26.45219612121582
Superpixel,1192,6.259322881698608,9.45546054840088,383,1,22,30,,3.1961376667022705,False,0.7960342168807983,0.0215110965073108,0.774523138999939,18.289167404174805
CAM,1192,3.5015463829040527,9.45546054840088,383,1,22,30,,5.953914165496826,False,0.7960342168807983,0.074215367436409,0.7218188643455505,19.17282485961914
FAM,1192,2.972907543182373,9.45546054840088,383,1,22,30,,6.482553005218506,True,0.7960342168807983,0.3871724903583526,0.4088617265224457,19.17282485961914
Random,1192,-0.2681379318237304,9.45546054840088,383,1,22,30,,9.72359848022461,True,0.7960342168807983,0.7756919264793396,0.0203422904014587,30.22192001342773
Superpixel,2976,0.9480247497558594,10.80064582824707,384,1,21,30,,9.852621078491213,True,0.9633988738059998,0.9242308139801024,0.0391680598258972,18.030391693115234
CAM,2976,4.147139549255371,10.80064582824707,384,1,21,30,,6.653506278991699,True,0.9633988738059998,0.3623220026493072,0.6010768413543701,26.0543270111084
FAM,2976,3.0843825340271,10.80064582824707,384,1,21,30,,7.716263294219971,False,0.9633988738059998,0.3639651834964752,0.5994336605072021,26.0543270111084
Random,2976,2.679274559020996,10.80064582824707,384,1,21,30,,8.121371269226074,True,0.9633988738059998,0.8267784118652344,0.1366204619407653,27.29751205444336
Superpixel,1793,-0.2313756942749023,10.962685585021973,385,1,25,30,,11.194061279296877,True,0.9764329791069032,0.986992597579956,-0.0105596184730529,15.354022026062012
CAM,1793,3.393899440765381,10.962685585021973,385,1,25,30,,7.568786144256592,True,0.9764329791069032,0.2705187797546386,0.7059141993522644,23.810693740844727
FAM,1793,2.337784767150879,10.962685585021973,385,1,25,30,,8.624900817871094,True,0.9764329791069032,0.7062628269195557,0.2701701521873474,14.112685203552246
Random,1793,0.3486757278442383,10.962685585021973,385,1,25,30,,10.614009857177734,True,0.9764329791069032,0.9663283228874208,0.0101046562194824,29.10322952270508
Superpixel,1271,2.9689197540283203,11.96926212310791,386,1,23,30,,9.00034236907959,True,0.9932026863098145,0.7945375442504883,0.1986651420593261,17.578386306762695
CAM,1271,2.58779239654541,11.96926212310791,386,1,23,30,,9.3814697265625,True,0.9932026863098145,0.7561933398246765,0.2370093464851379,14.843152046203612
FAM,1271,1.7676591873168943,11.96926212310791,386,1,23,30,,10.201602935791016,True,0.9932026863098145,0.9190216064453124,0.0741810798645019,13.464316368103027
Random,1271,-1.2842559814453125,11.96926212310791,386,1,23,30,,13.253518104553224,True,0.9932026863098145,0.9977155923843384,-0.0045129060745239,32.817630767822266
Superpixel,1159,1.607891082763672,12.72247314453125,387,1,22,30,,11.114582061767578,True,0.9944050312042236,0.96943461894989,0.0249704122543334,18.231061935424805
CAM,1159,6.250216007232666,12.72247314453125,387,1,22,30,,6.472257137298584,True,0.9944050312042236,0.4075384140014648,0.5868666172027588,23.14908027648925
FAM,1159,-0.9031085968017578,12.72247314453125,387,1,22,30,,13.625581741333008,True,0.9944050312042236,0.9965164661407472,-0.0021114349365234,21.674962997436523
Random,1159,1.4944477081298828,12.72247314453125,387,1,22,30,,11.228025436401367,True,0.9944050312042236,0.9495186805725098,0.0448863506317138,32.04174041748047
Superpixel,1435,2.662735939025879,12.81272792816162,388,1,25,30,,10.149991989135742,True,0.99587881565094,0.95754736661911,0.0383314490318298,17.254623413085938
CAM,1435,4.690633773803711,12.81272792816162,388,1,25,30,,8.12209415435791,True,0.99587881565094,0.7257891893386841,0.2700896263122558,19.553285598754883
FAM,1435,3.778742790222168,12.81272792816162,388,1,25,30,,9.033985137939451,True,0.99587881565094,0.8483206629753113,0.1475581526756286,16.650312423706055
Random,1435,2.863820075988769,12.81272792816162,388,1,25,30,,9.948907852172852,True,0.99587881565094,0.9357542991638184,0.0601245164871215,29.48896217346192
Superpixel,1931,0.0307512283325195,14.838385581970217,389,1,23,30,,14.807634353637695,True,0.9976881742477416,0.9983628392219543,-0.0006746649742126,12.117399215698242
CAM,1931,6.933527946472168,14.838385581970217,389,1,23,30,,7.904857635498047,True,0.9976881742477416,0.7179432511329651,0.2797449231147766,21.080432891845703
FAM,1931,10.834677696228027,14.838385581970217,389,1,23,30,,4.003707885742188,False,0.9976881742477416,0.0634447857737541,0.934243381023407,21.080432891845703
Random,1931,0.2433128356933593,14.838385581970217,389,1,23,30,,14.595072746276855,True,0.9976881742477416,0.9972432851791382,0.0004448890686035,28.464990615844727
Superpixel,1596,5.137089729309082,14.416349411010742,390,1,23,30,,9.27925968170166,True,0.9979402422904968,0.776859700679779,0.2210805416107177,19.350528717041016
CAM,1596,2.567420959472656,14.416349411010742,390,1,23,30,,11.848928451538086,True,0.9979402422904968,0.978890061378479,0.0190501809120178,16.769563674926758
FAM,1596,2.998870849609375,14.416349411010742,390,1,23,30,,11.417478561401367,True,0.9979402422904968,0.969915807247162,0.0280244350433349,16.769563674926758
Random,1596,-0.6477394104003906,14.416349411010742,390,1,23,30,,15.064088821411133,True,0.9979402422904968,0.9987940788269044,-0.0008538365364074,28.357969284057617
Superpixel,1854,3.71686601638794,10.637313842773438,391,1,20,30,,6.920447826385498,False,0.6273389458656311,0.0850464776158332,0.5422924757003784,18.53169250488281
CAM,1854,4.495060920715332,10.637313842773438,391,1,20,30,,6.1422529220581055,False,0.6273389458656311,0.0072140181437134,0.6201249361038208,20.32022285461425
FAM,1854,3.965726852416992,10.637313842773438,391,1,20,30,,6.671586990356445,False,0.6273389458656311,0.146218255162239,0.4811207056045532,23.24362564086914
Random,1854,-1.2404289245605469,10.637313842773438,391,1,20,30,,11.877742767333984,True,0.6273389458656311,0.9384025931358336,-0.3110636472702026,32.283447265625
Superpixel,3632,13.739327371120453,14.043931007385254,392,1,24,30,,0.304603636264801,False,0.9958712458610536,0.0004565803683362,0.995414674282074,18.204627990722656
CAM,3632,11.867062091827393,14.043931007385254,392,1,24,30,,2.1768689155578613,False,0.9958712458610536,0.0017075343057513,0.994163691997528,18.70772171020508
FAM,3632,12.095308423042296,14.043931007385254,392,1,24,30,,1.9486225843429563,False,0.9958712458610536,0.0005738061736337,0.9952974319458008,18.70772171020508
Random,3632,3.514974594116211,14.043931007385254,392,1,24,30,,10.528956413269045,True,0.9958712458610536,0.9235467910766602,0.0723244547843933,26.91987037658692
Superpixel,4307,1.7782583236694336,13.663690567016602,393,1,22,30,,11.885432243347168,True,0.9974833130836488,0.9802394509315492,0.0172438621520996,19.57256317138672
CAM,4307,7.427926540374756,13.663690567016602,393,1,22,30,,6.235764026641846,True,0.9974833130836488,0.3271768391132355,0.6703064441680908,16.999710083007812
FAM,4307,4.150406837463379,13.663690567016602,393,1,22,30,,9.513283729553224,True,0.9974833130836488,0.9096888303756714,0.0877944827079773,16.999710083007812
Random,4307,4.7055253982543945,13.663690567016602,393,1,22,30,,8.958165168762207,True,0.9974833130836488,0.8729634881019592,0.1245198249816894,27.026405334472656
Superpixel,2006,7.42868709564209,13.726884841918944,394,1,21,30,,6.298197746276856,False,0.9970027804374696,0.0259507466107606,0.9710520505905152,16.342870712280273
CAM,2006,1.6975650787353516,13.726884841918944,394,1,21,30,,12.029319763183594,True,0.9970027804374696,0.9854817390441896,0.01152104139328,19.84066772460937
FAM,2006,2.120290756225586,13.726884841918944,394,1,21,30,,11.60659408569336,True,0.9970027804374696,0.9719513654708862,0.0250514149665832,17.42645263671875
Random,2006,0.4662237167358398,13.726884841918944,394,1,21,30,,13.260661125183104,True,0.9970027804374696,0.9962714910507202,0.0007312893867492,31.5947494506836
Superpixel,3795,10.47366738319397,9.495702743530272,395,1,23,30,,-0.9779646396636964,False,0.4061036705970764,2.5248895326512862e-05,0.406078428030014,17.149633407592773
CAM,3795,10.472490310668944,9.495702743530272,395,1,23,30,,-0.976787567138672,False,0.4061036705970764,0.0001363504561595,0.4059673249721527,17.99683952331543
FAM,3795,9.93945187330246,9.495702743530272,395,1,23,30,,-0.4437491297721863,False,0.4061036705970764,0.0002023896231548,0.4059012830257416,17.99683952331543
Random,3795,6.416988849639893,9.495702743530272,395,1,23,30,,3.078713893890381,False,0.4061036705970764,0.0203844774514436,0.3857191801071167,33.54015350341797
Superpixel,1460,4.863234519958496,12.505420684814451,396,1,21,30,,7.642186164855957,False,0.8235641717910767,0.0759984701871872,0.7475656867027283,16.458131790161133
CAM,1460,5.33193302154541,12.505420684814451,396,1,21,30,,7.173487663269043,True,0.8235641717910767,0.3406325578689575,0.4829316139221191,20.708965301513672
FAM,1460,5.264547824859619,12.505420684814451,396,1,21,30,,7.240872859954834,True,0.8235641717910767,0.3306057453155517,0.4929584264755249,18.12358283996582
Random,1460,1.6912250518798828,12.505420684814451,396,1,21,30,,10.81419563293457,False,0.8235641717910767,0.2147004604339599,0.6088637113571167,30.56227302551269
Superpixel,3575,10.953943490982056,14.099834442138672,397,1,23,30,,3.145890951156616,False,0.996565282344818,0.0085537387058138,0.9880115389823914,17.211048126220703
CAM,3575,11.9743492603302,14.099834442138672,397,1,23,30,,2.125485181808472,False,0.996565282344818,0.0017158797709271,0.9948493838310242,19.71202850341797
FAM,3575,8.916855812072754,14.099834442138672,397,1,23,30,,5.182978630065918,False,0.996565282344818,0.0181525982916355,0.9784126877784728,16.276350021362305
Random,3575,5.263401031494141,14.099834442138672,397,1,23,30,,8.836433410644531,False,0.996565282344818,0.2280859947204589,0.7684792876243591,31.5263729095459
Superpixel,2478,7.941522598266602,12.498822212219238,398,1,19,30,,4.557299613952637,False,0.9549093842506408,0.0350876078009605,0.919821798801422,19.641237258911133
CAM,2478,8.34338092803955,12.498822212219238,398,1,19,30,,4.155441284179688,False,0.9549093842506408,0.0600539036095142,0.8948554992675781,22.677350997924805
FAM,2478,9.708930253982544,12.498822212219238,398,1,19,30,,2.7898919582366943,False,0.9549093842506408,0.0162970088422298,0.9386124014854432,22.677350997924805
Random,2478,1.207352638244629,12.498822212219238,398,1,19,30,,11.29146957397461,True,0.9549093842506408,0.8840434551239014,0.0708659291267395,25.03099632263184
Superpixel,2297,4.423330307006836,13.913810729980469,399,1,23,30,,9.490480422973633,True,0.998393714427948,0.8436002135276794,0.1547935009002685,22.78618431091309
CAM,2297,3.3078861236572266,13.913810729980469,399,1,23,30,,10.605924606323242,True,0.998393714427948,0.9516761302947998,0.0467175841331481,17.51858901977539
FAM,2297,0.3729810714721679,13.913810729980469,399,1,23,30,,13.5408296585083,True,0.998393714427948,0.9977820515632628,0.000611662864685,25.147220611572266
Random,2297,1.4436092376708984,13.913810729980469,399,1,23,30,,12.47020149230957,True,0.998393714427948,0.9941366910934448,0.0042570233345031,29.448156356811523
Superpixel,3272,9.114728927612305,14.361162185668944,400,1,19,30,,5.246433258056641,False,0.9980854988098145,0.0934874862432479,0.9045979976654052,20.284955978393555
CAM,3272,10.890633344650269,14.361162185668944,400,1,19,30,,3.4705288410186768,False,0.9980854988098145,0.0310163293033838,0.967069149017334,19.07377815246582
FAM,3272,10.8587486743927,14.361162185668944,400,1,19,30,,3.502413511276245,False,0.9980854988098145,0.0282568503171205,0.9698286652565002,19.07377815246582
Random,3272,6.383686065673828,14.361162185668944,400,1,19,30,,7.977476119995117,True,0.9980854988098145,0.6362046003341675,0.361880898475647,27.36016273498535
Superpixel,1838,1.8912115097045896,13.111021041870115,401,1,23,30,,11.219809532165527,True,0.9930166006088256,0.9689325094223022,0.0240840911865234,14.86849308013916
CAM,1838,5.694080829620361,13.111021041870115,401,1,23,30,,7.416940212249756,True,0.9930166006088256,0.6118282675743103,0.3811883330345154,15.966178894042969
FAM,1838,6.407374382019043,13.111021041870115,401,1,23,30,,6.703646659851074,True,0.9930166006088256,0.3296091854572296,0.6634074449539185,18.716890335083008
Random,1838,3.2798280715942383,13.111021041870115,401,1,23,30,,9.83119297027588,True,0.9930166006088256,0.925576388835907,0.0674402117729187,28.956750869750977
Superpixel,3906,6.640363693237305,14.034173965454102,402,1,22,30,,7.393810272216797,False,0.998224675655365,0.1676840931177139,0.8305405974388123,20.97264289855957
CAM,3906,5.816160202026367,14.034173965454102,402,1,22,30,,8.218013763427734,False,0.998224675655365,0.3637007772922516,0.634523868560791,21.18161392211914
FAM,3906,5.575710296630859,14.034173965454102,402,1,22,30,,8.458463668823242,True,0.998224675655365,0.6531997919082642,0.3450248837471008,16.254959106445312
Random,3906,1.4212265014648438,14.034173965454102,402,1,22,30,,12.612947463989258,True,0.998224675655365,0.9949471354484558,0.0032775402069091,28.73213195800781
Superpixel,1397,2.345942497253418,13.451725959777832,403,1,20,30,,11.105783462524414,True,0.996325671672821,0.9728314876556396,0.0234941840171813,15.313218116760254
CAM,1397,3.855402946472168,13.451725959777832,403,1,20,30,,9.596323013305664,True,0.996325671672821,0.8816655874252319,0.1146600842475891,18.147911071777344
FAM,1397,3.423856735229492,13.451725959777832,403,1,20,30,,10.02786922454834,True,0.996325671672821,0.9305704832077026,0.0657551884651184,18.147911071777344
Random,1397,0.5314264297485352,13.451725959777832,403,1,20,30,,12.920299530029297,True,0.996325671672821,0.9941309094429016,0.0021947622299194,35.328758239746094
Superpixel,2067,-0.3772563934326172,14.420814514160156,404,1,21,30,,14.798070907592772,True,0.9971786737442015,0.9980850219726562,-0.0009063482284545,10.818829536437988
CAM,2067,5.086660385131836,14.420814514160156,404,1,21,30,,9.33415412902832,True,0.9971786737442015,0.4815162420272827,0.515662431716919,16.86980628967285
FAM,2067,2.431243896484375,14.420814514160156,404,1,21,30,,11.98957061767578,True,0.9971786737442015,0.9624251127243042,0.0347535610198974,18.67872428894043
Random,2067,2.3953399658203125,14.420814514160156,404,1,21,30,,12.025474548339844,True,0.9971786737442015,0.9628952741622924,0.0342833995819091,28.180274963378903
Superpixel,3710,7.495600461959839,9.922111511230469,405,1,22,30,,2.42651104927063,False,0.7428070306777954,0.001202002633363,0.7416050434112549,16.097869873046875
CAM,3710,9.146402716636658,9.922111511230469,405,1,22,30,,0.775708794593811,False,0.7428070306777954,0.0011284430511295,0.7416785955429077,23.29488182067871
FAM,3710,8.859354376792908,9.922111511230469,405,1,22,30,,1.062757134437561,False,0.7428070306777954,0.0010747333290055,0.7417322993278503,17.08016586303711
Random,3710,0.7110109329223633,9.922111511230469,405,1,22,30,,9.211100578308104,True,0.7428070306777954,0.6353851556777954,0.107421875,27.019229888916016
Superpixel,5455,13.226666688919067,16.47260284423828,406,1,19,30,,3.245936155319214,False,0.9996427297592164,0.0078143458813428,0.9918283820152284,15.813300132751465
CAM,5455,12.242342948913574,16.47260284423828,406,1,19,30,,4.230259895324707,False,0.9996427297592164,0.0110756652429699,0.988567054271698,15.10914134979248
FAM,5455,13.419404029846191,16.47260284423828,406,1,19,30,,3.05319881439209,False,0.9996427297592164,0.0029447416309267,0.996697962284088,15.10914134979248
Random,5455,9.45497226715088,16.47260284423828,406,1,19,30,,7.017630577087402,False,0.9996427297592164,0.1060449853539466,0.8935977220535278,27.35017776489257
Superpixel,1424,1.819483757019043,9.179950714111328,407,1,23,30,,7.360466957092285,False,0.5576587319374084,0.2197670638561248,0.3378916680812835,15.120010375976562
CAM,1424,6.885765790939331,9.179950714111328,407,1,23,30,,2.294184923171997,False,0.5576587319374084,0.0062578609213232,0.551400899887085,23.58159446716309
FAM,1424,5.907248020172119,9.179950714111328,407,1,23,30,,3.272702693939209,False,0.5576587319374084,0.0176395699381828,0.540019154548645,19.554990768432617
Random,1424,4.595800399780273,9.179950714111328,407,1,23,30,,4.584150314331055,False,0.5576587319374084,0.0314066149294376,0.5262520909309387,26.277664184570312
Superpixel,2919,5.081849575042725,11.914968490600586,408,1,24,30,,6.833118915557861,True,0.982297658920288,0.5338758826255798,0.4484217762947082,21.1858024597168
CAM,2919,4.034415245056152,11.914968490600586,408,1,24,30,,7.880553245544434,True,0.982297658920288,0.7545799612998962,0.2277176976203918,22.40439414978028
FAM,2919,1.5540447235107422,11.914968490600586,408,1,24,30,,10.360923767089844,True,0.982297658920288,0.9118783473968506,0.0704193115234375,23.975744247436523
Random,2919,1.0126571655273438,11.914968490600586,408,1,24,30,,10.902311325073242,True,0.982297658920288,0.9627745151519777,0.0195231437683105,34.288997650146484
Superpixel,2503,8.276272296905518,15.533082008361816,409,1,23,30,,7.256809711456299,False,0.9989470839500428,0.0364293009042739,0.96251779794693,17.28561782836914
CAM,2503,5.641060829162598,15.533082008361816,409,1,23,30,,9.89202117919922,True,0.9989470839500428,0.8143028616905212,0.1846442222595214,20.08383750915528
FAM,2503,6.538043022155762,15.533082008361816,409,1,23,30,,8.995038986206055,True,0.9989470839500428,0.3557156920433044,0.6432313919067383,17.20684051513672
Random,2503,0.8613567352294922,15.533082008361816,409,1,23,30,,14.671725273132324,True,0.9989470839500428,0.9976170659065248,0.001330018043518,29.941059112548828
Superpixel,1614,6.231019020080566,10.72856616973877,410,1,23,30,,4.497547149658203,False,0.9672000408172609,0.0775533244013786,0.8896467089653015,20.88129234313965
CAM,1614,4.838156223297119,10.72856616973877,410,1,23,30,,5.89040994644165,True,0.9672000408172609,0.2601758539676666,0.7070242166519165,18.878931045532227
FAM,1614,5.12889575958252,10.72856616973877,410,1,23,30,,5.59967041015625,True,0.9672000408172609,0.198255568742752,0.768944501876831,18.878931045532227
Random,1614,1.086653709411621,10.72856616973877,410,1,23,30,,9.641912460327148,True,0.9672000408172609,0.8426243662834167,0.124575674533844,34.66145324707031
Superpixel,1438,12.89192020893097,14.577210426330566,411,1,21,30,,1.6852902173995972,False,0.9955774545669556,0.0010164014529436,0.9945610761642456,17.864612579345703
CAM,1438,11.095515966415403,14.577210426330566,411,1,21,30,,3.481694459915161,False,0.9955774545669556,0.0186777058988809,0.9768997430801392,16.49359893798828
FAM,1438,10.633230924606323,14.577210426330566,411,1,21,30,,3.943979501724243,False,0.9955774545669556,0.0207366365939378,0.9748408198356628,23.903928756713867
Random,1438,0.4632768630981445,14.577210426330566,411,1,21,30,,14.113933563232422,True,0.9955774545669556,0.995023250579834,0.0005542039871215,31.37325096130371
Superpixel,1370,5.174628257751465,15.82571506500244,412,1,22,30,,10.651086807250977,True,0.9994320273399352,0.9438255429267884,0.0556064844131469,12.97665023803711
CAM,1370,8.434709548950195,15.82571506500244,412,1,22,30,,7.391005516052246,True,0.9994320273399352,0.5137540698051453,0.48567795753479,17.67423439025879
FAM,1370,4.092352867126465,15.82571506500244,412,1,22,30,,11.733362197875977,True,0.9994320273399352,0.9788274765014648,0.0206045508384704,14.929853439331056
Random,1370,3.640385627746582,15.82571506500244,412,1,22,30,,12.18532943725586,True,0.9994320273399352,0.9907253384590148,0.0087066888809204,31.970129013061523
Superpixel,2491,7.450083017349243,9.7201509475708,413,1,24,30,,2.2700679302215576,False,0.4373080730438232,0.0141638033092021,0.4231442809104919,17.43398094177246
CAM,2491,8.98399794101715,9.7201509475708,413,1,24,30,,0.7361530065536499,False,0.4373080730438232,0.0033376838546246,0.4339703917503357,22.626264572143555
FAM,2491,8.984294295310974,9.7201509475708,413,1,24,30,,0.7358566522598267,False,0.4373080730438232,0.0020405382383614,0.4352675378322601,20.027223587036133
Random,2491,9.284715056419373,9.7201509475708,413,1,24,30,,0.4354358911514282,False,0.4373080730438232,0.0028803655877709,0.4344277083873749,34.54863357543945
Superpixel,1429,0.4380130767822265,13.540246963500977,414,1,24,30,,13.10223388671875,True,0.9938687682151794,0.9934539794921876,0.0004147887229919,19.8222885131836
CAM,1429,3.2026805877685547,13.540246963500977,414,1,24,30,,10.337566375732422,True,0.9938687682151794,0.9504266381263732,0.0434421300888061,20.424291610717773
FAM,1429,6.661741256713867,13.540246963500977,414,1,24,30,,6.878505706787109,False,0.9938687682151794,0.0902339667081832,0.903634786605835,22.460569381713867
Random,1429,0.4442901611328125,13.540246963500977,414,1,24,30,,13.095956802368164,True,0.9938687682151794,0.9917769432067872,0.0020918250083923,27.796417236328125
Superpixel,1761,6.506399154663086,15.002659797668455,415,1,23,30,,8.496260643005371,True,0.9984933137893676,0.7548269629478455,0.2436663508415222,16.4133243560791
CAM,1761,4.128766059875488,15.002659797668455,415,1,23,30,,10.873893737792969,True,0.9984933137893676,0.9609645009040833,0.0375288128852844,20.04061889648437
FAM,1761,6.590188026428223,15.002659797668455,415,1,23,30,,8.412471771240234,True,0.9984933137893676,0.4599652886390686,0.5385280251502991,20.04061889648437
Random,1761,4.680617332458496,15.002659797668455,415,1,23,30,,10.32204246520996,True,0.9984933137893676,0.9191339015960692,0.0793594121932983,29.465856552124023
Superpixel,1167,1.964914321899414,14.43680191040039,416,1,20,30,,12.471887588500977,True,0.9986371397972108,0.9919066429138184,0.0067304968833923,14.792075157165527
CAM,1167,2.3072099685668945,14.43680191040039,416,1,20,30,,12.129591941833496,True,0.9986371397972108,0.9915237426757812,0.0071133971214294,16.666881561279297
FAM,1167,-0.0278825759887695,14.43680191040039,416,1,20,30,,14.46468448638916,True,0.9986371397972108,0.9990078806877136,-0.0003707408905029,28.060190200805664
Random,1167,3.1664905548095703,14.43680191040039,416,1,20,30,,11.27031135559082,True,0.9986371397972108,0.9517220854759216,0.046915054321289,29.177940368652344
Superpixel,1589,1.5188398361206057,14.637850761413574,417,1,18,30,,13.119010925292969,True,0.998507797718048,0.9944379329681396,0.0040698647499084,15.661389350891112
CAM,1589,1.4615249633789062,14.637850761413574,417,1,18,30,,13.176325798034668,True,0.998507797718048,0.9905070066452026,0.0080007910728454,15.321789741516112
FAM,1589,4.141376495361328,14.637850761413574,417,1,18,30,,10.496474266052246,True,0.998507797718048,0.8897115588188171,0.1087962388992309,15.321789741516112
Random,1589,3.329268455505371,14.637850761413574,417,1,18,30,,11.308582305908203,True,0.998507797718048,0.9731670022010804,0.0253407955169677,31.72770881652832
Superpixel,1905,2.918621063232422,12.88090705871582,418,1,22,30,,9.962285995483398,False,0.9804165959358216,0.3586961328983307,0.6217204332351685,16.630966186523438
CAM,1905,6.296440124511719,12.88090705871582,418,1,22,30,,6.584466934204102,False,0.9804165959358216,0.1627683490514755,0.8176482319831848,18.482011795043945
FAM,1905,9.632855415344238,12.88090705871582,418,1,22,30,,3.248051643371582,False,0.9804165959358216,0.0031082131899893,0.9773083925247192,18.482011795043945
Random,1905,3.578420639038086,12.88090705871582,418,1,22,30,,9.302486419677734,True,0.9804165959358216,0.4886795580387115,0.49173703789711,26.331117630004883
Superpixel,2825,5.258886814117432,12.210949897766112,419,1,20,30,,6.952063083648682,False,0.9856260418891908,0.2495666146278381,0.7360594272613525,16.483413696289062
CAM,2825,4.701233386993408,12.210949897766112,419,1,20,30,,7.509716510772705,False,0.9856260418891908,0.2874310314655304,0.6981949806213379,20.699302673339844
FAM,2825,3.1179628372192383,12.210949897766112,419,1,20,30,,9.092987060546877,True,0.9856260418891908,0.7754771709442139,0.2101488709449768,25.380624771118164
Random,2825,0.7087268829345703,12.210949897766112,419,1,20,30,,11.502223014831545,True,0.9856260418891908,0.9735596776008606,0.01206636428833,27.97047996520996
Superpixel,3833,1.4708518981933594,14.427797317504885,420,1,20,30,,12.956945419311523,True,0.998224675655365,0.9893693923950196,0.0088552832603454,14.731749534606934
CAM,3833,3.903177261352539,14.427797317504885,420,1,20,30,,10.524620056152344,True,0.998224675655365,0.7212396860122681,0.2769849896430969,20.18048477172852
FAM,3833,3.831499099731445,14.427797317504885,420,1,20,30,,10.596298217773438,True,0.998224675655365,0.8867019414901733,0.1115227341651916,17.401264190673828
Random,3833,3.3334274291992188,14.427797317504885,420,1,20,30,,11.094369888305664,True,0.998224675655365,0.8961337804794312,0.1020908951759338,31.63618850708008
Superpixel,2116,4.673309326171875,16.625398635864258,421,1,23,30,,11.952089309692385,True,0.9997559189796448,0.9804919958114624,0.0192639231681823,17.309078216552734
CAM,2116,1.491434097290039,16.625398635864258,421,1,23,30,,15.13396453857422,True,0.9997559189796448,0.9988453388214112,0.0009105801582336,12.943605422973633
FAM,2116,5.351234436035156,16.625398635864258,421,1,23,30,,11.274164199829102,True,0.9997559189796448,0.9237021207809448,0.0760537981986999,18.53406143188477
Random,2116,2.7391223907470703,16.625398635864258,421,1,23,30,,13.886276245117188,True,0.9997559189796448,0.9876793026924132,0.0120766162872314,28.92304039001465
Superpixel,2715,6.960325241088867,13.700872421264648,422,1,23,30,,6.740547180175781,False,0.9941934943199158,0.1019145473837852,0.8922789692878723,13.757307052612305
CAM,2715,1.8477983474731443,13.700872421264648,422,1,23,30,,11.853074073791504,True,0.9941934943199158,0.9638447761535645,0.0303487181663513,22.529918670654297
FAM,2715,1.627065658569336,13.700872421264648,422,1,23,30,,12.073806762695312,True,0.9941934943199158,0.9418073296546936,0.0523861646652221,15.148923873901367
Random,2715,4.987703323364258,13.700872421264648,422,1,23,30,,8.71316909790039,True,0.9941934943199158,0.5166464447975159,0.4775470495223999,28.72723388671875
Superpixel,1720,8.902921199798584,11.946178436279297,423,1,23,30,,3.043257236480713,False,0.93769508600235,0.0028296196833252,0.9348654747009276,15.437135696411133
CAM,1720,9.24504780769348,11.946178436279297,423,1,23,30,,2.7011306285858154,False,0.93769508600235,0.0045746080577373,0.9331204891204834,16.15709686279297
FAM,1720,2.05507755279541,11.946178436279297,423,1,23,30,,9.891100883483888,True,0.93769508600235,0.8326883316040039,0.1050067543983459,16.15709686279297
Random,1720,2.635504722595215,11.946178436279297,423,1,23,30,,9.310673713684082,True,0.93769508600235,0.5102748870849609,0.4274201989173889,29.68069648742676
Superpixel,2300,5.055320739746094,14.980913162231444,424,1,23,30,,9.925592422485352,True,0.995816171169281,0.7757638692855835,0.2200523018836975,13.888153076171877
CAM,2300,7.317584037780762,14.980913162231444,424,1,23,30,,7.663329124450684,False,0.995816171169281,0.1164389178156852,0.8793772459030151,21.49323844909668
FAM,2300,2.15439510345459,14.980913162231444,424,1,23,30,,12.826518058776855,True,0.995816171169281,0.9355130791664124,0.0603030920028686,18.984956741333008
Random,2300,3.556032180786133,14.980913162231444,424,1,23,30,,11.424880981445312,True,0.995816171169281,0.8474693894386292,0.1483467817306518,25.900634765625
Superpixel,4302,4.353782176971436,12.120121002197266,425,1,21,30,,7.76633882522583,False,0.9016194939613342,0.0545739419758319,0.8470455408096313,18.029600143432617
CAM,4302,5.943577766418457,12.120121002197266,425,1,21,30,,6.176543235778809,False,0.9016194939613342,0.0245120879262685,0.8771073818206787,20.460691452026367
FAM,4302,2.098560333251953,12.120121002197266,425,1,21,30,,10.021560668945312,True,0.9016194939613342,0.8031095862388611,0.0985099077224731,18.879892349243164
Random,4302,3.0425376892089844,12.120121002197266,425,1,21,30,,9.07758331298828,True,0.9016194939613342,0.3845445215702057,0.5170749425888062,28.684844970703125
Superpixel,2239,4.979175567626953,15.36510944366455,426,1,20,30,,10.385933876037598,True,0.9983018636703492,0.741564929485321,0.2567369341850281,16.82246208190918
CAM,2239,7.293182373046875,15.36510944366455,426,1,20,30,,8.071927070617676,True,0.9983018636703492,0.4360661804676056,0.5622357130050659,21.71522521972656
FAM,2239,5.370303153991699,15.36510944366455,426,1,20,30,,9.994806289672852,True,0.9983018636703492,0.829143762588501,0.1691581010818481,13.71517848968506
Random,2239,7.028426170349121,15.36510944366455,426,1,20,30,,8.33668327331543,True,0.9983018636703492,0.6166146397590637,0.3816872239112854,34.28974151611328
Superpixel,1871,9.647845268249512,16.099628448486328,427,1,23,30,,6.451783180236816,False,0.9985935091972352,0.1208629310131073,0.8777306079864502,16.680313110351562
CAM,1871,7.101113319396973,16.099628448486328,427,1,23,30,,8.998515129089355,True,0.9985935091972352,0.8504146933555603,0.1481788158416748,19.96236991882324
FAM,1871,5.368030548095703,16.099628448486328,427,1,23,30,,10.731597900390623,True,0.9985935091972352,0.7859500646591187,0.2126434445381164,17.713438034057617
Random,1871,3.212771415710449,16.099628448486328,427,1,23,30,,12.88685703277588,True,0.9985935091972352,0.970610499382019,0.027983009815216,29.833959579467773
Superpixel,3126,1.9170732498168943,13.853906631469728,428,1,17,30,,11.936833381652832,True,0.9881221652030944,0.9064534902572632,0.0816686749458313,17.051250457763672
CAM,3126,2.569353103637696,13.853906631469728,428,1,17,30,,11.284553527832031,True,0.9881221652030944,0.9462382197380066,0.0418839454650878,15.224786758422852
FAM,3126,2.707052230834961,13.853906631469728,428,1,17,30,,11.146854400634766,True,0.9881221652030944,0.9299591183662416,0.058163046836853,17.544864654541016
Random,3126,1.7244796752929688,13.853906631469728,428,1,17,30,,12.129426956176758,True,0.9881221652030944,0.9400333762168884,0.048088788986206,25.46666717529297
Superpixel,3938,0.8904786109924316,7.009143352508545,429,1,19,30,,6.118664741516113,False,0.1693790256977081,0.0477675050497055,0.1216115206480026,20.11932945251465
CAM,3938,5.778035044670105,7.009143352508545,429,1,19,30,,1.23110830783844,False,0.1693790256977081,0.0017538978718221,0.1676251292228698,24.405576705932617
FAM,3938,2.275276660919189,7.009143352508545,429,1,19,30,,4.733866691589356,False,0.1693790256977081,0.0421410575509071,0.1272379755973816,27.959205627441406
Random,3938,3.838877201080322,7.009143352508545,429,1,19,30,,3.1702661514282227,False,0.1693790256977081,0.0116238370537757,0.1577551960945129,32.03055953979492
Superpixel,1652,0.5805120468139648,11.486364364624023,430,1,24,30,,10.90585231781006,True,0.9209893941879272,0.9036356806755066,0.0173537135124206,15.685956001281738
CAM,1652,7.610079765319824,11.486364364624023,430,1,24,30,,3.876284599304199,False,0.9209893941879272,0.0425565056502819,0.8784328699111938,22.260501861572266
FAM,1652,6.053761959075928,11.486364364624023,430,1,24,30,,5.432602405548096,False,0.9209893941879272,0.1840122789144516,0.7369771003723145,17.47645378112793
Random,1652,4.032095909118652,11.486364364624023,430,1,24,30,,7.454268455505371,True,0.9209893941879272,0.2855511009693146,0.6354383230209351,36.21150207519531
Superpixel,2647,2.683730125427246,12.940951347351074,431,1,20,30,,10.257221221923828,True,0.9908114671707152,0.8960696458816528,0.0947418212890625,15.669291496276855
CAM,2647,2.590010643005371,12.940951347351074,431,1,20,30,,10.350940704345703,True,0.9908114671707152,0.942429542541504,0.0483819246292114,21.41763687133789
FAM,2647,0.4847536087036133,12.940951347351074,431,1,20,30,,12.45619773864746,True,0.9908114671707152,0.9671462774276732,0.0236651897430419,24.504371643066406
Random,2647,0.7933177947998047,12.940951347351074,431,1,20,30,,12.14763355255127,True,0.9908114671707152,0.9845653176307678,0.0062461495399475,28.50911521911621
Superpixel,2815,7.208547592163086,10.296008110046388,432,1,20,30,,3.087460517883301,False,0.939829409122467,0.014588083140552,0.9252413511276244,16.038894653320312
CAM,2815,4.05199146270752,10.296008110046388,432,1,20,30,,6.244016647338867,True,0.939829409122467,0.2588387727737427,0.6809906363487244,21.55494880676269
FAM,2815,4.305484294891357,10.296008110046388,432,1,20,30,,5.990523815155029,True,0.939829409122467,0.3193056881427765,0.6205236911773682,23.78575134277344
Random,2815,0.4045047760009765,10.296008110046388,432,1,20,30,,9.89150333404541,True,0.939829409122467,0.8208028674125671,0.1190265417098999,29.333425521850582
Superpixel,2160,4.019252777099609,11.46733283996582,433,1,24,30,,7.448080062866211,False,0.87325119972229,0.2699483931064605,0.6033028364181519,20.91756820678711
CAM,2160,6.761859893798828,11.46733283996582,433,1,24,30,,4.705472946166992,False,0.87325119972229,0.042413093149662,0.8308380842208862,21.98181915283203
FAM,2160,4.769026756286621,11.46733283996582,433,1,24,30,,6.698306083679199,False,0.87325119972229,0.2743719220161438,0.5988792777061462,19.21379852294922
Random,2160,3.004215240478516,11.46733283996582,433,1,24,30,,8.463117599487305,False,0.87325119972229,0.3115594983100891,0.5616917014122009,27.07823944091797
Superpixel,3676,3.373434066772461,15.526396751403809,434,1,20,30,,12.152962684631348,True,0.9959900975227356,0.9281650185585022,0.0678250789642334,20.525320053100582
CAM,3676,3.212885856628418,15.526396751403809,434,1,20,30,,12.31351089477539,True,0.9959900975227356,0.8592877984046936,0.136702299118042,21.38441467285156
FAM,3676,4.656440734863281,15.526396751403809,434,1,20,30,,10.869956016540527,True,0.9959900975227356,0.8980402946472168,0.0979498028755188,20.54443550109864
Random,3676,4.005765914916992,15.526396751403809,434,1,20,30,,11.520630836486816,True,0.9959900975227356,0.8659157156944275,0.1300743818283081,34.362205505371094
Superpixel,1723,0.3653888702392578,14.731511116027832,435,1,23,30,,14.366122245788574,True,0.9964866638183594,0.9988744854927064,-0.0023878216743469,15.566198348999023
CAM,1723,4.720025062561035,14.731511116027832,435,1,23,30,,10.011486053466797,True,0.9964866638183594,0.9015873670578004,0.094899296760559,12.463309288024902
FAM,1723,3.6813478469848633,14.731511116027832,435,1,23,30,,11.050163269042969,True,0.9964866638183594,0.9343615174293518,0.0621251463890075,23.035186767578125
Random,1723,3.747538566589356,14.731511116027832,435,1,23,30,,10.983972549438477,True,0.9964866638183594,0.9336175918579102,0.0628690719604492,27.69213485717773
Superpixel,2446,2.58308219909668,13.77619743347168,436,1,20,30,,11.193115234375,True,0.995291829109192,0.9489386081695556,0.0463532209396362,17.20360565185547
CAM,2446,1.5560150146484375,13.77619743347168,436,1,20,30,,12.220182418823242,True,0.995291829109192,0.9791714549064636,0.0161203742027282,19.795360565185547
FAM,2446,3.2906951904296875,13.77619743347168,436,1,20,30,,10.485502243041992,True,0.995291829109192,0.8861043453216553,0.1091874837875366,19.795360565185547
Random,2446,2.8447322845458984,13.77619743347168,436,1,20,30,,10.93146514892578,True,0.995291829109192,0.9125849604606628,0.082706868648529,26.805402755737305
Superpixel,1825,2.1431713104248047,11.253127098083496,437,1,22,30,,9.109955787658691,True,0.5533270835876465,0.6937298774719238,-0.1404027938842773,14.689735412597656
CAM,1825,-0.1518049240112304,11.253127098083496,437,1,22,30,,11.404932022094728,True,0.5533270835876465,0.9247035980224608,-0.3713765144348144,18.74822807312012
FAM,1825,1.3873491287231443,11.253127098083496,437,1,22,30,,9.865777969360352,False,0.5533270835876465,0.3984463512897491,0.1548807322978973,18.74822807312012
Random,1825,-0.9892301559448242,11.253127098083496,437,1,22,30,,12.24235725402832,True,0.5533270835876465,0.8324542045593262,-0.2791271209716797,32.9758415222168
Superpixel,1688,8.736114978790283,16.001462936401367,438,1,24,30,,7.265347957611084,True,0.9984183311462402,0.3781558275222778,0.6202625036239624,17.405637741088867
CAM,1688,2.982460021972656,16.001462936401367,438,1,24,30,,13.019002914428713,True,0.9984183311462402,0.9765332341194152,0.0218850970268249,22.623186111450195
FAM,1688,7.126559257507324,16.001462936401367,438,1,24,30,,8.874903678894043,True,0.9984183311462402,0.440399020910263,0.5580192804336548,15.75156021118164
Random,1688,-0.0978717803955078,16.001462936401367,438,1,24,30,,16.099334716796875,True,0.9984183311462402,0.9990254640579224,-0.0006071329116821,31.75034713745117
Superpixel,1872,2.621677875518799,7.564890384674072,439,1,23,30,,4.943212509155273,False,0.5594311952590942,0.0798306167125701,0.479600578546524,16.57364845275879
CAM,1872,4.087029457092285,7.564890384674072,439,1,23,30,,3.477860927581787,False,0.5594311952590942,0.0431281067430973,0.5163030624389648,22.85262489318848
FAM,1872,4.081273555755615,7.564890384674072,439,1,23,30,,3.483616828918457,False,0.5594311952590942,0.0372044779360294,0.5222266912460327,16.76834487915039
Random,1872,0.3985381126403808,7.564890384674072,439,1,23,30,,7.166352272033691,True,0.5594311952590942,0.3762869834899902,0.183144211769104,24.90818214416504
Superpixel,2120,0.6699409484863281,11.33091163635254,440,1,22,30,,10.660970687866213,True,0.8891046643257141,0.903473734855652,-0.0143690705299377,17.876455307006836
CAM,2120,3.3588852882385254,11.33091163635254,440,1,22,30,,7.972026348114014,False,0.8891046643257141,0.1726364940404892,0.7164681553840637,25.68559837341309
FAM,2120,3.538588047027588,11.33091163635254,440,1,22,30,,7.792323589324951,True,0.8891046643257141,0.3030527830123901,0.586051881313324,25.68559837341309
Random,2120,2.231231689453125,11.33091163635254,440,1,22,30,,9.099679946899414,True,0.8891046643257141,0.3003625571727752,0.5887421369552612,28.89012718200684
Superpixel,2274,1.0079898834228516,13.593206405639648,441,1,20,30,,12.585216522216797,True,0.9857650399208068,0.9269816279411316,0.0587834119796752,17.654748916625977
CAM,2274,1.7061614990234375,13.593206405639648,441,1,20,30,,11.887044906616213,True,0.9857650399208068,0.8412545323371887,0.1445105075836181,23.000844955444336
FAM,2274,1.4028682708740234,13.593206405639648,441,1,20,30,,12.190338134765623,True,0.9857650399208068,0.93350088596344,0.0522641539573669,17.298627853393555
Random,2274,2.687540054321289,13.593206405639648,441,1,20,30,,10.90566635131836,True,0.9857650399208068,0.8016349077224731,0.1841301321983337,27.72742462158203
Superpixel,2396,-0.0805130004882812,12.406341552734377,442,1,22,30,,12.486854553222656,True,0.995536208152771,0.9957467913627625,-0.0002105832099914,9.84878635406494
CAM,2396,1.4325332641601562,12.406341552734377,442,1,22,30,,10.97380828857422,True,0.995536208152771,0.983262300491333,0.0122739076614379,12.600544929504396
FAM,2396,-0.1422748565673828,12.406341552734377,442,1,22,30,,12.548616409301758,True,0.995536208152771,0.9965662956237792,-0.0010300874710083,15.819046974182127
Random,2396,1.6150569915771484,12.406341552734377,442,1,22,30,,10.791284561157228,True,0.995536208152771,0.9816895723342896,0.0138466358184814,28.45456314086914
Superpixel,1553,-0.072906494140625,17.11969757080078,443,1,21,30,,17.192604064941406,True,0.9998341798782348,0.9998045563697816,2.962350845336914e-05,12.124205589294434
CAM,1553,2.232612609863281,17.11969757080078,443,1,21,30,,14.8870849609375,True,0.9998341798782348,0.9971041083335876,0.0027300715446472,18.69116401672364
FAM,1553,6.244062423706055,17.11969757080078,443,1,21,30,,10.875635147094728,True,0.9998341798782348,0.9425301551818848,0.0573040246963501,18.69116401672364
Random,1553,1.851841926574707,17.11969757080078,443,1,21,30,,15.267855644226074,True,0.9998341798782348,0.9967568516731262,0.0030773282051086,28.27566146850586
Superpixel,1319,0.8622198104858398,12.829252243041992,444,1,22,30,,11.967032432556152,True,0.995701014995575,0.9920340180397034,0.0036669969558715,16.69873046875
CAM,1319,5.976234436035156,12.829252243041992,444,1,22,30,,6.853017807006836,True,0.995701014995575,0.5878881812095642,0.4078128337860107,12.59346866607666
FAM,1319,3.865034103393554,12.829252243041992,444,1,22,30,,8.964218139648438,True,0.995701014995575,0.8989385962486267,0.0967624187469482,11.089181900024414
Random,1319,3.735567092895508,12.829252243041992,444,1,22,30,,9.093685150146484,True,0.995701014995575,0.9132508635520936,0.0824501514434814,29.98701286315918
Superpixel,3093,-0.1550655364990234,11.656576156616213,445,1,24,30,,11.811641693115234,True,0.9709916710853576,0.979189395904541,-0.0081977248191833,16.8398380279541
CAM,3093,3.900228500366211,11.656576156616213,445,1,24,30,,7.75634765625,True,0.9709916710853576,0.6023252010345459,0.3686664700508117,14.615675926208496
FAM,3093,4.05550479888916,11.656576156616213,445,1,24,30,,7.601071357727051,True,0.9709916710853576,0.4911485612392425,0.4798431098461151,14.615675926208496
Random,3093,-1.9311752319335933,11.656576156616213,445,1,24,30,,13.587751388549805,True,0.9709916710853576,0.9941660165786744,-0.0231743454933166,27.442251205444336
Superpixel,2229,2.4206371307373047,13.522462844848633,446,1,23,30,,11.101825714111328,True,0.9972766041755676,0.9481623768806458,0.0491142272949218,19.80105972290039
CAM,2229,2.502330780029297,13.522462844848633,446,1,23,30,,11.020132064819336,True,0.9972766041755676,0.9758867025375366,0.021389901638031,15.31926727294922
FAM,2229,1.7547607421875,13.522462844848633,446,1,23,30,,11.767702102661133,True,0.9972766041755676,0.9898536801338196,0.007422924041748,19.7175350189209
Random,2229,1.9345684051513672,13.522462844848633,446,1,23,30,,11.587894439697266,True,0.9972766041755676,0.985373318195343,0.0119032859802246,35.9794921875
Superpixel,2668,5.440597534179688,15.200650215148926,447,1,23,30,,9.760052680969238,True,0.9996993541717528,0.8475044369697571,0.1521949172019958,11.825827598571776
CAM,2668,5.849432945251465,15.200650215148926,447,1,23,30,,9.35121726989746,True,0.9996993541717528,0.863673210144043,0.1360261440277099,8.730728149414062
FAM,2668,-0.0801553726196289,15.200650215148926,447,1,23,30,,15.280805587768556,True,0.9996993541717528,0.9997292160987854,-2.9861927032470703e-05,8.730728149414062
Random,2668,0.2790460586547851,15.200650215148926,447,1,23,30,,14.92160415649414,True,0.9996993541717528,0.9996554851531982,4.38690185546875e-05,28.57081413269043
Superpixel,3521,-0.8840179443359375,15.618755340576172,448,1,21,30,,16.50277328491211,True,0.999772012233734,0.9998645782470704,-9.256601333618164e-05,13.391881942749023
CAM,3521,0.6073827743530273,15.618755340576172,448,1,21,30,,15.011372566223145,True,0.999772012233734,0.9996675252914428,0.0001044869422912,13.590826988220217
FAM,3521,-1.999671936035156,15.618755340576172,448,1,21,30,,17.618427276611328,True,0.999772012233734,0.9999473094940186,-0.0001752972602844,13.394932746887209
Random,3521,0.4726390838623047,15.618755340576172,448,1,21,30,,15.146116256713867,True,0.999772012233734,0.9994309544563292,0.0003410577774047,28.65724372863769
Superpixel,3998,1.0612239837646484,10.138473510742188,449,1,19,30,,9.07724952697754,True,0.8258997201919556,0.5456690788269043,0.2802306413650512,22.728639602661133
CAM,3998,6.731313705444336,10.138473510742188,449,1,19,30,,3.407159805297852,False,0.8258997201919556,0.0308045335114002,0.7950952053070068,21.571224212646484
FAM,3998,3.3426666259765625,10.138473510742188,449,1,19,30,,6.795806884765625,True,0.8258997201919556,0.2986175715923309,0.5272821187973022,20.29475784301757
Random,3998,4.335229873657227,10.138473510742188,449,1,19,30,,5.803243637084961,False,0.8258997201919556,0.1181003227829933,0.7077993750572205,25.4637508392334
Superpixel,2885,3.648091316223145,11.010433197021484,450,1,22,30,,7.36234188079834,True,0.7175921201705933,0.280448704957962,0.4371434152126312,13.90026569366455
CAM,2885,4.109992027282715,11.010433197021484,450,1,22,30,,6.9004411697387695,False,0.7175921201705933,0.0682663321495056,0.6493257880210876,20.522275924682617
FAM,2885,-0.3584728240966797,11.010433197021484,450,1,22,30,,11.368906021118164,True,0.7175921201705933,0.8264368772506714,-0.1088447570800781,17.884204864501953
Random,2885,7.51466703414917,11.010433197021484,450,1,22,30,,3.4957661628723145,False,0.7175921201705933,0.0296100638806819,0.6879820823669434,32.55193328857422
Superpixel,2237,6.391453742980957,13.473461151123049,451,1,21,30,,7.08200740814209,True,0.9983211159706116,0.3948206007480621,0.603500485420227,14.741229057312012
CAM,2237,6.067122459411621,13.473461151123049,451,1,21,30,,7.406338691711426,True,0.9983211159706116,0.4976407587528229,0.5006803274154663,15.122013092041016
FAM,2237,6.0257673263549805,13.473461151123049,451,1,21,30,,7.447693824768066,True,0.9983211159706116,0.5664997696876526,0.431821346282959,15.122013092041016
Random,2237,3.852797508239746,13.473461151123049,451,1,21,30,,9.6206636428833,True,0.9983211159706116,0.945780873298645,0.0525402426719665,28.086292266845703
Superpixel,1459,3.0116958618164062,13.558069229125977,452,1,23,30,,10.54637336730957,True,0.9927404522895812,0.9359769225120544,0.0567635297775268,14.553150177001951
CAM,1459,8.102952003479004,13.558069229125977,452,1,23,30,,5.455117225646973,True,0.9927404522895812,0.2716595828533172,0.7210808992385864,13.385047912597656
FAM,1459,4.806353569030762,13.558069229125977,452,1,23,30,,8.751715660095215,True,0.9927404522895812,0.8395406007766724,0.1531998515129089,13.385047912597656
Random,1459,-0.0488548278808593,13.558069229125977,452,1,23,30,,13.606924057006836,True,0.9927404522895812,0.9955737590789796,-0.0028333067893981,26.584264755249023
Superpixel,1648,2.747142791748047,15.751117706298828,453,1,18,30,,13.00397491455078,True,0.9989818930625916,0.9846290349960328,0.0143528580665588,13.138097763061523
CAM,1648,10.641613006591797,15.751117706298828,453,1,18,30,,5.109504699707031,False,0.9989818930625916,0.107943370938301,0.8910385370254517,14.487344741821287
FAM,1648,1.5517168045043943,15.751117706298828,453,1,18,30,,14.199400901794434,True,0.9989818930625916,0.9949716329574584,0.004010260105133,14.487344741821287
Random,1648,0.3109607696533203,15.751117706298828,453,1,18,30,,15.440156936645508,True,0.9989818930625916,0.9955772161483764,0.003404676914215,34.71474075317383
Superpixel,1057,-0.3137502670288086,10.423739433288574,454,1,23,30,,10.737489700317385,True,0.9054688811302184,0.8324674367904663,0.0730014443397522,18.0714111328125
CAM,1057,4.281856536865234,10.423739433288574,454,1,23,30,,6.14188289642334,True,0.9054688811302184,0.2872668802738189,0.6182019710540771,14.072473526000977
FAM,1057,4.814468383789063,10.423739433288574,454,1,23,30,,5.609271049499512,True,0.9054688811302184,0.1882619857788086,0.7172068953514099,13.536653518676758
Random,1057,0.4266996383666992,10.423739433288574,454,1,23,30,,9.997039794921877,True,0.9054688811302184,0.8743487000465393,0.0311201810836792,27.38114356994629
Superpixel,2624,8.047171592712402,12.612786293029783,455,1,25,30,,4.565614700317383,False,0.9968630075454712,0.0726152658462524,0.9242477416992188,11.557453155517578
CAM,2624,6.869178295135498,12.612786293029783,455,1,25,30,,5.743607997894287,True,0.9968630075454712,0.191747635602951,0.8051153421401978,21.60872459411621
FAM,2624,5.099647521972656,12.612786293029783,455,1,25,30,,7.513138771057129,True,0.9968630075454712,0.5819920897483826,0.4148709177970886,21.60872459411621
Random,2624,2.197720527648926,12.612786293029783,455,1,25,30,,10.41506576538086,True,0.9968630075454712,0.9757779836654664,0.0210850238800048,34.88728332519531
Superpixel,2353,-0.115478515625,14.01921272277832,456,1,22,30,,14.13469123840332,True,0.9975529313087464,0.9982408285140992,-0.0006878972053527,10.602956771850586
CAM,2353,4.871464729309082,14.01921272277832,456,1,22,30,,9.147747993469238,True,0.9975529313087464,0.9060685038566588,0.0914844274520874,15.842035293579102
FAM,2353,-0.0387544631958007,14.01921272277832,456,1,22,30,,14.05796718597412,True,0.9975529313087464,0.9978398084640504,-0.0002868771553039,17.703027725219727
Random,2353,0.6222476959228516,14.01921272277832,456,1,22,30,,13.396965026855469,True,0.9975529313087464,0.996791422367096,0.0007615089416503,27.729528427124023
Superpixel,2240,5.162569046020508,7.960134506225586,457,1,24,30,,2.797565460205078,False,0.3726227879524231,0.0038671493530273,0.3687556385993957,15.565641403198242
CAM,2240,5.292450189590454,7.960134506225586,457,1,24,30,,2.667684316635132,False,0.3726227879524231,0.0096714394167065,0.3629513382911682,30.36056900024414
FAM,2240,3.667622566223145,7.960134506225586,457,1,24,30,,4.292511940002441,False,0.3726227879524231,0.0695496499538421,0.3030731379985809,22.5006046295166
Random,2240,-0.2432117462158203,7.960134506225586,457,1,24,30,,8.203346252441406,True,0.3726227879524231,0.5924893617630005,-0.2198665738105774,25.9582576751709
Superpixel,2164,0.9822120666503906,12.166885375976562,458,1,23,30,,11.184673309326172,True,0.9902133345603944,0.9799041748046876,0.0103091597557067,18.4502182006836
CAM,2164,3.628124237060547,12.166885375976562,458,1,23,30,,8.538761138916016,True,0.9902133345603944,0.8116289973258972,0.178584337234497,24.949087142944336
FAM,2164,4.0871124267578125,12.166885375976562,458,1,23,30,,8.07977294921875,True,0.9902133345603944,0.7782819271087646,0.2119314074516296,24.949087142944336
Random,2164,2.156431198120117,12.166885375976562,458,1,23,30,,10.010454177856444,True,0.9902133345603944,0.9054286479949952,0.0847846865653991,33.93827438354492
Superpixel,3972,2.0152950286865234,14.432561874389648,459,1,21,30,,12.417266845703123,True,0.9860323667526244,0.9857946634292604,0.0002377033233642,14.270124435424805
CAM,3972,9.54136323928833,14.432561874389648,459,1,21,30,,4.891198635101318,False,0.9860323667526244,0.1329753845930099,0.8530569672584534,14.25556468963623
FAM,3972,9.756611347198486,14.432561874389648,459,1,21,30,,4.675950527191162,False,0.9860323667526244,0.0436413884162902,0.9423909783363342,25.18846893310547
Random,3972,4.9063873291015625,14.432561874389648,459,1,21,30,,9.526174545288086,True,0.9860323667526244,0.9031834602355956,0.0828489065170288,26.93404769897461
Superpixel,4142,-0.6247987747192383,15.38392734527588,460,1,19,30,,16.008726119995117,True,0.9995450377464294,0.9995939135551452,-4.887580871582031e-05,12.2111177444458
CAM,4142,11.43997859954834,15.38392734527588,460,1,19,30,,3.943948745727539,False,0.9995450377464294,0.0666370019316673,0.932908058166504,17.208194732666016
FAM,4142,8.48843765258789,15.38392734527588,460,1,19,30,,6.895489692687988,True,0.9995450377464294,0.5110704898834229,0.4884745478630066,18.453044891357425
Random,4142,7.902373313903809,15.38392734527588,460,1,19,30,,7.48155403137207,True,0.9995450377464294,0.5920976400375366,0.4074473977088928,28.805889129638672
Superpixel,2741,0.1013364791870117,13.74164867401123,461,1,21,30,,13.64031219482422,True,0.9874899983406068,0.9904691576957704,-0.0029791593551635,14.906169891357422
CAM,2741,6.110484600067139,13.74164867401123,461,1,21,30,,7.631164073944092,False,0.9874899983406068,0.2957140505313873,0.691775918006897,14.43720531463623
FAM,2741,6.014496803283691,13.74164867401123,461,1,21,30,,7.727151870727539,False,0.9874899983406068,0.05698237195611,0.9305076003074646,14.43720531463623
Random,2741,6.522938251495361,13.74164867401123,461,1,21,30,,7.218710422515869,False,0.9874899983406068,0.0375044457614421,0.9499855637550354,28.31298828125
Superpixel,1850,0.7950820922851562,12.440019607543944,462,1,22,30,,11.644937515258787,True,0.9835569858551024,0.9841057658195496,-0.000548779964447,15.60854434967041
CAM,1850,4.757285118103027,12.440019607543944,462,1,22,30,,7.682734489440918,True,0.9835569858551024,0.5521444082260132,0.4314125776290893,13.861456871032717
FAM,1850,7.573994159698486,12.440019607543944,462,1,22,30,,4.866025447845459,False,0.9835569858551024,0.0185011886060237,0.9650558233261108,13.861456871032717
Random,1850,5.084569454193115,12.440019607543944,462,1,22,30,,7.35545015335083,True,0.9835569858551024,0.6651111841201782,0.3184458017349243,30.13909339904785
Superpixel,3546,-0.2266960144042968,17.04639434814453,463,1,23,30,,17.273090362548828,True,0.9998243451118468,0.9998998641967772,-7.551908493041992e-05,11.840128898620604
CAM,3546,11.908013820648192,17.04639434814453,463,1,23,30,,5.138380527496338,False,0.9998243451118468,0.143040731549263,0.8567836284637451,14.19252109527588
FAM,3546,8.080835342407227,17.04639434814453,463,1,23,30,,8.965559005737305,True,0.9998243451118468,0.7486429214477539,0.251181423664093,14.844621658325195
Random,3546,12.633596897125244,17.04639434814453,463,1,23,30,,4.412797451019287,False,0.9998243451118468,0.091851070523262,0.907973289489746,34.452674865722656
Superpixel,2116,2.926849365234375,11.91197681427002,464,1,21,30,,8.985127449035645,True,0.9562339186668396,0.503046452999115,0.4531874656677246,18.501989364624023
CAM,2116,2.30220890045166,11.91197681427002,464,1,21,30,,9.60976791381836,True,0.9562339186668396,0.8875590562820435,0.0686748623847961,27.97200965881348
FAM,2116,3.4372482299804688,11.91197681427002,464,1,21,30,,8.47472858428955,True,0.9562339186668396,0.590276837348938,0.3659570813179016,21.02921485900879
Random,2116,-0.439213752746582,11.91197681427002,464,1,21,30,,12.351190567016602,True,0.9562339186668396,0.9717560410499572,-0.0155221223831176,36.6682243347168
Superpixel,3127,1.5425128936767578,10.815690994262695,465,1,21,30,,9.273178100585938,True,0.9438649415969848,0.7342863082885742,0.2095786333084106,20.358348846435547
CAM,3127,6.154675483703613,10.815690994262695,465,1,21,30,,4.661015510559082,False,0.9438649415969848,0.0917582064867019,0.8521067500114441,20.75452423095703
FAM,3127,2.540825843811035,10.815690994262695,465,1,21,30,,8.27486515045166,True,0.9438649415969848,0.8012805581092834,0.1425843834877014,22.72983741760254
Random,3127,0.7236919403076172,10.815690994262695,465,1,21,30,,10.091999053955078,True,0.9438649415969848,0.8549617528915405,0.0889031887054443,27.768489837646484
Superpixel,1990,7.635427117347717,8.3627290725708,466,1,21,30,,0.7273019552230835,False,0.5222499370574951,0.0008724139770492,0.5213775038719177,18.37151336669922
CAM,1990,3.0826234817504883,8.3627290725708,466,1,21,30,,5.2801055908203125,False,0.5222499370574951,0.0924868509173393,0.4297630786895752,20.56320571899414
FAM,1990,3.022974967956543,8.3627290725708,466,1,21,30,,5.339754104614258,False,0.5222499370574951,0.12142925709486,0.4008206725120544,21.648412704467773
Random,1990,1.8113412857055664,8.3627290725708,466,1,21,30,,6.551387786865234,True,0.5222499370574951,0.4804677665233612,0.0417821705341339,30.478530883789062
Superpixel,1975,2.080537796020508,13.153190612792969,467,1,24,30,,11.07265281677246,True,0.9964415431022644,0.9847437739372252,0.011697769165039,11.811530113220217
CAM,1975,3.494667053222656,13.153190612792969,467,1,24,30,,9.658523559570312,True,0.9964415431022644,0.9096869230270386,0.0867546200752258,22.912242889404297
FAM,1975,6.827615261077881,13.153190612792969,467,1,24,30,,6.325575351715088,True,0.9964415431022644,0.5155028700828552,0.4809386730194092,23.17197799682617
Random,1975,6.369114875793457,13.153190612792969,467,1,24,30,,6.784075736999512,False,0.9964415431022644,0.2409643828868866,0.7554771900177002,27.58296012878418
Superpixel,2051,9.661755800247192,8.847951889038086,468,1,25,30,,-0.8138039112091064,False,0.6280813217163086,8.02449449111009e-06,0.6280732750892639,19.720842361450195
CAM,2051,6.787876129150391,8.847951889038086,468,1,25,30,,2.060075759887696,False,0.6280813217163086,0.0076140495948493,0.6204672455787659,17.256175994873047
FAM,2051,3.4836678504943848,8.847951889038086,468,1,25,30,,5.364284038543701,False,0.6280813217163086,0.0831775292754173,0.5449038147926331,17.256175994873047
Random,2051,6.084026336669922,8.847951889038086,468,1,25,30,,2.763925552368164,False,0.6280813217163086,0.006451946683228,0.6216293573379517,35.70497131347656
Superpixel,3781,6.517890691757202,9.869564056396484,469,1,22,30,,3.3516733646392822,False,0.5633084177970886,0.0267438627779483,0.5365645289421082,14.394194602966309
CAM,3781,5.640748023986816,9.869564056396484,469,1,22,30,,4.228816032409668,False,0.5633084177970886,0.04150977358222,0.5217986702919006,12.597702980041504
FAM,3781,4.863523960113525,9.869564056396484,469,1,22,30,,5.006040096282959,False,0.5633084177970886,0.055902324616909,0.5074061155319214,14.98558235168457
Random,3781,4.093848705291748,9.869564056396484,469,1,22,30,,5.775715351104736,False,0.5633084177970886,0.0074993255548179,0.5558090806007385,29.68961906433105
Superpixel,4618,0.4045972824096679,8.535066604614258,470,1,19,30,,8.13046932220459,True,0.6779558658599854,0.7270399332046509,-0.0490840673446655,19.067596435546875
CAM,4618,2.6538949012756348,8.535066604614258,470,1,19,30,,5.881171703338623,False,0.6779558658599854,0.1583138406276703,0.5196419954299927,18.77842903137207
FAM,4618,3.3145346641540527,8.535066604614258,470,1,19,30,,5.220531940460205,False,0.6779558658599854,0.171637624502182,0.506318211555481,18.207639694213867
Random,4618,5.043476104736328,8.535066604614258,470,1,19,30,,3.4915904998779297,False,0.6779558658599854,0.0161345098167657,0.6618213653564453,26.18057441711425
Superpixel,4574,8.709100008010864,12.632489204406738,471,1,18,30,,3.923389196395874,False,0.9756633639335632,0.0204107835888862,0.9552525877952576,14.618071556091309
CAM,4574,7.526439189910889,12.632489204406738,471,1,18,30,,5.10605001449585,False,0.9756633639335632,0.0208529941737651,0.954810380935669,14.925943374633787
FAM,4574,6.607088565826416,12.632489204406738,471,1,18,30,,6.025400638580322,True,0.9756633639335632,0.3338204324245453,0.6418429613113403,10.150150299072266
Random,4574,5.255198955535889,12.632489204406738,471,1,18,30,,7.37729024887085,True,0.9756633639335632,0.395455002784729,0.5802083611488342,33.744293212890625
Superpixel,2312,-1.135908126831055,12.620854377746582,472,1,17,30,,13.756762504577637,True,0.9855498671531676,0.9890336990356444,-0.0034838318824768,13.477531433105469
CAM,2312,7.848638534545898,12.620854377746582,472,1,17,30,,4.772215843200684,False,0.9855498671531676,0.0872189030051231,0.8983309864997864,22.30518913269043
FAM,2312,1.8092336654663088,12.620854377746582,472,1,17,30,,10.811620712280272,True,0.9855498671531676,0.9014865159988404,0.0840633511543273,22.30518913269043
Random,2312,4.018192291259766,12.620854377746582,472,1,17,30,,8.602662086486816,True,0.9855498671531676,0.6607234477996826,0.3248264193534851,31.136695861816406
Superpixel,2970,2.5809154510498047,13.987737655639648,473,1,25,30,,11.406822204589844,True,0.9973995685577391,0.9109051823616028,0.0864943861961364,10.646164894104004
CAM,2970,9.12757921218872,13.987737655639648,473,1,25,30,,4.860158443450928,False,0.9973995685577391,0.0839927494525909,0.9134068489074708,14.883423805236816
FAM,2970,5.997985363006592,13.987737655639648,473,1,25,30,,7.989752292633057,True,0.9973995685577391,0.6984248161315918,0.2989747524261474,14.883423805236816
Random,2970,3.465242385864258,13.987737655639648,473,1,25,30,,10.52249526977539,True,0.9973995685577391,0.952820599079132,0.0445789694786071,27.85339736938477
Superpixel,1928,-0.470280647277832,8.992033958435059,474,1,24,30,,9.46231460571289,True,0.6899263858795166,0.7821670174598694,-0.0922406315803527,14.737008094787598
CAM,1928,5.28654932975769,8.992033958435059,474,1,24,30,,3.705484628677368,False,0.6899263858795166,0.0335118919610977,0.6564145088195801,23.334762573242188
FAM,1928,5.5136449337005615,8.992033958435059,474,1,24,30,,3.478389024734497,False,0.6899263858795166,0.0324824191629886,0.6574439406394958,23.67436790466309
Random,1928,3.7463669776916495,8.992033958435059,474,1,24,30,,5.245666980743408,True,0.6899263858795166,0.1526708006858825,0.537255585193634,26.88037872314453
Superpixel,3238,1.6105709075927734,13.59919548034668,475,1,25,30,,11.988624572753906,True,0.9970614314079284,0.9905808568000792,0.0064805746078491,14.742932319641112
CAM,3238,8.987652778625488,13.59919548034668,475,1,25,30,,4.611542701721191,False,0.9970614314079284,0.0907899513840675,0.9062714576721193,17.608173370361328
FAM,3238,10.328143835067747,13.59919548034668,475,1,25,30,,3.2710516452789307,False,0.9970614314079284,0.0352163910865783,0.96184504032135,14.240755081176758
Random,3238,9.642530918121338,13.59919548034668,475,1,25,30,,3.956664562225342,False,0.9970614314079284,0.0411089658737182,0.9559524655342102,27.13347244262696
Superpixel,3072,2.602388381958008,11.059993743896484,476,1,20,30,,8.457605361938477,True,0.9524194002151488,0.665229856967926,0.2871895432472229,11.96224880218506
CAM,3072,7.549185276031494,11.059993743896484,476,1,20,30,,3.5108084678649902,False,0.9524194002151488,0.0263671204447746,0.9260522723197936,21.163673400878903
FAM,3072,7.868213653564453,11.059993743896484,476,1,20,30,,3.1917800903320312,False,0.9524194002151488,0.0144058167934417,0.9380135536193848,16.32436180114746
Random,3072,3.650320529937744,11.059993743896484,476,1,20,30,,7.40967321395874,True,0.9524194002151488,0.5587559938430786,0.3936634063720703,30.282026290893555
Superpixel,2883,-1.0015869140625,9.515256881713867,477,1,24,30,,10.516843795776367,True,0.7907567024230957,0.9270136952400208,-0.136256992816925,12.205683708190918
CAM,2883,4.044532299041748,9.515256881713867,477,1,24,30,,5.470724582672119,False,0.7907567024230957,0.1313843578100204,0.6593723297119141,27.11393165588379
FAM,2883,6.7198569774627686,9.515256881713867,477,1,24,30,,2.795399904251098,False,0.7907567024230957,0.0080057503655552,0.7827509641647339,27.11393165588379
Random,2883,4.20243501663208,9.515256881713867,477,1,24,30,,5.312821865081787,False,0.7907567024230957,0.0636910572648048,0.7270656228065491,28.08323860168457
Superpixel,2979,5.92413854598999,8.106038093566895,478,1,21,30,,2.1818995475769043,False,0.4591683447360992,0.0008140645804814,0.4583542943000793,20.68250846862793
CAM,2979,-0.0481901168823242,8.106038093566895,478,1,21,30,,8.154228210449219,True,0.4591683447360992,0.4884441494941711,-0.0292758047580719,13.061443328857422
FAM,2979,3.3566455841064453,8.106038093566895,478,1,21,30,,4.749392509460449,True,0.4591683447360992,0.0926134288311004,0.3665549159049988,13.11957836151123
Random,2979,-2.9385204315185547,8.106038093566895,478,1,21,30,,11.04455852508545,True,0.4591683447360992,0.9330592751502992,-0.4738909304141998,26.559017181396484
Superpixel,1702,4.790106296539307,9.32462215423584,479,1,21,30,,4.534515857696533,False,0.601530134677887,0.0039130337536334,0.5976170897483826,19.02938461303711
CAM,1702,-0.6200780868530273,9.32462215423584,479,1,21,30,,9.944700241088867,True,0.601530134677887,0.9201524257659912,-0.3186222910881042,17.15960693359375
FAM,1702,1.9982109069824217,9.32462215423584,479,1,21,30,,7.326411247253418,True,0.601530134677887,0.4292260110378265,0.1723041236400604,17.252317428588867
Random,1702,-1.344405174255371,9.32462215423584,479,1,21,30,,10.669027328491213,True,0.601530134677887,0.873214840888977,-0.2716847062110901,28.62392807006836
Superpixel,2318,0.2533025741577148,8.69333267211914,480,1,24,30,,8.440030097961426,False,0.4725033938884735,0.2297019511461258,0.2428014427423477,13.314574241638184
CAM,2318,3.762853145599365,8.69333267211914,480,1,24,30,,4.930479526519775,False,0.4725033938884735,0.0366934388875961,0.4358099699020386,27.929780960083008
FAM,2318,5.479595899581909,8.69333267211914,480,1,24,30,,3.2137367725372314,False,0.4725033938884735,0.009294924326241,0.4632084667682647,30.220314025878903
Random,2318,5.967394590377808,8.69333267211914,480,1,24,30,,2.725938081741333,False,0.4725033938884735,0.0026070077437907,0.4698963761329651,28.3292179107666
Superpixel,1600,8.300121784210205,12.91010856628418,481,1,22,30,,4.609986782073975,False,0.9900788068771362,0.0094591518864035,0.9806196689605712,15.647665977478027
CAM,1600,4.234618186950684,12.91010856628418,481,1,22,30,,8.675490379333496,True,0.9900788068771362,0.7510325312614441,0.2390462756156921,23.398900985717773
FAM,1600,0.3501443862915039,12.91010856628418,481,1,22,30,,12.559964179992676,True,0.9900788068771362,0.9926829934120178,-0.0026041865348815,23.398900985717773
Random,1600,0.7876863479614258,12.91010856628418,481,1,22,30,,12.122422218322754,True,0.9900788068771362,0.9858338236808776,0.0042449831962585,30.8116397857666
Superpixel,2067,4.806921005249023,11.24067497253418,482,1,24,30,,6.433753967285156,False,0.5273094177246094,0.0441541410982608,0.4831552803516388,13.118220329284668
CAM,2067,5.566408157348633,11.24067497253418,482,1,24,30,,5.674266815185547,False,0.5273094177246094,0.0079565430060029,0.5193528532981873,19.69900131225586
FAM,2067,4.546019554138184,11.24067497253418,482,1,24,30,,6.694655418395996,False,0.5273094177246094,0.0261186230927705,0.5011907815933228,18.492355346679688
Random,2067,5.46462345123291,11.24067497253418,482,1,24,30,,5.7760515213012695,False,0.5273094177246094,0.0125807588919997,0.5147286653518677,29.92678451538086
Superpixel,2600,5.998149394989014,12.510856628417969,483,1,22,30,,6.512707233428955,True,0.9558249115943908,0.2419634014368057,0.7138615250587463,20.59817314147949
CAM,2600,4.189923286437988,12.510856628417969,483,1,22,30,,8.32093334197998,False,0.9558249115943908,0.3533390164375305,0.6024858951568604,13.480002403259276
FAM,2600,0.7508316040039062,12.510856628417969,483,1,22,30,,11.760025024414062,True,0.9558249115943908,0.8523017764091492,0.1035231351852417,16.084888458251953
Random,2600,0.2158679962158203,12.510856628417969,483,1,22,30,,12.294988632202148,True,0.9558249115943908,0.952900528907776,0.0029243826866149,27.822832107543945
Superpixel,2381,0.9158077239990234,13.336052894592283,484,1,22,30,,12.420245170593262,True,0.9954516291618348,0.9851036667823792,0.0103479623794555,12.082724571228027
CAM,2381,7.520158290863037,13.336052894592283,484,1,22,30,,5.815894603729248,False,0.9954516291618348,0.1990717649459839,0.7963798642158508,28.81465148925781
FAM,2381,4.714217185974121,13.336052894592283,484,1,22,30,,8.621835708618164,True,0.9954516291618348,0.7441192269325256,0.2513324022293091,21.16403007507324
Random,2381,1.6434450149536133,13.336052894592283,484,1,22,30,,11.692607879638672,True,0.9954516291618348,0.9773426055908204,0.0181090235710144,27.788328170776367
Superpixel,4582,2.91342830657959,11.77963161468506,485,1,20,30,,8.866203308105469,True,0.9750170707702636,0.7394331693649292,0.2355839014053344,15.265432357788086
CAM,4582,4.025662422180176,11.77963161468506,485,1,20,30,,7.753969192504883,True,0.9750170707702636,0.5201506614685059,0.4548664093017578,9.462080001831056
FAM,4582,6.790146350860596,11.77963161468506,485,1,20,30,,4.989485263824463,False,0.9750170707702636,0.084568552672863,0.8904485106468201,9.462080001831056
Random,4582,4.360414981842041,11.77963161468506,485,1,20,30,,7.419216632843018,True,0.9750170707702636,0.5369569659233093,0.4380601048469543,32.608768463134766
Superpixel,2629,13.61788648366928,14.067773818969728,486,1,23,30,,0.4498873353004455,False,0.7563356161117554,0.000303631008137,0.7560319900512695,12.366872787475586
CAM,2629,10.965569496154783,14.067773818969728,486,1,23,30,,3.1022043228149414,False,0.7563356161117554,0.0064329924061894,0.749902606010437,22.847864151000977
FAM,2629,11.899659156799316,14.067773818969728,486,1,23,30,,2.16811466217041,False,0.7563356161117554,0.0078700277954339,0.7484655976295471,17.21138572692871
Random,2629,5.434476852416992,14.067773818969728,486,1,23,30,,8.633296966552734,False,0.7563356161117554,0.1401955634355545,0.6161400675773621,28.488916397094727
Superpixel,2172,1.129441261291504,13.88963222503662,487,1,22,30,,12.760190963745115,True,0.9864696264266968,0.9555519223213196,0.0309177041053771,15.216771125793455
CAM,2172,13.242645919322968,13.88963222503662,487,1,22,30,,0.6469863057136536,False,0.9864696264266968,0.000742188305594,0.9857274293899536,14.267378807067873
FAM,2172,12.96813416481018,13.88963222503662,487,1,22,30,,0.9214980602264404,False,0.9864696264266968,0.0006829274934716,0.9857866764068604,14.267378807067873
Random,2172,11.02998113632202,13.88963222503662,487,1,22,30,,2.8596510887146,False,0.9864696264266968,0.0079284496605396,0.9785411953926086,27.31509017944336
Superpixel,1128,4.6963958740234375,8.470479011535645,488,1,23,30,,3.774083137512207,False,0.4481430947780609,0.01734553091228,0.4307975769042969,15.891575813293455
CAM,1128,0.5333437919616699,8.470479011535645,488,1,23,30,,7.937135219573975,False,0.4481430947780609,0.2087323516607284,0.2394107431173324,20.417863845825195
FAM,1128,-0.3276405334472656,8.470479011535645,488,1,23,30,,8.79811954498291,True,0.4481430947780609,0.7537071108818054,-0.3055640161037445,20.417863845825195
Random,1128,1.3434576988220217,8.470479011535645,488,1,23,30,,7.127021312713623,False,0.4481430947780609,0.2719940841197967,0.1761490106582641,33.640480041503906
Superpixel,2120,-0.1142692565917968,12.820167541503906,489,1,22,30,,12.934436798095703,True,0.8666867017745972,0.8672163486480713,-0.0005296468734741,12.8335599899292
CAM,2120,2.235128402709961,12.820167541503906,489,1,22,30,,10.585039138793944,False,0.8666867017745972,0.2274499684572219,0.6392367482185364,13.634658813476562
FAM,2120,2.684659004211426,12.820167541503906,489,1,22,30,,10.13550853729248,False,0.8666867017745972,0.0695925951004028,0.7970941066741943,21.972396850585938
Random,2120,2.6577863693237305,12.820167541503906,489,1,22,30,,10.162381172180176,False,0.8666867017745972,0.0458684153854846,0.820818305015564,27.075904846191406
Superpixel,4612,2.245044708251953,14.74143409729004,490,1,22,30,,12.496389389038086,True,0.995008111000061,0.6706454157829285,0.3243626952171325,17.444570541381836
CAM,4612,11.460440397262571,14.74143409729004,490,1,22,30,,3.280993700027466,False,0.995008111000061,0.0063468259759247,0.988661289215088,14.019463539123535
FAM,4612,10.292071342468262,14.74143409729004,490,1,22,30,,4.449362754821777,False,0.995008111000061,0.0124280778691172,0.9825800061225892,14.019463539123535
Random,4612,10.389116287231444,14.74143409729004,490,1,22,30,,4.352317810058594,False,0.995008111000061,0.0073823421262204,0.987625777721405,26.733999252319336
Superpixel,1288,1.3981094360351562,8.130158424377441,491,1,19,30,,6.732048988342285,True,0.4515709578990936,0.2515748143196106,0.199996143579483,17.329883575439453
CAM,1288,3.4820756912231445,8.130158424377441,491,1,19,30,,4.648082733154297,False,0.4515709578990936,0.034900389611721,0.416670560836792,25.51544761657715
FAM,1288,1.806114673614502,8.130158424377441,491,1,19,30,,6.32404375076294,False,0.4515709578990936,0.0523747950792312,0.3991961479187011,25.51544761657715
Random,1288,0.5512065887451172,8.130158424377441,491,1,19,30,,7.578951835632324,True,0.4515709578990936,0.4534878730773926,-0.0019169151782989,26.9497127532959
Superpixel,1963,12.38944125175476,16.23480224609375,492,1,22,30,,3.845360994338989,False,0.9980541467666626,0.009005507454276,0.9890486598014832,16.559419631958008
CAM,1963,7.448281288146973,16.23480224609375,492,1,22,30,,8.786520957946777,False,0.9980541467666626,0.2472621202468872,0.7507920265197754,20.02738380432129
FAM,1963,10.15686559677124,16.23480224609375,492,1,22,30,,6.07793664932251,False,0.9980541467666626,0.0788823142647743,0.9191718101501464,20.02738380432129
Random,1963,7.003666877746582,16.23480224609375,492,1,22,30,,9.231135368347168,True,0.9980541467666626,0.4563784301280975,0.5416756868362427,34.252052307128906
Superpixel,1631,2.0780458450317383,16.02787971496582,493,1,25,30,,13.949833869934082,True,0.9965279698371888,0.9826797246932985,0.0138482451438903,15.558104515075684
CAM,1631,3.389547348022461,16.02787971496582,493,1,25,30,,12.63833236694336,False,0.9965279698371888,0.3800524771213531,0.6164754629135132,16.696901321411133
FAM,1631,2.208193778991699,16.02787971496582,493,1,25,30,,13.81968593597412,True,0.9965279698371888,0.8252764940261841,0.1712514758110046,16.696901321411133
Random,1631,1.5638761520385742,16.02787971496582,493,1,25,30,,14.464003562927246,True,0.9965279698371888,0.98562890291214,0.0108990669250488,32.2293586730957
Superpixel,2731,6.194599151611328,13.967168807983398,494,1,19,30,,7.77256965637207,False,0.9682038426399232,0.353072315454483,0.6151314973831177,14.81439208984375
CAM,2731,4.289496421813965,13.967168807983398,494,1,19,30,,9.677672386169434,True,0.9682038426399232,0.8981100916862488,0.0700937509536743,22.73480796813965
FAM,2731,10.393923044204712,13.967168807983398,494,1,19,30,,3.5732457637786865,False,0.9682038426399232,0.0274685304611921,0.9407353401184082,29.539798736572266
Random,2731,4.845014572143555,13.967168807983398,494,1,19,30,,9.122154235839844,True,0.9682038426399232,0.5738247036933899,0.3943791389465332,31.9406795501709
Superpixel,2500,13.072415828704834,15.738525390625,495,1,18,30,,2.666109561920166,False,0.9938101172447203,0.0010692969663068,0.99274080991745,16.5517520904541
CAM,2500,5.70555591583252,15.738525390625,495,1,18,30,,10.03296947479248,False,0.9938101172447203,0.2629678845405578,0.7308422327041626,23.31294059753418
FAM,2500,5.304874420166016,15.738525390625,495,1,18,30,,10.433650970458984,True,0.9938101172447203,0.5425575971603394,0.4512525200843811,23.31294059753418
Random,2500,1.234375,15.738525390625,495,1,18,30,,14.504150390625,True,0.9938101172447203,0.985691249370575,0.0081188678741455,32.11225891113281
Superpixel,3244,1.4863500595092771,10.49150562286377,496,1,23,30,,9.005155563354492,True,0.8984019160270691,0.7466522455215454,0.1517496705055236,16.490793228149414
CAM,3244,5.485642433166504,10.49150562286377,496,1,23,30,,5.005863189697266,False,0.8984019160270691,0.0198298282921314,0.8785721063613892,19.147220611572266
FAM,3244,5.8441667556762695,10.49150562286377,496,1,23,30,,4.6473388671875,False,0.8984019160270691,0.0171827655285596,0.8812191486358643,20.038991928100582
Random,3244,3.1299362182617188,10.49150562286377,496,1,23,30,,7.361569404602051,False,0.8984019160270691,0.1438375115394592,0.7545644044876099,29.41139411926269
Superpixel,3660,11.61901044845581,13.761595726013184,497,1,20,30,,2.142585277557373,False,0.9183662533760072,0.0002155055699404,0.9181507229804992,19.82856750488281
CAM,3660,12.64716136455536,13.761595726013184,497,1,20,30,,1.1144343614578247,False,0.9183662533760072,0.0003548831446096,0.9180113673210144,15.08663558959961
FAM,3660,13.30421757698059,13.761595726013184,497,1,20,30,,0.4573781490325928,False,0.9183662533760072,0.0002221087779616,0.918144166469574,15.08663558959961
Random,3660,9.294159889221191,13.761595726013184,497,1,20,30,,4.467435836791992,False,0.9183662533760072,0.018289279192686,0.9000769853591919,26.460094451904297
Superpixel,2233,0.1678733825683593,15.232110977172852,498,1,25,30,,15.064237594604492,True,0.972041666507721,0.9606614112854004,0.0113802552223205,11.04037094116211
CAM,2233,8.513298988342285,15.232110977172852,498,1,25,30,,6.718811988830566,False,0.972041666507721,0.1624753177165985,0.8095663785934448,21.60356712341309
FAM,2233,7.2968244552612305,15.232110977172852,498,1,25,30,,7.935286521911621,False,0.972041666507721,0.1614105254411697,0.8106311559677124,21.60356712341309
Random,2233,-0.4052085876464844,15.232110977172852,498,1,25,30,,15.637319564819336,True,0.972041666507721,0.96828430891037,0.003757357597351,31.07465553283692
Superpixel,2399,0.3812122344970703,11.105846405029297,499,1,23,30,,10.724634170532228,True,0.8573874235153198,0.8061113953590393,0.0512760281562805,20.29597282409668
CAM,2399,10.580220520496368,11.105846405029297,499,1,23,30,,0.5256258845329285,False,0.8573874235153198,0.0011809279676526,0.856206476688385,24.97004508972168
FAM,2399,7.194828748703003,11.105846405029297,499,1,23,30,,3.911017656326294,False,0.8573874235153198,0.0267927180975675,0.8305947184562683,24.97004508972168
Random,2399,6.992042541503906,11.105846405029297,499,1,23,30,,4.113803863525391,False,0.8573874235153198,0.0289417393505573,0.8284456729888916,29.464975357055664
