Method,PixelsIncluded,Logit,QueryLogit,InstanceIdx,NumSpIncluded,TotalSPs,SLICSegments,AreaPercent
Superpixel,4595,7.08774995803833,13.099201202392578,0,1,7,10,9.157764668367346
CAM,4595,2.3555383682250977,13.099201202392578,0,1,7,10,9.157764668367346
FAM,4595,1.5519081354141235,13.099201202392578,0,1,7,10,9.157764668367346
Random,4595,5.031782150268555,13.099201202392578,0,1,7,10,9.157764668367346
Superpixel,8719,6.814376831054688,14.3037748336792,1,1,7,10,17.37683354591837
CAM,8719,7.414737224578857,14.3037748336792,1,1,7,10,17.37683354591837
FAM,8719,7.013001918792725,14.3037748336792,1,1,7,10,17.37683354591837
Random,8719,5.624528408050537,14.3037748336792,1,1,7,10,17.37683354591837
Superpixel,5735,4.52897310256958,9.7085542678833,2,1,7,10,11.429767219387756
CAM,5735,5.049154758453369,9.7085542678833,2,1,7,10,11.429767219387756
FAM,5735,3.655586242675781,9.7085542678833,2,1,7,10,11.429767219387756
Random,5735,3.6846632957458496,9.7085542678833,2,1,7,10,11.429767219387756
Superpixel,6316,6.819618225097656,12.617070198059082,3,1,9,10,12.587691326530612
CAM,6316,3.8555006980896,12.617070198059082,3,1,9,10,12.587691326530612
FAM,6316,2.06292986869812,12.617070198059082,3,1,9,10,12.587691326530612
Random,6316,1.4593818187713623,12.617070198059082,3,1,9,10,12.587691326530612
Superpixel,3569,5.695738792419434,13.0728178024292,4,1,7,10,7.112962372448979
CAM,3569,2.9455814361572266,13.0728178024292,4,1,7,10,7.112962372448979
FAM,3569,2.864570140838623,13.0728178024292,4,1,7,10,7.112962372448979
Random,3569,2.2628045082092285,13.0728178024292,4,1,7,10,7.112962372448979
Superpixel,9175,6.273641586303711,6.779087066650391,5,1,6,10,18.28563456632653
CAM,9175,3.6117405891418457,6.779087066650391,5,1,6,10,18.28563456632653
FAM,9175,2.523435115814209,6.779087066650391,5,1,6,10,18.28563456632653
Random,9175,4.699613094329834,6.779087066650391,5,1,6,10,18.28563456632653
Superpixel,4627,6.728583812713623,14.718029975891112,6,1,9,10,9.221540178571429
CAM,4627,2.2122461795806885,14.718029975891112,6,1,9,10,9.221540178571429
FAM,4627,4.007301330566406,14.718029975891112,6,1,9,10,9.221540178571429
Random,4627,3.985960960388184,14.718029975891112,6,1,9,10,9.221540178571429
Superpixel,9919,6.71717643737793,14.793753623962402,7,1,7,10,19.768415178571427
CAM,9919,6.384148120880127,14.793753623962402,7,1,7,10,19.768415178571427
FAM,9919,6.264132022857666,14.793753623962402,7,1,7,10,19.768415178571427
Random,9919,3.492297649383545,14.793753623962402,7,1,7,10,19.768415178571427
Superpixel,6006,5.34821367263794,11.846647262573242,8,1,9,10,11.969866071428571
CAM,6006,3.665372848510742,11.846647262573242,8,1,9,10,11.969866071428571
FAM,6006,5.707342147827148,11.846647262573242,8,1,9,10,11.969866071428571
Random,6006,2.4100661277771,11.846647262573242,8,1,9,10,11.969866071428571
Superpixel,6103,8.084446907043457,15.714459419250488,9,1,9,10,12.163185586734697
CAM,6103,4.873692035675049,15.714459419250488,9,1,9,10,12.163185586734697
FAM,6103,3.1993582248687744,15.714459419250488,9,1,9,10,12.163185586734697
Random,6103,6.594441890716553,15.714459419250488,9,1,9,10,12.163185586734697
Superpixel,8046,6.700167179107666,14.797472953796388,10,1,7,10,16.035554846938776
CAM,8046,4.668590068817139,14.797472953796388,10,1,7,10,16.035554846938776
FAM,8046,3.755305767059326,14.797472953796388,10,1,7,10,16.035554846938776
Random,8046,1.769976258277893,14.797472953796388,10,1,7,10,16.035554846938776
Superpixel,14423,5.6276397705078125,15.955321311950684,11,1,8,10,28.744818239795915
CAM,14423,11.566036224365234,15.955321311950684,11,1,8,10,28.744818239795915
FAM,14423,6.613632678985596,15.955321311950684,11,1,8,10,28.744818239795915
Random,14423,6.276218414306641,15.955321311950684,11,1,8,10,28.744818239795915
Superpixel,4646,4.1019673347473145,12.503718376159668,12,1,7,10,9.259406887755102
CAM,4646,1.7036772966384888,12.503718376159668,12,1,7,10,9.259406887755102
FAM,4646,2.512155532836914,12.503718376159668,12,1,7,10,9.259406887755102
Random,4646,2.9167866706848145,12.503718376159668,12,1,7,10,9.259406887755102
Superpixel,5517,8.984561920166016,12.631207466125488,13,1,7,10,10.99529655612245
CAM,5517,3.5856471061706543,12.631207466125488,13,1,7,10,10.99529655612245
FAM,5517,4.862477779388428,12.631207466125488,13,1,7,10,10.99529655612245
Random,5517,2.0899667739868164,12.631207466125488,13,1,7,10,10.99529655612245
Superpixel,4832,5.924673080444336,11.779589653015137,14,1,8,10,9.630102040816327
CAM,4832,2.099665403366089,11.779589653015137,14,1,8,10,9.630102040816327
FAM,4832,2.2898061275482178,11.779589653015137,14,1,8,10,9.630102040816327
Random,4832,2.774244785308838,11.779589653015137,14,1,8,10,9.630102040816327
Superpixel,5159,6.445269107818604,12.841392517089844,15,1,7,10,10.281808035714286
CAM,5159,6.335448741912842,12.841392517089844,15,1,7,10,10.281808035714286
FAM,5159,4.635578155517578,12.841392517089844,15,1,7,10,10.281808035714286
Random,5159,3.524224281311035,12.841392517089844,15,1,7,10,10.281808035714286
Superpixel,8010,4.437345027923584,11.09400463104248,16,1,8,10,15.963807397959185
CAM,8010,0.197610318660736,11.09400463104248,16,1,8,10,15.963807397959185
FAM,8010,0.7790507674217224,11.09400463104248,16,1,8,10,15.963807397959185
Random,8010,1.4576165676116943,11.09400463104248,16,1,8,10,15.963807397959185
Superpixel,5606,8.190674781799316,12.585721015930176,17,1,9,10,11.17267219387755
CAM,5606,2.3170042037963867,12.585721015930176,17,1,9,10,11.17267219387755
FAM,5606,1.861657977104187,12.585721015930176,17,1,9,10,11.17267219387755
Random,5606,2.932159423828125,12.585721015930176,17,1,9,10,11.17267219387755
Superpixel,9078,5.047810077667236,12.694380760192873,18,1,7,10,18.092315051020407
CAM,9078,9.01901912689209,12.694380760192873,18,1,7,10,18.092315051020407
FAM,9078,8.23487377166748,12.694380760192873,18,1,7,10,18.092315051020407
Random,9078,7.370153903961182,12.694380760192873,18,1,7,10,18.092315051020407
Superpixel,9252,7.650116920471191,12.989941596984863,19,1,7,10,18.4390943877551
CAM,9252,5.752645969390869,12.989941596984863,19,1,7,10,18.4390943877551
FAM,9252,2.123242139816284,12.989941596984863,19,1,7,10,18.4390943877551
Random,9252,5.633410930633545,12.989941596984863,19,1,7,10,18.4390943877551
Superpixel,4674,7.6081156730651855,16.128185272216797,20,1,8,10,9.315210459183673
CAM,4674,1.067816138267517,16.128185272216797,20,1,8,10,9.315210459183673
FAM,4674,3.515066146850586,16.128185272216797,20,1,8,10,9.315210459183673
Random,4674,2.4100921154022217,16.128185272216797,20,1,8,10,9.315210459183673
Superpixel,6249,6.411719799041748,12.184077262878418,21,1,9,10,12.454161352040815
CAM,6249,4.420274257659912,12.184077262878418,21,1,9,10,12.454161352040815
FAM,6249,3.7195539474487305,12.184077262878418,21,1,9,10,12.454161352040815
Random,6249,4.478196620941162,12.184077262878418,21,1,9,10,12.454161352040815
Superpixel,7120,7.758091449737549,14.059261322021484,22,1,9,10,14.190051020408164
CAM,7120,1.9984055757522583,14.059261322021484,22,1,9,10,14.190051020408164
FAM,7120,1.120587944984436,14.059261322021484,22,1,9,10,14.190051020408164
Random,7120,3.607301950454712,14.059261322021484,22,1,9,10,14.190051020408164
Superpixel,7120,5.654589653015137,12.09141731262207,23,1,9,10,14.190051020408164
CAM,7120,3.0726318359375,12.09141731262207,23,1,9,10,14.190051020408164
FAM,7120,1.4568965435028076,12.09141731262207,23,1,9,10,14.190051020408164
Random,7120,5.428787708282471,12.09141731262207,23,1,9,10,14.190051020408164
Superpixel,4748,6.956664562225342,12.06894302368164,24,1,9,10,9.462691326530612
CAM,4748,3.7554993629455566,12.06894302368164,24,1,9,10,9.462691326530612
FAM,4748,3.7059381008148193,12.06894302368164,24,1,9,10,9.462691326530612
Random,4748,2.0425450801849365,12.06894302368164,24,1,9,10,9.462691326530612
Superpixel,6958,5.868381023406982,9.44813632965088,25,1,9,10,13.8671875
CAM,6958,5.351366996765137,9.44813632965088,25,1,9,10,13.8671875
FAM,6958,3.587595701217652,9.44813632965088,25,1,9,10,13.8671875
Random,6958,6.687656879425049,9.44813632965088,25,1,9,10,13.8671875
Superpixel,11649,5.13306188583374,13.162083625793455,26,1,7,10,23.216278698979597
CAM,11649,10.47482204437256,13.162083625793455,26,1,7,10,23.216278698979597
FAM,11649,6.140302658081055,13.162083625793455,26,1,7,10,23.216278698979597
Random,11649,2.044839382171631,13.162083625793455,26,1,7,10,23.216278698979597
Superpixel,11061,5.534148693084717,12.336620330810549,27,1,8,10,22.044403698979597
CAM,11061,8.539804458618164,12.336620330810549,27,1,8,10,22.044403698979597
FAM,11061,5.225387096405029,12.336620330810549,27,1,8,10,22.044403698979597
Random,11061,5.497869491577148,12.336620330810549,27,1,8,10,22.044403698979597
Superpixel,9794,6.81894588470459,12.569396018981934,28,1,8,10,19.519292091836736
CAM,9794,7.663919925689697,12.569396018981934,28,1,8,10,19.519292091836736
FAM,9794,5.196616172790527,12.569396018981934,28,1,8,10,19.519292091836736
Random,9794,8.90136432647705,12.569396018981934,28,1,8,10,19.519292091836736
Superpixel,4257,6.491379737854004,11.978230476379396,29,1,8,10,8.484135841836734
CAM,4257,2.2783327102661133,11.978230476379396,29,1,8,10,8.484135841836734
FAM,4257,7.150097370147705,11.978230476379396,29,1,8,10,8.484135841836734
Random,4257,3.779822587966919,11.978230476379396,29,1,8,10,8.484135841836734
Superpixel,8089,5.070169925689697,9.819235801696776,30,1,8,10,16.121253188775512
CAM,8089,3.883848667144776,9.819235801696776,30,1,8,10,16.121253188775512
FAM,8089,1.0097984075546265,9.819235801696776,30,1,8,10,16.121253188775512
Random,8089,7.747901439666748,9.819235801696776,30,1,8,10,16.121253188775512
Superpixel,3729,6.744840145111084,10.437777519226074,31,1,8,10,7.431839923469388
CAM,3729,0.9945804476737976,10.437777519226074,31,1,8,10,7.431839923469388
FAM,3729,2.760489225387573,10.437777519226074,31,1,8,10,7.431839923469388
Random,3729,1.007573485374451,10.437777519226074,31,1,8,10,7.431839923469388
Superpixel,5848,5.807863712310791,14.931035041809082,32,1,9,10,11.65497448979592
CAM,5848,9.260258674621582,14.931035041809082,32,1,9,10,11.65497448979592
FAM,5848,6.391366481781006,14.931035041809082,32,1,9,10,11.65497448979592
Random,5848,2.994008779525757,14.931035041809082,32,1,9,10,11.65497448979592
Superpixel,3084,10.554194450378418,16.01531219482422,33,1,9,10,6.146364795918367
CAM,3084,6.124247550964356,16.01531219482422,33,1,9,10,6.146364795918367
FAM,3084,2.6727397441864014,16.01531219482422,33,1,9,10,6.146364795918367
Random,3084,0.2518201768398285,16.01531219482422,33,1,9,10,6.146364795918367
Superpixel,7839,9.715274810791016,8.661576271057129,34,1,7,10,15.623007015306122
CAM,7839,3.831549882888794,8.661576271057129,34,1,7,10,15.623007015306122
FAM,7839,5.643702983856201,8.661576271057129,34,1,7,10,15.623007015306122
Random,7839,1.2369773387908936,8.661576271057129,34,1,7,10,15.623007015306122
Superpixel,10179,5.587274074554443,13.425541877746582,35,1,8,10,20.286591198979597
CAM,10179,11.42042636871338,13.425541877746582,35,1,8,10,20.286591198979597
FAM,10179,6.490455150604248,13.425541877746582,35,1,8,10,20.286591198979597
Random,10179,6.310262203216553,13.425541877746582,35,1,8,10,20.286591198979597
Superpixel,3864,5.292617321014404,16.96900749206543,36,1,9,10,7.700892857142858
CAM,3864,3.167034387588501,16.96900749206543,36,1,9,10,7.700892857142858
FAM,3864,3.213494062423706,16.96900749206543,36,1,9,10,7.700892857142858
Random,3864,1.3073214292526243,16.96900749206543,36,1,9,10,7.700892857142858
Superpixel,9838,10.47205638885498,13.132783889770508,37,1,7,10,19.606983418367346
CAM,9838,10.602416038513184,13.132783889770508,37,1,7,10,19.606983418367346
FAM,9838,5.173560619354248,13.132783889770508,37,1,7,10,19.606983418367346
Random,9838,2.424536228179932,13.132783889770508,37,1,7,10,19.606983418367346
Superpixel,6398,7.2010674476623535,10.501419067382812,38,1,7,10,12.751116071428571
CAM,6398,6.898010730743408,10.501419067382812,38,1,7,10,12.751116071428571
FAM,6398,3.2355620861053467,10.501419067382812,38,1,7,10,12.751116071428571
Random,6398,0.9716076850891112,10.501419067382812,38,1,7,10,12.751116071428571
Superpixel,4258,9.08679485321045,14.97776699066162,39,1,7,10,8.486128826530612
CAM,4258,5.525523662567139,14.97776699066162,39,1,7,10,8.486128826530612
FAM,4258,2.923684597015381,14.97776699066162,39,1,7,10,8.486128826530612
Random,4258,1.73237943649292,14.97776699066162,39,1,7,10,8.486128826530612
Superpixel,9240,10.360027313232422,14.156771659851074,40,1,6,10,18.415178571428573
CAM,9240,11.142244338989258,14.156771659851074,40,1,6,10,18.415178571428573
FAM,9240,6.05750036239624,14.156771659851074,40,1,6,10,18.415178571428573
Random,9240,2.6951401233673096,14.156771659851074,40,1,6,10,18.415178571428573
Superpixel,6028,5.721516132354736,9.808170318603516,41,1,8,10,12.013711734693878
CAM,6028,3.024150848388672,9.808170318603516,41,1,8,10,12.013711734693878
FAM,6028,1.611564874649048,9.808170318603516,41,1,8,10,12.013711734693878
Random,6028,0.461768090724945,9.808170318603516,41,1,8,10,12.013711734693878
Superpixel,8710,2.4157540798187256,6.9113450050354,42,1,9,10,17.358896683673468
CAM,8710,4.161768913269043,6.9113450050354,42,1,9,10,17.358896683673468
FAM,8710,3.3421030044555664,6.9113450050354,42,1,9,10,17.358896683673468
Random,8710,0.6859921216964722,6.9113450050354,42,1,9,10,17.358896683673468
Superpixel,3171,6.578317165374756,8.154461860656738,43,1,9,10,6.3197544642857135
CAM,3171,4.830637454986572,8.154461860656738,43,1,9,10,6.3197544642857135
FAM,3171,2.868092536926269,8.154461860656738,43,1,9,10,6.3197544642857135
Random,3171,4.742983341217041,8.154461860656738,43,1,9,10,6.3197544642857135
Superpixel,7531,4.594139099121094,7.419267177581787,44,1,8,10,15.009167729591836
CAM,7531,2.783625841140747,7.419267177581787,44,1,8,10,15.009167729591836
FAM,7531,0.91919207572937,7.419267177581787,44,1,8,10,15.009167729591836
Random,7531,0.0229906737804412,7.419267177581787,44,1,8,10,15.009167729591836
Superpixel,5570,9.30824375152588,16.02260971069336,45,1,7,10,11.10092474489796
CAM,5570,6.428517818450928,16.02260971069336,45,1,7,10,11.10092474489796
FAM,5570,4.974959850311279,16.02260971069336,45,1,7,10,11.10092474489796
Random,5570,2.7770516872406006,16.02260971069336,45,1,7,10,11.10092474489796
Superpixel,6595,3.5246357917785645,13.61289119720459,46,1,9,10,13.14373405612245
CAM,6595,3.137371778488159,13.61289119720459,46,1,9,10,13.14373405612245
FAM,6595,1.7399308681488037,13.61289119720459,46,1,9,10,13.14373405612245
Random,6595,0.9539170265197754,13.61289119720459,46,1,9,10,13.14373405612245
Superpixel,3289,6.748443603515625,12.235228538513184,47,1,9,10,6.554926658163265
CAM,3289,3.755993366241455,12.235228538513184,47,1,9,10,6.554926658163265
FAM,3289,1.823060393333435,12.235228538513184,47,1,9,10,6.554926658163265
Random,3289,2.425309896469116,12.235228538513184,47,1,9,10,6.554926658163265
Superpixel,12675,5.401176452636719,6.241652488708496,48,1,8,10,25.26108099489796
CAM,12675,4.305502414703369,6.241652488708496,48,1,8,10,25.26108099489796
FAM,12675,1.0361285209655762,6.241652488708496,48,1,8,10,25.26108099489796
Random,12675,2.206204652786255,6.241652488708496,48,1,8,10,25.26108099489796
Superpixel,5403,6.287076473236084,9.01724624633789,49,1,7,10,10.768096301020408
CAM,5403,5.371574878692627,9.01724624633789,49,1,7,10,10.768096301020408
FAM,5403,2.754478693008423,9.01724624633789,49,1,7,10,10.768096301020408
Random,5403,2.9779560565948486,9.01724624633789,49,1,7,10,10.768096301020408
Superpixel,10053,6.473541259765625,12.316967964172363,50,1,6,10,20.03547512755102
CAM,10053,3.5294899940490723,12.316967964172363,50,1,6,10,20.03547512755102
FAM,10053,7.406347751617432,12.316967964172363,50,1,6,10,20.03547512755102
Random,10053,4.286682605743408,12.316967964172363,50,1,6,10,20.03547512755102
Superpixel,5612,4.262629985809326,9.366311073303224,51,1,8,10,11.184630102040815
CAM,5612,1.3617066144943235,9.366311073303224,51,1,8,10,11.184630102040815
FAM,5612,-0.186048150062561,9.366311073303224,51,1,8,10,11.184630102040815
Random,5612,1.9806431531906128,9.366311073303224,51,1,8,10,11.184630102040815
Superpixel,5059,8.924662590026855,11.969888687133787,52,1,9,10,10.08250956632653
CAM,5059,5.388831615447998,11.969888687133787,52,1,9,10,10.08250956632653
FAM,5059,1.7485547065734863,11.969888687133787,52,1,9,10,10.08250956632653
Random,5059,1.1546581983566284,11.969888687133787,52,1,9,10,10.08250956632653
Superpixel,11345,6.908389091491699,8.190380096435547,53,1,7,10,22.610411352040817
CAM,11345,2.592280864715576,8.190380096435547,53,1,7,10,22.610411352040817
FAM,11345,0.6606535315513611,8.190380096435547,53,1,7,10,22.610411352040817
Random,11345,2.0845296382904053,8.190380096435547,53,1,7,10,22.610411352040817
Superpixel,4317,10.551419258117676,14.023322105407717,54,1,8,10,8.603714923469388
CAM,4317,3.470190048217773,14.023322105407717,54,1,8,10,8.603714923469388
FAM,4317,6.318992137908936,14.023322105407717,54,1,8,10,8.603714923469388
Random,4317,0.3952870666980743,14.023322105407717,54,1,8,10,8.603714923469388
Superpixel,9093,9.596096992492676,13.847554206848145,55,1,7,10,18.122209821428573
CAM,9093,3.5754945278167725,13.847554206848145,55,1,7,10,18.122209821428573
FAM,9093,3.3191609382629395,13.847554206848145,55,1,7,10,18.122209821428573
Random,9093,1.303431749343872,13.847554206848145,55,1,7,10,18.122209821428573
Superpixel,6298,6.5086445808410645,9.499467849731444,56,1,7,10,12.551817602040815
CAM,6298,8.42625617980957,9.499467849731444,56,1,7,10,12.551817602040815
FAM,6298,3.2261979579925537,9.499467849731444,56,1,7,10,12.551817602040815
Random,6298,5.298381328582764,9.499467849731444,56,1,7,10,12.551817602040815
Superpixel,7826,9.423810958862305,15.408567428588867,57,1,8,10,15.597098214285715
CAM,7826,9.280077934265137,15.408567428588867,57,1,8,10,15.597098214285715
FAM,7826,5.670620441436768,15.408567428588867,57,1,8,10,15.597098214285715
Random,7826,2.904258966445923,15.408567428588867,57,1,8,10,15.597098214285715
Superpixel,4115,7.037748336791992,7.831768989562988,58,1,9,10,8.201132015306122
CAM,4115,2.057805061340332,7.831768989562988,58,1,9,10,8.201132015306122
FAM,4115,2.50110125541687,7.831768989562988,58,1,9,10,8.201132015306122
Random,4115,1.5334351062774658,7.831768989562988,58,1,9,10,8.201132015306122
Superpixel,4926,8.45970630645752,10.82791805267334,59,1,9,10,9.817442602040815
CAM,4926,7.641893863677978,10.82791805267334,59,1,9,10,9.817442602040815
FAM,4926,4.820476055145264,10.82791805267334,59,1,9,10,9.817442602040815
Random,4926,4.357516288757324,10.82791805267334,59,1,9,10,9.817442602040815
Superpixel,12711,10.595964431762695,11.512099266052246,60,1,7,10,25.332828443877556
CAM,12711,9.779122352600098,11.512099266052246,60,1,7,10,25.332828443877556
FAM,12711,5.004408359527588,11.512099266052246,60,1,7,10,25.332828443877556
Random,12711,3.4258909225463867,11.512099266052246,60,1,7,10,25.332828443877556
Superpixel,7949,3.7810966968536377,6.567867755889893,61,1,8,10,15.842235331632654
CAM,7949,2.9822444915771484,6.567867755889893,61,1,8,10,15.842235331632654
FAM,7949,3.72359037399292,6.567867755889893,61,1,8,10,15.842235331632654
Random,7949,3.033782958984375,6.567867755889893,61,1,8,10,15.842235331632654
Superpixel,4337,10.953134536743164,12.996379852294922,62,1,9,10,8.643574617346939
CAM,4337,3.1356897354125977,12.996379852294922,62,1,9,10,8.643574617346939
FAM,4337,5.70775842666626,12.996379852294922,62,1,9,10,8.643574617346939
Random,4337,4.483365058898926,12.996379852294922,62,1,9,10,8.643574617346939
Superpixel,10791,8.433560371398926,13.005719184875488,63,1,6,10,21.50629783163265
CAM,10791,10.661283493041992,13.005719184875488,63,1,6,10,21.50629783163265
FAM,10791,7.97080135345459,13.005719184875488,63,1,6,10,21.50629783163265
Random,10791,2.883553981781006,13.005719184875488,63,1,6,10,21.50629783163265
Superpixel,3325,10.255452156066896,14.693999290466309,64,1,9,10,6.626674107142858
CAM,3325,3.4917120933532715,14.693999290466309,64,1,9,10,6.626674107142858
FAM,3325,2.9974756240844727,14.693999290466309,64,1,9,10,6.626674107142858
Random,3325,1.132605791091919,14.693999290466309,64,1,9,10,6.626674107142858
Superpixel,3230,6.20001220703125,14.149901390075684,65,1,9,10,6.43734056122449
CAM,3230,2.543895721435547,14.149901390075684,65,1,9,10,6.43734056122449
FAM,3230,5.004467964172363,14.149901390075684,65,1,9,10,6.43734056122449
Random,3230,3.586709976196289,14.149901390075684,65,1,9,10,6.43734056122449
Superpixel,13891,10.758051872253418,18.68174362182617,66,1,6,10,27.68455038265306
CAM,13891,11.670580863952637,18.68174362182617,66,1,6,10,27.68455038265306
FAM,13891,8.468890190124512,18.68174362182617,66,1,6,10,27.68455038265306
Random,13891,3.0937933921813965,18.68174362182617,66,1,6,10,27.68455038265306
Superpixel,8359,4.237987518310547,5.601407051086426,67,1,9,10,16.65935905612245
CAM,8359,7.392966747283935,5.601407051086426,67,1,9,10,16.65935905612245
FAM,8359,1.4539340734481812,5.601407051086426,67,1,9,10,16.65935905612245
Random,8359,2.413254499435425,5.601407051086426,67,1,9,10,16.65935905612245
Superpixel,9800,9.116808891296388,15.8436918258667,68,1,8,10,19.53125
CAM,9800,9.581624984741213,15.8436918258667,68,1,8,10,19.53125
FAM,9800,0.9018617868423462,15.8436918258667,68,1,8,10,19.53125
Random,9800,4.651609420776367,15.8436918258667,68,1,8,10,19.53125
Superpixel,11132,9.974638938903809,10.574131965637209,69,1,7,10,22.1859056122449
CAM,11132,1.9467592239379885,10.574131965637209,69,1,7,10,22.1859056122449
FAM,11132,5.681182384490967,10.574131965637209,69,1,7,10,22.1859056122449
Random,11132,2.316892623901367,10.574131965637209,69,1,7,10,22.1859056122449
Superpixel,7227,7.155044555664063,10.96778392791748,70,1,9,10,14.40330038265306
CAM,7227,5.048460006713867,10.96778392791748,70,1,9,10,14.40330038265306
FAM,7227,3.1711742877960205,10.96778392791748,70,1,9,10,14.40330038265306
Random,7227,2.4707508087158203,10.96778392791748,70,1,9,10,14.40330038265306
Superpixel,7790,7.765619277954102,13.712986946105955,71,1,8,10,15.525350765306122
CAM,7790,7.931257247924805,13.712986946105955,71,1,8,10,15.525350765306122
FAM,7790,5.774001598358154,13.712986946105955,71,1,8,10,15.525350765306122
Random,7790,3.3423399925231934,13.712986946105955,71,1,8,10,15.525350765306122
Superpixel,5322,7.543685436248779,7.891994476318359,72,1,9,10,10.606664540816327
CAM,5322,4.920111656188965,7.891994476318359,72,1,9,10,10.606664540816327
FAM,5322,2.763136386871338,7.891994476318359,72,1,9,10,10.606664540816327
Random,5322,3.57820725440979,7.891994476318359,72,1,9,10,10.606664540816327
Superpixel,8823,7.370933532714844,9.226783752441406,73,1,9,10,17.58410395408163
CAM,8823,3.7613484859466553,9.226783752441406,73,1,9,10,17.58410395408163
FAM,8823,2.3017873764038086,9.226783752441406,73,1,9,10,17.58410395408163
Random,8823,3.760850191116333,9.226783752441406,73,1,9,10,17.58410395408163
Superpixel,5858,7.031691551208496,13.885249137878418,74,1,6,10,11.674904336734697
CAM,5858,5.859067916870117,13.885249137878418,74,1,6,10,11.674904336734697
FAM,5858,3.4961769580841064,13.885249137878418,74,1,6,10,11.674904336734697
Random,5858,1.7435431480407717,13.885249137878418,74,1,6,10,11.674904336734697
Superpixel,7446,6.028319835662842,12.7848539352417,75,1,8,10,14.839764030612246
CAM,7446,3.2477760314941406,12.7848539352417,75,1,8,10,14.839764030612246
FAM,7446,3.030780792236328,12.7848539352417,75,1,8,10,14.839764030612246
Random,7446,2.3118691444396973,12.7848539352417,75,1,8,10,14.839764030612246
Superpixel,2805,7.889415264129639,14.082791328430176,76,1,7,10,5.5903220663265305
CAM,2805,4.512284755706787,14.082791328430176,76,1,7,10,5.5903220663265305
FAM,2805,3.363143920898437,14.082791328430176,76,1,7,10,5.5903220663265305
Random,2805,2.026787519454956,14.082791328430176,76,1,7,10,5.5903220663265305
Superpixel,5437,7.028364181518555,11.567422866821287,77,1,7,10,10.835857780612244
CAM,5437,2.625912666320801,11.567422866821287,77,1,7,10,10.835857780612244
FAM,5437,6.4103312492370605,11.567422866821287,77,1,7,10,10.835857780612244
Random,5437,1.197072982788086,11.567422866821287,77,1,7,10,10.835857780612244
Superpixel,4878,8.216912269592285,9.01831340789795,78,1,8,10,9.721779336734697
CAM,4878,2.8991928100585938,9.01831340789795,78,1,8,10,9.721779336734697
FAM,4878,2.604133367538452,9.01831340789795,78,1,8,10,9.721779336734697
Random,4878,2.306290626525879,9.01831340789795,78,1,8,10,9.721779336734697
Superpixel,7783,6.326155662536621,11.042000770568848,79,1,8,10,15.51139987244898
CAM,7783,7.171183109283447,11.042000770568848,79,1,8,10,15.51139987244898
FAM,7783,-0.2859779000282287,11.042000770568848,79,1,8,10,15.51139987244898
Random,7783,4.337604522705078,11.042000770568848,79,1,8,10,15.51139987244898
Superpixel,6963,6.900656700134277,13.937752723693848,80,1,9,10,13.877152423469388
CAM,6963,5.104636192321777,13.937752723693848,80,1,9,10,13.877152423469388
FAM,6963,3.99721622467041,13.937752723693848,80,1,9,10,13.877152423469388
Random,6963,2.546126127243042,13.937752723693848,80,1,9,10,13.877152423469388
Superpixel,6540,9.440678596496582,15.349525451660156,81,1,8,10,13.034119897959185
CAM,6540,6.102747917175293,15.349525451660156,81,1,8,10,13.034119897959185
FAM,6540,3.617891788482666,15.349525451660156,81,1,8,10,13.034119897959185
Random,6540,3.8846969604492183,15.349525451660156,81,1,8,10,13.034119897959185
Superpixel,4910,10.958294868469238,17.41687774658203,82,1,5,10,9.785554846938776
CAM,4910,4.412534236907959,17.41687774658203,82,1,5,10,9.785554846938776
FAM,4910,2.991971492767334,17.41687774658203,82,1,5,10,9.785554846938776
Random,4910,2.803171157836914,17.41687774658203,82,1,5,10,9.785554846938776
Superpixel,3754,7.575863838195801,10.657397270202637,83,1,9,10,7.481664540816327
CAM,3754,3.740923166275024,10.657397270202637,83,1,9,10,7.481664540816327
FAM,3754,1.783186435699463,10.657397270202637,83,1,9,10,7.481664540816327
Random,3754,4.501730918884277,10.657397270202637,83,1,9,10,7.481664540816327
Superpixel,5193,7.7256975173950195,13.52542209625244,84,1,9,10,10.349569515306122
CAM,5193,3.821910858154297,13.52542209625244,84,1,9,10,10.349569515306122
FAM,5193,2.208527088165283,13.52542209625244,84,1,9,10,10.349569515306122
Random,5193,6.055104732513428,13.52542209625244,84,1,9,10,10.349569515306122
Superpixel,8491,9.165307998657228,18.503782272338867,85,1,8,10,16.922433035714285
CAM,8491,6.726308345794678,18.503782272338867,85,1,8,10,16.922433035714285
FAM,8491,4.46735429763794,18.503782272338867,85,1,8,10,16.922433035714285
Random,8491,2.570611953735352,18.503782272338867,85,1,8,10,16.922433035714285
Superpixel,7792,13.74455738067627,15.802794456481934,86,1,8,10,15.529336734693878
CAM,7792,5.238993644714356,15.802794456481934,86,1,8,10,15.529336734693878
FAM,7792,9.39933967590332,15.802794456481934,86,1,8,10,15.529336734693878
Random,7792,3.275631904602051,15.802794456481934,86,1,8,10,15.529336734693878
Superpixel,3395,9.631634712219238,15.148703575134276,87,1,9,10,6.766183035714287
CAM,3395,5.579723358154297,15.148703575134276,87,1,9,10,6.766183035714287
FAM,3395,1.9845478534698489,15.148703575134276,87,1,9,10,6.766183035714287
Random,3395,3.1658153533935547,15.148703575134276,87,1,9,10,6.766183035714287
Superpixel,5505,0.492591381072998,11.899752616882324,88,1,9,10,10.97138073979592
CAM,5505,-0.3113009333610534,11.899752616882324,88,1,9,10,10.97138073979592
FAM,5505,1.3370023965835571,11.899752616882324,88,1,9,10,10.97138073979592
Random,5505,1.931305170059204,11.899752616882324,88,1,9,10,10.97138073979592
Superpixel,8565,4.124454975128174,11.500370025634766,89,1,8,10,17.069913903061224
CAM,8565,4.194386005401611,11.500370025634766,89,1,8,10,17.069913903061224
FAM,8565,2.0847244262695312,11.500370025634766,89,1,8,10,17.069913903061224
Random,8565,3.3111050128936768,11.500370025634766,89,1,8,10,17.069913903061224
Superpixel,8669,0.815112292766571,6.8654656410217285,90,1,9,10,17.277184311224488
CAM,8669,1.3690677881240845,6.8654656410217285,90,1,9,10,17.277184311224488
FAM,8669,1.1233420372009275,6.8654656410217285,90,1,9,10,17.277184311224488
Random,8669,-0.5292416214942932,6.8654656410217285,90,1,9,10,17.277184311224488
Superpixel,6019,1.2479214668273926,14.688021659851074,91,1,8,10,11.99577487244898
CAM,6019,-1.6572984457015991,14.688021659851074,91,1,8,10,11.99577487244898
FAM,6019,0.0602885745465755,14.688021659851074,91,1,8,10,11.99577487244898
Random,6019,1.265199899673462,14.688021659851074,91,1,8,10,11.99577487244898
Superpixel,7911,0.606573224067688,10.596505165100098,92,1,8,10,15.766501913265309
CAM,7911,-0.1273037493228912,10.596505165100098,92,1,8,10,15.766501913265309
FAM,7911,-0.320545345544815,10.596505165100098,92,1,8,10,15.766501913265309
Random,7911,2.321840286254883,10.596505165100098,92,1,8,10,15.766501913265309
Superpixel,13930,1.894268274307251,13.045243263244627,93,1,8,10,27.762276785714285
CAM,13930,7.590839862823486,13.045243263244627,93,1,8,10,27.762276785714285
FAM,13930,9.559834480285645,13.045243263244627,93,1,8,10,27.762276785714285
Random,13930,4.760188579559326,13.045243263244627,93,1,8,10,27.762276785714285
Superpixel,10793,2.533777475357056,9.30405616760254,94,1,7,10,21.510283801020407
CAM,10793,1.2430051565170288,9.30405616760254,94,1,7,10,21.510283801020407
FAM,10793,3.8364388942718506,9.30405616760254,94,1,7,10,21.510283801020407
Random,10793,4.231796741485596,9.30405616760254,94,1,7,10,21.510283801020407
Superpixel,11836,4.925936222076416,14.818351745605469,95,1,7,10,23.58896683673469
CAM,11836,4.463712215423584,14.818351745605469,95,1,7,10,23.58896683673469
FAM,11836,1.4710267782211304,14.818351745605469,95,1,7,10,23.58896683673469
Random,11836,1.6753193140029907,14.818351745605469,95,1,7,10,23.58896683673469
Superpixel,5741,1.7679749727249146,12.893231391906738,96,1,8,10,11.44172512755102
CAM,5741,-1.818673610687256,12.893231391906738,96,1,8,10,11.44172512755102
FAM,5741,1.6627044677734375,12.893231391906738,96,1,8,10,11.44172512755102
Random,5741,2.1596333980560303,12.893231391906738,96,1,8,10,11.44172512755102
Superpixel,7844,1.733891248703003,13.632012367248535,97,1,9,10,15.632971938775512
CAM,7844,-0.1999163925647735,13.632012367248535,97,1,9,10,15.632971938775512
FAM,7844,1.9232441186904907,13.632012367248535,97,1,9,10,15.632971938775512
Random,7844,2.8549394607543945,13.632012367248535,97,1,9,10,15.632971938775512
Superpixel,15471,2.2728090286254883,17.183658599853516,98,1,6,10,30.833466198979597
CAM,15471,12.454798698425291,17.183658599853516,98,1,6,10,30.833466198979597
FAM,15471,11.362432479858398,17.183658599853516,98,1,6,10,30.833466198979597
Random,15471,5.403360843658447,17.183658599853516,98,1,6,10,30.833466198979597
Superpixel,5931,2.620039701461792,14.828822135925291,99,1,8,10,11.820392219387756
CAM,5931,-0.1180459260940551,14.828822135925291,99,1,8,10,11.820392219387756
FAM,5931,0.122437298297882,14.828822135925291,99,1,8,10,11.820392219387756
Random,5931,-0.3071215748786926,14.828822135925291,99,1,8,10,11.820392219387756
Superpixel,9060,2.1380672454833984,12.216415405273438,100,1,8,10,18.05644132653061
CAM,9060,4.141991138458252,12.216415405273438,100,1,8,10,18.05644132653061
FAM,9060,0.649806797504425,12.216415405273438,100,1,8,10,18.05644132653061
Random,9060,1.9445677995681765,12.216415405273438,100,1,8,10,18.05644132653061
Superpixel,4609,1.288544535636902,15.428936958312988,101,1,9,10,9.185666454081632
CAM,4609,-3.0844502449035645,15.428936958312988,101,1,9,10,9.185666454081632
FAM,4609,-0.7395568490028381,15.428936958312988,101,1,9,10,9.185666454081632
Random,4609,-0.7691581845283508,15.428936958312988,101,1,9,10,9.185666454081632
Superpixel,5967,2.27561092376709,15.503938674926758,102,1,8,10,11.892139668367346
CAM,5967,-3.503674268722534,15.503938674926758,102,1,8,10,11.892139668367346
FAM,5967,-1.5151704549789429,15.503938674926758,102,1,8,10,11.892139668367346
Random,5967,0.2138562202453613,15.503938674926758,102,1,8,10,11.892139668367346
Superpixel,8726,1.7747492790222168,18.070388793945312,103,1,7,10,17.390784438775512
CAM,8726,-0.8656002879142761,18.070388793945312,103,1,7,10,17.390784438775512
FAM,8726,-0.5009117126464844,18.070388793945312,103,1,7,10,17.390784438775512
Random,8726,4.307188510894775,18.070388793945312,103,1,7,10,17.390784438775512
Superpixel,9058,3.726726055145264,12.477803230285645,104,1,6,10,18.052455357142858
CAM,9058,4.417746543884277,12.477803230285645,104,1,6,10,18.052455357142858
FAM,9058,3.560047149658203,12.477803230285645,104,1,6,10,18.052455357142858
Random,9058,2.186562776565552,12.477803230285645,104,1,6,10,18.052455357142858
Superpixel,10323,2.933647632598877,17.71215057373047,105,1,7,10,20.57358099489796
CAM,10323,6.100013256072998,17.71215057373047,105,1,7,10,20.57358099489796
FAM,10323,8.882475852966309,17.71215057373047,105,1,7,10,20.57358099489796
Random,10323,2.318788766860962,17.71215057373047,105,1,7,10,20.57358099489796
Superpixel,12284,2.1323397159576416,13.822314262390137,106,1,7,10,24.48182397959184
CAM,12284,3.156291484832764,13.822314262390137,106,1,7,10,24.48182397959184
FAM,12284,1.8733067512512207,13.822314262390137,106,1,7,10,24.48182397959184
Random,12284,1.2284777164459229,13.822314262390137,106,1,7,10,24.48182397959184
Superpixel,4894,0.7036193609237671,14.434985160827637,107,1,8,10,9.753667091836734
CAM,4894,-0.3561781942844391,14.434985160827637,107,1,8,10,9.753667091836734
FAM,4894,0.3634178042411804,14.434985160827637,107,1,8,10,9.753667091836734
Random,4894,3.490755796432495,14.434985160827637,107,1,8,10,9.753667091836734
Superpixel,13045,4.476597309112549,18.18814468383789,108,1,8,10,25.99848533163265
CAM,13045,10.594377517700195,18.18814468383789,108,1,8,10,25.99848533163265
FAM,13045,10.215032577514648,18.18814468383789,108,1,8,10,25.99848533163265
Random,13045,2.486235380172729,18.18814468383789,108,1,8,10,25.99848533163265
Superpixel,6554,0.5949708819389343,11.207807540893556,109,1,9,10,13.06202168367347
CAM,6554,0.767153263092041,11.207807540893556,109,1,9,10,13.06202168367347
FAM,6554,1.5584393739700315,11.207807540893556,109,1,9,10,13.06202168367347
Random,6554,1.788956642150879,11.207807540893556,109,1,9,10,13.06202168367347
Superpixel,5557,-0.7265426516532898,12.709710121154783,110,1,6,10,11.07501594387755
CAM,5557,-3.389545440673828,12.709710121154783,110,1,6,10,11.07501594387755
FAM,5557,-2.0630908012390137,12.709710121154783,110,1,6,10,11.07501594387755
Random,5557,0.6077820658683777,12.709710121154783,110,1,6,10,11.07501594387755
Superpixel,8418,2.199831247329712,12.161798477172852,111,1,9,10,16.776945153061224
CAM,8418,-1.15925133228302,12.161798477172852,111,1,9,10,16.776945153061224
FAM,8418,3.5069494247436523,12.161798477172852,111,1,9,10,16.776945153061224
Random,8418,0.502909779548645,12.161798477172852,111,1,9,10,16.776945153061224
Superpixel,11039,1.1541213989257812,14.646283149719238,112,1,7,10,22.000558035714285
CAM,11039,-2.2211897373199463,14.646283149719238,112,1,7,10,22.000558035714285
FAM,11039,0.1494972705841064,14.646283149719238,112,1,7,10,22.000558035714285
Random,11039,3.774310827255249,14.646283149719238,112,1,7,10,22.000558035714285
Superpixel,6107,-0.183325856924057,11.354926109313965,113,1,8,10,12.171157525510203
CAM,6107,-3.063701868057251,11.354926109313965,113,1,8,10,12.171157525510203
FAM,6107,-2.010250806808472,11.354926109313965,113,1,8,10,12.171157525510203
Random,6107,-0.0717929601669311,11.354926109313965,113,1,8,10,12.171157525510203
Superpixel,7409,1.671420693397522,11.279419898986816,114,1,9,10,14.766023596938776
CAM,7409,-3.59493350982666,11.279419898986816,114,1,9,10,14.766023596938776
FAM,7409,0.7034563422203064,11.279419898986816,114,1,9,10,14.766023596938776
Random,7409,0.7624984383583069,11.279419898986816,114,1,9,10,14.766023596938776
Superpixel,6215,0.1838175654411316,9.643073081970217,115,1,8,10,12.38639987244898
CAM,6215,-1.9800654649734497,9.643073081970217,115,1,8,10,12.38639987244898
FAM,6215,0.2693298459053039,9.643073081970217,115,1,8,10,12.38639987244898
Random,6215,1.5844391584396362,9.643073081970217,115,1,8,10,12.38639987244898
Superpixel,10350,4.415111064910889,9.141690254211426,116,1,7,10,20.62739158163265
CAM,10350,4.002779483795166,9.141690254211426,116,1,7,10,20.62739158163265
FAM,10350,9.839205741882324,9.141690254211426,116,1,7,10,20.62739158163265
Random,10350,7.794734477996826,9.141690254211426,116,1,7,10,20.62739158163265
Superpixel,7843,4.8710036277771,10.933367729187012,117,1,8,10,15.63097895408163
CAM,7843,7.288175106048584,10.933367729187012,117,1,8,10,15.63097895408163
FAM,7843,2.688323974609375,10.933367729187012,117,1,8,10,15.63097895408163
Random,7843,7.688684940338135,10.933367729187012,117,1,8,10,15.63097895408163
Superpixel,6354,6.086400985717773,13.120966911315918,118,1,8,10,12.663424744897958
CAM,6354,9.377045631408691,13.120966911315918,118,1,8,10,12.663424744897958
FAM,6354,2.9739115238189697,13.120966911315918,118,1,8,10,12.663424744897958
Random,6354,0.7132846713066101,13.120966911315918,118,1,8,10,12.663424744897958
Superpixel,6850,4.116708755493164,16.402366638183594,119,1,9,10,13.651945153061224
CAM,6850,4.8855180740356445,16.402366638183594,119,1,9,10,13.651945153061224
FAM,6850,2.344659805297852,16.402366638183594,119,1,9,10,13.651945153061224
Random,6850,1.907728910446167,16.402366638183594,119,1,9,10,13.651945153061224
Superpixel,4691,4.034685134887695,8.822118759155273,120,1,8,10,9.349091198979592
CAM,4691,4.073530673980713,8.822118759155273,120,1,8,10,9.349091198979592
FAM,4691,3.3584985733032227,8.822118759155273,120,1,8,10,9.349091198979592
Random,4691,3.211681842803955,8.822118759155273,120,1,8,10,9.349091198979592
Superpixel,6624,2.58768367767334,6.235069751739502,121,1,8,10,13.201530612244897
CAM,6624,1.34423565864563,6.235069751739502,121,1,8,10,13.201530612244897
FAM,6624,0.775175929069519,6.235069751739502,121,1,8,10,13.201530612244897
Random,6624,1.9042198657989504,6.235069751739502,121,1,8,10,13.201530612244897
Superpixel,6226,4.670523643493652,13.506736755371094,122,1,9,10,12.408322704081632
CAM,6226,5.796703338623047,13.506736755371094,122,1,9,10,12.408322704081632
FAM,6226,3.297249794006348,13.506736755371094,122,1,9,10,12.408322704081632
Random,6226,2.7541697025299072,13.506736755371094,122,1,9,10,12.408322704081632
Superpixel,5805,5.733632564544678,11.120905876159668,123,1,8,10,11.569276147959185
CAM,5805,0.6135361194610596,11.120905876159668,123,1,8,10,11.569276147959185
FAM,5805,0.581432580947876,11.120905876159668,123,1,8,10,11.569276147959185
Random,5805,0.5666830539703369,11.120905876159668,123,1,8,10,11.569276147959185
Superpixel,8299,5.962553977966309,16.80983543395996,124,1,8,10,16.539779974489797
CAM,8299,6.369743347167969,16.80983543395996,124,1,8,10,16.539779974489797
FAM,8299,3.986365795135498,16.80983543395996,124,1,8,10,16.539779974489797
Random,8299,2.684309482574463,16.80983543395996,124,1,8,10,16.539779974489797
Superpixel,8452,11.075413703918455,16.302902221679688,125,1,7,10,16.84470663265306
CAM,8452,11.427308082580566,16.302902221679688,125,1,7,10,16.84470663265306
FAM,8452,4.589616775512695,16.302902221679688,125,1,7,10,16.84470663265306
Random,8452,3.229334115982056,16.302902221679688,125,1,7,10,16.84470663265306
Superpixel,6039,5.740262985229492,14.29814910888672,126,1,9,10,12.03563456632653
CAM,6039,6.03911018371582,14.29814910888672,126,1,9,10,12.03563456632653
FAM,6039,1.9018243551254272,14.29814910888672,126,1,9,10,12.03563456632653
Random,6039,1.7217265367507937,14.29814910888672,126,1,9,10,12.03563456632653
Superpixel,8200,8.186038970947266,13.200457572937012,127,1,9,10,16.34247448979592
CAM,8200,5.858712196350098,13.200457572937012,127,1,9,10,16.34247448979592
FAM,8200,3.3164942264556885,13.200457572937012,127,1,9,10,16.34247448979592
Random,8200,1.9301820993423464,13.200457572937012,127,1,9,10,16.34247448979592
Superpixel,6849,4.663621425628662,9.345117568969728,128,1,8,10,13.649952168367346
CAM,6849,2.535520315170288,9.345117568969728,128,1,8,10,13.649952168367346
FAM,6849,0.8780252933502197,9.345117568969728,128,1,8,10,13.649952168367346
Random,6849,3.111627578735352,9.345117568969728,128,1,8,10,13.649952168367346
Superpixel,8901,7.775697708129883,13.32651424407959,129,1,9,10,17.73955676020408
CAM,8901,7.663796901702881,13.32651424407959,129,1,9,10,17.73955676020408
FAM,8901,6.319710731506348,13.32651424407959,129,1,9,10,17.73955676020408
Random,8901,3.8041059970855713,13.32651424407959,129,1,9,10,17.73955676020408
Superpixel,7497,4.2421488761901855,7.179259300231934,130,1,8,10,14.94140625
CAM,7497,3.7276318073272714,7.179259300231934,130,1,8,10,14.94140625
FAM,7497,2.836592435836792,7.179259300231934,130,1,8,10,14.94140625
Random,7497,-1.1024855375289917,7.179259300231934,130,1,8,10,14.94140625
Superpixel,4862,6.604731559753418,12.296734809875488,131,1,9,10,9.689891581632654
CAM,4862,5.431794166564941,12.296734809875488,131,1,9,10,9.689891581632654
FAM,4862,2.663640022277832,12.296734809875488,131,1,9,10,9.689891581632654
Random,4862,0.5128450989723206,12.296734809875488,131,1,9,10,9.689891581632654
Superpixel,4292,5.818482398986816,15.042993545532228,132,1,9,10,8.55389030612245
CAM,4292,3.057929039001465,15.042993545532228,132,1,9,10,8.55389030612245
FAM,4292,1.6561810970306396,15.042993545532228,132,1,9,10,8.55389030612245
Random,4292,0.3281737565994262,15.042993545532228,132,1,9,10,8.55389030612245
Superpixel,6409,8.29434871673584,12.704119682312012,133,1,7,10,12.773038903061224
CAM,6409,4.55122184753418,12.704119682312012,133,1,7,10,12.773038903061224
FAM,6409,1.8789345026016235,12.704119682312012,133,1,7,10,12.773038903061224
Random,6409,-0.4208427369594574,12.704119682312012,133,1,7,10,12.773038903061224
Superpixel,5846,4.941532135009766,9.561964988708496,134,1,9,10,11.650988520408164
CAM,5846,8.79056453704834,9.561964988708496,134,1,9,10,11.650988520408164
FAM,5846,0.7090911269187927,9.561964988708496,134,1,9,10,11.650988520408164
Random,5846,0.3281154632568359,9.561964988708496,134,1,9,10,11.650988520408164
Superpixel,5660,3.982918500900269,11.64293098449707,135,1,8,10,11.28029336734694
CAM,5660,3.4941272735595703,11.64293098449707,135,1,8,10,11.28029336734694
FAM,5660,-0.155387282371521,11.64293098449707,135,1,8,10,11.28029336734694
Random,5660,-0.5137501955032349,11.64293098449707,135,1,8,10,11.28029336734694
Superpixel,5952,4.899739265441895,11.275784492492676,136,1,8,10,11.862244897959185
CAM,5952,5.434566497802734,11.275784492492676,136,1,8,10,11.862244897959185
FAM,5952,0.4930661916732788,11.275784492492676,136,1,8,10,11.862244897959185
Random,5952,1.039712905883789,11.275784492492676,136,1,8,10,11.862244897959185
Superpixel,6626,2.570133686065674,15.144980430603027,137,1,8,10,13.205516581632654
CAM,6626,2.9274609088897705,15.144980430603027,137,1,8,10,13.205516581632654
FAM,6626,1.4723235368728638,15.144980430603027,137,1,8,10,13.205516581632654
Random,6626,0.173711359500885,15.144980430603027,137,1,8,10,13.205516581632654
Superpixel,8698,7.4029951095581055,12.23999309539795,138,1,8,10,17.33498086734694
CAM,8698,8.422164916992188,12.23999309539795,138,1,8,10,17.33498086734694
FAM,8698,2.7455685138702397,12.23999309539795,138,1,8,10,17.33498086734694
Random,8698,-0.6335007548332214,12.23999309539795,138,1,8,10,17.33498086734694
Superpixel,7862,6.600933074951172,6.806970119476318,139,1,8,10,15.668845663265309
CAM,7862,0.8659449815750122,6.806970119476318,139,1,8,10,15.668845663265309
FAM,7862,0.5206760764122009,6.806970119476318,139,1,8,10,15.668845663265309
Random,7862,1.3857275247573853,6.806970119476318,139,1,8,10,15.668845663265309
Superpixel,8636,9.719684600830078,11.610396385192873,140,1,8,10,17.211415816326532
CAM,8636,7.44527006149292,11.610396385192873,140,1,8,10,17.211415816326532
FAM,8636,2.5283408164978027,11.610396385192873,140,1,8,10,17.211415816326532
Random,8636,1.4094502925872805,11.610396385192873,140,1,8,10,17.211415816326532
Superpixel,8179,7.668976306915283,15.713963508605955,141,1,9,10,16.300621811224488
CAM,8179,15.498478889465332,15.713963508605955,141,1,9,10,16.300621811224488
FAM,8179,7.628724098205566,15.713963508605955,141,1,9,10,16.300621811224488
Random,8179,1.933911085128784,15.713963508605955,141,1,9,10,16.300621811224488
Superpixel,6405,10.72326946258545,14.730679512023926,142,1,9,10,12.765066964285715
CAM,6405,9.041414260864258,14.730679512023926,142,1,9,10,12.765066964285715
FAM,6405,1.4284381866455078,14.730679512023926,142,1,9,10,12.765066964285715
Random,6405,0.9343799948692322,14.730679512023926,142,1,9,10,12.765066964285715
Superpixel,7263,4.718812942504883,14.311620712280272,143,1,9,10,14.475047831632654
CAM,7263,6.500400066375732,14.311620712280272,143,1,9,10,14.475047831632654
FAM,7263,7.630555629730225,14.311620712280272,143,1,9,10,14.475047831632654
Random,7263,5.801249027252197,14.311620712280272,143,1,9,10,14.475047831632654
Superpixel,5661,5.238393783569336,13.337560653686523,144,1,8,10,11.282286352040815
CAM,5661,0.4486695230007171,13.337560653686523,144,1,8,10,11.282286352040815
FAM,5661,3.064366340637207,13.337560653686523,144,1,8,10,11.282286352040815
Random,5661,0.5510106086730957,13.337560653686523,144,1,8,10,11.282286352040815
Superpixel,6668,2.3844447135925293,17.006467819213867,145,1,7,10,13.289221938775512
CAM,6668,3.008970022201538,17.006467819213867,145,1,7,10,13.289221938775512
FAM,6668,1.425387263298035,17.006467819213867,145,1,7,10,13.289221938775512
Random,6668,0.071284681558609,17.006467819213867,145,1,7,10,13.289221938775512
Superpixel,9872,4.117578983306885,13.564491271972656,146,1,7,10,19.674744897959183
CAM,9872,6.398264408111572,13.564491271972656,146,1,7,10,19.674744897959183
FAM,9872,4.9135565757751465,13.564491271972656,146,1,7,10,19.674744897959183
Random,9872,2.0455145835876465,13.564491271972656,146,1,7,10,19.674744897959183
Superpixel,11177,4.810601711273193,17.26859474182129,147,1,7,10,22.27558992346939
CAM,11177,2.318110704421997,17.26859474182129,147,1,7,10,22.27558992346939
FAM,11177,1.7350969314575195,17.26859474182129,147,1,7,10,22.27558992346939
Random,11177,1.697356343269348,17.26859474182129,147,1,7,10,22.27558992346939
Superpixel,6633,4.781535625457764,18.31349372863769,148,1,8,10,13.219467474489797
CAM,6633,2.596480369567871,18.31349372863769,148,1,8,10,13.219467474489797
FAM,6633,4.075766086578369,18.31349372863769,148,1,8,10,13.219467474489797
Random,6633,-0.3983241319656372,18.31349372863769,148,1,8,10,13.219467474489797
Superpixel,7040,2.3882267475128174,11.154372215270996,149,1,7,10,14.030612244897958
CAM,7040,0.4583004117012024,11.154372215270996,149,1,7,10,14.030612244897958
FAM,7040,0.5530719757080078,11.154372215270996,149,1,7,10,14.030612244897958
Random,7040,-0.5235989093780518,11.154372215270996,149,1,7,10,14.030612244897958
Superpixel,8751,5.353322505950928,13.237960815429688,150,1,7,10,17.44060905612245
CAM,8751,8.575594902038574,13.237960815429688,150,1,7,10,17.44060905612245
FAM,8751,5.972620010375977,13.237960815429688,150,1,7,10,17.44060905612245
Random,8751,0.8230235576629639,13.237960815429688,150,1,7,10,17.44060905612245
Superpixel,4157,4.245455741882324,13.540781021118164,151,1,7,10,8.28483737244898
CAM,4157,5.694308757781982,13.540781021118164,151,1,7,10,8.28483737244898
FAM,4157,1.2220683097839355,13.540781021118164,151,1,7,10,8.28483737244898
Random,4157,0.3163594901561737,13.540781021118164,151,1,7,10,8.28483737244898
Superpixel,6399,6.760678291320801,16.670333862304688,152,1,9,10,12.75310905612245
CAM,6399,2.335463523864746,16.670333862304688,152,1,9,10,12.75310905612245
FAM,6399,2.8744285106658936,16.670333862304688,152,1,9,10,12.75310905612245
Random,6399,0.1447813212871551,16.670333862304688,152,1,9,10,12.75310905612245
Superpixel,4584,6.613994121551514,14.594741821289062,153,1,8,10,9.135841836734697
CAM,4584,4.998190402984619,14.594741821289062,153,1,8,10,9.135841836734697
FAM,4584,0.9574637413024902,14.594741821289062,153,1,8,10,9.135841836734697
Random,4584,-0.3133011758327484,14.594741821289062,153,1,8,10,9.135841836734697
Superpixel,10653,7.488114833831787,13.016481399536133,154,1,7,10,21.23126594387755
CAM,10653,9.586786270141602,13.016481399536133,154,1,7,10,21.23126594387755
FAM,10653,1.888799905776977,13.016481399536133,154,1,7,10,21.23126594387755
Random,10653,2.424126625061035,13.016481399536133,154,1,7,10,21.23126594387755
Superpixel,3134,4.941530704498291,9.030038833618164,155,1,9,10,6.246014030612245
CAM,3134,3.806585073471069,9.030038833618164,155,1,9,10,6.246014030612245
FAM,3134,-1.0055553913116455,9.030038833618164,155,1,9,10,6.246014030612245
Random,3134,0.950731873512268,9.030038833618164,155,1,9,10,6.246014030612245
Superpixel,7748,7.145961284637451,16.346372604370117,156,1,8,10,15.441645408163266
CAM,7748,3.731659173965454,16.346372604370117,156,1,8,10,15.441645408163266
FAM,7748,3.443840265274048,16.346372604370117,156,1,8,10,15.441645408163266
Random,7748,2.111630439758301,16.346372604370117,156,1,8,10,15.441645408163266
Superpixel,4848,3.7033228874206543,18.035762786865234,157,1,9,10,9.661989795918368
CAM,4848,2.0879855155944824,18.035762786865234,157,1,9,10,9.661989795918368
FAM,4848,0.3664397299289703,18.035762786865234,157,1,9,10,9.661989795918368
Random,4848,0.9081043004989624,18.035762786865234,157,1,9,10,9.661989795918368
Superpixel,8849,8.361820220947266,14.329495429992676,158,1,8,10,17.63592155612245
CAM,8849,4.407980442047119,14.329495429992676,158,1,8,10,17.63592155612245
FAM,8849,1.1109068393707275,14.329495429992676,158,1,8,10,17.63592155612245
Random,8849,-0.1074219942092895,14.329495429992676,158,1,8,10,17.63592155612245
Superpixel,3944,4.295020580291748,15.876619338989258,159,1,9,10,7.860331632653061
CAM,3944,3.628039598464966,15.876619338989258,159,1,9,10,7.860331632653061
FAM,3944,3.76020097732544,15.876619338989258,159,1,9,10,7.860331632653061
Random,3944,0.9480384588241576,15.876619338989258,159,1,9,10,7.860331632653061
Superpixel,9894,8.180322647094727,12.079415321350098,160,1,9,10,19.718590561224488
CAM,9894,7.623280048370361,12.079415321350098,160,1,9,10,19.718590561224488
FAM,9894,4.706511974334717,12.079415321350098,160,1,9,10,19.718590561224488
Random,9894,0.698888897895813,12.079415321350098,160,1,9,10,19.718590561224488
Superpixel,10048,5.700215816497803,17.422378540039062,161,1,7,10,20.02551020408163
CAM,10048,3.765081644058228,17.422378540039062,161,1,7,10,20.02551020408163
FAM,10048,0.394807368516922,17.422378540039062,161,1,7,10,20.02551020408163
Random,10048,1.513025999069214,17.422378540039062,161,1,7,10,20.02551020408163
Superpixel,5983,4.601552486419678,15.753741264343262,162,1,8,10,11.924027423469388
CAM,5983,4.978893756866455,15.753741264343262,162,1,8,10,11.924027423469388
FAM,5983,3.695258855819702,15.753741264343262,162,1,8,10,11.924027423469388
Random,5983,5.512132167816162,15.753741264343262,162,1,8,10,11.924027423469388
Superpixel,11738,3.751421689987183,11.835968017578123,163,1,8,10,23.39365433673469
CAM,11738,5.820274353027344,11.835968017578123,163,1,8,10,23.39365433673469
FAM,11738,-0.9546467065811156,11.835968017578123,163,1,8,10,23.39365433673469
Random,11738,-1.5782545804977417,11.835968017578123,163,1,8,10,23.39365433673469
Superpixel,6005,4.91441535949707,9.605253219604492,164,1,8,10,11.967873086734697
CAM,6005,5.918610095977783,9.605253219604492,164,1,8,10,11.967873086734697
FAM,6005,0.5018407106399536,9.605253219604492,164,1,8,10,11.967873086734697
Random,6005,-0.6274511814117432,9.605253219604492,164,1,8,10,11.967873086734697
Superpixel,9407,5.250913143157959,9.482483863830566,165,1,8,10,18.74800701530612
CAM,9407,8.252910614013672,9.482483863830566,165,1,8,10,18.74800701530612
FAM,9407,3.0776302814483643,9.482483863830566,165,1,8,10,18.74800701530612
Random,9407,-1.0117430686950684,9.482483863830566,165,1,8,10,18.74800701530612
Superpixel,7683,5.66320276260376,12.970099449157717,166,1,7,10,15.312101403061224
CAM,7683,7.059891223907471,12.970099449157717,166,1,7,10,15.312101403061224
FAM,7683,6.386674404144287,12.970099449157717,166,1,7,10,15.312101403061224
Random,7683,2.4496049880981445,12.970099449157717,166,1,7,10,15.312101403061224
Superpixel,9964,7.3844313621521,14.106159210205078,167,1,7,10,19.85809948979592
CAM,9964,4.916882991790772,14.106159210205078,167,1,7,10,19.85809948979592
FAM,9964,3.278502941131592,14.106159210205078,167,1,7,10,19.85809948979592
Random,9964,7.34353494644165,14.106159210205078,167,1,7,10,19.85809948979592
Superpixel,3641,4.442480087280273,15.383405685424805,168,1,9,10,7.256457270408164
CAM,3641,2.0414366722106934,15.383405685424805,168,1,9,10,7.256457270408164
FAM,3641,2.551931858062744,15.383405685424805,168,1,9,10,7.256457270408164
Random,3641,1.001529574394226,15.383405685424805,168,1,9,10,7.256457270408164
Superpixel,8818,3.987803220748901,9.903432846069336,169,1,8,10,17.574139030612244
CAM,8818,4.532819271087647,9.903432846069336,169,1,8,10,17.574139030612244
FAM,8818,1.4358950853347778,9.903432846069336,169,1,8,10,17.574139030612244
Random,8818,1.2333104610443115,9.903432846069336,169,1,8,10,17.574139030612244
Superpixel,9478,7.155322551727295,7.970113277435303,170,1,9,10,18.889508928571427
CAM,9478,3.4430184364318848,7.970113277435303,170,1,9,10,18.889508928571427
FAM,9478,3.387348175048828,7.970113277435303,170,1,9,10,18.889508928571427
Random,9478,1.4997998476028442,7.970113277435303,170,1,9,10,18.889508928571427
Superpixel,3733,5.137187480926514,8.926592826843262,171,1,9,10,7.439811862244898
CAM,3733,2.4290695190429688,8.926592826843262,171,1,9,10,7.439811862244898
FAM,3733,3.559357166290283,8.926592826843262,171,1,9,10,7.439811862244898
Random,3733,1.1492233276367188,8.926592826843262,171,1,9,10,7.439811862244898
Superpixel,8064,6.185274600982666,15.47469997406006,172,1,9,10,16.071428571428573
CAM,8064,8.471145629882812,15.47469997406006,172,1,9,10,16.071428571428573
FAM,8064,2.730632781982422,15.47469997406006,172,1,9,10,16.071428571428573
Random,8064,3.812622547149658,15.47469997406006,172,1,9,10,16.071428571428573
Superpixel,14019,4.183105945587158,11.197237968444824,173,1,8,10,27.939652423469383
CAM,14019,7.644117832183838,11.197237968444824,173,1,8,10,27.939652423469383
FAM,14019,4.242668151855469,11.197237968444824,173,1,8,10,27.939652423469383
Random,14019,7.106669425964356,11.197237968444824,173,1,8,10,27.939652423469383
Superpixel,10926,10.507522583007812,15.447246551513672,174,1,6,10,21.77535076530612
CAM,10926,12.85989475250244,15.447246551513672,174,1,6,10,21.77535076530612
FAM,10926,12.285307884216309,15.447246551513672,174,1,6,10,21.77535076530612
Random,10926,5.031899929046631,15.447246551513672,174,1,6,10,21.77535076530612
Superpixel,9260,6.8025736808776855,19.444435119628903,175,1,8,10,18.45503826530612
CAM,9260,2.7304818630218506,19.444435119628903,175,1,8,10,18.45503826530612
FAM,9260,1.2420278787612915,19.444435119628903,175,1,8,10,18.45503826530612
Random,9260,5.22052812576294,19.444435119628903,175,1,8,10,18.45503826530612
Superpixel,7385,3.1514434814453125,13.659045219421388,176,1,9,10,14.718191964285715
CAM,7385,7.900652408599853,13.659045219421388,176,1,9,10,14.718191964285715
FAM,7385,4.962987422943115,13.659045219421388,176,1,9,10,14.718191964285715
Random,7385,3.8126049041748047,13.659045219421388,176,1,9,10,14.718191964285715
Superpixel,12290,3.1654415130615234,11.38173007965088,177,1,7,10,24.4937818877551
CAM,12290,5.11894416809082,11.38173007965088,177,1,7,10,24.4937818877551
FAM,12290,1.730098843574524,11.38173007965088,177,1,7,10,24.4937818877551
Random,12290,1.5465315580368042,11.38173007965088,177,1,7,10,24.4937818877551
Superpixel,7758,8.660113334655762,11.553726196289062,178,1,7,10,15.461575255102042
CAM,7758,2.2326817512512207,11.553726196289062,178,1,7,10,15.461575255102042
FAM,7758,-0.0814430564641952,11.553726196289062,178,1,7,10,15.461575255102042
Random,7758,0.9729219675064088,11.553726196289062,178,1,7,10,15.461575255102042
Superpixel,10474,2.545039176940918,11.74983024597168,179,1,8,10,20.874521683673468
CAM,10474,3.649745941162109,11.74983024597168,179,1,8,10,20.874521683673468
FAM,10474,2.698176860809326,11.74983024597168,179,1,8,10,20.874521683673468
Random,10474,2.600508213043213,11.74983024597168,179,1,8,10,20.874521683673468
Superpixel,5808,3.4738502502441406,11.495020866394045,180,1,7,10,11.575255102040815
CAM,5808,4.349723815917969,11.495020866394045,180,1,7,10,11.575255102040815
FAM,5808,-0.1763844937086105,11.495020866394045,180,1,7,10,11.575255102040815
Random,5808,-0.1386653631925583,11.495020866394045,180,1,7,10,11.575255102040815
Superpixel,3937,4.987424373626709,9.231075286865234,181,1,9,10,7.846380739795919
CAM,3937,1.588776707649231,9.231075286865234,181,1,9,10,7.846380739795919
FAM,3937,0.0092196278274059,9.231075286865234,181,1,9,10,7.846380739795919
Random,3937,-0.817872941493988,9.231075286865234,181,1,9,10,7.846380739795919
Superpixel,3347,2.8457274436950684,11.02761173248291,182,1,9,10,6.670519770408164
CAM,3347,0.8628052473068237,11.02761173248291,182,1,9,10,6.670519770408164
FAM,3347,-0.0787351876497268,11.02761173248291,182,1,9,10,6.670519770408164
Random,3347,-0.7417401075363159,11.02761173248291,182,1,9,10,6.670519770408164
Superpixel,13261,4.969282627105713,7.090257167816162,183,1,7,10,26.428970025510207
CAM,13261,2.8380517959594727,7.090257167816162,183,1,7,10,26.428970025510207
FAM,13261,2.2884669303894043,7.090257167816162,183,1,7,10,26.428970025510207
Random,13261,5.968567371368408,7.090257167816162,183,1,7,10,26.428970025510207
Superpixel,8343,8.246833801269531,9.7734956741333,184,1,9,10,16.627471301020407
CAM,8343,5.48918342590332,9.7734956741333,184,1,9,10,16.627471301020407
FAM,8343,1.5813541412353516,9.7734956741333,184,1,9,10,16.627471301020407
Random,8343,2.93042540550232,9.7734956741333,184,1,9,10,16.627471301020407
Superpixel,2987,0.9849732518196106,15.033140182495115,185,1,9,10,5.953045280612245
CAM,2987,-3.214355945587158,15.033140182495115,185,1,9,10,5.953045280612245
FAM,2987,-1.5747065544128418,15.033140182495115,185,1,9,10,5.953045280612245
Random,2987,-1.0298866033554075,15.033140182495115,185,1,9,10,5.953045280612245
Superpixel,3447,3.0600972175598145,8.812786102294922,186,1,9,10,6.869818239795919
CAM,3447,-0.468519926071167,8.812786102294922,186,1,9,10,6.869818239795919
FAM,3447,0.7231330871582031,8.812786102294922,186,1,9,10,6.869818239795919
Random,3447,-0.1068022325634956,8.812786102294922,186,1,9,10,6.869818239795919
Superpixel,12077,8.516975402832031,12.115702629089355,187,1,8,10,24.069276147959183
CAM,12077,8.359609603881836,12.115702629089355,187,1,8,10,24.069276147959183
FAM,12077,1.8239494562149048,12.115702629089355,187,1,8,10,24.069276147959183
Random,12077,1.457689642906189,12.115702629089355,187,1,8,10,24.069276147959183
Superpixel,6342,4.102530479431152,11.069998741149902,188,1,8,10,12.639508928571429
CAM,6342,2.4168949127197266,11.069998741149902,188,1,8,10,12.639508928571429
FAM,6342,3.2615227699279785,11.069998741149902,188,1,8,10,12.639508928571429
Random,6342,2.705341100692749,11.069998741149902,188,1,8,10,12.639508928571429
Superpixel,3811,2.1285288333892822,11.380338668823242,189,1,9,10,7.595264668367347
CAM,3811,-0.6723023653030396,11.380338668823242,189,1,9,10,7.595264668367347
FAM,3811,-1.0349222421646118,11.380338668823242,189,1,9,10,7.595264668367347
Random,3811,-1.2151830196380615,11.380338668823242,189,1,9,10,7.595264668367347
Superpixel,5339,3.211000919342041,6.347030162811279,190,1,8,10,10.640545280612244
CAM,5339,1.2657252550125122,6.347030162811279,190,1,8,10,10.640545280612244
FAM,5339,2.582087755203247,6.347030162811279,190,1,8,10,10.640545280612244
Random,5339,1.4090189933776855,6.347030162811279,190,1,8,10,10.640545280612244
Superpixel,12286,6.3051066398620605,12.793618202209473,191,1,8,10,24.485809948979597
CAM,12286,7.463134288787842,12.793618202209473,191,1,8,10,24.485809948979597
FAM,12286,4.684493064880371,12.793618202209473,191,1,8,10,24.485809948979597
Random,12286,4.622054100036621,12.793618202209473,191,1,8,10,24.485809948979597
Superpixel,6435,4.765483856201172,12.087818145751951,192,1,9,10,12.824856505102042
CAM,6435,3.074075937271118,12.087818145751951,192,1,9,10,12.824856505102042
FAM,6435,2.9290931224823,12.087818145751951,192,1,9,10,12.824856505102042
Random,6435,1.0354418754577637,12.087818145751951,192,1,9,10,12.824856505102042
Superpixel,6274,0.9962615966796876,13.9094820022583,193,1,8,10,12.503985969387754
CAM,6274,0.1101050600409507,13.9094820022583,193,1,8,10,12.503985969387754
FAM,6274,-0.7122501730918884,13.9094820022583,193,1,8,10,12.503985969387754
Random,6274,-1.173867106437683,13.9094820022583,193,1,8,10,12.503985969387754
Superpixel,4740,2.4108340740203857,6.818569183349609,194,1,8,10,9.446747448979592
CAM,4740,1.528345823287964,6.818569183349609,194,1,8,10,9.446747448979592
FAM,4740,5.379541397094727,6.818569183349609,194,1,8,10,9.446747448979592
Random,4740,4.055480480194092,6.818569183349609,194,1,8,10,9.446747448979592
Superpixel,9437,1.85188901424408,8.56313705444336,195,1,8,10,18.80779655612245
CAM,9437,-0.3155544400215149,8.56313705444336,195,1,8,10,18.80779655612245
FAM,9437,0.0772463306784629,8.56313705444336,195,1,8,10,18.80779655612245
Random,9437,-2.5144143104553223,8.56313705444336,195,1,8,10,18.80779655612245
Superpixel,11767,3.160832643508911,12.835895538330078,196,1,9,10,23.451450892857142
CAM,11767,5.758162498474121,12.835895538330078,196,1,9,10,23.451450892857142
FAM,11767,6.746232986450195,12.835895538330078,196,1,9,10,23.451450892857142
Random,11767,8.541711807250977,12.835895538330078,196,1,9,10,23.451450892857142
Superpixel,3667,4.940667629241943,10.101577758789062,197,1,7,10,7.308274872448979
CAM,3667,1.49049973487854,10.101577758789062,197,1,7,10,7.308274872448979
FAM,3667,-0.1031742170453071,10.101577758789062,197,1,7,10,7.308274872448979
Random,3667,2.5996484756469727,10.101577758789062,197,1,7,10,7.308274872448979
Superpixel,18657,8.543895721435547,11.389898300170898,198,1,6,10,37.18311543367347
CAM,18657,11.172069549560549,11.389898300170898,198,1,6,10,37.18311543367347
FAM,18657,8.998435974121094,11.389898300170898,198,1,6,10,37.18311543367347
Random,18657,4.795664310455322,11.389898300170898,198,1,6,10,37.18311543367347
Superpixel,6369,5.428714752197266,11.502920150756836,199,1,9,10,12.693319515306122
CAM,6369,3.5452799797058105,11.502920150756836,199,1,9,10,12.693319515306122
FAM,6369,1.675076961517334,11.502920150756836,199,1,9,10,12.693319515306122
Random,6369,2.402129888534546,11.502920150756836,199,1,9,10,12.693319515306122
Superpixel,7058,3.4887008666992188,8.195829391479492,200,1,9,10,14.066485969387754
CAM,7058,-2.0828208923339844,8.195829391479492,200,1,9,10,14.066485969387754
FAM,7058,-2.517181873321533,8.195829391479492,200,1,9,10,14.066485969387754
Random,7058,-1.616908311843872,8.195829391479492,200,1,9,10,14.066485969387754
Superpixel,10598,3.109097480773926,11.555458068847656,201,1,9,10,21.121651785714285
CAM,10598,1.0242618322372437,11.555458068847656,201,1,9,10,21.121651785714285
FAM,10598,1.0794605016708374,11.555458068847656,201,1,9,10,21.121651785714285
Random,10598,5.607285499572754,11.555458068847656,201,1,9,10,21.121651785714285
Superpixel,5276,2.927186727523804,10.537670135498049,202,1,10,10,10.51498724489796
CAM,5276,-0.5949649214744568,10.537670135498049,202,1,10,10,10.51498724489796
FAM,5276,1.4511525630950928,10.537670135498049,202,1,10,10,10.51498724489796
Random,5276,2.7440602779388428,10.537670135498049,202,1,10,10,10.51498724489796
Superpixel,10840,4.648799419403076,13.45071792602539,203,1,8,10,21.60395408163265
CAM,10840,1.3109468221664429,13.45071792602539,203,1,8,10,21.60395408163265
FAM,10840,0.7491180896759033,13.45071792602539,203,1,8,10,21.60395408163265
Random,10840,1.8660846948623655,13.45071792602539,203,1,8,10,21.60395408163265
Superpixel,6594,1.089703917503357,14.600278854370115,204,1,8,10,13.141741071428571
CAM,6594,-1.3338297605514526,14.600278854370115,204,1,8,10,13.141741071428571
FAM,6594,-0.957340657711029,14.600278854370115,204,1,8,10,13.141741071428571
Random,6594,-1.1502952575683594,14.600278854370115,204,1,8,10,13.141741071428571
Superpixel,8995,7.733017921447754,11.467634201049805,205,1,8,10,17.926897321428573
CAM,8995,5.267651557922363,11.467634201049805,205,1,8,10,17.926897321428573
FAM,8995,0.4907087981700897,11.467634201049805,205,1,8,10,17.926897321428573
Random,8995,2.7443058490753174,11.467634201049805,205,1,8,10,17.926897321428573
Superpixel,6698,4.788901329040527,11.214329719543455,206,1,7,10,13.349011479591836
CAM,6698,0.8918411731719971,11.214329719543455,206,1,7,10,13.349011479591836
FAM,6698,2.069424867630005,11.214329719543455,206,1,7,10,13.349011479591836
Random,6698,2.7453548908233643,11.214329719543455,206,1,7,10,13.349011479591836
Superpixel,7001,6.756410598754883,9.128189086914062,207,1,5,10,13.952885841836734
CAM,7001,0.8503289818763733,9.128189086914062,207,1,5,10,13.952885841836734
FAM,7001,2.5567917823791504,9.128189086914062,207,1,5,10,13.952885841836734
Random,7001,4.358249187469482,9.128189086914062,207,1,5,10,13.952885841836734
Superpixel,9827,2.4647977352142334,10.57050323486328,208,1,9,10,19.58506058673469
CAM,9827,-0.2872378826141357,10.57050323486328,208,1,9,10,19.58506058673469
FAM,9827,-2.402086973190308,10.57050323486328,208,1,9,10,19.58506058673469
Random,9827,-0.9458191990852356,10.57050323486328,208,1,9,10,19.58506058673469
Superpixel,9459,8.828575134277344,14.310815811157228,209,1,6,10,18.85164221938776
CAM,9459,6.295810699462891,14.310815811157228,209,1,6,10,18.85164221938776
FAM,9459,4.347786903381348,14.310815811157228,209,1,6,10,18.85164221938776
Random,9459,5.058201789855957,14.310815811157228,209,1,6,10,18.85164221938776
Superpixel,8683,8.089895248413086,12.199350357055664,210,1,5,10,17.305086096938776
CAM,8683,5.521031856536865,12.199350357055664,210,1,5,10,17.305086096938776
FAM,8683,1.733524203300476,12.199350357055664,210,1,5,10,17.305086096938776
Random,8683,3.4730894565582275,12.199350357055664,210,1,5,10,17.305086096938776
Superpixel,6697,9.85969066619873,14.319704055786133,211,1,8,10,13.347018494897958
CAM,6697,3.558890581130981,14.319704055786133,211,1,8,10,13.347018494897958
FAM,6697,2.1755404472351074,14.319704055786133,211,1,8,10,13.347018494897958
Random,6697,2.557983875274658,14.319704055786133,211,1,8,10,13.347018494897958
Superpixel,5106,4.429782867431641,14.56499481201172,212,1,8,10,10.176179846938776
CAM,5106,0.7867961525917053,14.56499481201172,212,1,8,10,10.176179846938776
FAM,5106,1.5058887004852295,14.56499481201172,212,1,8,10,10.176179846938776
Random,5106,2.3513951301574707,14.56499481201172,212,1,8,10,10.176179846938776
Superpixel,10180,3.716907262802124,10.492862701416016,213,1,7,10,20.288584183673468
CAM,10180,2.1211602687835693,10.492862701416016,213,1,7,10,20.288584183673468
FAM,10180,2.1051604747772217,10.492862701416016,213,1,7,10,20.288584183673468
Random,10180,1.5237281322479248,10.492862701416016,213,1,7,10,20.288584183673468
Superpixel,10373,6.1415696144104,7.865429878234863,214,1,8,10,20.67323022959184
CAM,10373,4.994060516357422,7.865429878234863,214,1,8,10,20.67323022959184
FAM,10373,1.4673303365707395,7.865429878234863,214,1,8,10,20.67323022959184
Random,10373,-0.4248296618461609,7.865429878234863,214,1,8,10,20.67323022959184
Superpixel,10863,4.216827869415283,13.465513229370115,215,1,6,10,21.64979272959184
CAM,10863,8.494629859924316,13.465513229370115,215,1,6,10,21.64979272959184
FAM,10863,1.2503278255462646,13.465513229370115,215,1,6,10,21.64979272959184
Random,10863,0.963845193386078,13.465513229370115,215,1,6,10,21.64979272959184
Superpixel,5648,3.755850315093994,13.941645622253418,216,1,7,10,11.256377551020408
CAM,5648,5.7195143699646,13.941645622253418,216,1,7,10,11.256377551020408
FAM,5648,-0.247377723455429,13.941645622253418,216,1,7,10,11.256377551020408
Random,5648,0.1915439665317535,13.941645622253418,216,1,7,10,11.256377551020408
Superpixel,6854,4.94243049621582,13.641757011413574,217,1,8,10,13.659917091836734
CAM,6854,4.934869766235352,13.641757011413574,217,1,8,10,13.659917091836734
FAM,6854,-1.5427573919296265,13.641757011413574,217,1,8,10,13.659917091836734
Random,6854,2.440138578414917,13.641757011413574,217,1,8,10,13.659917091836734
Superpixel,4661,6.813080310821533,12.63535976409912,218,1,7,10,9.289301658163266
CAM,4661,5.411467552185059,12.63535976409912,218,1,7,10,9.289301658163266
FAM,4661,0.93939870595932,12.63535976409912,218,1,7,10,9.289301658163266
Random,4661,2.1464288234710693,12.63535976409912,218,1,7,10,9.289301658163266
Superpixel,9149,-0.8340548276901245,6.633218288421631,219,1,9,10,18.233816964285715
CAM,9149,-0.3291199207305908,6.633218288421631,219,1,9,10,18.233816964285715
FAM,9149,-2.535083055496216,6.633218288421631,219,1,9,10,18.233816964285715
Random,9149,-2.161376476287842,6.633218288421631,219,1,9,10,18.233816964285715
Superpixel,13155,4.8203229904174805,10.356335639953612,220,1,8,10,26.217713647959183
CAM,13155,4.535633087158203,10.356335639953612,220,1,8,10,26.217713647959183
FAM,13155,4.480055332183838,10.356335639953612,220,1,8,10,26.217713647959183
Random,13155,3.038910388946533,10.356335639953612,220,1,8,10,26.217713647959183
Superpixel,10249,3.6563198566436768,9.833575248718262,221,1,8,10,20.42610012755102
CAM,10249,2.648996353149414,9.833575248718262,221,1,8,10,20.42610012755102
FAM,10249,1.548999547958374,9.833575248718262,221,1,8,10,20.42610012755102
Random,10249,1.7253079414367676,9.833575248718262,221,1,8,10,20.42610012755102
Superpixel,9427,3.726471185684204,12.622729301452637,222,1,6,10,18.787866709183675
CAM,9427,4.851463794708252,12.622729301452637,222,1,6,10,18.787866709183675
FAM,9427,0.6052285432815552,12.622729301452637,222,1,6,10,18.787866709183675
Random,9427,-0.1059691980481147,12.622729301452637,222,1,6,10,18.787866709183675
Superpixel,9793,5.008998870849609,13.83360767364502,223,1,8,10,19.517299107142858
CAM,9793,10.01535701751709,13.83360767364502,223,1,8,10,19.517299107142858
FAM,9793,1.8134331703186035,13.83360767364502,223,1,8,10,19.517299107142858
Random,9793,3.023505210876465,13.83360767364502,223,1,8,10,19.517299107142858
Superpixel,5420,2.557335376739502,9.163905143737791,224,1,10,10,10.801977040816327
CAM,5420,4.353080749511719,9.163905143737791,224,1,10,10,10.801977040816327
FAM,5420,0.7411481738090515,9.163905143737791,224,1,10,10,10.801977040816327
Random,5420,0.6015229225158691,9.163905143737791,224,1,10,10,10.801977040816327
Superpixel,6389,2.5543453693389893,8.729039192199707,225,1,9,10,12.733179209183673
CAM,6389,4.4322943687438965,8.729039192199707,225,1,9,10,12.733179209183673
FAM,6389,0.874814510345459,8.729039192199707,225,1,9,10,12.733179209183673
Random,6389,1.1466962099075315,8.729039192199707,225,1,9,10,12.733179209183673
Superpixel,15745,3.839112281799317,11.11911678314209,226,1,6,10,31.37954400510204
CAM,15745,8.40156364440918,11.11911678314209,226,1,6,10,31.37954400510204
FAM,15745,1.731670379638672,11.11911678314209,226,1,6,10,31.37954400510204
Random,15745,1.1078824996948242,11.11911678314209,226,1,6,10,31.37954400510204
Superpixel,7245,3.9949758052825928,14.863521575927734,227,1,9,10,14.439174107142858
CAM,7245,5.459044456481934,14.863521575927734,227,1,9,10,14.439174107142858
FAM,7245,0.1083544716238975,14.863521575927734,227,1,9,10,14.439174107142858
Random,7245,2.0393240451812744,14.863521575927734,227,1,9,10,14.439174107142858
Superpixel,6766,2.79319167137146,7.561272621154785,228,1,8,10,13.484534438775512
CAM,6766,-0.050384797155857,7.561272621154785,228,1,8,10,13.484534438775512
FAM,6766,-0.6109110713005066,7.561272621154785,228,1,8,10,13.484534438775512
Random,6766,1.9543282985687256,7.561272621154785,228,1,8,10,13.484534438775512
Superpixel,10662,7.372540473937988,12.991989135742188,229,1,6,10,21.24920280612245
CAM,10662,8.777425765991211,12.991989135742188,229,1,6,10,21.24920280612245
FAM,10662,3.396209478378296,12.991989135742188,229,1,6,10,21.24920280612245
Random,10662,1.1555402278900146,12.991989135742188,229,1,6,10,21.24920280612245
Superpixel,9563,7.612892627716064,11.151324272155762,230,1,7,10,19.05891262755102
CAM,9563,8.036892890930176,11.151324272155762,230,1,7,10,19.05891262755102
FAM,9563,0.1317330002784729,11.151324272155762,230,1,7,10,19.05891262755102
Random,9563,2.8512542247772217,11.151324272155762,230,1,7,10,19.05891262755102
Superpixel,7626,7.039580345153809,11.318161964416504,231,1,8,10,15.198501275510203
CAM,7626,6.319723129272461,11.318161964416504,231,1,8,10,15.198501275510203
FAM,7626,-0.3985729515552521,11.318161964416504,231,1,8,10,15.198501275510203
Random,7626,1.0329928398132324,11.318161964416504,231,1,8,10,15.198501275510203
Superpixel,8493,2.418676853179932,14.989322662353516,232,1,7,10,16.92641900510204
CAM,8493,5.10076904296875,14.989322662353516,232,1,7,10,16.92641900510204
FAM,8493,0.7217117547988892,14.989322662353516,232,1,7,10,16.92641900510204
Random,8493,2.279874086380005,14.989322662353516,232,1,7,10,16.92641900510204
Superpixel,11363,3.099520444869995,10.468459129333496,233,1,7,10,22.64628507653061
CAM,11363,5.500917911529541,10.468459129333496,233,1,7,10,22.64628507653061
FAM,11363,2.46509313583374,10.468459129333496,233,1,7,10,22.64628507653061
Random,11363,1.57200825214386,10.468459129333496,233,1,7,10,22.64628507653061
Superpixel,9536,5.982816696166992,14.936963081359863,234,1,7,10,19.005102040816325
CAM,9536,5.850496292114258,14.936963081359863,234,1,7,10,19.005102040816325
FAM,9536,-1.232200264930725,14.936963081359863,234,1,7,10,19.005102040816325
Random,9536,2.8771822452545166,14.936963081359863,234,1,7,10,19.005102040816325
Superpixel,4236,7.855547904968262,15.006619453430176,235,1,8,10,8.442283163265305
CAM,4236,5.7227935791015625,15.006619453430176,235,1,8,10,8.442283163265305
FAM,4236,-0.3485327064990997,15.006619453430176,235,1,8,10,8.442283163265305
Random,4236,1.4625799655914309,15.006619453430176,235,1,8,10,8.442283163265305
Superpixel,4000,8.394139289855957,13.495749473571776,236,1,8,10,7.971938775510204
CAM,4000,6.589885711669922,13.495749473571776,236,1,8,10,7.971938775510204
FAM,4000,0.342620700597763,13.495749473571776,236,1,8,10,7.971938775510204
Random,4000,1.562558650970459,13.495749473571776,236,1,8,10,7.971938775510204
Superpixel,5651,9.330371856689451,14.807310104370115,237,1,8,10,11.26235650510204
CAM,5651,6.673419952392578,14.807310104370115,237,1,8,10,11.26235650510204
FAM,5651,1.7844610214233398,14.807310104370115,237,1,8,10,11.26235650510204
Random,5651,1.677240967750549,14.807310104370115,237,1,8,10,11.26235650510204
Superpixel,6545,2.8266870975494385,10.925312042236328,238,1,7,10,13.044084821428571
CAM,6545,2.0065948963165283,10.925312042236328,238,1,7,10,13.044084821428571
FAM,6545,0.7895288467407227,10.925312042236328,238,1,7,10,13.044084821428571
Random,6545,1.5117084980010986,10.925312042236328,238,1,7,10,13.044084821428571
Superpixel,2917,7.199454784393311,13.17171573638916,239,1,8,10,5.813536352040816
CAM,2917,5.905566215515137,13.17171573638916,239,1,8,10,5.813536352040816
FAM,2917,0.4655396342277527,13.17171573638916,239,1,8,10,5.813536352040816
Random,2917,1.0116775035858154,13.17171573638916,239,1,8,10,5.813536352040816
Superpixel,7643,4.853928565979004,13.959877967834473,240,1,9,10,15.232382015306122
CAM,7643,4.58054780960083,13.959877967834473,240,1,9,10,15.232382015306122
FAM,7643,0.9303701519966124,13.959877967834473,240,1,9,10,15.232382015306122
Random,7643,3.060385704040528,13.959877967834473,240,1,9,10,15.232382015306122
Superpixel,6024,12.452766418457031,14.099804878234863,241,1,9,10,12.005739795918368
CAM,6024,8.786833763122559,14.099804878234863,241,1,9,10,12.005739795918368
FAM,6024,1.0159507989883425,14.099804878234863,241,1,9,10,12.005739795918368
Random,6024,1.1194310188293457,14.099804878234863,241,1,9,10,12.005739795918368
Superpixel,5003,1.8156194686889648,13.501015663146973,242,1,9,10,9.970902423469388
CAM,5003,0.248200923204422,13.501015663146973,242,1,9,10,9.970902423469388
FAM,5003,2.231020212173462,13.501015663146973,242,1,9,10,9.970902423469388
Random,5003,3.160531759262085,13.501015663146973,242,1,9,10,9.970902423469388
Superpixel,6930,0.3335476219654083,15.295615196228027,243,1,9,10,13.811383928571429
CAM,6930,0.4072265923023224,15.295615196228027,243,1,9,10,13.811383928571429
FAM,6930,0.0279588922858238,15.295615196228027,243,1,9,10,13.811383928571429
Random,6930,-0.0406431928277015,15.295615196228027,243,1,9,10,13.811383928571429
Superpixel,10760,1.844114065170288,9.232186317443848,244,1,7,10,21.44451530612245
CAM,10760,2.760462999343872,9.232186317443848,244,1,7,10,21.44451530612245
FAM,10760,-0.3668871521949768,9.232186317443848,244,1,7,10,21.44451530612245
Random,10760,0.5840571522712708,9.232186317443848,244,1,7,10,21.44451530612245
Superpixel,5503,-0.1302781254053115,15.88653564453125,245,1,8,10,10.967394770408164
CAM,5503,-0.8065991401672363,15.88653564453125,245,1,8,10,10.967394770408164
FAM,5503,-0.6905912160873413,15.88653564453125,245,1,8,10,10.967394770408164
Random,5503,-0.4456536173820495,15.88653564453125,245,1,8,10,10.967394770408164
Superpixel,10692,0.8179643154144287,10.786697387695312,246,1,9,10,21.308992346938776
CAM,10692,3.641087532043457,10.786697387695312,246,1,9,10,21.308992346938776
FAM,10692,0.0338571965694427,10.786697387695312,246,1,9,10,21.308992346938776
Random,10692,3.1968464851379395,10.786697387695312,246,1,9,10,21.308992346938776
Superpixel,13671,7.692418098449707,11.99916648864746,247,1,7,10,27.24609375
CAM,13671,9.811079025268556,11.99916648864746,247,1,7,10,27.24609375
FAM,13671,8.817936897277832,11.99916648864746,247,1,7,10,27.24609375
Random,13671,9.932912826538086,11.99916648864746,247,1,7,10,27.24609375
Superpixel,17121,3.65481162071228,11.57615089416504,248,1,6,10,34.12189094387755
CAM,17121,3.0948917865753174,11.57615089416504,248,1,6,10,34.12189094387755
FAM,17121,2.3541018962860107,11.57615089416504,248,1,6,10,34.12189094387755
Random,17121,1.658361554145813,11.57615089416504,248,1,6,10,34.12189094387755
Superpixel,14809,4.699559211730957,14.28640842437744,249,1,7,10,29.51411033163265
CAM,14809,7.48858118057251,14.28640842437744,249,1,7,10,29.51411033163265
FAM,14809,4.482992172241211,14.28640842437744,249,1,7,10,29.51411033163265
Random,14809,2.5003092288970947,14.28640842437744,249,1,7,10,29.51411033163265
Superpixel,5029,0.4849910140037536,8.568169593811035,250,1,9,10,10.022720025510203
CAM,5029,-2.1056876182556152,8.568169593811035,250,1,9,10,10.022720025510203
FAM,5029,-0.4496779441833496,8.568169593811035,250,1,9,10,10.022720025510203
Random,5029,-1.3158800601959229,8.568169593811035,250,1,9,10,10.022720025510203
Superpixel,8831,3.848724842071533,7.943912029266357,251,1,7,10,17.600047831632654
CAM,8831,1.9845670461654663,7.943912029266357,251,1,7,10,17.600047831632654
FAM,8831,1.723690390586853,7.943912029266357,251,1,7,10,17.600047831632654
Random,8831,-1.592360496520996,7.943912029266357,251,1,7,10,17.600047831632654
Superpixel,5581,1.7914400100708008,12.735684394836426,252,1,8,10,11.122847576530612
CAM,5581,0.7497472167015076,12.735684394836426,252,1,8,10,11.122847576530612
FAM,5581,2.3474719524383545,12.735684394836426,252,1,8,10,11.122847576530612
Random,5581,2.181902885437012,12.735684394836426,252,1,8,10,11.122847576530612
Superpixel,14844,1.4670432806015017,8.80982494354248,253,1,7,10,29.58386479591837
CAM,14844,4.604274749755859,8.80982494354248,253,1,7,10,29.58386479591837
FAM,14844,-3.241136312484741,8.80982494354248,253,1,7,10,29.58386479591837
Random,14844,-0.5938234925270081,8.80982494354248,253,1,7,10,29.58386479591837
Superpixel,3461,1.1402145624160769,9.8247652053833,254,1,8,10,6.897720025510204
CAM,3461,-2.031127452850342,9.8247652053833,254,1,8,10,6.897720025510204
FAM,3461,-1.7691303491592407,9.8247652053833,254,1,8,10,6.897720025510204
Random,3461,-2.666389942169189,9.8247652053833,254,1,8,10,6.897720025510204
Superpixel,11834,0.1111953631043434,10.662772178649902,255,1,7,10,23.58498086734694
CAM,11834,-0.5118505954742432,10.662772178649902,255,1,7,10,23.58498086734694
FAM,11834,-1.3225635290145874,10.662772178649902,255,1,7,10,23.58498086734694
Random,11834,0.6045430898666382,10.662772178649902,255,1,7,10,23.58498086734694
Superpixel,3965,3.129878520965576,15.382043838500977,256,1,9,10,7.90218431122449
CAM,3965,-0.6354367136955261,15.382043838500977,256,1,9,10,7.90218431122449
FAM,3965,-1.9332427978515625,15.382043838500977,256,1,9,10,7.90218431122449
Random,3965,-1.3712021112442017,15.382043838500977,256,1,9,10,7.90218431122449
Superpixel,4837,1.5755709409713743,10.048593521118164,257,1,8,10,9.640066964285714
CAM,4837,-2.810877084732056,10.048593521118164,257,1,8,10,9.640066964285714
FAM,4837,-1.826554656028748,10.048593521118164,257,1,8,10,9.640066964285714
Random,4837,-1.3184524774551392,10.048593521118164,257,1,8,10,9.640066964285714
Superpixel,4820,-0.3455070853233337,9.058530807495115,258,1,8,10,9.606186224489797
CAM,4820,-2.321377992630005,9.058530807495115,258,1,8,10,9.606186224489797
FAM,4820,-1.2739028930664062,9.058530807495115,258,1,8,10,9.606186224489797
Random,4820,-0.9790974855422974,9.058530807495115,258,1,8,10,9.606186224489797
Superpixel,5762,0.6866536736488342,11.10348129272461,259,1,8,10,11.48357780612245
CAM,5762,-2.3529019355773926,11.10348129272461,259,1,8,10,11.48357780612245
FAM,5762,-2.627591609954834,11.10348129272461,259,1,8,10,11.48357780612245
Random,5762,-1.5835412740707395,11.10348129272461,259,1,8,10,11.48357780612245
Superpixel,8384,-0.1871961802244186,7.782178401947021,260,1,9,10,16.70918367346939
CAM,8384,-2.703810930252075,7.782178401947021,260,1,9,10,16.70918367346939
FAM,8384,-2.528243064880371,7.782178401947021,260,1,9,10,16.70918367346939
Random,8384,-1.249514102935791,7.782178401947021,260,1,9,10,16.70918367346939
Superpixel,9056,0.935386061668396,10.589920997619627,261,1,9,10,18.0484693877551
CAM,9056,-0.8667003512382507,10.589920997619627,261,1,9,10,18.0484693877551
FAM,9056,3.618911027908325,10.589920997619627,261,1,9,10,18.0484693877551
Random,9056,4.150964260101318,10.589920997619627,261,1,9,10,18.0484693877551
Superpixel,5499,7.334664344787598,10.4232177734375,262,1,8,10,10.959422831632654
CAM,5499,2.054249048233032,10.4232177734375,262,1,8,10,10.959422831632654
FAM,5499,3.3044989109039307,10.4232177734375,262,1,8,10,10.959422831632654
Random,5499,2.94105076789856,10.4232177734375,262,1,8,10,10.959422831632654
Superpixel,6777,-0.5776637196540833,12.715682983398438,263,1,8,10,13.506457270408164
CAM,6777,-2.8604941368103027,12.715682983398438,263,1,8,10,13.506457270408164
FAM,6777,-3.1545655727386475,12.715682983398438,263,1,8,10,13.506457270408164
Random,6777,-1.1011295318603516,12.715682983398438,263,1,8,10,13.506457270408164
Superpixel,17398,1.5403693914413452,8.014638900756836,264,1,6,10,34.673947704081634
CAM,17398,5.48581075668335,8.014638900756836,264,1,6,10,34.673947704081634
FAM,17398,4.987584590911865,8.014638900756836,264,1,6,10,34.673947704081634
Random,17398,2.757612466812134,8.014638900756836,264,1,6,10,34.673947704081634
Superpixel,5687,4.081083297729492,16.590599060058594,265,1,7,10,11.334103954081632
CAM,5687,-0.5675470232963562,16.590599060058594,265,1,7,10,11.334103954081632
FAM,5687,-2.021252393722534,16.590599060058594,265,1,7,10,11.334103954081632
Random,5687,0.883866012096405,16.590599060058594,265,1,7,10,11.334103954081632
Superpixel,4916,0.6345019936561584,11.956788063049316,266,1,8,10,9.79751275510204
CAM,4916,-2.205611228942871,11.956788063049316,266,1,8,10,9.79751275510204
FAM,4916,-1.50654399394989,11.956788063049316,266,1,8,10,9.79751275510204
Random,4916,-0.2373189777135849,11.956788063049316,266,1,8,10,9.79751275510204
Superpixel,8938,4.5356855392456055,13.110607147216797,267,1,8,10,17.81329719387755
CAM,8938,6.282904148101807,13.110607147216797,267,1,8,10,17.81329719387755
FAM,8938,4.457365036010742,13.110607147216797,267,1,8,10,17.81329719387755
Random,8938,2.691126585006714,13.110607147216797,267,1,8,10,17.81329719387755
Superpixel,13627,4.680539131164551,10.649499893188477,268,1,7,10,27.158402423469383
CAM,13627,3.1968064308166504,10.649499893188477,268,1,7,10,27.158402423469383
FAM,13627,3.303936243057251,10.649499893188477,268,1,7,10,27.158402423469383
Random,13627,2.601536512374878,10.649499893188477,268,1,7,10,27.158402423469383
Superpixel,5444,2.393040418624878,11.300662994384766,269,1,9,10,10.849808673469388
CAM,5444,-0.4710364639759063,11.300662994384766,269,1,9,10,10.849808673469388
FAM,5444,0.8603107929229736,11.300662994384766,269,1,9,10,10.849808673469388
Random,5444,1.3675334453582764,11.300662994384766,269,1,9,10,10.849808673469388
Superpixel,13019,1.2820196151733398,13.387718200683594,270,1,6,10,25.94666772959184
CAM,13019,0.9899715185165404,13.387718200683594,270,1,6,10,25.94666772959184
FAM,13019,1.9085525274276731,13.387718200683594,270,1,6,10,25.94666772959184
Random,13019,0.2675964832305908,13.387718200683594,270,1,6,10,25.94666772959184
Superpixel,8125,0.0791034176945686,8.00174331665039,271,1,8,10,16.1930006377551
CAM,8125,-0.4256229698657989,8.00174331665039,271,1,8,10,16.1930006377551
FAM,8125,-0.8809533715248108,8.00174331665039,271,1,8,10,16.1930006377551
Random,8125,-0.9856653213500975,8.00174331665039,271,1,8,10,16.1930006377551
Superpixel,2873,1.2232571840286257,10.862751960754396,272,1,10,10,5.725845025510204
CAM,2873,-1.617777705192566,10.862751960754396,272,1,10,10,5.725845025510204
FAM,2873,-1.1275382041931152,10.862751960754396,272,1,10,10,5.725845025510204
Random,2873,-2.1981217861175537,10.862751960754396,272,1,10,10,5.725845025510204
Superpixel,4678,1.6355253458023071,12.18566608428955,273,1,8,10,9.323182397959185
CAM,4678,0.340395987033844,12.18566608428955,273,1,8,10,9.323182397959185
FAM,4678,1.1357975006103516,12.18566608428955,273,1,8,10,9.323182397959185
Random,4678,0.6947078108787537,12.18566608428955,273,1,8,10,9.323182397959185
Superpixel,5320,9.564064979553224,16.64673614501953,274,1,8,10,10.602678571428571
CAM,5320,0.7402797341346741,16.64673614501953,274,1,8,10,10.602678571428571
FAM,5320,1.4742552042007446,16.64673614501953,274,1,8,10,10.602678571428571
Random,5320,2.73715877532959,16.64673614501953,274,1,8,10,10.602678571428571
Superpixel,7372,7.638855934143066,15.19886589050293,275,1,8,10,14.692283163265309
CAM,7372,1.415047526359558,15.19886589050293,275,1,8,10,14.692283163265309
FAM,7372,4.41997766494751,15.19886589050293,275,1,8,10,14.692283163265309
Random,7372,-0.493498146533966,15.19886589050293,275,1,8,10,14.692283163265309
Superpixel,11770,7.769944667816162,13.627459526062012,276,1,5,10,23.457429846938776
CAM,11770,3.3606364727020264,13.627459526062012,276,1,5,10,23.457429846938776
FAM,11770,9.16554355621338,13.627459526062012,276,1,5,10,23.457429846938776
Random,11770,0.3237795233726501,13.627459526062012,276,1,5,10,23.457429846938776
Superpixel,9169,5.147768974304199,10.346400260925291,277,1,7,10,18.273676658163264
CAM,9169,2.447726011276245,10.346400260925291,277,1,7,10,18.273676658163264
FAM,9169,3.7920851707458496,10.346400260925291,277,1,7,10,18.273676658163264
Random,9169,2.740129232406616,10.346400260925291,277,1,7,10,18.273676658163264
Superpixel,10474,4.602271556854248,11.518095016479492,278,1,7,10,20.874521683673468
CAM,10474,5.172298431396484,11.518095016479492,278,1,7,10,20.874521683673468
FAM,10474,6.426519393920898,11.518095016479492,278,1,7,10,20.874521683673468
Random,10474,6.686117649078369,11.518095016479492,278,1,7,10,20.874521683673468
Superpixel,13213,2.9428844451904297,9.506635665893556,279,1,7,10,26.333306760204085
CAM,13213,4.17850923538208,9.506635665893556,279,1,7,10,26.333306760204085
FAM,13213,5.016700744628906,9.506635665893556,279,1,7,10,26.333306760204085
Random,13213,0.7082893252372742,9.506635665893556,279,1,7,10,26.333306760204085
Superpixel,5235,1.6177570819854736,9.351788520812988,280,1,8,10,10.43327487244898
CAM,5235,1.8724650144577024,9.351788520812988,280,1,8,10,10.43327487244898
FAM,5235,0.282589852809906,9.351788520812988,280,1,8,10,10.43327487244898
Random,5235,0.5498340725898743,9.351788520812988,280,1,8,10,10.43327487244898
Superpixel,9317,7.367106914520264,15.694868087768556,281,1,8,10,18.568638392857142
CAM,9317,8.569199562072754,15.694868087768556,281,1,8,10,18.568638392857142
FAM,9317,8.437691688537598,15.694868087768556,281,1,8,10,18.568638392857142
Random,9317,1.6336930990219116,15.694868087768556,281,1,8,10,18.568638392857142
Superpixel,9477,8.551974296569824,13.979659080505373,282,1,7,10,18.88751594387755
CAM,9477,3.728569030761719,13.979659080505373,282,1,7,10,18.88751594387755
FAM,9477,4.23532247543335,13.979659080505373,282,1,7,10,18.88751594387755
Random,9477,0.8233815431594849,13.979659080505373,282,1,7,10,18.88751594387755
Superpixel,18718,2.4973344802856445,13.835700035095217,283,1,6,10,37.3046875
CAM,18718,9.437212944030762,13.835700035095217,283,1,6,10,37.3046875
FAM,18718,7.246347904205322,13.835700035095217,283,1,6,10,37.3046875
Random,18718,2.433053493499756,13.835700035095217,283,1,6,10,37.3046875
Superpixel,7321,1.3067725896835327,9.070479393005373,284,1,8,10,14.59064094387755
CAM,7321,2.386149883270264,9.070479393005373,284,1,8,10,14.59064094387755
FAM,7321,2.342503547668457,9.070479393005373,284,1,8,10,14.59064094387755
Random,7321,-0.2135971486568451,9.070479393005373,284,1,8,10,14.59064094387755
Superpixel,10725,8.553506851196289,11.145997047424316,285,1,7,10,21.374760841836736
CAM,10725,3.267770290374756,11.145997047424316,285,1,7,10,21.374760841836736
FAM,10725,5.827618598937988,11.145997047424316,285,1,7,10,21.374760841836736
Random,10725,7.290056228637695,11.145997047424316,285,1,7,10,21.374760841836736
Superpixel,11150,6.741124629974365,12.168622970581056,286,1,7,10,22.22177933673469
CAM,11150,3.283083915710449,12.168622970581056,286,1,7,10,22.22177933673469
FAM,11150,6.566312789916992,12.168622970581056,286,1,7,10,22.22177933673469
Random,11150,3.769349813461304,12.168622970581056,286,1,7,10,22.22177933673469
Superpixel,10226,9.516151428222656,15.902518272399902,287,1,6,10,20.38026147959184
CAM,10226,7.678383827209473,15.902518272399902,287,1,6,10,20.38026147959184
FAM,10226,7.069907188415527,15.902518272399902,287,1,6,10,20.38026147959184
Random,10226,2.1029937267303467,15.902518272399902,287,1,6,10,20.38026147959184
Superpixel,8655,5.322429656982422,14.044625282287598,288,1,7,10,17.249282525510203
CAM,8655,6.241164207458496,14.044625282287598,288,1,7,10,17.249282525510203
FAM,8655,6.357547283172607,14.044625282287598,288,1,7,10,17.249282525510203
Random,8655,-0.6577162146568298,14.044625282287598,288,1,7,10,17.249282525510203
Superpixel,7163,2.4863121509552,11.880253791809082,289,1,7,10,14.275749362244897
CAM,7163,5.085633754730225,11.880253791809082,289,1,7,10,14.275749362244897
FAM,7163,4.574491024017334,11.880253791809082,289,1,7,10,14.275749362244897
Random,7163,0.0150656551122665,11.880253791809082,289,1,7,10,14.275749362244897
Superpixel,6074,5.366357803344727,14.989495277404783,290,1,9,10,12.105389030612244
CAM,6074,3.082262754440308,14.989495277404783,290,1,9,10,12.105389030612244
FAM,6074,2.691950559616089,14.989495277404783,290,1,9,10,12.105389030612244
Random,6074,-0.7251572012901306,14.989495277404783,290,1,9,10,12.105389030612244
Superpixel,8127,8.540753364562988,17.239116668701172,291,1,7,10,16.196986607142858
CAM,8127,5.7299418449401855,17.239116668701172,291,1,7,10,16.196986607142858
FAM,8127,4.979201316833496,17.239116668701172,291,1,7,10,16.196986607142858
Random,8127,0.3226711750030517,17.239116668701172,291,1,7,10,16.196986607142858
Superpixel,10710,8.148648262023926,12.583741188049316,292,1,8,10,21.344866071428573
CAM,10710,4.7699971199035645,12.583741188049316,292,1,8,10,21.344866071428573
FAM,10710,6.919011116027832,12.583741188049316,292,1,8,10,21.344866071428573
Random,10710,-0.1126814037561416,12.583741188049316,292,1,8,10,21.344866071428573
Superpixel,11302,8.848713874816895,14.344529151916504,293,1,8,10,22.52471301020408
CAM,11302,7.300643444061279,14.344529151916504,293,1,8,10,22.52471301020408
FAM,11302,8.932828903198242,14.344529151916504,293,1,8,10,22.52471301020408
Random,11302,5.037479400634766,14.344529151916504,293,1,8,10,22.52471301020408
Superpixel,7800,5.77296257019043,9.774456977844238,294,1,8,10,15.545280612244897
CAM,7800,4.469137191772461,9.774456977844238,294,1,8,10,15.545280612244897
FAM,7800,5.408731937408447,9.774456977844238,294,1,8,10,15.545280612244897
Random,7800,1.3364261388778689,9.774456977844238,294,1,8,10,15.545280612244897
Superpixel,6862,7.071023941040039,15.452606201171877,295,1,8,10,13.675860969387754
CAM,6862,3.125765323638916,15.452606201171877,295,1,8,10,13.675860969387754
FAM,6862,3.840740203857422,15.452606201171877,295,1,8,10,13.675860969387754
Random,6862,2.164851665496826,15.452606201171877,295,1,8,10,13.675860969387754
Superpixel,10058,5.595107078552246,13.88781452178955,296,1,8,10,20.045440051020407
CAM,10058,2.945845127105713,13.88781452178955,296,1,8,10,20.045440051020407
FAM,10058,6.913305282592773,13.88781452178955,296,1,8,10,20.045440051020407
Random,10058,2.050626754760742,13.88781452178955,296,1,8,10,20.045440051020407
Superpixel,24073,13.99641227722168,16.863059997558594,297,1,5,10,47.977120535714285
CAM,24073,14.11353588104248,16.863059997558594,297,1,5,10,47.977120535714285
FAM,24073,14.074962615966797,16.863059997558594,297,1,5,10,47.977120535714285
Random,24073,1.589869260787964,16.863059997558594,297,1,5,10,47.977120535714285
Superpixel,15898,7.522992134094238,14.96630573272705,298,1,8,10,31.68447066326531
CAM,15898,11.547082901000977,14.96630573272705,298,1,8,10,31.68447066326531
FAM,15898,11.90119457244873,14.96630573272705,298,1,8,10,31.68447066326531
Random,15898,1.3786519765853882,14.96630573272705,298,1,8,10,31.68447066326531
Superpixel,7696,2.0054380893707275,13.316693305969238,299,1,8,10,15.33801020408163
CAM,7696,1.5557663440704346,13.316693305969238,299,1,8,10,15.33801020408163
FAM,7696,-0.0316218547523021,13.316693305969238,299,1,8,10,15.33801020408163
Random,7696,-1.3706772327423096,13.316693305969238,299,1,8,10,15.33801020408163
Superpixel,5179,1.0828577280044556,11.20712184906006,300,1,8,10,10.321667729591836
CAM,5179,-0.1210279837250709,11.20712184906006,300,1,8,10,10.321667729591836
FAM,5179,-0.3399031460285187,11.20712184906006,300,1,8,10,10.321667729591836
Random,5179,-0.3397466838359833,11.20712184906006,300,1,8,10,10.321667729591836
Superpixel,3908,2.5693352222442627,15.920042991638184,301,1,9,10,7.788584183673469
CAM,3908,-0.448015034198761,15.920042991638184,301,1,9,10,7.788584183673469
FAM,3908,-1.7018227577209473,15.920042991638184,301,1,9,10,7.788584183673469
Random,3908,-1.0541117191314695,15.920042991638184,301,1,9,10,7.788584183673469
Superpixel,7259,0.4634629189968109,12.91293239593506,302,1,8,10,14.467075892857142
CAM,7259,-1.6155940294265747,12.91293239593506,302,1,8,10,14.467075892857142
FAM,7259,-0.8845816850662231,12.91293239593506,302,1,8,10,14.467075892857142
Random,7259,-1.4147027730941772,12.91293239593506,302,1,8,10,14.467075892857142
Superpixel,4093,0.1817647218704223,8.65047550201416,303,1,8,10,8.157286352040815
CAM,4093,0.2968719005584717,8.65047550201416,303,1,8,10,8.157286352040815
FAM,4093,-1.2800259590148926,8.65047550201416,303,1,8,10,8.157286352040815
Random,4093,-1.9024715423583984,8.65047550201416,303,1,8,10,8.157286352040815
Superpixel,9413,-0.6992712020874023,7.639223575592041,304,1,8,10,18.75996492346939
CAM,9413,-1.1379176378250122,7.639223575592041,304,1,8,10,18.75996492346939
FAM,9413,-2.182318925857544,7.639223575592041,304,1,8,10,18.75996492346939
Random,9413,-0.7493500709533691,7.639223575592041,304,1,8,10,18.75996492346939
Superpixel,9693,1.5160223245620728,10.562777519226074,305,1,7,10,19.3180006377551
CAM,9693,-0.9940568804740906,10.562777519226074,305,1,7,10,19.3180006377551
FAM,9693,-1.7029622793197632,10.562777519226074,305,1,7,10,19.3180006377551
Random,9693,-0.0241195820271968,10.562777519226074,305,1,7,10,19.3180006377551
Superpixel,6921,1.24357807636261,12.521405220031738,306,1,8,10,13.79344706632653
CAM,6921,-1.1906534433364868,12.521405220031738,306,1,8,10,13.79344706632653
FAM,6921,-1.6104193925857544,12.521405220031738,306,1,8,10,13.79344706632653
Random,6921,-0.4208439588546753,12.521405220031738,306,1,8,10,13.79344706632653
Superpixel,6501,3.41267991065979,7.956989765167236,307,1,8,10,12.956393494897958
CAM,6501,0.3196391463279724,7.956989765167236,307,1,8,10,12.956393494897958
FAM,6501,-0.3367312550544739,7.956989765167236,307,1,8,10,12.956393494897958
Random,6501,1.1275200843811035,7.956989765167236,307,1,8,10,12.956393494897958
Superpixel,9151,3.300875425338745,7.983482360839844,308,1,8,10,18.237802933673468
CAM,9151,4.297624111175537,7.983482360839844,308,1,8,10,18.237802933673468
FAM,9151,0.123164102435112,7.983482360839844,308,1,8,10,18.237802933673468
Random,9151,-0.883527398109436,7.983482360839844,308,1,8,10,18.237802933673468
Superpixel,6602,2.636695384979248,13.487833976745604,309,1,8,10,13.157684948979592
CAM,6602,-2.1155664920806885,13.487833976745604,309,1,8,10,13.157684948979592
FAM,6602,-0.6695771217346191,13.487833976745604,309,1,8,10,13.157684948979592
Random,6602,-0.4531218409538269,13.487833976745604,309,1,8,10,13.157684948979592
Superpixel,12462,4.588033199310303,11.885712623596191,310,1,6,10,24.83657525510204
CAM,12462,6.618218898773193,11.885712623596191,310,1,6,10,24.83657525510204
FAM,12462,1.7143940925598145,11.885712623596191,310,1,6,10,24.83657525510204
Random,12462,-0.3755681216716766,11.885712623596191,310,1,6,10,24.83657525510204
Superpixel,5091,3.330946922302246,9.580245018005373,311,1,9,10,10.146285076530612
CAM,5091,-0.6413233280181885,9.580245018005373,311,1,9,10,10.146285076530612
FAM,5091,-1.6817381381988523,9.580245018005373,311,1,9,10,10.146285076530612
Random,5091,-1.333092212677002,9.580245018005373,311,1,9,10,10.146285076530612
Superpixel,10590,1.032737135887146,15.623077392578123,312,1,8,10,21.105707908163264
CAM,10590,1.6317470073699951,15.623077392578123,312,1,8,10,21.105707908163264
FAM,10590,-0.4786450564861297,15.623077392578123,312,1,8,10,21.105707908163264
Random,10590,-1.1268984079360962,15.623077392578123,312,1,8,10,21.105707908163264
Superpixel,9234,5.275411128997803,10.70521068572998,313,1,7,10,18.40322066326531
CAM,9234,2.3359925746917725,10.70521068572998,313,1,7,10,18.40322066326531
FAM,9234,-1.6556015014648438,10.70521068572998,313,1,7,10,18.40322066326531
Random,9234,0.1575673669576645,10.70521068572998,313,1,7,10,18.40322066326531
Superpixel,7226,-0.5588139891624451,8.181416511535645,314,1,8,10,14.401307397959185
CAM,7226,-2.1763882637023926,8.181416511535645,314,1,8,10,14.401307397959185
FAM,7226,-1.277108907699585,8.181416511535645,314,1,8,10,14.401307397959185
Random,7226,-1.074661135673523,8.181416511535645,314,1,8,10,14.401307397959185
Superpixel,7772,2.7412703037261963,16.103334426879883,315,1,8,10,15.489477040816327
CAM,7772,1.3588300943374634,16.103334426879883,315,1,8,10,15.489477040816327
FAM,7772,-1.4144574403762815,16.103334426879883,315,1,8,10,15.489477040816327
Random,7772,0.1946059167385101,16.103334426879883,315,1,8,10,15.489477040816327
Superpixel,10480,2.288325786590576,11.279531478881836,316,1,7,10,20.886479591836736
CAM,10480,-1.950999140739441,11.279531478881836,316,1,7,10,20.886479591836736
FAM,10480,-1.6316801309585571,11.279531478881836,316,1,7,10,20.886479591836736
Random,10480,-1.381473422050476,11.279531478881836,316,1,7,10,20.886479591836736
Superpixel,9579,5.733679294586182,12.5090913772583,317,1,7,10,19.09080038265306
CAM,9579,-0.5945308804512024,12.5090913772583,317,1,7,10,19.09080038265306
FAM,9579,-0.4434577524662018,12.5090913772583,317,1,7,10,19.09080038265306
Random,9579,-0.9340384006500244,12.5090913772583,317,1,7,10,19.09080038265306
Superpixel,3194,-1.0528191328048706,8.307381629943848,318,1,6,10,6.365593112244898
CAM,3194,-1.5637630224227903,8.307381629943848,318,1,6,10,6.365593112244898
FAM,3194,-2.262147665023804,8.307381629943848,318,1,6,10,6.365593112244898
Random,3194,-1.6083074808120728,8.307381629943848,318,1,6,10,6.365593112244898
Superpixel,7845,2.3492679595947266,16.697917938232422,319,1,8,10,15.634964923469388
CAM,7845,0.9274699687957764,16.697917938232422,319,1,8,10,15.634964923469388
FAM,7845,-1.340720295906067,16.697917938232422,319,1,8,10,15.634964923469388
Random,7845,-2.607540369033813,16.697917938232422,319,1,8,10,15.634964923469388
Superpixel,8895,2.6836259365081787,12.64309787750244,320,1,8,10,17.727598852040817
CAM,8895,-0.6671626567840576,12.64309787750244,320,1,8,10,17.727598852040817
FAM,8895,-0.9144753217697144,12.64309787750244,320,1,8,10,17.727598852040817
Random,8895,-0.6644467115402222,12.64309787750244,320,1,8,10,17.727598852040817
Superpixel,7918,4.297022342681885,13.365646362304688,321,1,8,10,15.78045280612245
CAM,7918,1.77897846698761,13.365646362304688,321,1,8,10,15.78045280612245
FAM,7918,-1.2762281894683838,13.365646362304688,321,1,8,10,15.78045280612245
Random,7918,-1.0559271574020386,13.365646362304688,321,1,8,10,15.78045280612245
Superpixel,5442,1.9281076192855835,15.43865203857422,322,1,8,10,10.845822704081632
CAM,5442,-1.110795021057129,15.43865203857422,322,1,8,10,10.845822704081632
FAM,5442,-1.6918245553970337,15.43865203857422,322,1,8,10,10.845822704081632
Random,5442,-1.0327070951461792,15.43865203857422,322,1,8,10,10.845822704081632
Superpixel,3101,0.5367801189422607,12.263620376586914,323,1,9,10,6.180245535714286
CAM,3101,-1.8369165658950808,12.263620376586914,323,1,9,10,6.180245535714286
FAM,3101,-1.1933666467666626,12.263620376586914,323,1,9,10,6.180245535714286
Random,3101,-1.3571950197219849,12.263620376586914,323,1,9,10,6.180245535714286
Superpixel,5733,0.118006519973278,9.488368034362791,324,1,9,10,11.42578125
CAM,5733,-1.0788981914520264,9.488368034362791,324,1,9,10,11.42578125
FAM,5733,-1.5911842584609983,9.488368034362791,324,1,9,10,11.42578125
Random,5733,-1.154394507408142,9.488368034362791,324,1,9,10,11.42578125
Superpixel,12804,2.608445167541504,13.348353385925291,325,1,6,10,25.518176020408163
CAM,12804,3.965208768844605,13.348353385925291,325,1,6,10,25.518176020408163
FAM,12804,0.1560842245817184,13.348353385925291,325,1,6,10,25.518176020408163
Random,12804,-1.3634895086288452,13.348353385925291,325,1,6,10,25.518176020408163
Superpixel,8126,2.922693252563477,10.921833038330078,326,1,8,10,16.19499362244898
CAM,8126,1.1877925395965576,10.921833038330078,326,1,8,10,16.19499362244898
FAM,8126,-0.6421400904655457,10.921833038330078,326,1,8,10,16.19499362244898
Random,8126,-1.5752521753311155,10.921833038330078,326,1,8,10,16.19499362244898
Superpixel,6701,1.7506412267684937,15.813647270202637,327,1,9,10,13.35499043367347
CAM,6701,1.2687277793884275,15.813647270202637,327,1,9,10,13.35499043367347
FAM,6701,-1.0585132837295532,15.813647270202637,327,1,9,10,13.35499043367347
Random,6701,-1.4039932489395142,15.813647270202637,327,1,9,10,13.35499043367347
Superpixel,8020,0.0814741775393486,10.02759075164795,328,1,8,10,15.983737244897958
CAM,8020,-0.7789841890335083,10.02759075164795,328,1,8,10,15.983737244897958
FAM,8020,-1.8331763744354248,10.02759075164795,328,1,8,10,15.983737244897958
Random,8020,-1.7968016862869265,10.02759075164795,328,1,8,10,15.983737244897958
Superpixel,4591,9.02523422241211,14.073040008544922,329,1,9,10,9.149792729591836
CAM,4591,7.222158432006836,14.073040008544922,329,1,9,10,9.149792729591836
FAM,4591,0.2203245013952255,14.073040008544922,329,1,9,10,9.149792729591836
Random,4591,1.471818208694458,14.073040008544922,329,1,9,10,9.149792729591836
Superpixel,6601,3.962188005447388,12.550060272216797,330,1,9,10,13.155691964285715
CAM,6601,5.741748332977295,12.550060272216797,330,1,9,10,13.155691964285715
FAM,6601,3.3780057430267334,12.550060272216797,330,1,9,10,13.155691964285715
Random,6601,3.13349986076355,12.550060272216797,330,1,9,10,13.155691964285715
Superpixel,3080,4.730515480041504,13.943770408630373,331,1,8,10,6.138392857142857
CAM,3080,3.3163695335388184,13.943770408630373,331,1,8,10,6.138392857142857
FAM,3080,0.0721226185560226,13.943770408630373,331,1,8,10,6.138392857142857
Random,3080,-0.1150474399328231,13.943770408630373,331,1,8,10,6.138392857142857
Superpixel,9357,7.599818229675293,13.27929973602295,332,1,6,10,18.648357780612244
CAM,9357,6.4609808921813965,13.27929973602295,332,1,6,10,18.648357780612244
FAM,9357,1.4140675067901611,13.27929973602295,332,1,6,10,18.648357780612244
Random,9357,1.777187705039978,13.27929973602295,332,1,6,10,18.648357780612244
Superpixel,4005,3.971112489700317,15.010395050048828,333,1,9,10,7.981903698979592
CAM,4005,2.5553998947143555,15.010395050048828,333,1,9,10,7.981903698979592
FAM,4005,0.8520802855491638,15.010395050048828,333,1,9,10,7.981903698979592
Random,4005,1.858139157295227,15.010395050048828,333,1,9,10,7.981903698979592
Superpixel,8304,7.754552841186523,12.984274864196776,334,1,7,10,16.549744897959183
CAM,8304,6.009052276611328,12.984274864196776,334,1,7,10,16.549744897959183
FAM,8304,-0.564505398273468,12.984274864196776,334,1,7,10,16.549744897959183
Random,8304,0.3940694630146026,12.984274864196776,334,1,7,10,16.549744897959183
Superpixel,4888,1.407206416130066,10.79786777496338,335,1,7,10,9.74170918367347
CAM,4888,2.2200303077697754,10.79786777496338,335,1,7,10,9.74170918367347
FAM,4888,-0.0314895287156105,10.79786777496338,335,1,7,10,9.74170918367347
Random,4888,0.0493305549025535,10.79786777496338,335,1,7,10,9.74170918367347
Superpixel,3604,9.181879043579102,13.823429107666016,336,1,7,10,7.182716836734694
CAM,3604,5.019240856170654,13.823429107666016,336,1,7,10,7.182716836734694
FAM,3604,3.369068384170532,13.823429107666016,336,1,7,10,7.182716836734694
Random,3604,1.3030608892440796,13.823429107666016,336,1,7,10,7.182716836734694
Superpixel,5423,6.683402061462402,13.756704330444336,337,1,6,10,10.80795599489796
CAM,5423,7.397544860839844,13.756704330444336,337,1,6,10,10.80795599489796
FAM,5423,1.0971766710281372,13.756704330444336,337,1,6,10,10.80795599489796
Random,5423,0.9499447345733644,13.756704330444336,337,1,6,10,10.80795599489796
Superpixel,3664,4.410438537597656,15.13203239440918,338,1,10,10,7.302295918367347
CAM,3664,2.694445848464966,15.13203239440918,338,1,10,10,7.302295918367347
FAM,3664,-0.0468655005097389,15.13203239440918,338,1,10,10,7.302295918367347
Random,3664,0.7542635798454285,15.13203239440918,338,1,10,10,7.302295918367347
Superpixel,3827,7.656149864196777,11.01680850982666,339,1,8,10,7.627152423469388
CAM,3827,3.264784812927246,11.01680850982666,339,1,8,10,7.627152423469388
FAM,3827,-0.1719827353954315,11.01680850982666,339,1,8,10,7.627152423469388
Random,3827,0.332356721162796,11.01680850982666,339,1,8,10,7.627152423469388
Superpixel,10012,7.266102790832519,15.919769287109377,340,1,8,10,19.95376275510204
CAM,10012,13.794231414794922,15.919769287109377,340,1,8,10,19.95376275510204
FAM,10012,1.8031262159347532,15.919769287109377,340,1,8,10,19.95376275510204
Random,10012,0.8175047636032104,15.919769287109377,340,1,8,10,19.95376275510204
Superpixel,6098,5.834255695343018,16.254274368286133,341,1,8,10,12.153220663265303
CAM,6098,6.396398067474365,16.254274368286133,341,1,8,10,12.153220663265303
FAM,6098,3.478929042816162,16.254274368286133,341,1,8,10,12.153220663265303
Random,6098,0.4602519273757934,16.254274368286133,341,1,8,10,12.153220663265303
Superpixel,14272,10.857641220092772,14.408669471740724,342,1,6,10,28.443877551020407
CAM,14272,12.374122619628906,14.408669471740724,342,1,6,10,28.443877551020407
FAM,14272,0.5862284898757935,14.408669471740724,342,1,6,10,28.443877551020407
Random,14272,0.3750233054161072,14.408669471740724,342,1,6,10,28.443877551020407
Superpixel,7544,7.174474716186523,12.208805084228516,343,1,9,10,15.035076530612246
CAM,7544,5.2264180183410645,12.208805084228516,343,1,9,10,15.035076530612246
FAM,7544,1.8654640913009644,12.208805084228516,343,1,9,10,15.035076530612246
Random,7544,4.445785999298096,12.208805084228516,343,1,9,10,15.035076530612246
Superpixel,3302,12.029542922973633,13.76335906982422,344,1,8,10,6.580835459183673
CAM,3302,3.88100004196167,13.76335906982422,344,1,8,10,6.580835459183673
FAM,3302,1.0243924856185913,13.76335906982422,344,1,8,10,6.580835459183673
Random,3302,0.969388782978058,13.76335906982422,344,1,8,10,6.580835459183673
Superpixel,3620,6.908121585845947,13.20321273803711,345,1,8,10,7.214604591836735
CAM,3620,5.547402858734131,13.20321273803711,345,1,8,10,7.214604591836735
FAM,3620,0.9323688745498656,13.20321273803711,345,1,8,10,7.214604591836735
Random,3620,0.8934594988822937,13.20321273803711,345,1,8,10,7.214604591836735
Superpixel,5738,3.4799106121063232,16.150007247924805,346,1,9,10,11.435746173469388
CAM,5738,5.075217247009277,16.150007247924805,346,1,9,10,11.435746173469388
FAM,5738,2.352173089981079,16.150007247924805,346,1,9,10,11.435746173469388
Random,5738,2.0439612865448,16.150007247924805,346,1,9,10,11.435746173469388
Superpixel,4699,7.256076812744141,12.391377449035645,347,1,8,10,9.365035076530612
CAM,4699,5.8727240562438965,12.391377449035645,347,1,8,10,9.365035076530612
FAM,4699,-0.1224957928061485,12.391377449035645,347,1,8,10,9.365035076530612
Random,4699,-0.2534856498241424,12.391377449035645,347,1,8,10,9.365035076530612
Superpixel,13942,4.142059803009033,10.273602485656738,348,1,8,10,27.786192602040817
CAM,13942,6.795735359191895,10.273602485656738,348,1,8,10,27.786192602040817
FAM,13942,-0.8285941481590271,10.273602485656738,348,1,8,10,27.786192602040817
Random,13942,1.6558939218521118,10.273602485656738,348,1,8,10,27.786192602040817
Superpixel,11699,5.529936790466309,10.695701599121094,349,1,7,10,23.315927933673468
CAM,11699,8.697659492492676,10.695701599121094,349,1,7,10,23.315927933673468
FAM,11699,4.352173805236816,10.695701599121094,349,1,7,10,23.315927933673468
Random,11699,0.5220620036125183,10.695701599121094,349,1,7,10,23.315927933673468
Superpixel,5645,4.152096748352051,13.8681640625,350,1,7,10,11.250398596938776
CAM,5645,3.2492353916168213,13.8681640625,350,1,7,10,11.250398596938776
FAM,5645,0.1576311737298965,13.8681640625,350,1,7,10,11.250398596938776
Random,5645,0.3336894810199737,13.8681640625,350,1,7,10,11.250398596938776
Superpixel,3320,7.526199817657471,11.2779541015625,351,1,7,10,6.6167091836734695
CAM,3320,3.619885683059693,11.2779541015625,351,1,7,10,6.6167091836734695
FAM,3320,0.5349526405334473,11.2779541015625,351,1,7,10,6.6167091836734695
Random,3320,0.5626800060272217,11.2779541015625,351,1,7,10,6.6167091836734695
Superpixel,10069,7.346868515014648,8.580537796020508,352,1,8,10,20.06736288265306
CAM,10069,7.31162166595459,8.580537796020508,352,1,8,10,20.06736288265306
FAM,10069,3.068786859512329,8.580537796020508,352,1,8,10,20.06736288265306
Random,10069,-0.1927399784326553,8.580537796020508,352,1,8,10,20.06736288265306
Superpixel,7611,3.7467525005340576,11.65229606628418,353,1,8,10,15.168606505102042
CAM,7611,1.929010033607483,11.65229606628418,353,1,8,10,15.168606505102042
FAM,7611,0.0669728741049766,11.65229606628418,353,1,8,10,15.168606505102042
Random,7611,0.1626844704151153,11.65229606628418,353,1,8,10,15.168606505102042
Superpixel,3911,6.608193397521973,12.064424514770508,354,1,8,10,7.794563137755102
CAM,3911,2.225605010986328,12.064424514770508,354,1,8,10,7.794563137755102
FAM,3911,1.6874336004257202,12.064424514770508,354,1,8,10,7.794563137755102
Random,3911,0.2103075832128524,12.064424514770508,354,1,8,10,7.794563137755102
Superpixel,4416,5.75811767578125,12.731801986694336,355,1,8,10,8.801020408163266
CAM,4416,3.648302555084229,12.731801986694336,355,1,8,10,8.801020408163266
FAM,4416,0.6127553582191467,12.731801986694336,355,1,8,10,8.801020408163266
Random,4416,0.3524928987026214,12.731801986694336,355,1,8,10,8.801020408163266
Superpixel,4656,10.491641998291016,12.03252410888672,356,1,8,10,9.279336734693878
CAM,4656,6.3531494140625,12.03252410888672,356,1,8,10,9.279336734693878
FAM,4656,1.3572442531585691,12.03252410888672,356,1,8,10,9.279336734693878
Random,4656,0.8465251922607422,12.03252410888672,356,1,8,10,9.279336734693878
Superpixel,5385,5.054758071899414,11.188125610351562,357,1,9,10,10.732222576530612
CAM,5385,6.527560710906982,11.188125610351562,357,1,9,10,10.732222576530612
FAM,5385,3.621283769607544,11.188125610351562,357,1,9,10,10.732222576530612
Random,5385,0.7657169699668884,11.188125610351562,357,1,9,10,10.732222576530612
Superpixel,4477,8.800605773925781,15.25149154663086,358,1,7,10,8.922592474489797
CAM,4477,7.471405029296875,15.25149154663086,358,1,7,10,8.922592474489797
FAM,4477,0.8966149091720581,15.25149154663086,358,1,7,10,8.922592474489797
Random,4477,1.8294607400894165,15.25149154663086,358,1,7,10,8.922592474489797
Superpixel,7350,8.537463188171387,12.692386627197266,359,1,7,10,14.6484375
CAM,7350,7.218522548675537,12.692386627197266,359,1,7,10,14.6484375
FAM,7350,-1.2820221185684204,12.692386627197266,359,1,7,10,14.6484375
Random,7350,5.256317615509033,12.692386627197266,359,1,7,10,14.6484375
Superpixel,7652,8.94381332397461,9.10841178894043,360,1,7,10,15.25031887755102
CAM,7652,6.661071300506592,9.10841178894043,360,1,7,10,15.25031887755102
FAM,7652,-0.9384967684745787,9.10841178894043,360,1,7,10,15.25031887755102
Random,7652,-1.03416645526886,9.10841178894043,360,1,7,10,15.25031887755102
Superpixel,4809,7.816093921661377,9.318045616149902,361,1,8,10,9.584263392857142
CAM,4809,8.609522819519043,9.318045616149902,361,1,8,10,9.584263392857142
FAM,4809,0.3761027157306671,9.318045616149902,361,1,8,10,9.584263392857142
Random,4809,0.4428879916667938,9.318045616149902,361,1,8,10,9.584263392857142
Superpixel,9322,4.441538333892822,8.096786499023438,362,1,7,10,18.57860331632653
CAM,9322,7.448072910308838,8.096786499023438,362,1,7,10,18.57860331632653
FAM,9322,-1.7489688396453855,8.096786499023438,362,1,7,10,18.57860331632653
Random,9322,-0.1708592474460601,8.096786499023438,362,1,7,10,18.57860331632653
Superpixel,9562,3.033321619033813,15.25532341003418,363,1,7,10,19.056919642857142
CAM,9562,13.428101539611816,15.25532341003418,363,1,7,10,19.056919642857142
FAM,9562,1.767062783241272,15.25532341003418,363,1,7,10,19.056919642857142
Random,9562,1.40422785282135,15.25532341003418,363,1,7,10,19.056919642857142
Superpixel,10936,6.174257755279541,13.018765449523926,364,1,7,10,21.7952806122449
CAM,10936,9.849342346191406,13.018765449523926,364,1,7,10,21.7952806122449
FAM,10936,1.4369109869003296,13.018765449523926,364,1,7,10,21.7952806122449
Random,10936,0.5286959409713745,13.018765449523926,364,1,7,10,21.7952806122449
Superpixel,9096,6.650383949279785,10.416288375854492,365,1,6,10,18.128188775510203
CAM,9096,4.916128635406494,10.416288375854492,365,1,6,10,18.128188775510203
FAM,9096,-0.8554282784461975,10.416288375854492,365,1,6,10,18.128188775510203
Random,9096,0.5404189229011536,10.416288375854492,365,1,6,10,18.128188775510203
Superpixel,7524,8.525934219360352,10.232054710388184,366,1,7,10,14.995216836734691
CAM,7524,10.83603572845459,10.232054710388184,366,1,7,10,14.995216836734691
FAM,7524,-1.168607234954834,10.232054710388184,366,1,7,10,14.995216836734691
Random,7524,0.4423613548278808,10.232054710388184,366,1,7,10,14.995216836734691
Superpixel,4176,5.855398654937744,13.314410209655762,367,1,8,10,8.322704081632654
CAM,4176,0.3337448537349701,13.314410209655762,367,1,8,10,8.322704081632654
FAM,4176,-1.1626893281936646,13.314410209655762,367,1,8,10,8.322704081632654
Random,4176,-0.7558914422988892,13.314410209655762,367,1,8,10,8.322704081632654
Superpixel,5898,1.073359131813049,11.276439666748049,368,1,6,10,11.754623724489797
CAM,5898,3.87683629989624,11.276439666748049,368,1,6,10,11.754623724489797
FAM,5898,-0.9357711672782898,11.276439666748049,368,1,6,10,11.754623724489797
Random,5898,-1.3675800561904907,11.276439666748049,368,1,6,10,11.754623724489797
Superpixel,4588,7.134870052337647,13.268479347229004,369,1,8,10,9.143813775510203
CAM,4588,7.753546237945557,13.268479347229004,369,1,8,10,9.143813775510203
FAM,4588,-0.705105185508728,13.268479347229004,369,1,8,10,9.143813775510203
Random,4588,0.2280016243457794,13.268479347229004,369,1,8,10,9.143813775510203
Superpixel,5404,1.1445951461791992,13.779359817504885,370,1,9,10,10.770089285714286
CAM,5404,-0.2768179476261139,13.779359817504885,370,1,9,10,10.770089285714286
FAM,5404,-1.5650160312652588,13.779359817504885,370,1,9,10,10.770089285714286
Random,5404,-0.6964967846870422,13.779359817504885,370,1,9,10,10.770089285714286
Superpixel,16885,1.9505877494812007,7.364414691925049,371,1,4,10,33.65154655612245
CAM,16885,3.6567673683166495,7.364414691925049,371,1,4,10,33.65154655612245
FAM,16885,-0.5087096691131592,7.364414691925049,371,1,4,10,33.65154655612245
Random,16885,-2.0411057472229004,7.364414691925049,371,1,4,10,33.65154655612245
Superpixel,5096,3.853849411010742,12.759831428527832,372,1,9,10,10.15625
CAM,5096,8.613991737365723,12.759831428527832,372,1,9,10,10.15625
FAM,5096,-1.2607277631759644,12.759831428527832,372,1,9,10,10.15625
Random,5096,1.8382130861282349,12.759831428527832,372,1,9,10,10.15625
Superpixel,6385,5.758467674255371,12.169473648071287,373,1,8,10,12.725207270408164
CAM,6385,10.31018352508545,12.169473648071287,373,1,8,10,12.725207270408164
FAM,6385,0.4309800565242767,12.169473648071287,373,1,8,10,12.725207270408164
Random,6385,1.814571499824524,12.169473648071287,373,1,8,10,12.725207270408164
Superpixel,11098,4.685090065002441,12.124338150024414,374,1,7,10,22.11814413265306
CAM,11098,10.628013610839844,12.124338150024414,374,1,7,10,22.11814413265306
FAM,11098,-0.1013812199234962,12.124338150024414,374,1,7,10,22.11814413265306
Random,11098,2.635328769683838,12.124338150024414,374,1,7,10,22.11814413265306
Superpixel,5341,5.945751190185547,12.336267471313477,375,1,8,10,10.64453125
CAM,5341,6.488277435302734,12.336267471313477,375,1,8,10,10.64453125
FAM,5341,-0.152860477566719,12.336267471313477,375,1,8,10,10.64453125
Random,5341,1.3515557050704956,12.336267471313477,375,1,8,10,10.64453125
Superpixel,9012,8.624879837036133,12.838436126708984,376,1,7,10,17.960778061224488
CAM,9012,10.03783893585205,12.838436126708984,376,1,7,10,17.960778061224488
FAM,9012,-0.0323999896645545,12.838436126708984,376,1,7,10,17.960778061224488
Random,9012,1.2691184282302856,12.838436126708984,376,1,7,10,17.960778061224488
Superpixel,9164,6.877501010894775,13.869569778442385,377,1,7,10,18.26371173469388
CAM,9164,10.486713409423828,13.869569778442385,377,1,7,10,18.26371173469388
FAM,9164,-0.7381128072738647,13.869569778442385,377,1,7,10,18.26371173469388
Random,9164,1.7076579332351685,13.869569778442385,377,1,7,10,18.26371173469388
Superpixel,3687,7.661784648895264,11.192914962768556,378,1,9,10,7.34813456632653
CAM,3687,1.717951416969299,11.192914962768556,378,1,9,10,7.34813456632653
FAM,3687,-0.5384379029273987,11.192914962768556,378,1,9,10,7.34813456632653
Random,3687,1.443331241607666,11.192914962768556,378,1,9,10,7.34813456632653
Superpixel,7655,1.8973346948623655,10.514068603515623,379,1,8,10,15.256297831632654
CAM,7655,6.230752468109131,10.514068603515623,379,1,8,10,15.256297831632654
FAM,7655,-0.1499533057212829,10.514068603515623,379,1,8,10,15.256297831632654
Random,7655,-0.8046829104423523,10.514068603515623,379,1,8,10,15.256297831632654
Superpixel,10281,1.7023123502731323,12.40369987487793,380,1,7,10,20.4898756377551
CAM,10281,12.993400573730469,12.40369987487793,380,1,7,10,20.4898756377551
FAM,10281,-0.0489984527230262,12.40369987487793,380,1,7,10,20.4898756377551
Random,10281,-0.9298303723335266,12.40369987487793,380,1,7,10,20.4898756377551
Superpixel,4575,0.8144410252571106,11.587076187133787,381,1,8,10,9.117904974489797
CAM,4575,6.5718207359313965,11.587076187133787,381,1,8,10,9.117904974489797
FAM,4575,-1.082601547241211,11.587076187133787,381,1,8,10,9.117904974489797
Random,4575,1.3717604875564575,11.587076187133787,381,1,8,10,9.117904974489797
Superpixel,12345,5.726902961730957,9.604865074157717,382,1,6,10,24.60339604591837
CAM,12345,8.005573272705078,9.604865074157717,382,1,6,10,24.60339604591837
FAM,12345,0.3661940991878509,9.604865074157717,382,1,6,10,24.60339604591837
Random,12345,1.009020447731018,9.604865074157717,382,1,6,10,24.60339604591837
Superpixel,2992,1.5335191488265991,9.45546054840088,383,1,8,10,5.963010204081633
CAM,2992,7.492769718170166,9.45546054840088,383,1,8,10,5.963010204081633
FAM,2992,-0.3699801862239837,9.45546054840088,383,1,8,10,5.963010204081633
Random,2992,0.6586312651634216,9.45546054840088,383,1,8,10,5.963010204081633
Superpixel,5300,3.033165216445923,10.80064582824707,384,1,8,10,10.56281887755102
CAM,5300,3.073209047317505,10.80064582824707,384,1,8,10,10.56281887755102
FAM,5300,-1.3168505430221558,10.80064582824707,384,1,8,10,10.56281887755102
Random,5300,-0.3110887110233307,10.80064582824707,384,1,8,10,10.56281887755102
Superpixel,11728,7.440042495727539,10.962685585021973,385,1,7,10,23.37372448979592
CAM,11728,11.77135181427002,10.962685585021973,385,1,7,10,23.37372448979592
FAM,11728,2.96668004989624,10.962685585021973,385,1,7,10,23.37372448979592
Random,11728,-2.5081417560577397,10.962685585021973,385,1,7,10,23.37372448979592
Superpixel,9184,12.727109909057615,11.96926212310791,386,1,6,10,18.303571428571427
CAM,9184,11.780503273010254,11.96926212310791,386,1,6,10,18.303571428571427
FAM,9184,-1.296128749847412,11.96926212310791,386,1,6,10,18.303571428571427
Random,9184,0.5890395045280457,11.96926212310791,386,1,6,10,18.303571428571427
Superpixel,9094,5.708588600158691,12.72247314453125,387,1,6,10,18.12420280612245
CAM,9094,9.601092338562012,12.72247314453125,387,1,6,10,18.12420280612245
FAM,9094,1.2602065801620483,12.72247314453125,387,1,6,10,18.12420280612245
Random,9094,0.7413527965545654,12.72247314453125,387,1,6,10,18.12420280612245
Superpixel,8241,6.491519927978516,12.81272792816162,388,1,7,10,16.4241868622449
CAM,8241,8.042116165161133,12.81272792816162,388,1,7,10,16.4241868622449
FAM,8241,0.3281157612800598,12.81272792816162,388,1,7,10,16.4241868622449
Random,8241,0.7585546970367432,12.81272792816162,388,1,7,10,16.4241868622449
Superpixel,9232,2.1055259704589844,14.838385581970217,389,1,7,10,18.39923469387755
CAM,9232,9.03438949584961,14.838385581970217,389,1,7,10,18.39923469387755
FAM,9232,2.0075490474700928,14.838385581970217,389,1,7,10,18.39923469387755
Random,9232,1.7105865478515625,14.838385581970217,389,1,7,10,18.39923469387755
Superpixel,7626,5.275890350341797,14.416349411010742,390,1,8,10,15.198501275510203
CAM,7626,12.743959426879885,14.416349411010742,390,1,8,10,15.198501275510203
FAM,7626,0.9736987948417664,14.416349411010742,390,1,8,10,15.198501275510203
Random,7626,0.0900439172983169,14.416349411010742,390,1,8,10,15.198501275510203
Superpixel,2943,1.9370607137680051,10.637313842773438,391,1,6,10,5.865353954081633
CAM,2943,1.3908952474594116,10.637313842773438,391,1,6,10,5.865353954081633
FAM,2943,0.977310299873352,10.637313842773438,391,1,6,10,5.865353954081633
Random,2943,0.6966614723205566,10.637313842773438,391,1,6,10,5.865353954081633
Superpixel,7731,8.953404426574707,14.043931007385254,392,1,8,10,15.407764668367346
CAM,7731,12.141304969787598,14.043931007385254,392,1,8,10,15.407764668367346
FAM,7731,1.0841511487960815,14.043931007385254,392,1,8,10,15.407764668367346
Random,7731,0.6950737237930298,14.043931007385254,392,1,8,10,15.407764668367346
Superpixel,14478,6.161569595336914,13.663690567016602,393,1,7,10,28.854432397959183
CAM,14478,11.644908905029297,13.663690567016602,393,1,7,10,28.854432397959183
FAM,14478,-0.2823979258537292,13.663690567016602,393,1,7,10,28.854432397959183
Random,14478,0.4467952251434326,13.663690567016602,393,1,7,10,28.854432397959183
Superpixel,14051,9.570897102355955,13.726884841918944,394,1,6,10,28.003427933673468
CAM,14051,12.773136138916016,13.726884841918944,394,1,6,10,28.003427933673468
FAM,14051,0.112812727689743,13.726884841918944,394,1,6,10,28.003427933673468
Random,14051,1.0897669792175293,13.726884841918944,394,1,6,10,28.003427933673468
Superpixel,5619,1.0682543516159058,9.495702743530272,395,1,8,10,11.19858099489796
CAM,5619,1.0195999145507812,9.495702743530272,395,1,8,10,11.19858099489796
FAM,5619,1.1611601114273071,9.495702743530272,395,1,8,10,11.19858099489796
Random,5619,-1.974312663078308,9.495702743530272,395,1,8,10,11.19858099489796
Superpixel,16289,5.847134113311768,12.505420684814451,396,1,7,10,32.46372767857143
CAM,16289,10.737632751464844,12.505420684814451,396,1,7,10,32.46372767857143
FAM,16289,5.574502944946289,12.505420684814451,396,1,7,10,32.46372767857143
Random,16289,1.4516218900680542,12.505420684814451,396,1,7,10,32.46372767857143
Superpixel,7043,5.56624698638916,14.099834442138672,397,1,8,10,14.036591198979592
CAM,7043,5.768941879272461,14.099834442138672,397,1,8,10,14.036591198979592
FAM,7043,2.101149320602417,14.099834442138672,397,1,8,10,14.036591198979592
Random,7043,1.1979655027389526,14.099834442138672,397,1,8,10,14.036591198979592
Superpixel,9199,4.028350830078125,12.498822212219238,398,1,7,10,18.333466198979597
CAM,9199,4.673922061920166,12.498822212219238,398,1,7,10,18.333466198979597
FAM,9199,0.9063757061958312,12.498822212219238,398,1,7,10,18.333466198979597
Random,9199,0.0396210700273513,12.498822212219238,398,1,7,10,18.333466198979597
Superpixel,8602,6.751123428344727,13.913810729980469,399,1,7,10,17.14365433673469
CAM,8602,8.800654411315918,13.913810729980469,399,1,7,10,17.14365433673469
FAM,8602,0.9825300574302672,13.913810729980469,399,1,7,10,17.14365433673469
Random,8602,5.057462692260742,13.913810729980469,399,1,7,10,17.14365433673469
Superpixel,6873,6.822373867034912,14.361162185668944,400,1,6,10,13.697783801020408
CAM,6873,7.266966819763184,14.361162185668944,400,1,6,10,13.697783801020408
FAM,6873,0.0201119929552078,14.361162185668944,400,1,6,10,13.697783801020408
Random,6873,1.639283537864685,14.361162185668944,400,1,6,10,13.697783801020408
Superpixel,15486,6.197171211242676,13.111021041870115,401,1,7,10,30.86336096938776
CAM,15486,12.690279006958008,13.111021041870115,401,1,7,10,30.86336096938776
FAM,15486,1.2361912727355957,13.111021041870115,401,1,7,10,30.86336096938776
Random,15486,-0.3880258798599243,13.111021041870115,401,1,7,10,30.86336096938776
Superpixel,3232,3.925332546234131,14.034173965454102,402,1,8,10,6.441326530612244
CAM,3232,7.498600959777832,14.034173965454102,402,1,8,10,6.441326530612244
FAM,3232,3.0603997707366943,14.034173965454102,402,1,8,10,6.441326530612244
Random,3232,-0.0390912443399429,14.034173965454102,402,1,8,10,6.441326530612244
Superpixel,11647,4.361586093902588,13.451725959777832,403,1,6,10,23.21229272959184
CAM,11647,9.790374755859377,13.451725959777832,403,1,6,10,23.21229272959184
FAM,11647,-0.2447956055402755,13.451725959777832,403,1,6,10,23.21229272959184
Random,11647,0.5039240121841431,13.451725959777832,403,1,6,10,23.21229272959184
Superpixel,12485,11.472333908081056,14.420814514160156,404,1,7,10,24.882413903061224
CAM,12485,9.904075622558594,14.420814514160156,404,1,7,10,24.882413903061224
FAM,12485,2.6264126300811768,14.420814514160156,404,1,7,10,24.882413903061224
Random,12485,1.436691164970398,14.420814514160156,404,1,7,10,24.882413903061224
Superpixel,7908,4.034865379333496,9.922111511230469,405,1,8,10,15.760522959183673
CAM,7908,6.987026214599609,9.922111511230469,405,1,8,10,15.760522959183673
FAM,7908,1.617846965789795,9.922111511230469,405,1,8,10,15.760522959183673
Random,7908,1.4763487577438354,9.922111511230469,405,1,8,10,15.760522959183673
Superpixel,3245,3.36901593208313,16.47260284423828,406,1,7,10,6.467235331632653
CAM,3245,3.8344454765319824,16.47260284423828,406,1,7,10,6.467235331632653
FAM,3245,1.5088704824447632,16.47260284423828,406,1,7,10,6.467235331632653
Random,3245,1.0428730249404907,16.47260284423828,406,1,7,10,6.467235331632653
Superpixel,8383,3.4344770908355717,9.179950714111328,407,1,9,10,16.707190688775512
CAM,8383,3.43973970413208,9.179950714111328,407,1,9,10,16.707190688775512
FAM,8383,0.4465904831886291,9.179950714111328,407,1,9,10,16.707190688775512
Random,8383,1.3847107887268066,9.179950714111328,407,1,9,10,16.707190688775512
Superpixel,3546,4.519878387451172,11.914968490600586,408,1,8,10,7.067123724489796
CAM,3546,6.158454895019531,11.914968490600586,408,1,8,10,7.067123724489796
FAM,3546,0.4162558317184448,11.914968490600586,408,1,8,10,7.067123724489796
Random,3546,0.8289139866828918,11.914968490600586,408,1,8,10,7.067123724489796
Superpixel,9472,11.512908935546877,15.533082008361816,409,1,6,10,18.877551020408163
CAM,9472,13.998276710510254,15.533082008361816,409,1,6,10,18.877551020408163
FAM,9472,2.150187730789185,15.533082008361816,409,1,6,10,18.877551020408163
Random,9472,4.346613883972168,15.533082008361816,409,1,6,10,18.877551020408163
Superpixel,7770,2.70162034034729,10.72856616973877,410,1,7,10,15.485491071428571
CAM,7770,8.882588386535645,10.72856616973877,410,1,7,10,15.485491071428571
FAM,7770,1.398086667060852,10.72856616973877,410,1,7,10,15.485491071428571
Random,7770,0.5385616421699524,10.72856616973877,410,1,7,10,15.485491071428571
Superpixel,8798,2.8551442623138428,14.577210426330566,411,1,7,10,17.53427933673469
CAM,8798,10.17180061340332,14.577210426330566,411,1,7,10,17.53427933673469
FAM,8798,2.9536683559417725,14.577210426330566,411,1,7,10,17.53427933673469
Random,8798,0.9405571818351746,14.577210426330566,411,1,7,10,17.53427933673469
Superpixel,11471,6.113237380981445,15.82571506500244,412,1,8,10,22.86152742346939
CAM,11471,10.005014419555664,15.82571506500244,412,1,8,10,22.86152742346939
FAM,11471,0.9843767285346984,15.82571506500244,412,1,8,10,22.86152742346939
Random,11471,3.181956052780152,15.82571506500244,412,1,8,10,22.86152742346939
Superpixel,4262,1.456321120262146,9.7201509475708,413,1,9,10,8.494100765306122
CAM,4262,0.4939638376235962,9.7201509475708,413,1,9,10,8.494100765306122
FAM,4262,-0.2551720440387726,9.7201509475708,413,1,9,10,8.494100765306122
Random,4262,0.3135005235671997,9.7201509475708,413,1,9,10,8.494100765306122
Superpixel,10951,14.90428066253662,13.540246963500977,414,1,9,10,21.82517538265306
CAM,10951,14.23190689086914,13.540246963500977,414,1,9,10,21.82517538265306
FAM,10951,0.2497251778841018,13.540246963500977,414,1,9,10,21.82517538265306
Random,10951,-0.9898338317871094,13.540246963500977,414,1,9,10,21.82517538265306
Superpixel,4675,6.65005350112915,15.002659797668455,415,1,6,10,9.31720344387755
CAM,4675,4.259737968444824,15.002659797668455,415,1,6,10,9.31720344387755
FAM,4675,2.2438390254974365,15.002659797668455,415,1,6,10,9.31720344387755
Random,4675,-0.174168199300766,15.002659797668455,415,1,6,10,9.31720344387755
Superpixel,5235,6.916426658630371,14.43680191040039,416,1,8,10,10.43327487244898
CAM,5235,4.552547454833984,14.43680191040039,416,1,8,10,10.43327487244898
FAM,5235,-0.5073228478431702,14.43680191040039,416,1,8,10,10.43327487244898
Random,5235,0.3423320353031158,14.43680191040039,416,1,8,10,10.43327487244898
Superpixel,3720,8.847721099853516,14.637850761413574,417,1,8,10,7.41390306122449
CAM,3720,5.407533645629883,14.637850761413574,417,1,8,10,7.41390306122449
FAM,3720,0.1146412193775177,14.637850761413574,417,1,8,10,7.41390306122449
Random,3720,0.1330227851867675,14.637850761413574,417,1,8,10,7.41390306122449
Superpixel,5751,6.219259262084961,12.88090705871582,418,1,8,10,11.461654974489797
CAM,5751,7.378129959106445,12.88090705871582,418,1,8,10,11.461654974489797
FAM,5751,-0.2119118869304657,12.88090705871582,418,1,8,10,11.461654974489797
Random,5751,-2.2102437019348145,12.88090705871582,418,1,8,10,11.461654974489797
Superpixel,8870,7.797477722167969,12.210949897766112,419,1,5,10,17.677774234693878
CAM,8870,5.665623664855957,12.210949897766112,419,1,5,10,17.677774234693878
FAM,8870,1.128852605819702,12.210949897766112,419,1,5,10,17.677774234693878
Random,8870,3.8392839431762695,12.210949897766112,419,1,5,10,17.677774234693878
Superpixel,6860,5.8754987716674805,14.427797317504885,420,1,6,10,13.671875
CAM,6860,3.2571866512298584,14.427797317504885,420,1,6,10,13.671875
FAM,6860,1.437623143196106,14.427797317504885,420,1,6,10,13.671875
Random,6860,1.7827365398406982,14.427797317504885,420,1,6,10,13.671875
Superpixel,5492,5.926414012908936,16.625398635864258,421,1,8,10,10.94547193877551
CAM,5492,7.352058410644531,16.625398635864258,421,1,8,10,10.94547193877551
FAM,5492,-0.6775842905044556,16.625398635864258,421,1,8,10,10.94547193877551
Random,5492,0.5324656367301941,16.625398635864258,421,1,8,10,10.94547193877551
Superpixel,4107,6.509819030761719,13.700872421264648,422,1,8,10,8.185188137755102
CAM,4107,5.475468635559082,13.700872421264648,422,1,8,10,8.185188137755102
FAM,4107,-0.9348483681678772,13.700872421264648,422,1,8,10,8.185188137755102
Random,4107,-0.640576958656311,13.700872421264648,422,1,8,10,8.185188137755102
Superpixel,3215,4.207550048828125,11.946178436279297,423,1,7,10,6.407445790816327
CAM,3215,3.2071242332458496,11.946178436279297,423,1,7,10,6.407445790816327
FAM,3215,0.5661142468452454,11.946178436279297,423,1,7,10,6.407445790816327
Random,3215,-0.3231998980045318,11.946178436279297,423,1,7,10,6.407445790816327
Superpixel,5317,9.06707000732422,14.980913162231444,424,1,6,10,10.59669961734694
CAM,5317,5.568206787109375,14.980913162231444,424,1,6,10,10.59669961734694
FAM,5317,2.874969005584717,14.980913162231444,424,1,6,10,10.59669961734694
Random,5317,0.6093718409538269,14.980913162231444,424,1,6,10,10.59669961734694
Superpixel,5775,9.25894546508789,12.120121002197266,425,1,8,10,11.509486607142858
CAM,5775,8.567227363586426,12.120121002197266,425,1,8,10,11.509486607142858
FAM,5775,-0.0800477564334869,12.120121002197266,425,1,8,10,11.509486607142858
Random,5775,2.081021785736084,12.120121002197266,425,1,8,10,11.509486607142858
Superpixel,6183,4.494222164154053,15.36510944366455,426,1,7,10,12.322624362244898
CAM,6183,9.209787368774414,15.36510944366455,426,1,7,10,12.322624362244898
FAM,6183,-0.1699818819761276,15.36510944366455,426,1,7,10,12.322624362244898
Random,6183,0.2983415722846985,15.36510944366455,426,1,7,10,12.322624362244898
Superpixel,4814,5.888508796691895,16.099628448486328,427,1,8,10,9.59422831632653
CAM,4814,2.676379680633545,16.099628448486328,427,1,8,10,9.59422831632653
FAM,4814,-1.0129247903823853,16.099628448486328,427,1,8,10,9.59422831632653
Random,4814,1.5161148309707642,16.099628448486328,427,1,8,10,9.59422831632653
Superpixel,5002,6.591635227203369,13.853906631469728,428,1,6,10,9.96890943877551
CAM,5002,6.0680036544799805,13.853906631469728,428,1,6,10,9.96890943877551
FAM,5002,-0.176254540681839,13.853906631469728,428,1,6,10,9.96890943877551
Random,5002,3.298645496368408,13.853906631469728,428,1,6,10,9.96890943877551
Superpixel,3770,4.329807758331299,7.009143352508545,429,1,7,10,7.513552295918367
CAM,3770,1.2793132066726685,7.009143352508545,429,1,7,10,7.513552295918367
FAM,3770,2.060387134552002,7.009143352508545,429,1,7,10,7.513552295918367
Random,3770,0.3078367114067077,7.009143352508545,429,1,7,10,7.513552295918367
Superpixel,4079,2.7703781127929688,11.486364364624023,430,1,8,10,8.12938456632653
CAM,4079,2.5263330936431885,11.486364364624023,430,1,8,10,8.12938456632653
FAM,4079,1.0507304668426514,11.486364364624023,430,1,8,10,8.12938456632653
Random,4079,-0.8748481273651123,11.486364364624023,430,1,8,10,8.12938456632653
Superpixel,5796,6.037290573120117,12.940951347351074,431,1,9,10,11.551339285714286
CAM,5796,5.927026271820068,12.940951347351074,431,1,9,10,11.551339285714286
FAM,5796,-2.091399908065796,12.940951347351074,431,1,9,10,11.551339285714286
Random,5796,1.4968889951705933,12.940951347351074,431,1,9,10,11.551339285714286
Superpixel,7473,8.924659729003906,10.296008110046388,432,1,7,10,14.89357461734694
CAM,7473,4.249777793884277,10.296008110046388,432,1,7,10,14.89357461734694
FAM,7473,-0.7375022172927856,10.296008110046388,432,1,7,10,14.89357461734694
Random,7473,-1.7187886238098145,10.296008110046388,432,1,7,10,14.89357461734694
Superpixel,3085,6.448807716369629,11.46733283996582,433,1,9,10,6.148357780612245
CAM,3085,4.630168437957764,11.46733283996582,433,1,9,10,6.148357780612245
FAM,3085,1.351726531982422,11.46733283996582,433,1,9,10,6.148357780612245
Random,3085,0.7308413982391357,11.46733283996582,433,1,9,10,6.148357780612245
Superpixel,5366,7.435868740081787,15.526396751403809,434,1,6,10,10.69435586734694
CAM,5366,6.47062349319458,15.526396751403809,434,1,6,10,10.69435586734694
FAM,5366,3.578960657119751,15.526396751403809,434,1,6,10,10.69435586734694
Random,5366,-0.3385048508644104,15.526396751403809,434,1,6,10,10.69435586734694
Superpixel,3488,5.650224685668945,14.731511116027832,435,1,8,10,6.951530612244898
CAM,3488,2.4825692176818848,14.731511116027832,435,1,8,10,6.951530612244898
FAM,3488,-0.3826405704021454,14.731511116027832,435,1,8,10,6.951530612244898
Random,3488,0.2914076447486877,14.731511116027832,435,1,8,10,6.951530612244898
Superpixel,5915,10.827997207641602,13.77619743347168,436,1,8,10,11.788504464285714
CAM,5915,6.332961082458496,13.77619743347168,436,1,8,10,11.788504464285714
FAM,5915,0.7992085218429565,13.77619743347168,436,1,8,10,11.788504464285714
Random,5915,3.095208168029785,13.77619743347168,436,1,8,10,11.788504464285714
Superpixel,10059,8.285591125488281,11.253127098083496,437,1,8,10,20.047433035714285
CAM,10059,6.544049739837647,11.253127098083496,437,1,8,10,20.047433035714285
FAM,10059,2.7821407318115234,11.253127098083496,437,1,8,10,20.047433035714285
Random,10059,1.255501389503479,11.253127098083496,437,1,8,10,20.047433035714285
Superpixel,9890,7.527050971984863,16.001462936401367,438,1,8,10,19.71061862244898
CAM,9890,12.25095272064209,16.001462936401367,438,1,8,10,19.71061862244898
FAM,9890,0.1444141268730163,16.001462936401367,438,1,8,10,19.71061862244898
Random,9890,-0.5206855535507202,16.001462936401367,438,1,8,10,19.71061862244898
Superpixel,4270,3.930479526519776,7.564890384674072,439,1,9,10,8.510044642857142
CAM,4270,3.970351219177246,7.564890384674072,439,1,9,10,8.510044642857142
FAM,4270,-0.7165536284446716,7.564890384674072,439,1,9,10,8.510044642857142
Random,4270,-0.3601929545402527,7.564890384674072,439,1,9,10,8.510044642857142
Superpixel,3848,4.755688667297363,11.33091163635254,440,1,9,10,7.669005102040815
CAM,3848,1.3068532943725586,11.33091163635254,440,1,9,10,7.669005102040815
FAM,3848,-1.0881340503692627,11.33091163635254,440,1,9,10,7.669005102040815
Random,3848,1.3008246421813965,11.33091163635254,440,1,9,10,7.669005102040815
Superpixel,7182,9.017810821533203,13.593206405639648,441,1,9,10,14.313616071428571
CAM,7182,8.180288314819336,13.593206405639648,441,1,9,10,14.313616071428571
FAM,7182,-0.608924925327301,13.593206405639648,441,1,9,10,14.313616071428571
Random,7182,1.7703256607055664,13.593206405639648,441,1,9,10,14.313616071428571
Superpixel,10375,8.877944946289062,12.406341552734377,442,1,8,10,20.677216198979597
CAM,10375,12.054667472839355,12.406341552734377,442,1,8,10,20.677216198979597
FAM,10375,8.523638725280762,12.406341552734377,442,1,8,10,20.677216198979597
Random,10375,11.027313232421877,12.406341552734377,442,1,8,10,20.677216198979597
Superpixel,7075,15.657245635986328,17.11969757080078,443,1,6,10,14.100366709183673
CAM,7075,9.258248329162598,17.11969757080078,443,1,6,10,14.100366709183673
FAM,7075,3.7974565029144287,17.11969757080078,443,1,6,10,14.100366709183673
Random,7075,3.110761404037476,17.11969757080078,443,1,6,10,14.100366709183673
Superpixel,11327,9.521089553833008,12.829252243041992,444,1,8,10,22.57453762755102
CAM,11327,14.46420192718506,12.829252243041992,444,1,8,10,22.57453762755102
FAM,11327,2.5920286178588867,12.829252243041992,444,1,8,10,22.57453762755102
Random,11327,3.049689769744873,12.829252243041992,444,1,8,10,22.57453762755102
Superpixel,14330,12.08064079284668,11.656576156616213,445,1,6,10,28.55947066326531
CAM,14330,12.628694534301758,11.656576156616213,445,1,6,10,28.55947066326531
FAM,14330,10.577346801757812,11.656576156616213,445,1,6,10,28.55947066326531
Random,14330,10.28928565979004,11.656576156616213,445,1,6,10,28.55947066326531
Superpixel,3012,5.086141586303711,13.522462844848633,446,1,9,10,6.002869897959184
CAM,3012,3.601109027862549,13.522462844848633,446,1,9,10,6.002869897959184
FAM,3012,5.839572429656982,13.522462844848633,446,1,9,10,6.002869897959184
Random,3012,3.154848575592041,13.522462844848633,446,1,9,10,6.002869897959184
Superpixel,4485,13.635735511779783,15.200650215148926,447,1,7,10,8.938536352040815
CAM,4485,12.819007873535156,15.200650215148926,447,1,7,10,8.938536352040815
FAM,4485,3.1942803859710693,15.200650215148926,447,1,7,10,8.938536352040815
Random,4485,2.5921003818511963,15.200650215148926,447,1,7,10,8.938536352040815
Superpixel,7808,12.55779266357422,15.618755340576172,448,1,9,10,15.56122448979592
CAM,7808,12.13575553894043,15.618755340576172,448,1,9,10,15.56122448979592
FAM,7808,10.501142501831056,15.618755340576172,448,1,9,10,15.56122448979592
Random,7808,4.098085403442383,15.618755340576172,448,1,9,10,15.56122448979592
Superpixel,10117,5.8546671867370605,10.138473510742188,449,1,7,10,20.163026147959183
CAM,10117,8.546093940734863,10.138473510742188,449,1,7,10,20.163026147959183
FAM,10117,5.595550537109375,10.138473510742188,449,1,7,10,20.163026147959183
Random,10117,3.560859203338623,10.138473510742188,449,1,7,10,20.163026147959183
Superpixel,10683,5.448543071746826,11.010433197021484,450,1,8,10,21.29105548469388
CAM,10683,8.688735961914062,11.010433197021484,450,1,8,10,21.29105548469388
FAM,10683,7.318998336791992,11.010433197021484,450,1,8,10,21.29105548469388
Random,10683,3.685439825057984,11.010433197021484,450,1,8,10,21.29105548469388
Superpixel,7806,9.414069175720217,13.473461151123049,451,1,8,10,15.557238520408164
CAM,7806,11.50841999053955,13.473461151123049,451,1,8,10,15.557238520408164
FAM,7806,3.382347583770752,13.473461151123049,451,1,8,10,15.557238520408164
Random,7806,5.120155334472656,13.473461151123049,451,1,8,10,15.557238520408164
Superpixel,13484,16.839282989501953,13.558069229125977,452,1,4,10,26.8734056122449
CAM,13484,16.98233413696289,13.558069229125977,452,1,4,10,26.8734056122449
FAM,13484,11.711318016052246,13.558069229125977,452,1,4,10,26.8734056122449
Random,13484,1.9032846689224243,13.558069229125977,452,1,4,10,26.8734056122449
Superpixel,5200,3.8734307289123535,15.751117706298828,453,1,6,10,10.363520408163266
CAM,5200,7.489832401275635,15.751117706298828,453,1,6,10,10.363520408163266
FAM,5200,9.043164253234863,15.751117706298828,453,1,6,10,10.363520408163266
Random,5200,4.123163223266602,15.751117706298828,453,1,6,10,10.363520408163266
Superpixel,4968,10.673370361328123,10.423739433288574,454,1,7,10,9.901147959183673
CAM,4968,5.648092269897461,10.423739433288574,454,1,7,10,9.901147959183673
FAM,4968,7.239471912384033,10.423739433288574,454,1,7,10,9.901147959183673
Random,4968,2.6017959117889404,10.423739433288574,454,1,7,10,9.901147959183673
Superpixel,9798,9.934843063354492,12.612786293029783,455,1,8,10,19.527264030612244
CAM,9798,11.896754264831545,12.612786293029783,455,1,8,10,19.527264030612244
FAM,9798,5.9715576171875,12.612786293029783,455,1,8,10,19.527264030612244
Random,9798,2.6299803256988525,12.612786293029783,455,1,8,10,19.527264030612244
Superpixel,4625,13.159204483032228,14.01921272277832,456,1,8,10,9.217554209183673
CAM,4625,11.968267440795898,14.01921272277832,456,1,8,10,9.217554209183673
FAM,4625,3.421858310699463,14.01921272277832,456,1,8,10,9.217554209183673
Random,4625,2.27112340927124,14.01921272277832,456,1,8,10,9.217554209183673
Superpixel,4332,5.961949825286865,7.960134506225586,457,1,9,10,8.63360969387755
CAM,4332,0.7807137966156006,7.960134506225586,457,1,9,10,8.63360969387755
FAM,4332,0.9493027925491332,7.960134506225586,457,1,9,10,8.63360969387755
Random,4332,2.729224920272827,7.960134506225586,457,1,9,10,8.63360969387755
Superpixel,12017,3.864713430404663,12.166885375976562,458,1,7,10,23.94969706632653
CAM,12017,0.9120858907699584,12.166885375976562,458,1,7,10,23.94969706632653
FAM,12017,1.7019551992416382,12.166885375976562,458,1,7,10,23.94969706632653
Random,12017,2.955010175704956,12.166885375976562,458,1,7,10,23.94969706632653
Superpixel,14670,4.189504146575928,14.432561874389648,459,1,8,10,29.237085459183675
CAM,14670,4.118814468383789,14.432561874389648,459,1,8,10,29.237085459183675
FAM,14670,2.109949111938477,14.432561874389648,459,1,8,10,29.237085459183675
Random,14670,3.4473443031311035,14.432561874389648,459,1,8,10,29.237085459183675
Superpixel,8534,2.611287832260132,15.38392734527588,460,1,8,10,17.00813137755102
CAM,8534,-0.2663359045982361,15.38392734527588,460,1,8,10,17.00813137755102
FAM,8534,2.837312936782837,15.38392734527588,460,1,8,10,17.00813137755102
Random,8534,1.6279093027114868,15.38392734527588,460,1,8,10,17.00813137755102
Superpixel,16542,4.827296733856201,13.74164867401123,461,1,6,10,32.96795280612245
CAM,16542,7.811966896057129,13.74164867401123,461,1,6,10,32.96795280612245
FAM,16542,3.5754811763763428,13.74164867401123,461,1,6,10,32.96795280612245
Random,16542,3.7639355659484863,13.74164867401123,461,1,6,10,32.96795280612245
Superpixel,5864,5.419091701507568,12.440019607543944,462,1,7,10,11.68686224489796
CAM,5864,5.142495632171631,12.440019607543944,462,1,7,10,11.68686224489796
FAM,5864,1.3322759866714478,12.440019607543944,462,1,7,10,11.68686224489796
Random,5864,2.995424747467041,12.440019607543944,462,1,7,10,11.68686224489796
Superpixel,8846,3.07946515083313,17.04639434814453,463,1,7,10,17.629942602040817
CAM,8846,4.368084907531738,17.04639434814453,463,1,7,10,17.629942602040817
FAM,8846,2.9543793201446533,17.04639434814453,463,1,7,10,17.629942602040817
Random,8846,4.452017307281494,17.04639434814453,463,1,7,10,17.629942602040817
Superpixel,6571,3.31333327293396,11.91197681427002,464,1,9,10,13.095902423469388
CAM,6571,2.1905643939971924,11.91197681427002,464,1,9,10,13.095902423469388
FAM,6571,2.49120831489563,11.91197681427002,464,1,9,10,13.095902423469388
Random,6571,3.278963327407837,11.91197681427002,464,1,9,10,13.095902423469388
Superpixel,15977,2.728041410446167,10.815690994262695,465,1,6,10,31.84191645408163
CAM,15977,8.873485565185547,10.815690994262695,465,1,6,10,31.84191645408163
FAM,15977,3.1553192138671875,10.815690994262695,465,1,6,10,31.84191645408163
Random,15977,3.699630498886109,10.815690994262695,465,1,6,10,31.84191645408163
Superpixel,3127,5.247329711914063,8.3627290725708,466,1,9,10,6.232063137755102
CAM,3127,4.408326148986816,8.3627290725708,466,1,9,10,6.232063137755102
FAM,3127,1.6169339418411257,8.3627290725708,466,1,9,10,6.232063137755102
Random,3127,1.6635956764221191,8.3627290725708,466,1,9,10,6.232063137755102
Superpixel,9813,3.764515161514282,13.153190612792969,467,1,7,10,19.557158801020407
CAM,9813,3.2886946201324463,13.153190612792969,467,1,7,10,19.557158801020407
FAM,9813,3.342487573623657,13.153190612792969,467,1,7,10,19.557158801020407
Random,9813,1.606235384941101,13.153190612792969,467,1,7,10,19.557158801020407
Superpixel,9567,2.379673480987549,8.847951889038086,468,1,8,10,19.06688456632653
CAM,9567,2.0490975379943848,8.847951889038086,468,1,8,10,19.06688456632653
FAM,9567,2.3371658325195312,8.847951889038086,468,1,8,10,19.06688456632653
Random,9567,-0.0476927980780601,8.847951889038086,468,1,8,10,19.06688456632653
Superpixel,16544,5.258128643035889,9.869564056396484,469,1,5,10,32.9719387755102
CAM,16544,7.691330432891846,9.869564056396484,469,1,5,10,32.9719387755102
FAM,16544,3.904289722442627,9.869564056396484,469,1,5,10,32.9719387755102
Random,16544,3.4328691959381104,9.869564056396484,469,1,5,10,32.9719387755102
Superpixel,4253,2.368546485900879,8.535066604614258,470,1,8,10,8.476163903061225
CAM,4253,2.023735761642456,8.535066604614258,470,1,8,10,8.476163903061225
FAM,4253,2.7855260372161865,8.535066604614258,470,1,8,10,8.476163903061225
Random,4253,2.78357458114624,8.535066604614258,470,1,8,10,8.476163903061225
Superpixel,3647,1.9311460256576536,12.632489204406738,471,1,9,10,7.268415178571429
CAM,3647,1.0723068714141846,12.632489204406738,471,1,9,10,7.268415178571429
FAM,3647,2.4849207401275635,12.632489204406738,471,1,9,10,7.268415178571429
Random,3647,2.176326036453247,12.632489204406738,471,1,9,10,7.268415178571429
Superpixel,7039,3.8665640354156494,12.620854377746582,472,1,8,10,14.02861926020408
CAM,7039,1.1469861268997192,12.620854377746582,472,1,8,10,14.02861926020408
FAM,7039,1.821577787399292,12.620854377746582,472,1,8,10,14.02861926020408
Random,7039,3.0445375442504883,12.620854377746582,472,1,8,10,14.02861926020408
Superpixel,9796,3.1166036128997803,13.987737655639648,473,1,7,10,19.523278061224488
CAM,9796,7.3249664306640625,13.987737655639648,473,1,7,10,19.523278061224488
FAM,9796,2.564566135406494,13.987737655639648,473,1,7,10,19.523278061224488
Random,9796,2.643324613571167,13.987737655639648,473,1,7,10,19.523278061224488
Superpixel,4507,3.413879632949829,8.992033958435059,474,1,9,10,8.982382015306122
CAM,4507,2.317275047302246,8.992033958435059,474,1,9,10,8.982382015306122
FAM,4507,1.20999014377594,8.992033958435059,474,1,9,10,8.982382015306122
Random,4507,2.7741894721984863,8.992033958435059,474,1,9,10,8.982382015306122
Superpixel,4731,3.232017755508423,13.59919548034668,475,1,8,10,9.428810586734697
CAM,4731,0.0561743229627609,13.59919548034668,475,1,8,10,9.428810586734697
FAM,4731,2.093792676925659,13.59919548034668,475,1,8,10,9.428810586734697
Random,4731,1.4190877676010132,13.59919548034668,475,1,8,10,9.428810586734697
Superpixel,5011,4.320940017700195,11.059993743896484,476,1,8,10,9.986846301020408
CAM,5011,2.276902437210083,11.059993743896484,476,1,8,10,9.986846301020408
FAM,5011,2.1549835205078125,11.059993743896484,476,1,8,10,9.986846301020408
Random,5011,2.3437225818634038,11.059993743896484,476,1,8,10,9.986846301020408
Superpixel,13831,7.244405269622803,9.515256881713867,477,1,5,10,27.564971301020407
CAM,13831,7.356499195098877,9.515256881713867,477,1,5,10,27.564971301020407
FAM,13831,3.024127244949341,9.515256881713867,477,1,5,10,27.564971301020407
Random,13831,4.9608001708984375,9.515256881713867,477,1,5,10,27.564971301020407
Superpixel,9664,6.909872055053711,8.106038093566895,478,1,7,10,19.26020408163265
CAM,9664,4.038684368133545,8.106038093566895,478,1,7,10,19.26020408163265
FAM,9664,-0.7612457871437073,8.106038093566895,478,1,7,10,19.26020408163265
Random,9664,-0.753333330154419,8.106038093566895,478,1,7,10,19.26020408163265
Superpixel,10855,3.814843893051148,9.32462215423584,479,1,8,10,21.633848852040817
CAM,10855,3.958729267120361,9.32462215423584,479,1,8,10,21.633848852040817
FAM,10855,1.896765947341919,9.32462215423584,479,1,8,10,21.633848852040817
Random,10855,0.5011316537857056,9.32462215423584,479,1,8,10,21.633848852040817
Superpixel,11268,3.684220552444458,8.69333267211914,480,1,7,10,22.456951530612244
CAM,11268,2.0696234703063965,8.69333267211914,480,1,7,10,22.456951530612244
FAM,11268,0.160778060555458,8.69333267211914,480,1,7,10,22.456951530612244
Random,11268,2.142136335372925,8.69333267211914,480,1,7,10,22.456951530612244
Superpixel,9858,6.198051929473877,12.91010856628418,481,1,8,10,19.6468431122449
CAM,9858,6.652909755706787,12.91010856628418,481,1,8,10,19.6468431122449
FAM,9858,1.4723422527313232,12.91010856628418,481,1,8,10,19.6468431122449
Random,9858,4.240702152252197,12.91010856628418,481,1,8,10,19.6468431122449
Superpixel,11717,3.076569080352783,11.24067497253418,482,1,4,10,23.351801658163264
CAM,11717,1.4657909870147705,11.24067497253418,482,1,4,10,23.351801658163264
FAM,11717,3.133889675140381,11.24067497253418,482,1,4,10,23.351801658163264
Random,11717,4.640116214752197,11.24067497253418,482,1,4,10,23.351801658163264
Superpixel,5480,3.781082391738892,12.510856628417969,483,1,8,10,10.92155612244898
CAM,5480,5.162271022796631,12.510856628417969,483,1,8,10,10.92155612244898
FAM,5480,2.7769906520843506,12.510856628417969,483,1,8,10,10.92155612244898
Random,5480,3.108574628829956,12.510856628417969,483,1,8,10,10.92155612244898
Superpixel,13665,4.772898197174072,13.336052894592283,484,1,6,10,27.23413584183674
CAM,13665,6.481442451477051,13.336052894592283,484,1,6,10,27.23413584183674
FAM,13665,4.319433689117432,13.336052894592283,484,1,6,10,27.23413584183674
Random,13665,5.694060802459717,13.336052894592283,484,1,6,10,27.23413584183674
Superpixel,5477,3.3106281757354736,11.77963161468506,485,1,8,10,10.915577168367346
CAM,5477,2.073875188827514,11.77963161468506,485,1,8,10,10.915577168367346
FAM,5477,0.4146556258201599,11.77963161468506,485,1,8,10,10.915577168367346
Random,5477,3.056238889694214,11.77963161468506,485,1,8,10,10.915577168367346
Superpixel,9845,2.1259331703186035,14.067773818969728,486,1,8,10,19.620934311224488
CAM,9845,10.100769996643066,14.067773818969728,486,1,8,10,19.620934311224488
FAM,9845,7.946080207824707,14.067773818969728,486,1,8,10,19.620934311224488
Random,9845,0.9677972197532654,14.067773818969728,486,1,8,10,19.620934311224488
Superpixel,10541,2.2997615337371826,13.88963222503662,487,1,8,10,21.008051658163264
CAM,10541,0.292046844959259,13.88963222503662,487,1,8,10,21.008051658163264
FAM,10541,1.2752676010131836,13.88963222503662,487,1,8,10,21.008051658163264
Random,10541,0.3305156826972961,13.88963222503662,487,1,8,10,21.008051658163264
Superpixel,13337,0.9332935214042664,8.470479011535645,488,1,8,10,26.5804368622449
CAM,13337,6.339656829833984,8.470479011535645,488,1,8,10,26.5804368622449
FAM,13337,0.6573212742805481,8.470479011535645,488,1,8,10,26.5804368622449
Random,13337,-0.7795058488845825,8.470479011535645,488,1,8,10,26.5804368622449
Superpixel,14896,7.005988121032715,12.820167541503906,489,1,8,10,29.6875
CAM,14896,12.693190574645996,12.820167541503906,489,1,8,10,29.6875
FAM,14896,13.42678165435791,12.820167541503906,489,1,8,10,29.6875
Random,14896,2.066777467727661,12.820167541503906,489,1,8,10,29.6875
Superpixel,8495,1.6028761863708496,14.74143409729004,490,1,8,10,16.930404974489797
CAM,8495,5.570938587188721,14.74143409729004,490,1,8,10,16.930404974489797
FAM,8495,0.4075533747673034,14.74143409729004,490,1,8,10,16.930404974489797
Random,8495,-0.0832739844918251,14.74143409729004,490,1,8,10,16.930404974489797
Superpixel,8491,3.9083640575408936,8.130158424377441,491,1,5,10,16.922433035714285
CAM,8491,5.260128974914551,8.130158424377441,491,1,5,10,16.922433035714285
FAM,8491,6.808271884918213,8.130158424377441,491,1,5,10,16.922433035714285
Random,8491,-0.1953697800636291,8.130158424377441,491,1,5,10,16.922433035714285
Superpixel,12533,9.880743980407717,16.23480224609375,492,1,8,10,24.978077168367346
CAM,12533,11.327508926391602,16.23480224609375,492,1,8,10,24.978077168367346
FAM,12533,11.609132766723633,16.23480224609375,492,1,8,10,24.978077168367346
Random,12533,0.6557932496070862,16.23480224609375,492,1,8,10,24.978077168367346
Superpixel,6127,1.3205318450927734,16.02787971496582,493,1,8,10,12.211017219387756
CAM,6127,3.272496700286865,16.02787971496582,493,1,8,10,12.211017219387756
FAM,6127,8.054372787475586,16.02787971496582,493,1,8,10,12.211017219387756
Random,6127,0.0518159493803978,16.02787971496582,493,1,8,10,12.211017219387756
Superpixel,9494,3.540431261062622,13.967168807983398,494,1,7,10,18.921396683673468
CAM,9494,5.802099227905273,13.967168807983398,494,1,7,10,18.921396683673468
FAM,9494,10.26584815979004,13.967168807983398,494,1,7,10,18.921396683673468
Random,9494,-0.1644115000963211,13.967168807983398,494,1,7,10,18.921396683673468
Superpixel,13926,12.679296493530272,15.738525390625,495,1,5,10,27.754304846938776
CAM,13926,14.726009368896484,15.738525390625,495,1,5,10,27.754304846938776
FAM,13926,13.503570556640623,15.738525390625,495,1,5,10,27.754304846938776
Random,13926,-1.5818703174591064,15.738525390625,495,1,5,10,27.754304846938776
Superpixel,6818,1.006908655166626,10.49150562286377,496,1,8,10,13.588169642857142
CAM,6818,8.312385559082031,10.49150562286377,496,1,8,10,13.588169642857142
FAM,6818,-1.2876559495925903,10.49150562286377,496,1,8,10,13.588169642857142
Random,6818,-1.1370476484298706,10.49150562286377,496,1,8,10,13.588169642857142
Superpixel,9985,2.336325168609619,13.761595726013184,497,1,7,10,19.899952168367346
CAM,9985,6.991013526916504,13.761595726013184,497,1,7,10,19.899952168367346
FAM,9985,4.719903945922852,13.761595726013184,497,1,7,10,19.899952168367346
Random,9985,1.8146134614944456,13.761595726013184,497,1,7,10,19.899952168367346
Superpixel,6981,6.800274848937988,15.232110977172852,498,1,7,10,13.913026147959185
CAM,6981,7.000499725341797,15.232110977172852,498,1,7,10,13.913026147959185
FAM,6981,8.543548583984375,15.232110977172852,498,1,7,10,13.913026147959185
Random,6981,-0.6428176760673523,15.232110977172852,498,1,7,10,13.913026147959185
Superpixel,4863,0.23807293176651,11.105846405029297,499,1,8,10,9.69188456632653
CAM,4863,-0.6947817206382751,11.105846405029297,499,1,8,10,9.69188456632653
FAM,4863,0.1026557609438896,11.105846405029297,499,1,8,10,9.69188456632653
Random,4863,-0.1842427104711532,11.105846405029297,499,1,8,10,9.69188456632653
Superpixel,2679,4.329801082611084,13.099201202392578,0,1,15,20,5.339205994897959
CAM,2679,2.896890640258789,13.099201202392578,0,1,15,20,5.339205994897959
FAM,2679,1.500485897064209,13.099201202392578,0,1,15,20,5.339205994897959
Random,2679,1.9720455408096316,13.099201202392578,0,1,15,20,5.339205994897959
Superpixel,2841,5.53724479675293,14.3037748336792,1,1,13,20,5.662069515306122
CAM,2841,0.2899547517299652,14.3037748336792,1,1,13,20,5.662069515306122
FAM,2841,1.0995842218399048,14.3037748336792,1,1,13,20,5.662069515306122
Random,2841,5.447014808654785,14.3037748336792,1,1,13,20,5.662069515306122
Superpixel,4920,6.235771656036377,9.7085542678833,2,1,13,20,9.80548469387755
CAM,4920,5.05712366104126,9.7085542678833,2,1,13,20,9.80548469387755
FAM,4920,4.212657451629639,9.7085542678833,2,1,13,20,9.80548469387755
Random,4920,4.663069725036621,9.7085542678833,2,1,13,20,9.80548469387755
Superpixel,5331,6.452506065368652,12.617070198059082,3,1,14,20,10.624601403061224
CAM,5331,3.363847494125366,12.617070198059082,3,1,14,20,10.624601403061224
FAM,5331,1.4947209358215332,12.617070198059082,3,1,14,20,10.624601403061224
Random,5331,2.1973695755004883,12.617070198059082,3,1,14,20,10.624601403061224
Superpixel,2600,4.481810569763184,13.0728178024292,4,1,12,20,5.181760204081633
CAM,2600,2.080418348312378,13.0728178024292,4,1,12,20,5.181760204081633
FAM,2600,1.6775981187820437,13.0728178024292,4,1,12,20,5.181760204081633
Random,2600,6.573112964630127,13.0728178024292,4,1,12,20,5.181760204081633
Superpixel,2776,6.706462383270264,6.779087066650391,5,1,13,20,5.532525510204081
CAM,2776,4.142891883850098,6.779087066650391,5,1,13,20,5.532525510204081
FAM,2776,1.8524962663650515,6.779087066650391,5,1,13,20,5.532525510204081
Random,2776,2.625123977661133,6.779087066650391,5,1,13,20,5.532525510204081
Superpixel,3646,5.82256555557251,14.718029975891112,6,1,14,20,7.266422193877552
CAM,3646,1.235021471977234,14.718029975891112,6,1,14,20,7.266422193877552
FAM,3646,2.968145608901977,14.718029975891112,6,1,14,20,7.266422193877552
Random,3646,4.526371955871582,14.718029975891112,6,1,14,20,7.266422193877552
Superpixel,3272,4.7444939613342285,14.793753623962402,7,1,12,20,6.521045918367347
CAM,3272,2.069406032562256,14.793753623962402,7,1,12,20,6.521045918367347
FAM,3272,2.75293517112732,14.793753623962402,7,1,12,20,6.521045918367347
Random,3272,2.642752885818481,14.793753623962402,7,1,12,20,6.521045918367347
Superpixel,2387,4.975709438323975,11.846647262573242,8,1,16,20,4.757254464285714
CAM,2387,1.6978107690811155,11.846647262573242,8,1,16,20,4.757254464285714
FAM,2387,2.4242329597473145,11.846647262573242,8,1,16,20,4.757254464285714
Random,2387,2.7939884662628174,11.846647262573242,8,1,16,20,4.757254464285714
Superpixel,4836,5.980018615722656,15.714459419250488,9,1,16,20,9.638073979591836
CAM,4836,3.9107353687286377,15.714459419250488,9,1,16,20,9.638073979591836
FAM,4836,1.9804505109786987,15.714459419250488,9,1,16,20,9.638073979591836
Random,4836,3.968149185180664,15.714459419250488,9,1,16,20,9.638073979591836
Superpixel,4823,5.398169994354248,14.797472953796388,10,1,15,20,9.612165178571429
CAM,4823,5.183249950408936,14.797472953796388,10,1,15,20,9.612165178571429
FAM,4823,3.136992931365967,14.797472953796388,10,1,15,20,9.612165178571429
Random,4823,3.6578564643859854,14.797472953796388,10,1,15,20,9.612165178571429
Superpixel,3539,5.748554706573486,15.955321311950684,11,1,16,20,7.053172831632653
CAM,3539,3.7336113452911377,15.955321311950684,11,1,16,20,7.053172831632653
FAM,3539,3.992748737335205,15.955321311950684,11,1,16,20,7.053172831632653
Random,3539,4.979480266571045,15.955321311950684,11,1,16,20,7.053172831632653
Superpixel,3950,3.536924123764038,12.503718376159668,12,1,13,20,7.872289540816327
CAM,3950,1.5656652450561523,12.503718376159668,12,1,13,20,7.872289540816327
FAM,3950,2.409125804901123,12.503718376159668,12,1,13,20,7.872289540816327
Random,3950,1.312416672706604,12.503718376159668,12,1,13,20,7.872289540816327
Superpixel,5243,8.034833908081055,12.631207466125488,13,1,15,20,10.44921875
CAM,5243,3.464197158813477,12.631207466125488,13,1,15,20,10.44921875
FAM,5243,4.194247245788574,12.631207466125488,13,1,15,20,10.44921875
Random,5243,5.529804229736328,12.631207466125488,13,1,15,20,10.44921875
Superpixel,3621,5.824478626251221,11.779589653015137,14,1,14,20,7.216597576530612
CAM,3621,2.670732259750366,11.779589653015137,14,1,14,20,7.216597576530612
FAM,3621,3.102524757385254,11.779589653015137,14,1,14,20,7.216597576530612
Random,3621,3.863263130187988,11.779589653015137,14,1,14,20,7.216597576530612
Superpixel,3939,4.758423328399658,12.841392517089844,15,1,15,20,7.850366709183673
CAM,3939,4.792231559753418,12.841392517089844,15,1,15,20,7.850366709183673
FAM,3939,3.3027806282043457,12.841392517089844,15,1,15,20,7.850366709183673
Random,3939,2.554926872253418,12.841392517089844,15,1,15,20,7.850366709183673
Superpixel,2845,4.582784175872803,11.09400463104248,16,1,14,20,5.670041454081633
CAM,2845,2.9399960041046143,11.09400463104248,16,1,14,20,5.670041454081633
FAM,2845,1.143627405166626,11.09400463104248,16,1,14,20,5.670041454081633
Random,2845,0.5960870385169983,11.09400463104248,16,1,14,20,5.670041454081633
Superpixel,3891,8.58590030670166,12.585721015930176,17,1,14,20,7.754703443877552
CAM,3891,2.596923351287842,12.585721015930176,17,1,14,20,7.754703443877552
FAM,3891,3.459949016571045,12.585721015930176,17,1,14,20,7.754703443877552
Random,3891,2.2346224784851074,12.585721015930176,17,1,14,20,7.754703443877552
Superpixel,3550,4.251976013183594,12.694380760192873,18,1,16,20,7.075095663265306
CAM,3550,3.0411691665649414,12.694380760192873,18,1,16,20,7.075095663265306
FAM,3550,2.6592397689819336,12.694380760192873,18,1,16,20,7.075095663265306
Random,3550,1.2331328392028809,12.694380760192873,18,1,16,20,7.075095663265306
Superpixel,5293,7.32125997543335,12.989941596984863,19,1,15,20,10.548867984693878
CAM,5293,6.638432025909424,12.989941596984863,19,1,15,20,10.548867984693878
FAM,5293,1.9766005277633667,12.989941596984863,19,1,15,20,10.548867984693878
Random,5293,3.963675975799561,12.989941596984863,19,1,15,20,10.548867984693878
Superpixel,3738,5.091759204864502,16.128185272216797,20,1,15,20,7.4497767857142865
CAM,3738,1.880884289741516,16.128185272216797,20,1,15,20,7.4497767857142865
FAM,3738,3.8760862350463863,16.128185272216797,20,1,15,20,7.4497767857142865
Random,3738,4.35247278213501,16.128185272216797,20,1,15,20,7.4497767857142865
Superpixel,2327,6.864511013031006,12.184077262878418,21,1,16,20,4.637675382653061
CAM,2327,1.7430425882339478,12.184077262878418,21,1,16,20,4.637675382653061
FAM,2327,1.3407840728759766,12.184077262878418,21,1,16,20,4.637675382653061
Random,2327,1.234687566757202,12.184077262878418,21,1,16,20,4.637675382653061
Superpixel,4016,4.674373149871826,14.059261322021484,22,1,16,20,8.003826530612244
CAM,4016,0.4148233532905578,14.059261322021484,22,1,16,20,8.003826530612244
FAM,4016,0.9373013377189636,14.059261322021484,22,1,16,20,8.003826530612244
Random,4016,1.730736255645752,14.059261322021484,22,1,16,20,8.003826530612244
Superpixel,3469,4.858585357666016,12.09141731262207,23,1,14,20,6.913663903061225
CAM,3469,1.9489144086837769,12.09141731262207,23,1,14,20,6.913663903061225
FAM,3469,0.5161230564117432,12.09141731262207,23,1,14,20,6.913663903061225
Random,3469,2.609368085861206,12.09141731262207,23,1,14,20,6.913663903061225
Superpixel,3335,6.018197536468506,12.06894302368164,24,1,15,20,6.646603954081633
CAM,3335,3.4707484245300293,12.06894302368164,24,1,15,20,6.646603954081633
FAM,3335,2.922224521636963,12.06894302368164,24,1,15,20,6.646603954081633
Random,3335,2.888770818710327,12.06894302368164,24,1,15,20,6.646603954081633
Superpixel,3897,4.318110942840576,9.44813632965088,25,1,14,20,7.766661352040815
CAM,3897,2.3704724311828613,9.44813632965088,25,1,14,20,7.766661352040815
FAM,3897,2.3173718452453613,9.44813632965088,25,1,14,20,7.766661352040815
Random,3897,3.483943462371826,9.44813632965088,25,1,14,20,7.766661352040815
Superpixel,2475,8.74767017364502,13.162083625793455,26,1,14,20,4.932637117346939
CAM,2475,4.886889457702637,13.162083625793455,26,1,14,20,4.932637117346939
FAM,2475,2.885758638381958,13.162083625793455,26,1,14,20,4.932637117346939
Random,2475,3.5037803649902344,13.162083625793455,26,1,14,20,4.932637117346939
Superpixel,2493,4.711091995239258,12.336620330810549,27,1,13,20,4.968510841836735
CAM,2493,3.2126829624176025,12.336620330810549,27,1,13,20,4.968510841836735
FAM,2493,1.838281512260437,12.336620330810549,27,1,13,20,4.968510841836735
Random,2493,3.1577866077423096,12.336620330810549,27,1,13,20,4.968510841836735
Superpixel,2630,6.342178821563721,12.569396018981934,28,1,15,20,5.241549744897959
CAM,2630,1.3631986379623413,12.569396018981934,28,1,15,20,5.241549744897959
FAM,2630,1.312982201576233,12.569396018981934,28,1,15,20,5.241549744897959
Random,2630,2.975757122039795,12.569396018981934,28,1,15,20,5.241549744897959
Superpixel,3490,5.956378936767578,11.978230476379396,29,1,14,20,6.955516581632653
CAM,3490,2.1751818656921387,11.978230476379396,29,1,14,20,6.955516581632653
FAM,3490,5.067234516143799,11.978230476379396,29,1,14,20,6.955516581632653
Random,3490,4.342697143554688,11.978230476379396,29,1,14,20,6.955516581632653
Superpixel,3827,5.480613231658936,9.819235801696776,30,1,15,20,7.627152423469388
CAM,3827,3.2121987342834477,9.819235801696776,30,1,15,20,7.627152423469388
FAM,3827,3.584270715713501,9.819235801696776,30,1,15,20,7.627152423469388
Random,3827,5.86672830581665,9.819235801696776,30,1,15,20,7.627152423469388
Superpixel,3837,7.564066410064697,10.437777519226074,31,1,15,20,7.647082270408164
CAM,3837,0.8909249305725098,10.437777519226074,31,1,15,20,7.647082270408164
FAM,3837,2.6333577632904053,10.437777519226074,31,1,15,20,7.647082270408164
Random,3837,0.9307809472084044,10.437777519226074,31,1,15,20,7.647082270408164
Superpixel,3446,7.017309665679932,14.931035041809082,32,1,13,20,6.867825255102041
CAM,3446,11.68759536743164,14.931035041809082,32,1,13,20,6.867825255102041
FAM,3446,5.605987071990967,14.931035041809082,32,1,13,20,6.867825255102041
Random,3446,1.4016231298446655,14.931035041809082,32,1,13,20,6.867825255102041
Superpixel,2612,9.601729393005373,16.01531219482422,33,1,14,20,5.205676020408164
CAM,2612,6.041797637939453,16.01531219482422,33,1,14,20,5.205676020408164
FAM,2612,2.6919641494750977,16.01531219482422,33,1,14,20,5.205676020408164
Random,2612,2.873039722442627,16.01531219482422,33,1,14,20,5.205676020408164
Superpixel,3367,11.432974815368652,8.661576271057129,34,1,14,20,6.7103794642857135
CAM,3367,4.288930416107178,8.661576271057129,34,1,14,20,6.7103794642857135
FAM,3367,2.637516498565674,8.661576271057129,34,1,14,20,6.7103794642857135
Random,3367,1.7096807956695557,8.661576271057129,34,1,14,20,6.7103794642857135
Superpixel,6474,6.323471546173096,13.425541877746582,35,1,12,20,12.902582908163266
CAM,6474,8.145970344543457,13.425541877746582,35,1,12,20,12.902582908163266
FAM,6474,5.9417500495910645,13.425541877746582,35,1,12,20,12.902582908163266
Random,6474,1.1188775300979614,13.425541877746582,35,1,12,20,12.902582908163266
Superpixel,2132,7.071841716766357,16.96900749206543,36,1,14,20,4.249043367346939
CAM,2132,2.6693904399871826,16.96900749206543,36,1,14,20,4.249043367346939
FAM,2132,1.4042832851409912,16.96900749206543,36,1,14,20,4.249043367346939
Random,2132,2.412449836730957,16.96900749206543,36,1,14,20,4.249043367346939
Superpixel,3018,9.197521209716797,13.132783889770508,37,1,16,20,6.014827806122449
CAM,3018,5.933119297027588,13.132783889770508,37,1,16,20,6.014827806122449
FAM,3018,4.461091041564941,13.132783889770508,37,1,16,20,6.014827806122449
Random,3018,3.7713873386383057,13.132783889770508,37,1,16,20,6.014827806122449
Superpixel,2692,6.386998653411865,10.501419067382812,38,1,16,20,5.365114795918367
CAM,2692,4.198305130004883,10.501419067382812,38,1,16,20,5.365114795918367
FAM,2692,1.6777024269104004,10.501419067382812,38,1,16,20,5.365114795918367
Random,2692,1.6741914749145508,10.501419067382812,38,1,16,20,5.365114795918367
Superpixel,5033,5.781644821166992,14.97776699066162,39,1,14,20,10.030691964285714
CAM,5033,5.787707805633545,14.97776699066162,39,1,14,20,10.030691964285714
FAM,5033,2.933685541152954,14.97776699066162,39,1,14,20,10.030691964285714
Random,5033,1.3234801292419434,14.97776699066162,39,1,14,20,10.030691964285714
Superpixel,5483,10.184887886047363,14.156771659851074,40,1,15,20,10.927535076530612
CAM,5483,8.751858711242676,14.156771659851074,40,1,15,20,10.927535076530612
FAM,5483,6.086544513702393,14.156771659851074,40,1,15,20,10.927535076530612
Random,5483,0.5659670829772949,14.156771659851074,40,1,15,20,10.927535076530612
Superpixel,4590,4.367929935455322,9.808170318603516,41,1,15,20,9.14779974489796
CAM,4590,1.98798930644989,9.808170318603516,41,1,15,20,9.14779974489796
FAM,4590,1.1192036867141724,9.808170318603516,41,1,15,20,9.14779974489796
Random,4590,0.5389836430549622,9.808170318603516,41,1,15,20,9.14779974489796
Superpixel,2040,4.011553287506104,6.9113450050354,42,1,14,20,4.065688775510204
CAM,2040,2.252050876617432,6.9113450050354,42,1,14,20,4.065688775510204
FAM,2040,1.8450208902359009,6.9113450050354,42,1,14,20,4.065688775510204
Random,2040,1.6294008493423462,6.9113450050354,42,1,14,20,4.065688775510204
Superpixel,2813,6.332579135894775,8.154461860656738,43,1,15,20,5.606265943877551
CAM,2813,5.04578161239624,8.154461860656738,43,1,15,20,5.606265943877551
FAM,2813,2.642988920211792,8.154461860656738,43,1,15,20,5.606265943877551
Random,2813,2.608588457107544,8.154461860656738,43,1,15,20,5.606265943877551
Superpixel,4566,1.2850106954574585,7.419267177581787,44,1,15,20,9.099968112244898
CAM,4566,2.3000802993774414,7.419267177581787,44,1,15,20,9.099968112244898
FAM,4566,1.6565675735473633,7.419267177581787,44,1,15,20,9.099968112244898
Random,4566,-1.7045878171920776,7.419267177581787,44,1,15,20,9.099968112244898
Superpixel,2801,7.131663799285889,16.02260971069336,45,1,13,20,5.58235012755102
CAM,2801,2.748654365539551,16.02260971069336,45,1,13,20,5.58235012755102
FAM,2801,4.416076183319092,16.02260971069336,45,1,13,20,5.58235012755102
Random,2801,3.411668539047241,16.02260971069336,45,1,13,20,5.58235012755102
Superpixel,4589,2.600722551345825,13.61289119720459,46,1,15,20,9.14580676020408
CAM,4589,0.9310523271560668,13.61289119720459,46,1,15,20,9.14580676020408
FAM,4589,2.121124267578125,13.61289119720459,46,1,15,20,9.14580676020408
Random,4589,1.3951281309127808,13.61289119720459,46,1,15,20,9.14580676020408
Superpixel,4581,6.4558281898498535,12.235228538513184,47,1,14,20,9.12986288265306
CAM,4581,4.948265075683594,12.235228538513184,47,1,14,20,9.12986288265306
FAM,4581,1.7767033576965332,12.235228538513184,47,1,14,20,9.12986288265306
Random,4581,4.194396018981934,12.235228538513184,47,1,14,20,9.12986288265306
Superpixel,3499,3.627382040023804,6.241652488708496,48,1,16,20,6.973453443877552
CAM,3499,3.6885056495666495,6.241652488708496,48,1,16,20,6.973453443877552
FAM,3499,1.3196736574172974,6.241652488708496,48,1,16,20,6.973453443877552
Random,3499,2.1628780364990234,6.241652488708496,48,1,16,20,6.973453443877552
Superpixel,2503,5.4655938148498535,9.01724624633789,49,1,15,20,4.98844068877551
CAM,2503,3.4060065746307373,9.01724624633789,49,1,15,20,4.98844068877551
FAM,2503,2.5965967178344727,9.01724624633789,49,1,15,20,4.98844068877551
Random,2503,2.6112987995147705,9.01724624633789,49,1,15,20,4.98844068877551
Superpixel,5064,5.418396949768066,12.316967964172363,50,1,13,20,10.09247448979592
CAM,5064,4.332156658172607,12.316967964172363,50,1,13,20,10.09247448979592
FAM,5064,4.220086574554443,12.316967964172363,50,1,13,20,10.09247448979592
Random,5064,3.038661003112793,12.316967964172363,50,1,13,20,10.09247448979592
Superpixel,1843,3.0651891231536865,9.366311073303224,51,1,15,20,3.673070790816327
CAM,1843,2.395037651062012,9.366311073303224,51,1,15,20,3.673070790816327
FAM,1843,2.018807411193848,9.366311073303224,51,1,15,20,3.673070790816327
Random,1843,1.895055890083313,9.366311073303224,51,1,15,20,3.673070790816327
Superpixel,5691,7.641018390655518,11.969888687133787,52,1,13,20,11.342075892857142
CAM,5691,5.95750093460083,11.969888687133787,52,1,13,20,11.342075892857142
FAM,5691,2.449073314666748,11.969888687133787,52,1,13,20,11.342075892857142
Random,5691,3.980926513671875,11.969888687133787,52,1,13,20,11.342075892857142
Superpixel,2138,6.611443519592285,8.190380096435547,53,1,16,20,4.261001275510204
CAM,2138,1.5566985607147217,8.190380096435547,53,1,16,20,4.261001275510204
FAM,2138,1.617456555366516,8.190380096435547,53,1,16,20,4.261001275510204
Random,2138,1.7347537279129028,8.190380096435547,53,1,16,20,4.261001275510204
Superpixel,2978,10.426627159118652,14.023322105407717,54,1,15,20,5.935108418367348
CAM,2978,3.0462019443511963,14.023322105407717,54,1,15,20,5.935108418367348
FAM,2978,3.224456787109375,14.023322105407717,54,1,15,20,5.935108418367348
Random,2978,0.5364223718643188,14.023322105407717,54,1,15,20,5.935108418367348
Superpixel,5455,9.829031944274902,13.847554206848145,55,1,14,20,10.87173150510204
CAM,5455,1.518930435180664,13.847554206848145,55,1,14,20,10.87173150510204
FAM,5455,2.406767606735229,13.847554206848145,55,1,14,20,10.87173150510204
Random,5455,1.6409481763839722,13.847554206848145,55,1,14,20,10.87173150510204
Superpixel,2681,4.959936618804932,9.499467849731444,56,1,15,20,5.343191964285714
CAM,2681,3.246938705444336,9.499467849731444,56,1,15,20,5.343191964285714
FAM,2681,3.551039934158325,9.499467849731444,56,1,15,20,5.343191964285714
Random,2681,4.64986515045166,9.499467849731444,56,1,15,20,5.343191964285714
Superpixel,4530,7.28300142288208,15.408567428588867,57,1,14,20,9.028220663265303
CAM,4530,10.114815711975098,15.408567428588867,57,1,14,20,9.028220663265303
FAM,4530,5.527607440948486,15.408567428588867,57,1,14,20,9.028220663265303
Random,4530,6.652551174163818,15.408567428588867,57,1,14,20,9.028220663265303
Superpixel,3874,6.505778789520264,7.831768989562988,58,1,13,20,7.720822704081633
CAM,3874,2.1049959659576416,7.831768989562988,58,1,13,20,7.720822704081633
FAM,3874,2.165413856506348,7.831768989562988,58,1,13,20,7.720822704081633
Random,3874,1.3649816513061523,7.831768989562988,58,1,13,20,7.720822704081633
Superpixel,5643,7.289649486541748,10.82791805267334,59,1,15,20,11.24641262755102
CAM,5643,7.3935627937316895,10.82791805267334,59,1,15,20,11.24641262755102
FAM,5643,4.207428932189941,10.82791805267334,59,1,15,20,11.24641262755102
Random,5643,2.6510229110717773,10.82791805267334,59,1,15,20,11.24641262755102
Superpixel,3087,7.393350601196289,11.512099266052246,60,1,14,20,6.15234375
CAM,3087,3.6878623962402335,11.512099266052246,60,1,14,20,6.15234375
FAM,3087,3.639878988265991,11.512099266052246,60,1,14,20,6.15234375
Random,3087,1.51007878780365,11.512099266052246,60,1,14,20,6.15234375
Superpixel,4938,4.555686950683594,6.567867755889893,61,1,13,20,9.841358418367346
CAM,4938,2.7570390701293945,6.567867755889893,61,1,13,20,9.841358418367346
FAM,4938,1.6056395769119265,6.567867755889893,61,1,13,20,9.841358418367346
Random,4938,2.310211420059204,6.567867755889893,61,1,13,20,9.841358418367346
Superpixel,7919,10.065370559692385,12.996379852294922,62,1,13,20,15.782445790816327
CAM,7919,4.597203254699707,12.996379852294922,62,1,13,20,15.782445790816327
FAM,7919,5.048028945922852,12.996379852294922,62,1,13,20,15.782445790816327
Random,7919,4.201676368713379,12.996379852294922,62,1,13,20,15.782445790816327
Superpixel,2121,6.695479393005371,13.005719184875488,63,1,14,20,4.227120535714286
CAM,2121,2.4777307510375977,13.005719184875488,63,1,14,20,4.227120535714286
FAM,2121,2.2965316772460938,13.005719184875488,63,1,14,20,4.227120535714286
Random,2121,1.2634339332580566,13.005719184875488,63,1,14,20,4.227120535714286
Superpixel,4008,10.25147533416748,14.693999290466309,64,1,15,20,7.987882653061225
CAM,4008,3.476731300354004,14.693999290466309,64,1,15,20,7.987882653061225
FAM,4008,4.502012252807617,14.693999290466309,64,1,15,20,7.987882653061225
Random,4008,2.072387456893921,14.693999290466309,64,1,15,20,7.987882653061225
Superpixel,3838,5.849777698516846,14.149901390075684,65,1,15,20,7.649075255102041
CAM,3838,2.248374462127685,14.149901390075684,65,1,15,20,7.649075255102041
FAM,3838,4.88223934173584,14.149901390075684,65,1,15,20,7.649075255102041
Random,3838,2.1582274436950684,14.149901390075684,65,1,15,20,7.649075255102041
Superpixel,4306,7.921036720275879,18.68174362182617,66,1,14,20,8.581792091836734
CAM,4306,3.5133910179138184,18.68174362182617,66,1,14,20,8.581792091836734
FAM,4306,4.017218589782715,18.68174362182617,66,1,14,20,8.581792091836734
Random,4306,1.5115158557891846,18.68174362182617,66,1,14,20,8.581792091836734
Superpixel,2798,3.455460548400879,5.601407051086426,67,1,16,20,5.576371173469387
CAM,2798,2.916187286376953,5.601407051086426,67,1,16,20,5.576371173469387
FAM,2798,2.075542688369751,5.601407051086426,67,1,16,20,5.576371173469387
Random,2798,0.271832138299942,5.601407051086426,67,1,16,20,5.576371173469387
Superpixel,3679,6.726215362548828,15.8436918258667,68,1,12,20,7.33219068877551
CAM,3679,3.8120384216308594,15.8436918258667,68,1,12,20,7.33219068877551
FAM,3679,2.089125633239746,15.8436918258667,68,1,12,20,7.33219068877551
Random,3679,2.2424983978271484,15.8436918258667,68,1,12,20,7.33219068877551
Superpixel,5935,6.9739179611206055,10.574131965637209,69,1,15,20,11.828364158163266
CAM,5935,3.25086522102356,10.574131965637209,69,1,15,20,11.828364158163266
FAM,5935,2.470918893814087,10.574131965637209,69,1,15,20,11.828364158163266
Random,5935,6.028960704803467,10.574131965637209,69,1,15,20,11.828364158163266
Superpixel,3612,6.909335136413574,10.96778392791748,70,1,15,20,7.1986607142857135
CAM,3612,5.212776184082031,10.96778392791748,70,1,15,20,7.1986607142857135
FAM,3612,2.281749725341797,10.96778392791748,70,1,15,20,7.1986607142857135
Random,3612,3.307964563369751,10.96778392791748,70,1,15,20,7.1986607142857135
Superpixel,1819,7.683831214904785,13.712986946105955,71,1,15,20,3.625239158163265
CAM,1819,4.331409454345703,13.712986946105955,71,1,15,20,3.625239158163265
FAM,1819,2.978576421737671,13.712986946105955,71,1,15,20,3.625239158163265
Random,1819,1.8981666564941408,13.712986946105955,71,1,15,20,3.625239158163265
Superpixel,1860,6.179788112640381,7.891994476318359,72,1,14,20,3.706951530612245
CAM,1860,2.8307275772094727,7.891994476318359,72,1,14,20,3.706951530612245
FAM,1860,2.246638774871826,7.891994476318359,72,1,14,20,3.706951530612245
Random,1860,1.7104147672653198,7.891994476318359,72,1,14,20,3.706951530612245
Superpixel,2124,6.863625526428223,9.226783752441406,73,1,12,20,4.233099489795919
CAM,2124,1.1031821966171265,9.226783752441406,73,1,12,20,4.233099489795919
FAM,2124,1.8438490629196167,9.226783752441406,73,1,12,20,4.233099489795919
Random,2124,2.495566368103028,9.226783752441406,73,1,12,20,4.233099489795919
Superpixel,4481,8.489264488220215,13.885249137878418,74,1,10,20,8.930564413265305
CAM,4481,5.684039115905762,13.885249137878418,74,1,10,20,8.930564413265305
FAM,4481,4.302170753479004,13.885249137878418,74,1,10,20,8.930564413265305
Random,4481,3.905617237091065,13.885249137878418,74,1,10,20,8.930564413265305
Superpixel,2990,8.398579597473145,12.7848539352417,75,1,14,20,5.959024234693878
CAM,2990,3.6362500190734863,12.7848539352417,75,1,14,20,5.959024234693878
FAM,2990,1.1726365089416504,12.7848539352417,75,1,14,20,5.959024234693878
Random,2990,2.659319400787353,12.7848539352417,75,1,14,20,5.959024234693878
Superpixel,2022,10.207398414611816,14.082791328430176,76,1,15,20,4.029815051020408
CAM,2022,3.3139123916625977,14.082791328430176,76,1,15,20,4.029815051020408
FAM,2022,3.2183313369750977,14.082791328430176,76,1,15,20,4.029815051020408
Random,2022,1.863891839981079,14.082791328430176,76,1,15,20,4.029815051020408
Superpixel,2898,7.006397724151611,11.567422866821287,77,1,16,20,5.775669642857143
CAM,2898,1.4485266208648682,11.567422866821287,77,1,16,20,5.775669642857143
FAM,2898,5.444619178771973,11.567422866821287,77,1,16,20,5.775669642857143
Random,2898,1.225601315498352,11.567422866821287,77,1,16,20,5.775669642857143
Superpixel,2804,7.258255481719971,9.01831340789795,78,1,15,20,5.5883290816326525
CAM,2804,2.522048234939575,9.01831340789795,78,1,15,20,5.5883290816326525
FAM,2804,1.7876248359680176,9.01831340789795,78,1,15,20,5.5883290816326525
Random,2804,3.104304790496826,9.01831340789795,78,1,15,20,5.5883290816326525
Superpixel,4777,5.058448314666748,11.042000770568848,79,1,14,20,9.52048788265306
CAM,4777,3.0241262912750244,11.042000770568848,79,1,14,20,9.52048788265306
FAM,4777,0.8502377867698669,11.042000770568848,79,1,14,20,9.52048788265306
Random,4777,4.578371524810791,11.042000770568848,79,1,14,20,9.52048788265306
Superpixel,1706,6.203594207763672,13.937752723693848,80,1,15,20,3.400031887755102
CAM,1706,2.144354343414306,13.937752723693848,80,1,15,20,3.400031887755102
FAM,1706,2.2754387855529785,13.937752723693848,80,1,15,20,3.400031887755102
Random,1706,3.573225498199463,13.937752723693848,80,1,15,20,3.400031887755102
Superpixel,4743,8.053603172302246,15.349525451660156,81,1,14,20,9.452726403061224
CAM,4743,4.457381725311279,15.349525451660156,81,1,14,20,9.452726403061224
FAM,4743,2.9912705421447754,15.349525451660156,81,1,14,20,9.452726403061224
Random,4743,3.845686197280884,15.349525451660156,81,1,14,20,9.452726403061224
Superpixel,5782,11.112815856933594,17.41687774658203,82,1,9,20,11.5234375
CAM,5782,5.15654182434082,17.41687774658203,82,1,9,20,11.5234375
FAM,5782,2.7219972610473637,17.41687774658203,82,1,9,20,11.5234375
Random,5782,1.7378835678100586,17.41687774658203,82,1,9,20,11.5234375
Superpixel,7556,5.207305908203125,10.657397270202637,83,1,13,20,15.058992346938776
CAM,7556,5.728327751159668,10.657397270202637,83,1,13,20,15.058992346938776
FAM,7556,2.8669543266296387,10.657397270202637,83,1,13,20,15.058992346938776
Random,7556,2.8463826179504395,10.657397270202637,83,1,13,20,15.058992346938776
Superpixel,2337,6.251542568206787,13.52542209625244,84,1,14,20,4.657605229591836
CAM,2337,3.206286191940308,13.52542209625244,84,1,14,20,4.657605229591836
FAM,2337,2.237619400024414,13.52542209625244,84,1,14,20,4.657605229591836
Random,2337,1.6157925128936768,13.52542209625244,84,1,14,20,4.657605229591836
Superpixel,2714,8.143630027770996,18.503782272338867,85,1,16,20,5.408960459183673
CAM,2714,2.985379695892334,18.503782272338867,85,1,16,20,5.408960459183673
FAM,2714,5.306927680969238,18.503782272338867,85,1,16,20,5.408960459183673
Random,2714,3.0221381187438965,18.503782272338867,85,1,16,20,5.408960459183673
Superpixel,1685,10.04283046722412,15.802794456481934,86,1,16,20,3.3581792091836733
CAM,1685,2.031376600265503,15.802794456481934,86,1,16,20,3.3581792091836733
FAM,1685,3.076291084289551,15.802794456481934,86,1,16,20,3.3581792091836733
Random,1685,0.8212893605232239,15.802794456481934,86,1,16,20,3.3581792091836733
Superpixel,2400,9.986390113830566,15.148703575134276,87,1,16,20,4.783163265306122
CAM,2400,4.627566337585449,15.148703575134276,87,1,16,20,4.783163265306122
FAM,2400,1.929533123970032,15.148703575134276,87,1,16,20,4.783163265306122
Random,2400,2.9979772567749023,15.148703575134276,87,1,16,20,4.783163265306122
Superpixel,5687,0.8975021243095398,11.899752616882324,88,1,14,20,11.334103954081632
CAM,5687,-0.4898266196250915,11.899752616882324,88,1,14,20,11.334103954081632
FAM,5687,1.1682803630828855,11.899752616882324,88,1,14,20,11.334103954081632
Random,5687,3.972986936569214,11.899752616882324,88,1,14,20,11.334103954081632
Superpixel,3381,1.5064998865127563,11.500370025634766,89,1,15,20,6.73828125
CAM,3381,0.4612197577953338,11.500370025634766,89,1,15,20,6.73828125
FAM,3381,-0.9086074233055116,11.500370025634766,89,1,15,20,6.73828125
Random,3381,-0.8966673612594604,11.500370025634766,89,1,15,20,6.73828125
Superpixel,3276,0.1488639116287231,6.8654656410217285,90,1,14,20,6.529017857142858
CAM,3276,-1.7651246786117554,6.8654656410217285,90,1,14,20,6.529017857142858
FAM,3276,-2.092984437942505,6.8654656410217285,90,1,14,20,6.529017857142858
Random,3276,-0.4682710766792297,6.8654656410217285,90,1,14,20,6.529017857142858
Superpixel,4002,0.917358696460724,14.688021659851074,91,1,16,20,7.975924744897959
CAM,4002,-2.1184070110321045,14.688021659851074,91,1,16,20,7.975924744897959
FAM,4002,-1.6757274866104126,14.688021659851074,91,1,16,20,7.975924744897959
Random,4002,1.6614521741867063,14.688021659851074,91,1,16,20,7.975924744897959
Superpixel,2581,0.5452464818954468,10.596505165100098,92,1,15,20,5.143893494897959
CAM,2581,-1.8985679149627688,10.596505165100098,92,1,15,20,5.143893494897959
FAM,2581,-0.9558566808700562,10.596505165100098,92,1,15,20,5.143893494897959
Random,2581,-1.6324745416641235,10.596505165100098,92,1,15,20,5.143893494897959
Superpixel,1829,2.4202544689178467,13.045243263244627,93,1,15,20,3.6451690051020407
CAM,1829,-0.802902340888977,13.045243263244627,93,1,15,20,3.6451690051020407
FAM,1829,-1.6190240383148191,13.045243263244627,93,1,15,20,3.6451690051020407
Random,1829,-1.3170031309127808,13.045243263244627,93,1,15,20,3.6451690051020407
Superpixel,5418,2.2162811756134038,9.30405616760254,94,1,10,20,10.797991071428571
CAM,5418,0.7956764101982117,9.30405616760254,94,1,10,20,10.797991071428571
FAM,5418,1.2712666988372805,9.30405616760254,94,1,10,20,10.797991071428571
Random,5418,0.5241240859031677,9.30405616760254,94,1,10,20,10.797991071428571
Superpixel,5662,2.049119472503662,14.818351745605469,95,1,14,20,11.284279336734697
CAM,5662,-0.359300822019577,14.818351745605469,95,1,14,20,11.284279336734697
FAM,5662,-0.2738706171512604,14.818351745605469,95,1,14,20,11.284279336734697
Random,5662,0.8947060704231262,14.818351745605469,95,1,14,20,11.284279336734697
Superpixel,7447,1.2952064275741575,12.893231391906738,96,1,12,20,14.841757015306122
CAM,7447,-1.1154881715774536,12.893231391906738,96,1,12,20,14.841757015306122
FAM,7447,2.029692411422729,12.893231391906738,96,1,12,20,14.841757015306122
Random,7447,2.533428907394409,12.893231391906738,96,1,12,20,14.841757015306122
Superpixel,1982,1.0254032611846924,13.632012367248535,97,1,16,20,3.950095663265306
CAM,1982,-0.6939094662666321,13.632012367248535,97,1,16,20,3.950095663265306
FAM,1982,-0.4298490881919861,13.632012367248535,97,1,16,20,3.950095663265306
Random,1982,1.4545834064483645,13.632012367248535,97,1,16,20,3.950095663265306
Superpixel,3425,0.7376972436904907,17.183658599853516,98,1,15,20,6.825972576530612
CAM,3425,-3.0628669261932373,17.183658599853516,98,1,15,20,6.825972576530612
FAM,3425,0.636121392250061,17.183658599853516,98,1,15,20,6.825972576530612
Random,3425,0.1646146178245544,17.183658599853516,98,1,15,20,6.825972576530612
Superpixel,2374,1.016402244567871,14.828822135925291,99,1,14,20,4.731345663265306
CAM,2374,-1.2169268131256104,14.828822135925291,99,1,14,20,4.731345663265306
FAM,2374,-1.0190104246139526,14.828822135925291,99,1,14,20,4.731345663265306
Random,2374,-1.0537325143814087,14.828822135925291,99,1,14,20,4.731345663265306
Superpixel,3332,0.3709133267402649,12.216415405273438,100,1,16,20,6.640625
CAM,3332,-1.6407324075698853,12.216415405273438,100,1,16,20,6.640625
FAM,3332,-1.6199802160263062,12.216415405273438,100,1,16,20,6.640625
Random,3332,-0.8784254193305969,12.216415405273438,100,1,16,20,6.640625
Superpixel,4716,1.4094644784927368,15.428936958312988,101,1,14,20,9.39891581632653
CAM,4716,-2.9007179737091064,15.428936958312988,101,1,14,20,9.39891581632653
FAM,4716,-0.6691390872001648,15.428936958312988,101,1,14,20,9.39891581632653
Random,4716,1.0413044691085815,15.428936958312988,101,1,14,20,9.39891581632653
Superpixel,3418,0.3070555925369262,15.503938674926758,102,1,16,20,6.8120216836734695
CAM,3418,-3.1924712657928467,15.503938674926758,102,1,16,20,6.8120216836734695
FAM,3418,-1.8972113132476809,15.503938674926758,102,1,16,20,6.8120216836734695
Random,3418,0.1381409019231796,15.503938674926758,102,1,16,20,6.8120216836734695
Superpixel,3980,0.3111708462238312,18.070388793945312,103,1,12,20,7.932079081632653
CAM,3980,-4.181930065155029,18.070388793945312,103,1,12,20,7.932079081632653
FAM,3980,-3.0966603755950928,18.070388793945312,103,1,12,20,7.932079081632653
Random,3980,0.3601411581039428,18.070388793945312,103,1,12,20,7.932079081632653
Superpixel,4509,1.805010676383972,12.477803230285645,104,1,12,20,8.986367984693878
CAM,4509,-1.7512601613998413,12.477803230285645,104,1,12,20,8.986367984693878
FAM,4509,1.837851643562317,12.477803230285645,104,1,12,20,8.986367984693878
Random,4509,-0.2908971607685089,12.477803230285645,104,1,12,20,8.986367984693878
Superpixel,9160,4.067613124847412,17.71215057373047,105,1,12,20,18.25573979591837
CAM,9160,2.8170769214630127,17.71215057373047,105,1,12,20,18.25573979591837
FAM,9160,9.098987579345703,17.71215057373047,105,1,12,20,18.25573979591837
Random,9160,2.9892938137054443,17.71215057373047,105,1,12,20,18.25573979591837
Superpixel,6526,0.685293972492218,13.822314262390137,106,1,13,20,13.006218112244897
CAM,6526,-1.043877363204956,13.822314262390137,106,1,13,20,13.006218112244897
FAM,6526,-0.0752981901168823,13.822314262390137,106,1,13,20,13.006218112244897
Random,6526,3.504396438598633,13.822314262390137,106,1,13,20,13.006218112244897
Superpixel,3403,1.1664427518844604,14.434985160827637,107,1,12,20,6.782126913265306
CAM,3403,-0.4375299215316772,14.434985160827637,107,1,12,20,6.782126913265306
FAM,3403,-0.4341323971748352,14.434985160827637,107,1,12,20,6.782126913265306
Random,3403,2.420106887817383,14.434985160827637,107,1,12,20,6.782126913265306
Superpixel,2712,1.326356291770935,18.18814468383789,108,1,14,20,5.404974489795919
CAM,2712,-1.747557520866394,18.18814468383789,108,1,14,20,5.404974489795919
FAM,2712,-1.6339582204818726,18.18814468383789,108,1,14,20,5.404974489795919
Random,2712,-0.6109633445739746,18.18814468383789,108,1,14,20,5.404974489795919
Superpixel,1731,1.2544876337051392,11.207807540893556,109,1,15,20,3.4498565051020407
CAM,1731,-0.6845481991767883,11.207807540893556,109,1,15,20,3.4498565051020407
FAM,1731,-1.3862335681915283,11.207807540893556,109,1,15,20,3.4498565051020407
Random,1731,-2.157236337661743,11.207807540893556,109,1,15,20,3.4498565051020407
Superpixel,2821,0.9621016383171082,12.709710121154783,110,1,12,20,5.622209821428571
CAM,2821,-2.837285280227661,12.709710121154783,110,1,12,20,5.622209821428571
FAM,2821,-1.541903734207153,12.709710121154783,110,1,12,20,5.622209821428571
Random,2821,0.3166562914848327,12.709710121154783,110,1,12,20,5.622209821428571
Superpixel,4011,0.4626646339893341,12.161798477172852,111,1,13,20,7.993861607142858
CAM,4011,-1.6540085077285769,12.161798477172852,111,1,13,20,7.993861607142858
FAM,4011,0.963777482509613,12.161798477172852,111,1,13,20,7.993861607142858
Random,4011,0.2230868935585022,12.161798477172852,111,1,13,20,7.993861607142858
Superpixel,4280,0.7143999934196472,14.646283149719238,112,1,13,20,8.529974489795919
CAM,4280,-1.454821228981018,14.646283149719238,112,1,13,20,8.529974489795919
FAM,4280,-0.9859185814857484,14.646283149719238,112,1,13,20,8.529974489795919
Random,4280,-0.0131104625761508,14.646283149719238,112,1,13,20,8.529974489795919
Superpixel,2943,-0.3489239811897278,11.354926109313965,113,1,16,20,5.865353954081633
CAM,2943,-2.717734336853028,11.354926109313965,113,1,16,20,5.865353954081633
FAM,2943,-2.076845645904541,11.354926109313965,113,1,16,20,5.865353954081633
Random,2943,-1.1688069105148315,11.354926109313965,113,1,16,20,5.865353954081633
Superpixel,3489,0.5483401417732239,11.279419898986816,114,1,16,20,6.953523596938775
CAM,3489,-3.270254850387573,11.279419898986816,114,1,16,20,6.953523596938775
FAM,3489,-1.558472990989685,11.279419898986816,114,1,16,20,6.953523596938775
Random,3489,-0.7782223224639893,11.279419898986816,114,1,16,20,6.953523596938775
Superpixel,4937,1.2018492221832275,9.643073081970217,115,1,14,20,9.83936543367347
CAM,4937,-2.289878368377685,9.643073081970217,115,1,14,20,9.83936543367347
FAM,4937,-0.7617070078849792,9.643073081970217,115,1,14,20,9.83936543367347
Random,4937,0.8853901624679565,9.643073081970217,115,1,14,20,9.83936543367347
Superpixel,4325,4.0119218826293945,9.141690254211426,116,1,15,20,8.619658801020408
CAM,4325,2.260659456253052,9.141690254211426,116,1,15,20,8.619658801020408
FAM,4325,2.3745691776275635,9.141690254211426,116,1,15,20,8.619658801020408
Random,4325,0.9264774918556212,9.141690254211426,116,1,15,20,8.619658801020408
Superpixel,6394,1.825689673423767,10.933367729187012,117,1,14,20,12.74314413265306
CAM,6394,3.950237989425659,10.933367729187012,117,1,14,20,12.74314413265306
FAM,6394,0.102947860956192,10.933367729187012,117,1,14,20,12.74314413265306
Random,6394,1.3994945287704468,10.933367729187012,117,1,14,20,12.74314413265306
Superpixel,3337,5.307235240936279,13.120966911315918,118,1,14,20,6.650589923469388
CAM,3337,5.35106372833252,13.120966911315918,118,1,14,20,6.650589923469388
FAM,3337,1.4409180879592896,13.120966911315918,118,1,14,20,6.650589923469388
Random,3337,1.586198091506958,13.120966911315918,118,1,14,20,6.650589923469388
Superpixel,3377,3.5196313858032227,16.402366638183594,119,1,13,20,6.73030931122449
CAM,3377,1.4916342496871948,16.402366638183594,119,1,13,20,6.73030931122449
FAM,3377,1.498807430267334,16.402366638183594,119,1,13,20,6.73030931122449
Random,3377,0.0966133400797844,16.402366638183594,119,1,13,20,6.73030931122449
Superpixel,3157,4.392083168029785,8.822118759155273,120,1,14,20,6.291852678571429
CAM,3157,2.4746336936950684,8.822118759155273,120,1,14,20,6.291852678571429
FAM,3157,2.140154361724853,8.822118759155273,120,1,14,20,6.291852678571429
Random,3157,1.7140437364578247,8.822118759155273,120,1,14,20,6.291852678571429
Superpixel,3621,3.806596755981445,6.235069751739502,121,1,13,20,7.216597576530612
CAM,3621,3.073070526123047,6.235069751739502,121,1,13,20,7.216597576530612
FAM,3621,1.7250573635101318,6.235069751739502,121,1,13,20,7.216597576530612
Random,3621,1.8992109298706052,6.235069751739502,121,1,13,20,7.216597576530612
Superpixel,3450,5.098551273345947,13.506736755371094,122,1,15,20,6.875797193877552
CAM,3450,3.97343635559082,13.506736755371094,122,1,15,20,6.875797193877552
FAM,3450,1.0409142971038818,13.506736755371094,122,1,15,20,6.875797193877552
Random,3450,1.2428207397460938,13.506736755371094,122,1,15,20,6.875797193877552
Superpixel,5419,3.301748275756836,11.120905876159668,123,1,12,20,10.79998405612245
CAM,5419,0.9968624114990234,11.120905876159668,123,1,12,20,10.79998405612245
FAM,5419,0.3654576539993286,11.120905876159668,123,1,12,20,10.79998405612245
Random,5419,0.4989863932132721,11.120905876159668,123,1,12,20,10.79998405612245
Superpixel,3919,3.501310348510742,16.80983543395996,124,1,13,20,7.810507015306123
CAM,3919,2.7963860034942627,16.80983543395996,124,1,13,20,7.810507015306123
FAM,3919,3.1762003898620605,16.80983543395996,124,1,13,20,7.810507015306123
Random,3919,1.5280811786651611,16.80983543395996,124,1,13,20,7.810507015306123
Superpixel,2904,3.4780445098876958,16.302902221679688,125,1,14,20,5.787627551020408
CAM,2904,5.826651573181152,16.302902221679688,125,1,14,20,5.787627551020408
FAM,2904,2.2401301860809326,16.302902221679688,125,1,14,20,5.787627551020408
Random,2904,1.3333983421325684,16.302902221679688,125,1,14,20,5.787627551020408
Superpixel,2971,7.02745532989502,14.29814910888672,126,1,15,20,5.921157525510204
CAM,2971,1.4561688899993896,14.29814910888672,126,1,15,20,5.921157525510204
FAM,2971,1.560991883277893,14.29814910888672,126,1,15,20,5.921157525510204
Random,2971,2.105557918548584,14.29814910888672,126,1,15,20,5.921157525510204
Superpixel,5153,3.127192974090576,13.200457572937012,127,1,15,20,10.26985012755102
CAM,5153,0.9548312425613404,13.200457572937012,127,1,15,20,10.26985012755102
FAM,5153,3.481685161590576,13.200457572937012,127,1,15,20,10.26985012755102
Random,5153,5.657986164093018,13.200457572937012,127,1,15,20,10.26985012755102
Superpixel,3049,3.3428523540496826,9.345117568969728,128,1,15,20,6.0766103316326525
CAM,3049,2.255284309387207,9.345117568969728,128,1,15,20,6.0766103316326525
FAM,3049,-0.1030872091650962,9.345117568969728,128,1,15,20,6.0766103316326525
Random,3049,2.2825586795806885,9.345117568969728,128,1,15,20,6.0766103316326525
Superpixel,3202,5.59773063659668,13.32651424407959,129,1,15,20,6.381536989795919
CAM,3202,3.3991899490356445,13.32651424407959,129,1,15,20,6.381536989795919
FAM,3202,1.9325600862503047,13.32651424407959,129,1,15,20,6.381536989795919
Random,3202,1.4407527446746826,13.32651424407959,129,1,15,20,6.381536989795919
Superpixel,3196,3.2600557804107666,7.179259300231934,130,1,13,20,6.369579081632653
CAM,3196,2.6994411945343018,7.179259300231934,130,1,13,20,6.369579081632653
FAM,3196,1.391089677810669,7.179259300231934,130,1,13,20,6.369579081632653
Random,3196,1.4584816694259644,7.179259300231934,130,1,13,20,6.369579081632653
Superpixel,3619,3.2417001724243164,12.296734809875488,131,1,16,20,7.212611607142858
CAM,3619,4.153713226318359,12.296734809875488,131,1,16,20,7.212611607142858
FAM,3619,0.8848629593849182,12.296734809875488,131,1,16,20,7.212611607142858
Random,3619,0.7205268144607544,12.296734809875488,131,1,16,20,7.212611607142858
Superpixel,4201,8.4790620803833,15.042993545532228,132,1,14,20,8.372528698979592
CAM,4201,2.9400923252105717,15.042993545532228,132,1,14,20,8.372528698979592
FAM,4201,1.8492637872695925,15.042993545532228,132,1,14,20,8.372528698979592
Random,4201,1.5400134325027466,15.042993545532228,132,1,14,20,8.372528698979592
Superpixel,3106,5.179471015930176,12.704119682312012,133,1,12,20,6.190210459183673
CAM,3106,1.2670844793319702,12.704119682312012,133,1,12,20,6.190210459183673
FAM,3106,0.2409610152244568,12.704119682312012,133,1,12,20,6.190210459183673
Random,3106,1.4449721574783323,12.704119682312012,133,1,12,20,6.190210459183673
Superpixel,2366,5.188615798950195,9.561964988708496,134,1,15,20,4.715401785714286
CAM,2366,7.444069385528564,9.561964988708496,134,1,15,20,4.715401785714286
FAM,2366,0.7707585692405701,9.561964988708496,134,1,15,20,4.715401785714286
Random,2366,2.7740490436553955,9.561964988708496,134,1,15,20,4.715401785714286
Superpixel,12924,4.510334968566895,11.64293098449707,135,1,9,20,25.757334183673468
CAM,12924,6.04524040222168,11.64293098449707,135,1,9,20,25.757334183673468
FAM,12924,5.764106750488281,11.64293098449707,135,1,9,20,25.757334183673468
Random,12924,0.5373356342315674,11.64293098449707,135,1,9,20,25.757334183673468
Superpixel,4683,6.086338043212891,11.275784492492676,136,1,15,20,9.333147321428571
CAM,4683,4.182013511657715,11.275784492492676,136,1,15,20,9.333147321428571
FAM,4683,2.101208209991455,11.275784492492676,136,1,15,20,9.333147321428571
Random,4683,0.3561076521873474,11.275784492492676,136,1,15,20,9.333147321428571
Superpixel,4274,3.6710667610168457,15.144980430603027,137,1,15,20,8.518016581632654
CAM,4274,1.5610812902450562,15.144980430603027,137,1,15,20,8.518016581632654
FAM,4274,2.0346975326538086,15.144980430603027,137,1,15,20,8.518016581632654
Random,4274,1.5446211099624634,15.144980430603027,137,1,15,20,8.518016581632654
Superpixel,3058,2.933647632598877,12.23999309539795,138,1,16,20,6.094547193877551
CAM,3058,0.5575898289680481,12.23999309539795,138,1,16,20,6.094547193877551
FAM,3058,-0.0670736506581306,12.23999309539795,138,1,16,20,6.094547193877551
Random,3058,0.4506187736988067,12.23999309539795,138,1,16,20,6.094547193877551
Superpixel,5375,2.2843823432922363,6.806970119476318,139,1,15,20,10.712292729591836
CAM,5375,-0.7073882818222046,6.806970119476318,139,1,15,20,10.712292729591836
FAM,5375,-0.9308293461799622,6.806970119476318,139,1,15,20,10.712292729591836
Random,5375,-2.072062492370605,6.806970119476318,139,1,15,20,10.712292729591836
Superpixel,3153,4.194211959838867,11.610396385192873,140,1,16,20,6.283880739795919
CAM,3153,0.9730760455131532,11.610396385192873,140,1,16,20,6.283880739795919
FAM,3153,0.3485904932022095,11.610396385192873,140,1,16,20,6.283880739795919
Random,3153,1.7336688041687012,11.610396385192873,140,1,16,20,6.283880739795919
Superpixel,4106,5.393781661987305,15.713963508605955,141,1,15,20,8.183195153061225
CAM,4106,8.124190330505371,15.713963508605955,141,1,15,20,8.183195153061225
FAM,4106,2.1885673999786377,15.713963508605955,141,1,15,20,8.183195153061225
Random,4106,1.5115498304367063,15.713963508605955,141,1,15,20,8.183195153061225
Superpixel,2082,6.522303581237793,14.730679512023926,142,1,15,20,4.149394132653061
CAM,2082,-0.1672500967979431,14.730679512023926,142,1,15,20,4.149394132653061
FAM,2082,0.2197393178939819,14.730679512023926,142,1,15,20,4.149394132653061
Random,2082,0.2116877436637878,14.730679512023926,142,1,15,20,4.149394132653061
Superpixel,2410,5.875476360321045,14.311620712280272,143,1,16,20,4.803093112244898
CAM,2410,2.106278419494629,14.311620712280272,143,1,16,20,4.803093112244898
FAM,2410,2.093755006790161,14.311620712280272,143,1,16,20,4.803093112244898
Random,2410,0.8700830936431885,14.311620712280272,143,1,16,20,4.803093112244898
Superpixel,3579,3.643611907958984,13.337560653686523,144,1,14,20,7.132892219387756
CAM,3579,0.1745333969593048,13.337560653686523,144,1,14,20,7.132892219387756
FAM,3579,2.4192206859588623,13.337560653686523,144,1,14,20,7.132892219387756
Random,3579,0.0297439992427825,13.337560653686523,144,1,14,20,7.132892219387756
Superpixel,2652,4.91453742980957,17.006467819213867,145,1,14,20,5.285395408163265
CAM,2652,2.092201232910156,17.006467819213867,145,1,14,20,5.285395408163265
FAM,2652,0.8414006233215332,17.006467819213867,145,1,14,20,5.285395408163265
Random,2652,1.2689077854156494,17.006467819213867,145,1,14,20,5.285395408163265
Superpixel,3277,6.8181891441345215,13.564491271972656,146,1,12,20,6.531010841836735
CAM,3277,2.786797285079956,13.564491271972656,146,1,12,20,6.531010841836735
FAM,3277,0.6957913637161255,13.564491271972656,146,1,12,20,6.531010841836735
Random,3277,1.8840330839157104,13.564491271972656,146,1,12,20,6.531010841836735
Superpixel,2325,3.059926748275757,17.26859474182129,147,1,14,20,4.633689413265306
CAM,2325,1.8087832927703855,17.26859474182129,147,1,14,20,4.633689413265306
FAM,2325,-0.2544322311878204,17.26859474182129,147,1,14,20,4.633689413265306
Random,2325,0.9736862182617188,17.26859474182129,147,1,14,20,4.633689413265306
Superpixel,3326,3.543086290359497,18.31349372863769,148,1,14,20,6.628667091836735
CAM,3326,2.5746350288391118,18.31349372863769,148,1,14,20,6.628667091836735
FAM,3326,0.015563279390335,18.31349372863769,148,1,14,20,6.628667091836735
Random,3326,-0.1774475872516632,18.31349372863769,148,1,14,20,6.628667091836735
Superpixel,2851,2.665956735610962,11.154372215270996,149,1,15,20,5.681999362244898
CAM,2851,0.362087219953537,11.154372215270996,149,1,15,20,5.681999362244898
FAM,2851,0.658636212348938,11.154372215270996,149,1,15,20,5.681999362244898
Random,2851,-0.2604099214076996,11.154372215270996,149,1,15,20,5.681999362244898
Superpixel,6087,6.007473468780518,13.237960815429688,150,1,14,20,12.131297831632654
CAM,6087,3.5436723232269287,13.237960815429688,150,1,14,20,12.131297831632654
FAM,6087,4.114370822906494,13.237960815429688,150,1,14,20,12.131297831632654
Random,6087,0.7672964334487915,13.237960815429688,150,1,14,20,12.131297831632654
Superpixel,2647,7.501238822937012,13.540781021118164,151,1,14,20,5.275430484693878
CAM,2647,2.253336906433105,13.540781021118164,151,1,14,20,5.275430484693878
FAM,2647,1.0018253326416016,13.540781021118164,151,1,14,20,5.275430484693878
Random,2647,-0.9364112615585328,13.540781021118164,151,1,14,20,5.275430484693878
Superpixel,3393,3.3430631160736084,16.670333862304688,152,1,16,20,6.7621970663265305
CAM,3393,1.227519154548645,16.670333862304688,152,1,16,20,6.7621970663265305
FAM,3393,0.8622159957885742,16.670333862304688,152,1,16,20,6.7621970663265305
Random,3393,0.6212319135665894,16.670333862304688,152,1,16,20,6.7621970663265305
Superpixel,2619,6.760640621185303,14.594741821289062,153,1,14,20,5.219626913265306
CAM,2619,4.356747150421143,14.594741821289062,153,1,14,20,5.219626913265306
FAM,2619,1.1889238357543943,14.594741821289062,153,1,14,20,5.219626913265306
Random,2619,0.6274615526199341,14.594741821289062,153,1,14,20,5.219626913265306
Superpixel,4255,7.035961151123047,13.016481399536133,154,1,15,20,8.48014987244898
CAM,4255,2.8618476390838623,13.016481399536133,154,1,15,20,8.48014987244898
FAM,4255,1.2407326698303225,13.016481399536133,154,1,15,20,8.48014987244898
Random,4255,-0.4623044431209564,13.016481399536133,154,1,15,20,8.48014987244898
Superpixel,2423,4.038038730621338,9.030038833618164,155,1,14,20,4.829001913265306
CAM,2423,2.245264768600464,9.030038833618164,155,1,14,20,4.829001913265306
FAM,2423,0.618828296661377,9.030038833618164,155,1,14,20,4.829001913265306
Random,2423,0.8965026140213013,9.030038833618164,155,1,14,20,4.829001913265306
Superpixel,4887,5.2186784744262695,16.346372604370117,156,1,16,20,9.739716198979592
CAM,4887,3.135658264160156,16.346372604370117,156,1,16,20,9.739716198979592
FAM,4887,1.7592511177062988,16.346372604370117,156,1,16,20,9.739716198979592
Random,4887,0.0558546185493469,16.346372604370117,156,1,16,20,9.739716198979592
Superpixel,3559,5.755125999450684,18.035762786865234,157,1,15,20,7.093032525510204
CAM,3559,1.4331110715866089,18.035762786865234,157,1,15,20,7.093032525510204
FAM,3559,0.2475550472736358,18.035762786865234,157,1,15,20,7.093032525510204
Random,3559,1.5105857849121094,18.035762786865234,157,1,15,20,7.093032525510204
Superpixel,4884,1.6307682991027832,14.329495429992676,158,1,14,20,9.73373724489796
CAM,4884,4.606926441192627,14.329495429992676,158,1,14,20,9.73373724489796
FAM,4884,0.2647012770175934,14.329495429992676,158,1,14,20,9.73373724489796
Random,4884,2.478064775466919,14.329495429992676,158,1,14,20,9.73373724489796
Superpixel,4703,2.9081945419311523,15.876619338989258,159,1,14,20,9.373007015306122
CAM,4703,4.942309856414795,15.876619338989258,159,1,14,20,9.373007015306122
FAM,4703,3.89906907081604,15.876619338989258,159,1,14,20,9.373007015306122
Random,4703,2.368856191635132,15.876619338989258,159,1,14,20,9.373007015306122
Superpixel,3293,5.503838062286377,12.079415321350098,160,1,15,20,6.562898596938775
CAM,3293,2.6135706901550293,12.079415321350098,160,1,15,20,6.562898596938775
FAM,3293,2.9153120517730717,12.079415321350098,160,1,15,20,6.562898596938775
Random,3293,0.0020008385181427,12.079415321350098,160,1,15,20,6.562898596938775
Superpixel,3086,3.419763326644897,17.422378540039062,161,1,15,20,6.150350765306122
CAM,3086,1.443648338317871,17.422378540039062,161,1,15,20,6.150350765306122
FAM,3086,-0.282263845205307,17.422378540039062,161,1,15,20,6.150350765306122
Random,3086,1.735421657562256,17.422378540039062,161,1,15,20,6.150350765306122
Superpixel,3755,3.0250818729400635,15.753741264343262,162,1,15,20,7.483657525510204
CAM,3755,2.9109809398651123,15.753741264343262,162,1,15,20,7.483657525510204
FAM,3755,4.14415979385376,15.753741264343262,162,1,15,20,7.483657525510204
Random,3755,-0.0250998437404632,15.753741264343262,162,1,15,20,7.483657525510204
Superpixel,4228,1.7280361652374268,11.835968017578123,163,1,13,20,8.426339285714286
CAM,4228,1.975719928741455,11.835968017578123,163,1,13,20,8.426339285714286
FAM,4228,-0.9202889204025269,11.835968017578123,163,1,13,20,8.426339285714286
Random,4228,-1.6683765649795532,11.835968017578123,163,1,13,20,8.426339285714286
Superpixel,5606,6.812620639801025,9.605253219604492,164,1,15,20,11.17267219387755
CAM,5606,5.539719581604004,9.605253219604492,164,1,15,20,11.17267219387755
FAM,5606,0.1302334368228912,9.605253219604492,164,1,15,20,11.17267219387755
Random,5606,4.682771682739258,9.605253219604492,164,1,15,20,11.17267219387755
Superpixel,4342,5.616112232208252,9.482483863830566,165,1,15,20,8.653539540816327
CAM,4342,3.432535409927368,9.482483863830566,165,1,15,20,8.653539540816327
FAM,4342,3.1385304927825928,9.482483863830566,165,1,15,20,8.653539540816327
Random,4342,3.3548285961151123,9.482483863830566,165,1,15,20,8.653539540816327
Superpixel,4066,5.859324932098389,12.970099449157717,166,1,15,20,8.103475765306122
CAM,4066,4.273012638092041,12.970099449157717,166,1,15,20,8.103475765306122
FAM,4066,6.326053142547607,12.970099449157717,166,1,15,20,8.103475765306122
Random,4066,-0.4817841649055481,12.970099449157717,166,1,15,20,8.103475765306122
Superpixel,3031,7.270131587982178,14.106159210205078,167,1,15,20,6.040736607142857
CAM,3031,1.9417463541030884,14.106159210205078,167,1,15,20,6.040736607142857
FAM,3031,-1.2827757596969604,14.106159210205078,167,1,15,20,6.040736607142857
Random,3031,-1.8971705436706543,14.106159210205078,167,1,15,20,6.040736607142857
Superpixel,6795,9.093759536743164,15.383405685424805,168,1,14,20,13.542330994897958
CAM,6795,3.5586631298065186,15.383405685424805,168,1,14,20,13.542330994897958
FAM,6795,3.851886034011841,15.383405685424805,168,1,14,20,13.542330994897958
Random,6795,1.8990720510482788,15.383405685424805,168,1,14,20,13.542330994897958
Superpixel,3678,2.2646212577819824,9.903432846069336,169,1,14,20,7.330197704081633
CAM,3678,3.4774169921875,9.903432846069336,169,1,14,20,7.330197704081633
FAM,3678,2.299646615982056,9.903432846069336,169,1,14,20,7.330197704081633
Random,3678,1.273777961730957,9.903432846069336,169,1,14,20,7.330197704081633
Superpixel,4852,4.8417067527771,7.970113277435303,170,1,16,20,9.669961734693878
CAM,4852,3.292114496231079,7.970113277435303,170,1,16,20,9.669961734693878
FAM,4852,3.299072265625,7.970113277435303,170,1,16,20,9.669961734693878
Random,4852,4.328140735626221,7.970113277435303,170,1,16,20,9.669961734693878
Superpixel,3308,5.39381217956543,8.926592826843262,171,1,16,20,6.592793367346939
CAM,3308,2.255235433578491,8.926592826843262,171,1,16,20,6.592793367346939
FAM,3308,4.860034942626953,8.926592826843262,171,1,16,20,6.592793367346939
Random,3308,0.8266883492469788,8.926592826843262,171,1,16,20,6.592793367346939
Superpixel,3104,4.711061954498291,15.47469997406006,172,1,15,20,6.186224489795919
CAM,3104,1.429908037185669,15.47469997406006,172,1,15,20,6.186224489795919
FAM,3104,0.4689581990242004,15.47469997406006,172,1,15,20,6.186224489795919
Random,3104,-0.5534808039665222,15.47469997406006,172,1,15,20,6.186224489795919
Superpixel,1712,5.897595405578613,11.197237968444824,173,1,16,20,3.411989795918368
CAM,1712,1.5541404485702517,11.197237968444824,173,1,16,20,3.411989795918368
FAM,1712,0.1803871691226959,11.197237968444824,173,1,16,20,3.411989795918368
Random,1712,-0.975235402584076,11.197237968444824,173,1,16,20,3.411989795918368
Superpixel,5710,11.693971633911133,15.447246551513672,174,1,14,20,11.379942602040815
CAM,5710,6.205930709838867,15.447246551513672,174,1,14,20,11.379942602040815
FAM,5710,8.617222785949707,15.447246551513672,174,1,14,20,11.379942602040815
Random,5710,2.184611797332764,15.447246551513672,174,1,14,20,11.379942602040815
Superpixel,4558,2.9876229763031006,19.444435119628903,175,1,14,20,9.084024234693878
CAM,4558,1.773153305053711,19.444435119628903,175,1,14,20,9.084024234693878
FAM,4558,-0.0101135708391666,19.444435119628903,175,1,14,20,9.084024234693878
Random,4558,-1.1581708192825315,19.444435119628903,175,1,14,20,9.084024234693878
Superpixel,5653,4.881618976593018,13.659045219421388,176,1,14,20,11.266342474489797
CAM,5653,6.322441577911377,13.659045219421388,176,1,14,20,11.266342474489797
FAM,5653,2.0131003856658936,13.659045219421388,176,1,14,20,11.266342474489797
Random,5653,0.4785062074661255,13.659045219421388,176,1,14,20,11.266342474489797
Superpixel,2253,1.6315892934799194,11.38173007965088,177,1,14,20,4.490194515306122
CAM,2253,0.906612992286682,11.38173007965088,177,1,14,20,4.490194515306122
FAM,2253,1.3342119455337524,11.38173007965088,177,1,14,20,4.490194515306122
Random,2253,-0.4952124059200287,11.38173007965088,177,1,14,20,4.490194515306122
Superpixel,6455,5.36890172958374,11.553726196289062,178,1,13,20,12.864716198979592
CAM,6455,2.095399618148804,11.553726196289062,178,1,13,20,12.864716198979592
FAM,6455,0.3605898022651672,11.553726196289062,178,1,13,20,12.864716198979592
Random,6455,-0.4387147426605224,11.553726196289062,178,1,13,20,12.864716198979592
Superpixel,3001,1.822375059127808,11.74983024597168,179,1,14,20,5.9809470663265305
CAM,3001,1.8668259382247925,11.74983024597168,179,1,14,20,5.9809470663265305
FAM,3001,0.6558665633201599,11.74983024597168,179,1,14,20,5.9809470663265305
Random,3001,-0.7238296866416931,11.74983024597168,179,1,14,20,5.9809470663265305
Superpixel,2865,3.088951587677002,11.495020866394045,180,1,15,20,5.709901147959184
CAM,2865,1.1312443017959597,11.495020866394045,180,1,15,20,5.709901147959184
FAM,2865,-0.6580480933189392,11.495020866394045,180,1,15,20,5.709901147959184
Random,2865,-3.146206378936768,11.495020866394045,180,1,15,20,5.709901147959184
Superpixel,4096,4.933374881744385,9.231075286865234,181,1,13,20,8.16326530612245
CAM,4096,1.4896446466445925,9.231075286865234,181,1,13,20,8.16326530612245
FAM,4096,-0.2657276391983032,9.231075286865234,181,1,13,20,8.16326530612245
Random,4096,0.718937873840332,9.231075286865234,181,1,13,20,8.16326530612245
Superpixel,3238,3.142169952392578,11.02761173248291,182,1,15,20,6.45328443877551
CAM,3238,0.7567175030708313,11.02761173248291,182,1,15,20,6.45328443877551
FAM,3238,-0.5166017413139343,11.02761173248291,182,1,15,20,6.45328443877551
Random,3238,-1.3282315731048584,11.02761173248291,182,1,15,20,6.45328443877551
Superpixel,2106,2.4610581398010254,7.090257167816162,183,1,14,20,4.197225765306122
CAM,2106,0.5004321336746216,7.090257167816162,183,1,14,20,4.197225765306122
FAM,2106,-0.2397066801786422,7.090257167816162,183,1,14,20,4.197225765306122
Random,2106,-0.6653174757957458,7.090257167816162,183,1,14,20,4.197225765306122
Superpixel,4617,2.7328712940216064,9.7734956741333,184,1,15,20,9.201610331632654
CAM,4617,4.3384857177734375,9.7734956741333,184,1,15,20,9.201610331632654
FAM,4617,0.91906076669693,9.7734956741333,184,1,15,20,9.201610331632654
Random,4617,2.6505279541015625,9.7734956741333,184,1,15,20,9.201610331632654
Superpixel,4699,0.7573957443237305,15.033140182495115,185,1,16,20,9.365035076530612
CAM,4699,-2.3580188751220703,15.033140182495115,185,1,16,20,9.365035076530612
FAM,4699,-2.0915048122406006,15.033140182495115,185,1,16,20,9.365035076530612
Random,4699,-1.1753970384597778,15.033140182495115,185,1,16,20,9.365035076530612
Superpixel,6254,4.908303737640381,8.812786102294922,186,1,13,20,12.464126275510203
CAM,6254,0.1573708951473236,8.812786102294922,186,1,13,20,12.464126275510203
FAM,6254,1.196340799331665,8.812786102294922,186,1,13,20,12.464126275510203
Random,6254,2.635409355163574,8.812786102294922,186,1,13,20,12.464126275510203
Superpixel,5097,2.822782516479492,12.115702629089355,187,1,15,20,10.158242984693878
CAM,5097,2.5934057235717773,12.115702629089355,187,1,15,20,10.158242984693878
FAM,5097,-0.7116257548332214,12.115702629089355,187,1,15,20,10.158242984693878
Random,5097,0.9793538451194764,12.115702629089355,187,1,15,20,10.158242984693878
Superpixel,4784,3.0851409435272217,11.069998741149902,188,1,16,20,9.534438775510203
CAM,4784,2.6700518131256104,11.069998741149902,188,1,16,20,9.534438775510203
FAM,4784,2.297914266586304,11.069998741149902,188,1,16,20,9.534438775510203
Random,4784,1.529053807258606,11.069998741149902,188,1,16,20,9.534438775510203
Superpixel,3136,2.422746181488037,11.380338668823242,189,1,15,20,6.25
CAM,3136,-0.3709393739700317,11.380338668823242,189,1,15,20,6.25
FAM,3136,-1.275426983833313,11.380338668823242,189,1,15,20,6.25
Random,3136,0.2889577746391296,11.380338668823242,189,1,15,20,6.25
Superpixel,4394,2.538095712661743,6.347030162811279,190,1,13,20,8.75717474489796
CAM,4394,1.369632124900818,6.347030162811279,190,1,13,20,8.75717474489796
FAM,4394,2.4321377277374268,6.347030162811279,190,1,13,20,8.75717474489796
Random,4394,1.9203850030899048,6.347030162811279,190,1,13,20,8.75717474489796
Superpixel,2824,3.891093015670776,12.793618202209473,191,1,13,20,5.628188775510204
CAM,2824,0.9510031342506408,12.793618202209473,191,1,13,20,5.628188775510204
FAM,2824,1.619578242301941,12.793618202209473,191,1,13,20,5.628188775510204
Random,2824,2.0556421279907227,12.793618202209473,191,1,13,20,5.628188775510204
Superpixel,3361,3.283623456954956,12.087818145751951,192,1,14,20,6.698421556122448
CAM,3361,1.1056435108184814,12.087818145751951,192,1,14,20,6.698421556122448
FAM,3361,0.8208426833152771,12.087818145751951,192,1,14,20,6.698421556122448
Random,3361,-0.0811072960495948,12.087818145751951,192,1,14,20,6.698421556122448
Superpixel,4609,0.9950205683708192,13.9094820022583,193,1,13,20,9.185666454081632
CAM,4609,-0.3279705047607422,13.9094820022583,193,1,13,20,9.185666454081632
FAM,4609,-1.55751633644104,13.9094820022583,193,1,13,20,9.185666454081632
Random,4609,-1.2996078729629517,13.9094820022583,193,1,13,20,9.185666454081632
Superpixel,3925,3.447160005569458,6.818569183349609,194,1,14,20,7.822464923469388
CAM,3925,0.8769153356552124,6.818569183349609,194,1,14,20,7.822464923469388
FAM,3925,4.751552104949951,6.818569183349609,194,1,14,20,7.822464923469388
Random,3925,2.18548321723938,6.818569183349609,194,1,14,20,7.822464923469388
Superpixel,4096,-0.0942031517624855,8.56313705444336,195,1,13,20,8.16326530612245
CAM,4096,-2.426733493804932,8.56313705444336,195,1,13,20,8.16326530612245
FAM,4096,-1.5587043762207031,8.56313705444336,195,1,13,20,8.16326530612245
Random,4096,-0.9548375010490416,8.56313705444336,195,1,13,20,8.16326530612245
Superpixel,3071,4.938298225402832,12.835895538330078,196,1,15,20,6.120455994897959
CAM,3071,0.448291540145874,12.835895538330078,196,1,15,20,6.120455994897959
FAM,3071,-0.1059067919850349,12.835895538330078,196,1,15,20,6.120455994897959
Random,3071,1.225278615951538,12.835895538330078,196,1,15,20,6.120455994897959
Superpixel,3206,4.465397357940674,10.101577758789062,197,1,14,20,6.389508928571429
CAM,3206,1.5976231098175049,10.101577758789062,197,1,14,20,6.389508928571429
FAM,3206,-0.3605559468269348,10.101577758789062,197,1,14,20,6.389508928571429
Random,3206,1.8139137029647827,10.101577758789062,197,1,14,20,6.389508928571429
Superpixel,2720,2.826819658279419,11.389898300170898,198,1,12,20,5.420918367346939
CAM,2720,0.0509611964225769,11.389898300170898,198,1,12,20,5.420918367346939
FAM,2720,-1.4272249937057495,11.389898300170898,198,1,12,20,5.420918367346939
Random,2720,0.565908670425415,11.389898300170898,198,1,12,20,5.420918367346939
Superpixel,4562,3.2943716049194336,11.502920150756836,199,1,15,20,9.091996173469388
CAM,4562,1.4812374114990234,11.502920150756836,199,1,15,20,9.091996173469388
FAM,4562,1.5954301357269287,11.502920150756836,199,1,15,20,9.091996173469388
Random,4562,3.540595769882202,11.502920150756836,199,1,15,20,9.091996173469388
Superpixel,5062,0.5369635820388794,8.195829391479492,200,1,12,20,10.088488520408164
CAM,5062,-1.5554379224777222,8.195829391479492,200,1,12,20,10.088488520408164
FAM,5062,-3.173492431640625,8.195829391479492,200,1,12,20,10.088488520408164
Random,5062,0.3157315254211426,8.195829391479492,200,1,12,20,10.088488520408164
Superpixel,4047,3.471721649169922,11.555458068847656,201,1,15,20,8.06560905612245
CAM,4047,0.3953716158866882,11.555458068847656,201,1,15,20,8.06560905612245
FAM,4047,0.6945254802703857,11.555458068847656,201,1,15,20,8.06560905612245
Random,4047,2.5879809856414795,11.555458068847656,201,1,15,20,8.06560905612245
Superpixel,5151,3.1091878414154053,10.537670135498049,202,1,12,20,10.265864158163266
CAM,5151,-0.6423293948173523,10.537670135498049,202,1,12,20,10.265864158163266
FAM,5151,1.1191914081573486,10.537670135498049,202,1,12,20,10.265864158163266
Random,5151,2.48549747467041,10.537670135498049,202,1,12,20,10.265864158163266
Superpixel,4671,1.1729023456573486,13.45071792602539,203,1,16,20,9.30923150510204
CAM,4671,-1.5370094776153564,13.45071792602539,203,1,16,20,9.30923150510204
FAM,4671,-0.0286200419068336,13.45071792602539,203,1,16,20,9.30923150510204
Random,4671,0.3067218363285064,13.45071792602539,203,1,16,20,9.30923150510204
Superpixel,4184,0.3140680193901062,14.600278854370115,204,1,12,20,8.338647959183673
CAM,4184,-0.4639528691768646,14.600278854370115,204,1,12,20,8.338647959183673
FAM,4184,-2.4160470962524414,14.600278854370115,204,1,12,20,8.338647959183673
Random,4184,-0.6778907775878906,14.600278854370115,204,1,12,20,8.338647959183673
Superpixel,3663,2.9276769161224365,11.467634201049805,205,1,15,20,7.300302933673469
CAM,3663,3.25335431098938,11.467634201049805,205,1,15,20,7.300302933673469
FAM,3663,-0.7524807453155518,11.467634201049805,205,1,15,20,7.300302933673469
Random,3663,0.8650047779083252,11.467634201049805,205,1,15,20,7.300302933673469
Superpixel,3731,3.7184417247772217,11.214329719543455,206,1,15,20,7.435825892857142
CAM,3731,-1.8467903137207031,11.214329719543455,206,1,15,20,7.435825892857142
FAM,3731,0.5192374587059021,11.214329719543455,206,1,15,20,7.435825892857142
Random,3731,-0.3760232627391815,11.214329719543455,206,1,15,20,7.435825892857142
Superpixel,4246,2.828171968460083,9.128189086914062,207,1,12,20,8.462213010204081
CAM,4246,0.8659594058990479,9.128189086914062,207,1,12,20,8.462213010204081
FAM,4246,2.665250539779663,9.128189086914062,207,1,12,20,8.462213010204081
Random,4246,4.056426525115967,9.128189086914062,207,1,12,20,8.462213010204081
Superpixel,1780,-0.6394869685173035,10.57050323486328,208,1,16,20,3.5475127551020407
CAM,1780,-3.0904877185821533,10.57050323486328,208,1,16,20,3.5475127551020407
FAM,1780,-1.8328927755355835,10.57050323486328,208,1,16,20,3.5475127551020407
Random,1780,-1.6270984411239624,10.57050323486328,208,1,16,20,3.5475127551020407
Superpixel,3291,3.8704874515533447,14.310815811157228,209,1,15,20,6.558912627551021
CAM,3291,2.564806699752808,14.310815811157228,209,1,15,20,6.558912627551021
FAM,3291,0.5858153104782104,14.310815811157228,209,1,15,20,6.558912627551021
Random,3291,1.6581730842590332,14.310815811157228,209,1,15,20,6.558912627551021
Superpixel,4078,3.995585680007935,12.199350357055664,210,1,11,20,8.127391581632654
CAM,4078,0.4106014966964721,12.199350357055664,210,1,11,20,8.127391581632654
FAM,4078,0.5481158494949341,12.199350357055664,210,1,11,20,8.127391581632654
Random,4078,1.740581750869751,12.199350357055664,210,1,11,20,8.127391581632654
Superpixel,3684,7.619461059570312,14.319704055786133,211,1,15,20,7.342155612244898
CAM,3684,1.144392967224121,14.319704055786133,211,1,15,20,7.342155612244898
FAM,3684,0.9433952569961548,14.319704055786133,211,1,15,20,7.342155612244898
Random,3684,2.3350131511688232,14.319704055786133,211,1,15,20,7.342155612244898
Superpixel,2955,3.438163042068481,14.56499481201172,212,1,15,20,5.889269770408164
CAM,2955,-0.925898015499115,14.56499481201172,212,1,15,20,5.889269770408164
FAM,2955,0.585589587688446,14.56499481201172,212,1,15,20,5.889269770408164
Random,2955,3.1332578659057617,14.56499481201172,212,1,15,20,5.889269770408164
Superpixel,3801,2.812706232070923,10.492862701416016,213,1,14,20,7.575334821428571
CAM,3801,0.3817429840564728,10.492862701416016,213,1,14,20,7.575334821428571
FAM,3801,0.4963507354259491,10.492862701416016,213,1,14,20,7.575334821428571
Random,3801,0.6228229403495789,10.492862701416016,213,1,14,20,7.575334821428571
Superpixel,2980,1.7618732452392578,7.865429878234863,214,1,14,20,5.939094387755102
CAM,2980,1.9762166738510127,7.865429878234863,214,1,14,20,5.939094387755102
FAM,2980,1.0888018608093262,7.865429878234863,214,1,14,20,5.939094387755102
Random,2980,3.599827289581299,7.865429878234863,214,1,14,20,5.939094387755102
Superpixel,2341,7.694427490234375,13.465513229370115,215,1,16,20,4.665577168367348
CAM,2341,2.6378772258758545,13.465513229370115,215,1,16,20,4.665577168367348
FAM,2341,0.755043625831604,13.465513229370115,215,1,16,20,4.665577168367348
Random,2341,1.414171814918518,13.465513229370115,215,1,16,20,4.665577168367348
Superpixel,3822,5.68933629989624,13.941645622253418,216,1,12,20,7.6171875
CAM,3822,5.888113975524902,13.941645622253418,216,1,12,20,7.6171875
FAM,3822,-0.7640748620033264,13.941645622253418,216,1,12,20,7.6171875
Random,3822,1.9455876350402832,13.941645622253418,216,1,12,20,7.6171875
Superpixel,4912,2.18182635307312,13.641757011413574,217,1,12,20,9.78954081632653
CAM,4912,5.36828088760376,13.641757011413574,217,1,12,20,9.78954081632653
FAM,4912,-1.014291763305664,13.641757011413574,217,1,12,20,9.78954081632653
Random,4912,0.4534788727760315,13.641757011413574,217,1,12,20,9.78954081632653
Superpixel,6669,6.956423759460449,12.63535976409912,218,1,13,20,13.291214923469388
CAM,6669,6.984363555908203,12.63535976409912,218,1,13,20,13.291214923469388
FAM,6669,0.0964449867606163,12.63535976409912,218,1,13,20,13.291214923469388
Random,6669,1.795417070388794,12.63535976409912,218,1,13,20,13.291214923469388
Superpixel,1720,-0.55974280834198,6.633218288421631,219,1,15,20,3.427933673469388
CAM,1720,-1.5525957345962524,6.633218288421631,219,1,15,20,3.427933673469388
FAM,1720,-1.0369298458099363,6.633218288421631,219,1,15,20,3.427933673469388
Random,1720,-3.078253984451294,6.633218288421631,219,1,15,20,3.427933673469388
Superpixel,4725,2.5292534828186035,10.356335639953612,220,1,10,20,9.416852678571429
CAM,4725,-1.2579607963562012,10.356335639953612,220,1,10,20,9.416852678571429
FAM,4725,0.7078730463981628,10.356335639953612,220,1,10,20,9.416852678571429
Random,4725,4.262369632720947,10.356335639953612,220,1,10,20,9.416852678571429
Superpixel,4393,1.539920449256897,9.833575248718262,221,1,15,20,8.755181760204081
CAM,4393,1.0755845308303833,9.833575248718262,221,1,15,20,8.755181760204081
FAM,4393,-0.7890287637710571,9.833575248718262,221,1,15,20,8.755181760204081
Random,4393,0.4899072349071502,9.833575248718262,221,1,15,20,8.755181760204081
Superpixel,8922,2.66123366355896,12.622729301452637,222,1,13,20,17.781409438775512
CAM,8922,4.774332046508789,12.622729301452637,222,1,13,20,17.781409438775512
FAM,8922,0.5142436027526855,12.622729301452637,222,1,13,20,17.781409438775512
Random,8922,0.754097580909729,12.622729301452637,222,1,13,20,17.781409438775512
Superpixel,2642,5.918423175811768,13.83360767364502,223,1,12,20,5.26546556122449
CAM,2642,4.903575897216797,13.83360767364502,223,1,12,20,5.26546556122449
FAM,2642,0.595673680305481,13.83360767364502,223,1,12,20,5.26546556122449
Random,2642,1.545115351676941,13.83360767364502,223,1,12,20,5.26546556122449
Superpixel,4974,1.9487407207489011,9.163905143737791,224,1,13,20,9.91310586734694
CAM,4974,4.484564304351807,9.163905143737791,224,1,13,20,9.91310586734694
FAM,4974,0.4921033084392547,9.163905143737791,224,1,13,20,9.91310586734694
Random,4974,0.4874458014965057,9.163905143737791,224,1,13,20,9.91310586734694
Superpixel,2212,3.141455888748169,8.729039192199707,225,1,15,20,4.408482142857143
CAM,2212,2.944936037063598,8.729039192199707,225,1,15,20,4.408482142857143
FAM,2212,-1.179128885269165,8.729039192199707,225,1,15,20,4.408482142857143
Random,2212,-0.9145468473434448,8.729039192199707,225,1,15,20,4.408482142857143
Superpixel,2467,1.769139289855957,11.11911678314209,226,1,15,20,4.916693239795919
CAM,2467,1.0567905902862549,11.11911678314209,226,1,15,20,4.916693239795919
FAM,2467,-0.3999617099761963,11.11911678314209,226,1,15,20,4.916693239795919
Random,2467,2.51328444480896,11.11911678314209,226,1,15,20,4.916693239795919
Superpixel,5019,4.443365097045898,14.863521575927734,227,1,13,20,10.002790178571429
CAM,5019,3.9025819301605225,14.863521575927734,227,1,13,20,10.002790178571429
FAM,5019,-0.2884964942932129,14.863521575927734,227,1,13,20,10.002790178571429
Random,5019,4.380305767059326,14.863521575927734,227,1,13,20,10.002790178571429
Superpixel,5187,2.8298144340515137,7.561272621154785,228,1,14,20,10.337611607142858
CAM,5187,0.369219958782196,7.561272621154785,228,1,14,20,10.337611607142858
FAM,5187,-2.552060842514038,7.561272621154785,228,1,14,20,10.337611607142858
Random,5187,0.2373621463775634,7.561272621154785,228,1,14,20,10.337611607142858
Superpixel,8145,2.5782172679901123,12.991989135742188,229,1,9,20,16.232860331632654
CAM,8145,6.086195945739746,12.991989135742188,229,1,9,20,16.232860331632654
FAM,8145,1.765573263168335,12.991989135742188,229,1,9,20,16.232860331632654
Random,8145,1.6245806217193604,12.991989135742188,229,1,9,20,16.232860331632654
Superpixel,5751,3.8806405067443848,11.151324272155762,230,1,13,20,11.461654974489797
CAM,5751,-0.2916049659252167,11.151324272155762,230,1,13,20,11.461654974489797
FAM,5751,0.187753826379776,11.151324272155762,230,1,13,20,11.461654974489797
Random,5751,6.140379428863525,11.151324272155762,230,1,13,20,11.461654974489797
Superpixel,9689,4.512426376342773,11.318161964416504,231,1,12,20,19.310028698979597
CAM,9689,7.790556907653809,11.318161964416504,231,1,12,20,19.310028698979597
FAM,9689,3.1054577827453613,11.318161964416504,231,1,12,20,19.310028698979597
Random,9689,3.1534273624420166,11.318161964416504,231,1,12,20,19.310028698979597
Superpixel,5553,5.07533597946167,14.989322662353516,232,1,10,20,11.06704400510204
CAM,5553,3.512444019317627,14.989322662353516,232,1,10,20,11.06704400510204
FAM,5553,0.2467517554759979,14.989322662353516,232,1,10,20,11.06704400510204
Random,5553,1.5261061191558838,14.989322662353516,232,1,10,20,11.06704400510204
Superpixel,5341,2.562086820602417,10.468459129333496,233,1,12,20,10.64453125
CAM,5341,0.8029870986938477,10.468459129333496,233,1,12,20,10.64453125
FAM,5341,1.4909489154815674,10.468459129333496,233,1,12,20,10.64453125
Random,5341,3.152458906173706,10.468459129333496,233,1,12,20,10.64453125
Superpixel,6308,2.174794912338257,14.936963081359863,234,1,13,20,12.571747448979592
CAM,6308,2.2476587295532227,14.936963081359863,234,1,13,20,12.571747448979592
FAM,6308,-0.7654372453689575,14.936963081359863,234,1,13,20,12.571747448979592
Random,6308,5.516547679901123,14.936963081359863,234,1,13,20,12.571747448979592
Superpixel,3092,8.803366661071777,15.006619453430176,235,1,13,20,6.162308673469387
CAM,3092,5.727096557617188,15.006619453430176,235,1,13,20,6.162308673469387
FAM,3092,0.0304868910461664,15.006619453430176,235,1,13,20,6.162308673469387
Random,3092,-0.1022711768746376,15.006619453430176,235,1,13,20,6.162308673469387
Superpixel,3542,8.432644844055176,13.495749473571776,236,1,14,20,7.059151785714287
CAM,3542,5.494421005249023,13.495749473571776,236,1,14,20,7.059151785714287
FAM,3542,0.6058689951896667,13.495749473571776,236,1,14,20,7.059151785714287
Random,3542,1.9814910888671875,13.495749473571776,236,1,14,20,7.059151785714287
Superpixel,4942,8.91089153289795,14.807310104370115,237,1,13,20,9.849330357142858
CAM,4942,7.447968006134033,14.807310104370115,237,1,13,20,9.849330357142858
FAM,4942,1.500038504600525,14.807310104370115,237,1,13,20,9.849330357142858
Random,4942,0.8720340728759766,14.807310104370115,237,1,13,20,9.849330357142858
Superpixel,1751,6.596378326416016,10.925312042236328,238,1,15,20,3.4897161989795924
CAM,1751,1.9505974054336548,10.925312042236328,238,1,15,20,3.4897161989795924
FAM,1751,0.3993933796882629,10.925312042236328,238,1,15,20,3.4897161989795924
Random,1751,1.0083444118499756,10.925312042236328,238,1,15,20,3.4897161989795924
Superpixel,3024,9.137064933776855,13.17171573638916,239,1,16,20,6.026785714285714
CAM,3024,5.878849029541016,13.17171573638916,239,1,16,20,6.026785714285714
FAM,3024,0.537160336971283,13.17171573638916,239,1,16,20,6.026785714285714
Random,3024,1.1509430408477783,13.17171573638916,239,1,16,20,6.026785714285714
Superpixel,4115,5.544585704803467,13.959877967834473,240,1,15,20,8.201132015306122
CAM,4115,3.268688678741455,13.959877967834473,240,1,15,20,8.201132015306122
FAM,4115,0.47740438580513,13.959877967834473,240,1,15,20,8.201132015306122
Random,4115,1.3973791599273682,13.959877967834473,240,1,15,20,8.201132015306122
Superpixel,3993,10.691367149353027,14.099804878234863,241,1,15,20,7.957987882653061
CAM,3993,7.942356109619141,14.099804878234863,241,1,15,20,7.957987882653061
FAM,3993,0.450601726770401,14.099804878234863,241,1,15,20,7.957987882653061
Random,3993,1.2876904010772705,14.099804878234863,241,1,15,20,7.957987882653061
Superpixel,3250,2.2698798179626465,13.501015663146973,242,1,14,20,6.477200255102041
CAM,3250,1.3217315673828125,13.501015663146973,242,1,14,20,6.477200255102041
FAM,3250,1.0053927898406982,13.501015663146973,242,1,14,20,6.477200255102041
Random,3250,1.0275471210479736,13.501015663146973,242,1,14,20,6.477200255102041
Superpixel,4822,0.5462889671325684,15.295615196228027,243,1,14,20,9.61017219387755
CAM,4822,-1.0112136602401731,15.295615196228027,243,1,14,20,9.61017219387755
FAM,4822,-0.6788284182548523,15.295615196228027,243,1,14,20,9.61017219387755
Random,4822,-0.866697371006012,15.295615196228027,243,1,14,20,9.61017219387755
Superpixel,3033,0.3362095952033996,9.232186317443848,244,1,14,20,6.044722576530613
CAM,3033,-1.9842472076416016,9.232186317443848,244,1,14,20,6.044722576530613
FAM,3033,-1.5109103918075562,9.232186317443848,244,1,14,20,6.044722576530613
Random,3033,-0.6884204745292664,9.232186317443848,244,1,14,20,6.044722576530613
Superpixel,3597,0.2054179459810257,15.88653564453125,245,1,16,20,7.168765943877552
CAM,3597,-1.9898449182510376,15.88653564453125,245,1,16,20,7.168765943877552
FAM,3597,-1.4982553720474243,15.88653564453125,245,1,16,20,7.168765943877552
Random,3597,-0.737406849861145,15.88653564453125,245,1,16,20,7.168765943877552
Superpixel,2313,1.700711727142334,10.786697387695312,246,1,16,20,4.609773596938775
CAM,2313,0.2670754194259643,10.786697387695312,246,1,16,20,4.609773596938775
FAM,2313,0.8144659996032715,10.786697387695312,246,1,16,20,4.609773596938775
Random,2313,0.2812706232070923,10.786697387695312,246,1,16,20,4.609773596938775
Superpixel,3298,5.322371959686279,11.99916648864746,247,1,12,20,6.572863520408164
CAM,3298,2.6723568439483643,11.99916648864746,247,1,12,20,6.572863520408164
FAM,3298,3.7304179668426514,11.99916648864746,247,1,12,20,6.572863520408164
Random,3298,4.237034320831299,11.99916648864746,247,1,12,20,6.572863520408164
Superpixel,12772,4.760459899902344,11.57615089416504,248,1,10,20,25.454400510204085
CAM,12772,-0.2015909701585769,11.57615089416504,248,1,10,20,25.454400510204085
FAM,12772,3.10033655166626,11.57615089416504,248,1,10,20,25.454400510204085
Random,12772,0.9982093572616576,11.57615089416504,248,1,10,20,25.454400510204085
Superpixel,4053,1.675970435142517,14.28640842437744,249,1,12,20,8.077566964285714
CAM,4053,-0.4526038765907287,14.28640842437744,249,1,12,20,8.077566964285714
FAM,4053,-0.5430045127868652,14.28640842437744,249,1,12,20,8.077566964285714
Random,4053,-0.998206377029419,14.28640842437744,249,1,12,20,8.077566964285714
Superpixel,2364,-0.1193643733859062,8.568169593811035,250,1,16,20,4.7114158163265305
CAM,2364,-2.8282272815704346,8.568169593811035,250,1,16,20,4.7114158163265305
FAM,2364,-0.5821468830108643,8.568169593811035,250,1,16,20,4.7114158163265305
Random,2364,-1.6966627836227417,8.568169593811035,250,1,16,20,4.7114158163265305
Superpixel,3465,0.5827004313468933,7.943912029266357,251,1,16,20,6.9056919642857135
CAM,3465,-1.5210697650909424,7.943912029266357,251,1,16,20,6.9056919642857135
FAM,3465,-1.9755276441574097,7.943912029266357,251,1,16,20,6.9056919642857135
Random,3465,-1.4713867902755735,7.943912029266357,251,1,16,20,6.9056919642857135
Superpixel,2046,3.107741117477417,12.735684394836426,252,1,15,20,4.0776466836734695
CAM,2046,1.2652075290679932,12.735684394836426,252,1,15,20,4.0776466836734695
FAM,2046,0.950691282749176,12.735684394836426,252,1,15,20,4.0776466836734695
Random,2046,1.4593251943588257,12.735684394836426,252,1,15,20,4.0776466836734695
Superpixel,2420,-1.851059913635254,8.80982494354248,253,1,16,20,4.823022959183673
CAM,2420,-3.4536945819854736,8.80982494354248,253,1,16,20,4.823022959183673
FAM,2420,-3.595977067947388,8.80982494354248,253,1,16,20,4.823022959183673
Random,2420,-5.492892265319824,8.80982494354248,253,1,16,20,4.823022959183673
Superpixel,3829,0.3235224485397339,9.8247652053833,254,1,16,20,7.631138392857142
CAM,3829,-2.4497082233428955,9.8247652053833,254,1,16,20,7.631138392857142
FAM,3829,-1.7471303939819336,9.8247652053833,254,1,16,20,7.631138392857142
Random,3829,0.2119119316339492,9.8247652053833,254,1,16,20,7.631138392857142
Superpixel,2968,-0.042781226336956,10.662772178649902,255,1,16,20,5.915178571428571
CAM,2968,-1.9737375974655151,10.662772178649902,255,1,16,20,5.915178571428571
FAM,2968,-1.379084825515747,10.662772178649902,255,1,16,20,5.915178571428571
Random,2968,-0.9335598349571228,10.662772178649902,255,1,16,20,5.915178571428571
Superpixel,5119,2.929674863815308,15.382043838500977,256,1,15,20,10.202088647959185
CAM,5119,0.3979306221008301,15.382043838500977,256,1,15,20,10.202088647959185
FAM,5119,-1.730053186416626,15.382043838500977,256,1,15,20,10.202088647959185
Random,5119,0.5140114426612854,15.382043838500977,256,1,15,20,10.202088647959185
Superpixel,4493,-0.9547072649002076,10.048593521118164,257,1,13,20,8.954480229591837
CAM,4493,-2.708287000656128,10.048593521118164,257,1,13,20,8.954480229591837
FAM,4493,-1.9457298517227173,10.048593521118164,257,1,13,20,8.954480229591837
Random,4493,-1.9979091882705688,10.048593521118164,257,1,13,20,8.954480229591837
Superpixel,2811,1.4249005317687988,9.058530807495115,258,1,16,20,5.602279974489796
CAM,2811,-2.6789870262146,9.058530807495115,258,1,16,20,5.602279974489796
FAM,2811,-1.5307434797286987,9.058530807495115,258,1,16,20,5.602279974489796
Random,2811,-1.534523606300354,9.058530807495115,258,1,16,20,5.602279974489796
Superpixel,3614,0.2684035003185272,11.10348129272461,259,1,14,20,7.2026466836734695
CAM,3614,-2.477304458618164,11.10348129272461,259,1,14,20,7.2026466836734695
FAM,3614,-2.6770577430725098,11.10348129272461,259,1,14,20,7.2026466836734695
Random,3614,-2.7129616737365723,11.10348129272461,259,1,14,20,7.2026466836734695
Superpixel,5073,-1.123090386390686,7.782178401947021,260,1,15,20,10.110411352040815
CAM,5073,-2.291522741317749,7.782178401947021,260,1,15,20,10.110411352040815
FAM,5073,-3.1989905834198,7.782178401947021,260,1,15,20,10.110411352040815
Random,5073,-1.3430638313293457,7.782178401947021,260,1,15,20,10.110411352040815
Superpixel,2525,1.9706614017486568,10.589920997619627,261,1,16,20,5.032286352040816
CAM,2525,1.6332695484161377,10.589920997619627,261,1,16,20,5.032286352040816
FAM,2525,1.3555409908294678,10.589920997619627,261,1,16,20,5.032286352040816
Random,2525,2.4851326942443848,10.589920997619627,261,1,16,20,5.032286352040816
Superpixel,3199,3.5486819744110107,10.4232177734375,262,1,16,20,6.375558035714287
CAM,3199,0.8403714895248413,10.4232177734375,262,1,16,20,6.375558035714287
FAM,3199,0.5789734125137329,10.4232177734375,262,1,16,20,6.375558035714287
Random,3199,3.203037977218628,10.4232177734375,262,1,16,20,6.375558035714287
Superpixel,3478,-0.7796082496643066,12.715682983398438,263,1,15,20,6.931600765306123
CAM,3478,-2.259016990661621,12.715682983398438,263,1,15,20,6.931600765306123
FAM,3478,-4.258135318756104,12.715682983398438,263,1,15,20,6.931600765306123
Random,3478,-1.1894832849502563,12.715682983398438,263,1,15,20,6.931600765306123
Superpixel,4840,1.8579779863357544,8.014638900756836,264,1,13,20,9.646045918367346
CAM,4840,1.3604859113693235,8.014638900756836,264,1,13,20,9.646045918367346
FAM,4840,1.3929917812347412,8.014638900756836,264,1,13,20,9.646045918367346
Random,4840,2.721892833709717,8.014638900756836,264,1,13,20,9.646045918367346
Superpixel,5466,2.300868034362793,16.590599060058594,265,1,13,20,10.893654336734697
CAM,5466,-0.4837934374809265,16.590599060058594,265,1,13,20,10.893654336734697
FAM,5466,-1.909905314445496,16.590599060058594,265,1,13,20,10.893654336734697
Random,5466,0.7101156115531921,16.590599060058594,265,1,13,20,10.893654336734697
Superpixel,3042,0.8618101477622986,11.956788063049316,266,1,16,20,6.06265943877551
CAM,3042,-3.527241945266724,11.956788063049316,266,1,16,20,6.06265943877551
FAM,3042,-1.195014476776123,11.956788063049316,266,1,16,20,6.06265943877551
Random,3042,-1.1283674240112305,11.956788063049316,266,1,16,20,6.06265943877551
Superpixel,2110,4.406761169433594,13.110607147216797,267,1,15,20,4.205197704081633
CAM,2110,1.892910718917847,13.110607147216797,267,1,15,20,4.205197704081633
FAM,2110,1.9893207550048828,13.110607147216797,267,1,15,20,4.205197704081633
Random,2110,2.0959219932556152,13.110607147216797,267,1,15,20,4.205197704081633
Superpixel,4765,2.465461015701294,10.649499893188477,268,1,14,20,9.49657206632653
CAM,4765,-0.4977218210697174,10.649499893188477,268,1,14,20,9.49657206632653
FAM,4765,0.2729865908622741,10.649499893188477,268,1,14,20,9.49657206632653
Random,4765,0.2050307542085647,10.649499893188477,268,1,14,20,9.49657206632653
Superpixel,4013,1.979738473892212,11.300662994384766,269,1,15,20,7.997847576530612
CAM,4013,-1.97230076789856,11.300662994384766,269,1,15,20,7.997847576530612
FAM,4013,0.1533247530460357,11.300662994384766,269,1,15,20,7.997847576530612
Random,4013,0.8772113919258118,11.300662994384766,269,1,15,20,7.997847576530612
Superpixel,5780,0.7013381123542786,13.387718200683594,270,1,13,20,11.519451530612244
CAM,5780,-1.6958951950073242,13.387718200683594,270,1,13,20,11.519451530612244
FAM,5780,-0.8456029891967773,13.387718200683594,270,1,13,20,11.519451530612244
Random,5780,-0.2813566327095032,13.387718200683594,270,1,13,20,11.519451530612244
Superpixel,2943,0.3688815236091614,8.00174331665039,271,1,15,20,5.865353954081633
CAM,2943,-0.283922791481018,8.00174331665039,271,1,15,20,5.865353954081633
FAM,2943,-0.6739524602890015,8.00174331665039,271,1,15,20,5.865353954081633
Random,2943,-0.3319762051105499,8.00174331665039,271,1,15,20,5.865353954081633
Superpixel,1658,1.086574673652649,10.862751960754396,272,1,13,20,3.30436862244898
CAM,1658,-1.839592456817627,10.862751960754396,272,1,13,20,3.30436862244898
FAM,1658,-1.7509397268295288,10.862751960754396,272,1,13,20,3.30436862244898
Random,1658,-1.3737322092056274,10.862751960754396,272,1,13,20,3.30436862244898
Superpixel,4315,2.788291454315185,12.18566608428955,273,1,15,20,8.599728954081632
CAM,4315,-0.4598409533500671,12.18566608428955,273,1,15,20,8.599728954081632
FAM,4315,0.4127100110054016,12.18566608428955,273,1,15,20,8.599728954081632
Random,4315,0.2708024978637695,12.18566608428955,273,1,15,20,8.599728954081632
Superpixel,4901,3.6319267749786377,16.64673614501953,274,1,13,20,9.767617984693878
CAM,4901,0.8103570342063904,16.64673614501953,274,1,13,20,9.767617984693878
FAM,4901,0.5726534724235535,16.64673614501953,274,1,13,20,9.767617984693878
Random,4901,-0.9799252152442932,16.64673614501953,274,1,13,20,9.767617984693878
Superpixel,5513,1.4216079711914062,15.19886589050293,275,1,14,20,10.98732461734694
CAM,5513,0.8257333636283875,15.19886589050293,275,1,14,20,10.98732461734694
FAM,5513,2.952052116394043,15.19886589050293,275,1,14,20,10.98732461734694
Random,5513,0.6529805660247803,15.19886589050293,275,1,14,20,10.98732461734694
Superpixel,1850,5.067000389099121,13.627459526062012,276,1,14,20,3.6870216836734695
CAM,1850,-0.9910985827445984,13.627459526062012,276,1,14,20,3.6870216836734695
FAM,1850,-1.716657638549805,13.627459526062012,276,1,14,20,3.6870216836734695
Random,1850,-1.269750475883484,13.627459526062012,276,1,14,20,3.6870216836734695
Superpixel,4958,1.991100788116455,10.346400260925291,277,1,15,20,9.881218112244898
CAM,4958,-0.8681601881980896,10.346400260925291,277,1,15,20,9.881218112244898
FAM,4958,2.796151638031006,10.346400260925291,277,1,15,20,9.881218112244898
Random,4958,2.664940118789673,10.346400260925291,277,1,15,20,9.881218112244898
Superpixel,4756,6.639717102050781,11.518095016479492,278,1,15,20,9.478635204081632
CAM,4756,-0.1628722697496414,11.518095016479492,278,1,15,20,9.478635204081632
FAM,4756,2.000890254974365,11.518095016479492,278,1,15,20,9.478635204081632
Random,4756,1.3513656854629517,11.518095016479492,278,1,15,20,9.478635204081632
Superpixel,4755,0.7208519577980042,9.506635665893556,279,1,15,20,9.476642219387756
CAM,4755,-0.5261837840080261,9.506635665893556,279,1,15,20,9.476642219387756
FAM,4755,0.2443587034940719,9.506635665893556,279,1,15,20,9.476642219387756
Random,4755,-0.0649564415216445,9.506635665893556,279,1,15,20,9.476642219387756
Superpixel,4254,2.68953275680542,9.351788520812988,280,1,12,20,8.478156887755102
CAM,4254,2.730161666870117,9.351788520812988,280,1,12,20,8.478156887755102
FAM,4254,-0.6288393139839172,9.351788520812988,280,1,12,20,8.478156887755102
Random,4254,-1.098255634307861,9.351788520812988,280,1,12,20,8.478156887755102
Superpixel,7439,8.359857559204102,15.694868087768556,281,1,13,20,14.825813137755103
CAM,7439,7.331626892089844,15.694868087768556,281,1,13,20,14.825813137755103
FAM,7439,7.9350738525390625,15.694868087768556,281,1,13,20,14.825813137755103
Random,7439,-0.1040563136339187,15.694868087768556,281,1,13,20,14.825813137755103
Superpixel,5374,8.789410591125488,13.979659080505373,282,1,14,20,10.71029974489796
CAM,5374,1.2546249628067017,13.979659080505373,282,1,14,20,10.71029974489796
FAM,5374,-0.755268394947052,13.979659080505373,282,1,14,20,10.71029974489796
Random,5374,0.2383013218641281,13.979659080505373,282,1,14,20,10.71029974489796
Superpixel,6145,3.7289035320281982,13.835700035095217,283,1,15,20,12.24689094387755
CAM,6145,-2.40432357788086,13.835700035095217,283,1,15,20,12.24689094387755
FAM,6145,3.4529640674591064,13.835700035095217,283,1,15,20,12.24689094387755
Random,6145,-0.533629834651947,13.835700035095217,283,1,15,20,12.24689094387755
Superpixel,3375,0.885932207107544,9.070479393005373,284,1,15,20,6.726323341836735
CAM,3375,2.8450746536254883,9.070479393005373,284,1,15,20,6.726323341836735
FAM,3375,2.0103964805603027,9.070479393005373,284,1,15,20,6.726323341836735
Random,3375,-0.549364447593689,9.070479393005373,284,1,15,20,6.726323341836735
Superpixel,5273,2.39241099357605,11.145997047424316,285,1,14,20,10.509008290816327
CAM,5273,-0.1734889298677444,11.145997047424316,285,1,14,20,10.509008290816327
FAM,5273,1.278687834739685,11.145997047424316,285,1,14,20,10.509008290816327
Random,5273,-1.1058282852172852,11.145997047424316,285,1,14,20,10.509008290816327
Superpixel,7237,4.101022243499756,12.168622970581056,286,1,13,20,14.423230229591836
CAM,7237,-0.373738944530487,12.168622970581056,286,1,13,20,14.423230229591836
FAM,7237,1.6332685947418213,12.168622970581056,286,1,13,20,14.423230229591836
Random,7237,1.4034192562103271,12.168622970581056,286,1,13,20,14.423230229591836
Superpixel,4759,7.257977485656738,15.902518272399902,287,1,14,20,9.484614158163266
CAM,4759,1.0560508966445925,15.902518272399902,287,1,14,20,9.484614158163266
FAM,4759,2.5350515842437744,15.902518272399902,287,1,14,20,9.484614158163266
Random,4759,0.4277475476264953,15.902518272399902,287,1,14,20,9.484614158163266
Superpixel,5011,10.715641021728516,14.044625282287598,288,1,14,20,9.986846301020408
CAM,5011,1.535852551460266,14.044625282287598,288,1,14,20,9.986846301020408
FAM,5011,1.5175915956497192,14.044625282287598,288,1,14,20,9.986846301020408
Random,5011,1.3801279067993164,14.044625282287598,288,1,14,20,9.986846301020408
Superpixel,5332,1.0799226760864258,11.880253791809082,289,1,13,20,10.626594387755102
CAM,5332,3.89659595489502,11.880253791809082,289,1,13,20,10.626594387755102
FAM,5332,3.835739374160767,11.880253791809082,289,1,13,20,10.626594387755102
Random,5332,-0.7279278635978699,11.880253791809082,289,1,13,20,10.626594387755102
Superpixel,4651,4.42326545715332,14.989495277404783,290,1,15,20,9.26937181122449
CAM,4651,2.2523200511932373,14.989495277404783,290,1,15,20,9.26937181122449
FAM,4651,1.2237528562545776,14.989495277404783,290,1,15,20,9.26937181122449
Random,4651,1.5548747777938845,14.989495277404783,290,1,15,20,9.26937181122449
Superpixel,4944,4.644214153289795,17.239116668701172,291,1,14,20,9.853316326530612
CAM,4944,4.980076789855957,17.239116668701172,291,1,14,20,9.853316326530612
FAM,4944,2.350445032119751,17.239116668701172,291,1,14,20,9.853316326530612
Random,4944,-0.0765323191881179,17.239116668701172,291,1,14,20,9.853316326530612
Superpixel,3353,5.75364351272583,12.583741188049316,292,1,15,20,6.682477678571429
CAM,3353,0.2497278898954391,12.583741188049316,292,1,15,20,6.682477678571429
FAM,3353,3.695355176925659,12.583741188049316,292,1,15,20,6.682477678571429
Random,3353,0.0585055202245712,12.583741188049316,292,1,15,20,6.682477678571429
Superpixel,9847,8.715648651123047,14.344529151916504,293,1,12,20,19.624920280612244
CAM,9847,6.289437294006348,14.344529151916504,293,1,12,20,19.624920280612244
FAM,9847,7.359569072723389,14.344529151916504,293,1,12,20,19.624920280612244
Random,9847,1.637511968612671,14.344529151916504,293,1,12,20,19.624920280612244
Superpixel,3422,4.047986030578613,9.774456977844238,294,1,16,20,6.819993622448979
CAM,3422,1.1601330041885376,9.774456977844238,294,1,16,20,6.819993622448979
FAM,3422,3.082642078399658,9.774456977844238,294,1,16,20,6.819993622448979
Random,3422,-1.1553200483322144,9.774456977844238,294,1,16,20,6.819993622448979
Superpixel,4388,5.936856746673584,15.452606201171877,295,1,15,20,8.745216836734695
CAM,4388,0.8010491728782654,15.452606201171877,295,1,15,20,8.745216836734695
FAM,4388,1.4254955053329468,15.452606201171877,295,1,15,20,8.745216836734695
Random,4388,-0.4345609545707702,15.452606201171877,295,1,15,20,8.745216836734695
Superpixel,4675,6.658176898956299,13.88781452178955,296,1,13,20,9.31720344387755
CAM,4675,1.187251091003418,13.88781452178955,296,1,13,20,9.31720344387755
FAM,4675,2.343775987625122,13.88781452178955,296,1,13,20,9.31720344387755
Random,4675,-0.6778163313865662,13.88781452178955,296,1,13,20,9.31720344387755
Superpixel,1610,3.485929012298584,16.863059997558594,297,1,13,20,3.2087053571428568
CAM,1610,0.1288453787565231,16.863059997558594,297,1,13,20,3.2087053571428568
FAM,1610,-0.8950645327568054,16.863059997558594,297,1,13,20,3.2087053571428568
Random,1610,-0.2967002987861633,16.863059997558594,297,1,13,20,3.2087053571428568
Superpixel,7145,8.558144569396973,14.96630573272705,298,1,12,20,14.239875637755103
CAM,7145,4.259369850158691,14.96630573272705,298,1,12,20,14.239875637755103
FAM,7145,5.025489807128906,14.96630573272705,298,1,12,20,14.239875637755103
Random,7145,-0.1931859999895095,14.96630573272705,298,1,12,20,14.239875637755103
Superpixel,3187,0.6754695773124695,13.316693305969238,299,1,15,20,6.351642219387756
CAM,3187,-2.197720050811768,13.316693305969238,299,1,15,20,6.351642219387756
FAM,3187,-0.5523327589035034,13.316693305969238,299,1,15,20,6.351642219387756
Random,3187,-2.017631769180298,13.316693305969238,299,1,15,20,6.351642219387756
Superpixel,2679,0.2140048146247863,11.20712184906006,300,1,14,20,5.339205994897959
CAM,2679,-1.2820720672607422,11.20712184906006,300,1,14,20,5.339205994897959
FAM,2679,-0.4967024028301239,11.20712184906006,300,1,14,20,5.339205994897959
Random,2679,-2.218538999557495,11.20712184906006,300,1,14,20,5.339205994897959
Superpixel,5311,0.7099940776824951,15.920042991638184,301,1,14,20,10.584741709183673
CAM,5311,2.949468851089477,15.920042991638184,301,1,14,20,10.584741709183673
FAM,5311,-1.1716461181640625,15.920042991638184,301,1,14,20,10.584741709183673
Random,5311,0.8947383761405945,15.920042991638184,301,1,14,20,10.584741709183673
Superpixel,4954,0.5359445810317993,12.91293239593506,302,1,15,20,9.873246173469388
CAM,4954,-1.432697296142578,12.91293239593506,302,1,15,20,9.873246173469388
FAM,4954,-0.959302306175232,12.91293239593506,302,1,15,20,9.873246173469388
Random,4954,-0.8360165357589722,12.91293239593506,302,1,15,20,9.873246173469388
Superpixel,4702,0.5820929408073425,8.65047550201416,303,1,16,20,9.371014030612244
CAM,4702,0.4252674579620361,8.65047550201416,303,1,16,20,9.371014030612244
FAM,4702,-1.1123675107955933,8.65047550201416,303,1,16,20,9.371014030612244
Random,4702,-1.8303768634796145,8.65047550201416,303,1,16,20,9.371014030612244
Superpixel,3164,-0.3287279605865478,7.639223575592041,304,1,16,20,6.305803571428571
CAM,3164,-2.028310537338257,7.639223575592041,304,1,16,20,6.305803571428571
FAM,3164,-1.6772135496139526,7.639223575592041,304,1,16,20,6.305803571428571
Random,3164,-0.8505316972732544,7.639223575592041,304,1,16,20,6.305803571428571
Superpixel,3730,-0.464884877204895,10.562777519226074,305,1,15,20,7.433832908163265
CAM,3730,-2.776909351348877,10.562777519226074,305,1,15,20,7.433832908163265
FAM,3730,-1.921900510787964,10.562777519226074,305,1,15,20,7.433832908163265
Random,3730,-1.2911136150360107,10.562777519226074,305,1,15,20,7.433832908163265
Superpixel,3448,0.0867129489779472,12.521405220031738,306,1,15,20,6.871811224489796
CAM,3448,-1.3874603509902954,12.521405220031738,306,1,15,20,6.871811224489796
FAM,3448,-1.83212685585022,12.521405220031738,306,1,15,20,6.871811224489796
Random,3448,-1.9286761283874512,12.521405220031738,306,1,15,20,6.871811224489796
Superpixel,3376,2.2189714908599854,7.956989765167236,307,1,14,20,6.728316326530612
CAM,3376,0.7685754299163818,7.956989765167236,307,1,14,20,6.728316326530612
FAM,3376,0.2173817306756973,7.956989765167236,307,1,14,20,6.728316326530612
Random,3376,0.9027365446090698,7.956989765167236,307,1,14,20,6.728316326530612
Superpixel,7905,4.683102130889893,7.983482360839844,308,1,12,20,15.754544005102042
CAM,7905,3.4180052280426025,7.983482360839844,308,1,12,20,15.754544005102042
FAM,7905,0.0649866610765457,7.983482360839844,308,1,12,20,15.754544005102042
Random,7905,0.7073513865470886,7.983482360839844,308,1,12,20,15.754544005102042
Superpixel,4180,0.691909909248352,13.487833976745604,309,1,13,20,8.330676020408163
CAM,4180,-1.926268458366394,13.487833976745604,309,1,13,20,8.330676020408163
FAM,4180,-1.2778781652450562,13.487833976745604,309,1,13,20,8.330676020408163
Random,4180,-0.2548045814037323,13.487833976745604,309,1,13,20,8.330676020408163
Superpixel,1679,0.5110366940498352,11.885712623596191,310,1,15,20,3.346221301020408
CAM,1679,-0.9783416986465454,11.885712623596191,310,1,15,20,3.346221301020408
FAM,1679,-0.8553731441497803,11.885712623596191,310,1,15,20,3.346221301020408
Random,1679,-0.8551793098449707,11.885712623596191,310,1,15,20,3.346221301020408
Superpixel,3626,0.2287578880786895,9.580245018005373,311,1,16,20,7.2265625
CAM,3626,-1.2339634895324707,9.580245018005373,311,1,16,20,7.2265625
FAM,3626,-2.11111831665039,9.580245018005373,311,1,16,20,7.2265625
Random,3626,-2.3263070583343506,9.580245018005373,311,1,16,20,7.2265625
Superpixel,4225,0.3499575853347778,15.623077392578123,312,1,14,20,8.420360331632654
CAM,4225,-0.9958062767982484,15.623077392578123,312,1,14,20,8.420360331632654
FAM,4225,-1.051424264907837,15.623077392578123,312,1,14,20,8.420360331632654
Random,4225,-1.1723421812057495,15.623077392578123,312,1,14,20,8.420360331632654
Superpixel,5414,0.7111695408821106,10.70521068572998,313,1,14,20,10.79001913265306
CAM,5414,-1.147991418838501,10.70521068572998,313,1,14,20,10.79001913265306
FAM,5414,-1.2648051977157593,10.70521068572998,313,1,14,20,10.79001913265306
Random,5414,-0.3408152163028717,10.70521068572998,313,1,14,20,10.79001913265306
Superpixel,4068,-0.2139624506235122,8.181416511535645,314,1,14,20,8.107461734693878
CAM,4068,-2.048046350479126,8.181416511535645,314,1,14,20,8.107461734693878
FAM,4068,-1.5463812351226809,8.181416511535645,314,1,14,20,8.107461734693878
Random,4068,-1.4393160343170166,8.181416511535645,314,1,14,20,8.107461734693878
Superpixel,5095,-0.5046428442001343,16.103334426879883,315,1,12,20,10.154257015306122
CAM,5095,0.9522274732589722,16.103334426879883,315,1,12,20,10.154257015306122
FAM,5095,-1.5119693279266355,16.103334426879883,315,1,12,20,10.154257015306122
Random,5095,0.1107678934931755,16.103334426879883,315,1,12,20,10.154257015306122
Superpixel,4592,0.2599667310714721,11.279531478881836,316,1,14,20,9.151785714285714
CAM,4592,-1.482509970664978,11.279531478881836,316,1,14,20,9.151785714285714
FAM,4592,-2.0195815563201904,11.279531478881836,316,1,14,20,9.151785714285714
Random,4592,-1.6331948041915894,11.279531478881836,316,1,14,20,9.151785714285714
Superpixel,4809,3.38281798362732,12.5090913772583,317,1,14,20,9.584263392857142
CAM,4809,-1.9651241302490237,12.5090913772583,317,1,14,20,9.584263392857142
FAM,4809,-0.6880303621292114,12.5090913772583,317,1,14,20,9.584263392857142
Random,4809,-1.4233102798461914,12.5090913772583,317,1,14,20,9.584263392857142
Superpixel,2844,-0.981027603149414,8.307381629943848,318,1,14,20,5.668048469387755
CAM,2844,-1.0893806219100952,8.307381629943848,318,1,14,20,5.668048469387755
FAM,2844,-2.224308729171753,8.307381629943848,318,1,14,20,5.668048469387755
Random,2844,-0.5402545928955078,8.307381629943848,318,1,14,20,5.668048469387755
Superpixel,4175,-0.1273298412561416,16.697917938232422,319,1,13,20,8.320711096938775
CAM,4175,-0.229752704501152,16.697917938232422,319,1,13,20,8.320711096938775
FAM,4175,-2.4898860454559326,16.697917938232422,319,1,13,20,8.320711096938775
Random,4175,-0.7273038625717163,16.697917938232422,319,1,13,20,8.320711096938775
Superpixel,3753,0.2222104519605636,12.64309787750244,320,1,16,20,7.479671556122448
CAM,3753,-1.5106345415115356,12.64309787750244,320,1,16,20,7.479671556122448
FAM,3753,-1.651189208030701,12.64309787750244,320,1,16,20,7.479671556122448
Random,3753,-1.133612036705017,12.64309787750244,320,1,16,20,7.479671556122448
Superpixel,7754,8.026032447814941,13.365646362304688,321,1,14,20,15.45360331632653
CAM,7754,1.2276352643966677,13.365646362304688,321,1,14,20,15.45360331632653
FAM,7754,-1.4471677541732788,13.365646362304688,321,1,14,20,15.45360331632653
Random,7754,-0.3309417963027954,13.365646362304688,321,1,14,20,15.45360331632653
Superpixel,3180,0.2496352046728134,15.43865203857422,322,1,15,20,6.337691326530612
CAM,3180,-1.455093264579773,15.43865203857422,322,1,15,20,6.337691326530612
FAM,3180,-1.2836030721664429,15.43865203857422,322,1,15,20,6.337691326530612
Random,3180,-0.5049134492874146,15.43865203857422,322,1,15,20,6.337691326530612
Superpixel,3504,0.0716601237654686,12.263620376586914,323,1,16,20,6.983418367346939
CAM,3504,-1.8587919473648071,12.263620376586914,323,1,16,20,6.983418367346939
FAM,3504,-1.0785683393478394,12.263620376586914,323,1,16,20,6.983418367346939
Random,3504,-1.2279642820358276,12.263620376586914,323,1,16,20,6.983418367346939
Superpixel,2663,-0.6142175197601318,9.488368034362791,324,1,16,20,5.307318239795919
CAM,2663,-1.3724000453948977,9.488368034362791,324,1,16,20,5.307318239795919
FAM,2663,-0.921369194984436,9.488368034362791,324,1,16,20,5.307318239795919
Random,2663,-0.5643223524093628,9.488368034362791,324,1,16,20,5.307318239795919
Superpixel,4632,-0.6441899538040161,13.348353385925291,325,1,11,20,9.231505102040815
CAM,4632,-0.8983685970306396,13.348353385925291,325,1,11,20,9.231505102040815
FAM,4632,0.0033538683783262,13.348353385925291,325,1,11,20,9.231505102040815
Random,4632,-1.3481405973434448,13.348353385925291,325,1,11,20,9.231505102040815
Superpixel,5376,-0.4393621683120727,10.921833038330078,326,1,15,20,10.714285714285714
CAM,5376,-1.4436854124069214,10.921833038330078,326,1,15,20,10.714285714285714
FAM,5376,-1.497080683708191,10.921833038330078,326,1,15,20,10.714285714285714
Random,5376,-1.1825079917907717,10.921833038330078,326,1,15,20,10.714285714285714
Superpixel,2533,1.391529560089111,15.813647270202637,327,1,14,20,5.048230229591836
CAM,2533,-1.346343159675598,15.813647270202637,327,1,14,20,5.048230229591836
FAM,2533,-1.3911570310592651,15.813647270202637,327,1,14,20,5.048230229591836
Random,2533,-0.153449535369873,15.813647270202637,327,1,14,20,5.048230229591836
Superpixel,5098,-0.0982652977108955,10.02759075164795,328,1,15,20,10.160235969387756
CAM,5098,-2.5456080436706543,10.02759075164795,328,1,15,20,10.160235969387756
FAM,5098,-2.129846334457397,10.02759075164795,328,1,15,20,10.160235969387756
Random,5098,-2.457470655441284,10.02759075164795,328,1,15,20,10.160235969387756
Superpixel,3855,8.660743713378906,14.073040008544922,329,1,14,20,7.682955994897959
CAM,3855,7.703361988067627,14.073040008544922,329,1,14,20,7.682955994897959
FAM,3855,0.0869391784071922,14.073040008544922,329,1,14,20,7.682955994897959
Random,3855,0.6028650999069214,14.073040008544922,329,1,14,20,7.682955994897959
Superpixel,5230,2.7069761753082275,12.550060272216797,330,1,14,20,10.423309948979592
CAM,5230,4.09684944152832,12.550060272216797,330,1,14,20,10.423309948979592
FAM,5230,3.7551252841949454,12.550060272216797,330,1,14,20,10.423309948979592
Random,5230,0.9291616678237916,12.550060272216797,330,1,14,20,10.423309948979592
Superpixel,3130,5.616262435913086,13.943770408630373,331,1,12,20,6.238042091836735
CAM,3130,3.21790623664856,13.943770408630373,331,1,12,20,6.238042091836735
FAM,3130,0.1941809803247451,13.943770408630373,331,1,12,20,6.238042091836735
Random,3130,-0.1299952417612075,13.943770408630373,331,1,12,20,6.238042091836735
Superpixel,2804,6.458548545837402,13.27929973602295,332,1,14,20,5.5883290816326525
CAM,2804,4.475666999816895,13.27929973602295,332,1,14,20,5.5883290816326525
FAM,2804,1.0383365154266355,13.27929973602295,332,1,14,20,5.5883290816326525
Random,2804,1.847750425338745,13.27929973602295,332,1,14,20,5.5883290816326525
Superpixel,2575,2.216452121734619,15.010395050048828,333,1,15,20,5.131935586734694
CAM,2575,1.0432634353637695,15.010395050048828,333,1,15,20,5.131935586734694
FAM,2575,0.8284448981285095,15.010395050048828,333,1,15,20,5.131935586734694
Random,2575,0.8462388515472412,15.010395050048828,333,1,15,20,5.131935586734694
Superpixel,1770,3.061176061630249,12.984274864196776,334,1,13,20,3.5275829081632653
CAM,1770,1.2235201597213743,12.984274864196776,334,1,13,20,3.5275829081632653
FAM,1770,-0.3160126507282257,12.984274864196776,334,1,13,20,3.5275829081632653
Random,1770,-0.1305102705955505,12.984274864196776,334,1,13,20,3.5275829081632653
Superpixel,7728,2.1534385681152344,10.79786777496338,335,1,15,20,15.401785714285715
CAM,7728,3.213580369949341,10.79786777496338,335,1,15,20,15.401785714285715
FAM,7728,0.1762274205684662,10.79786777496338,335,1,15,20,15.401785714285715
Random,7728,-0.6191564798355103,10.79786777496338,335,1,15,20,15.401785714285715
Superpixel,3589,8.379999160766602,13.823429107666016,336,1,13,20,7.1528220663265305
CAM,3589,5.199361801147461,13.823429107666016,336,1,13,20,7.1528220663265305
FAM,3589,3.456798553466797,13.823429107666016,336,1,13,20,7.1528220663265305
Random,3589,0.8897082805633545,13.823429107666016,336,1,13,20,7.1528220663265305
Superpixel,1819,5.798407554626465,13.756704330444336,337,1,14,20,3.625239158163265
CAM,1819,1.28286874294281,13.756704330444336,337,1,14,20,3.625239158163265
FAM,1819,1.064435362815857,13.756704330444336,337,1,14,20,3.625239158163265
Random,1819,1.9600837230682373,13.756704330444336,337,1,14,20,3.625239158163265
Superpixel,2061,2.5841996669769287,15.13203239440918,338,1,16,20,4.107541454081633
CAM,2061,4.5629425048828125,15.13203239440918,338,1,16,20,4.107541454081633
FAM,2061,0.3043636679649353,15.13203239440918,338,1,16,20,4.107541454081633
Random,2061,2.1140003204345703,15.13203239440918,338,1,16,20,4.107541454081633
Superpixel,3537,7.633691310882568,11.01680850982666,339,1,15,20,7.049186862244898
CAM,3537,2.812734365463257,11.01680850982666,339,1,15,20,7.049186862244898
FAM,3537,-0.2820837199687958,11.01680850982666,339,1,15,20,7.049186862244898
Random,3537,0.3218724727630615,11.01680850982666,339,1,15,20,7.049186862244898
Superpixel,5083,10.130525588989258,15.919769287109377,340,1,15,20,10.130341198979592
CAM,5083,8.91331958770752,15.919769287109377,340,1,15,20,10.130341198979592
FAM,5083,0.9073039293289183,15.919769287109377,340,1,15,20,10.130341198979592
Random,5083,4.935150146484375,15.919769287109377,340,1,15,20,10.130341198979592
Superpixel,5038,5.360719680786133,16.254274368286133,341,1,13,20,10.040656887755102
CAM,5038,6.082145690917969,16.254274368286133,341,1,13,20,10.040656887755102
FAM,5038,3.01271653175354,16.254274368286133,341,1,13,20,10.040656887755102
Random,5038,2.2752509117126465,16.254274368286133,341,1,13,20,10.040656887755102
Superpixel,2555,6.063758850097656,14.408669471740724,342,1,16,20,5.092075892857143
CAM,2555,5.065107345581055,14.408669471740724,342,1,16,20,5.092075892857143
FAM,2555,-0.4817864596843719,14.408669471740724,342,1,16,20,5.092075892857143
Random,2555,0.1675525456666946,14.408669471740724,342,1,16,20,5.092075892857143
Superpixel,4294,7.080873489379883,12.208805084228516,343,1,15,20,8.557876275510203
CAM,4294,6.410837173461914,12.208805084228516,343,1,15,20,8.557876275510203
FAM,4294,0.3272325098514557,12.208805084228516,343,1,15,20,8.557876275510203
Random,4294,2.4597179889678955,12.208805084228516,343,1,15,20,8.557876275510203
Superpixel,3230,12.455098152160645,13.76335906982422,344,1,14,20,6.43734056122449
CAM,3230,3.208428382873535,13.76335906982422,344,1,14,20,6.43734056122449
FAM,3230,0.9044417142868042,13.76335906982422,344,1,14,20,6.43734056122449
Random,3230,4.245756149291992,13.76335906982422,344,1,14,20,6.43734056122449
Superpixel,2185,4.3033061027526855,13.20321273803711,345,1,14,20,4.354671556122449
CAM,2185,2.444211721420288,13.20321273803711,345,1,14,20,4.354671556122449
FAM,2185,1.0271097421646118,13.20321273803711,345,1,14,20,4.354671556122449
Random,2185,0.8119484186172485,13.20321273803711,345,1,14,20,4.354671556122449
Superpixel,4427,3.877062559127808,16.150007247924805,346,1,15,20,8.822943239795919
CAM,4427,4.836622714996338,16.150007247924805,346,1,15,20,8.822943239795919
FAM,4427,1.0263400077819824,16.150007247924805,346,1,15,20,8.822943239795919
Random,4427,0.8025256395339966,16.150007247924805,346,1,15,20,8.822943239795919
Superpixel,5899,6.066277980804443,12.391377449035645,347,1,12,20,11.756616709183673
CAM,5899,6.387392997741699,12.391377449035645,347,1,12,20,11.756616709183673
FAM,5899,0.0027562770992517,12.391377449035645,347,1,12,20,11.756616709183673
Random,5899,1.4776179790496826,12.391377449035645,347,1,12,20,11.756616709183673
Superpixel,2278,0.6066399216651917,10.273602485656738,348,1,13,20,4.540019132653061
CAM,2278,2.029785633087158,10.273602485656738,348,1,13,20,4.540019132653061
FAM,2278,-0.5641721487045288,10.273602485656738,348,1,13,20,4.540019132653061
Random,2278,-1.3147658109664917,10.273602485656738,348,1,13,20,4.540019132653061
Superpixel,2481,4.161149024963379,10.695701599121094,349,1,12,20,4.944595025510204
CAM,2481,3.62652850151062,10.695701599121094,349,1,12,20,4.944595025510204
FAM,2481,3.72992467880249,10.695701599121094,349,1,12,20,4.944595025510204
Random,2481,1.1084771156311035,10.695701599121094,349,1,12,20,4.944595025510204
Superpixel,6923,4.886788368225098,13.8681640625,350,1,14,20,13.797433035714285
CAM,6923,3.187793016433716,13.8681640625,350,1,14,20,13.797433035714285
FAM,6923,0.2362190932035446,13.8681640625,350,1,14,20,13.797433035714285
Random,6923,0.9191368222236632,13.8681640625,350,1,14,20,13.797433035714285
Superpixel,2261,4.815768718719482,11.2779541015625,351,1,13,20,4.506138392857143
CAM,2261,4.336901664733887,11.2779541015625,351,1,13,20,4.506138392857143
FAM,2261,-0.1146314665675163,11.2779541015625,351,1,13,20,4.506138392857143
Random,2261,1.0244194269180298,11.2779541015625,351,1,13,20,4.506138392857143
Superpixel,4276,8.083675384521484,8.580537796020508,352,1,11,20,8.522002551020408
CAM,4276,4.359402656555176,8.580537796020508,352,1,11,20,8.522002551020408
FAM,4276,0.075800321996212,8.580537796020508,352,1,11,20,8.522002551020408
Random,4276,1.2966078519821167,8.580537796020508,352,1,11,20,8.522002551020408
Superpixel,3368,4.080671310424805,11.65229606628418,353,1,15,20,6.712372448979592
CAM,3368,3.602555513381958,11.65229606628418,353,1,15,20,6.712372448979592
FAM,3368,0.2826137244701385,11.65229606628418,353,1,15,20,6.712372448979592
Random,3368,1.0128352642059326,11.65229606628418,353,1,15,20,6.712372448979592
Superpixel,7278,2.8036680221557617,12.064424514770508,354,1,13,20,14.504942602040815
CAM,7278,5.26340389251709,12.064424514770508,354,1,13,20,14.504942602040815
FAM,7278,2.2240586280822754,12.064424514770508,354,1,13,20,14.504942602040815
Random,7278,-0.4434588849544525,12.064424514770508,354,1,13,20,14.504942602040815
Superpixel,4516,5.125530242919922,12.731801986694336,355,1,15,20,9.00031887755102
CAM,4516,3.1167941093444824,12.731801986694336,355,1,15,20,9.00031887755102
FAM,4516,0.7594949007034302,12.731801986694336,355,1,15,20,9.00031887755102
Random,4516,1.2290183305740356,12.731801986694336,355,1,15,20,9.00031887755102
Superpixel,2365,6.764456272125244,12.03252410888672,356,1,13,20,4.713408801020408
CAM,2365,4.729232311248779,12.03252410888672,356,1,13,20,4.713408801020408
FAM,2365,1.144719481468201,12.03252410888672,356,1,13,20,4.713408801020408
Random,2365,3.514511823654175,12.03252410888672,356,1,13,20,4.713408801020408
Superpixel,2665,5.800572872161865,11.188125610351562,357,1,15,20,5.311304209183673
CAM,2665,3.670588731765747,11.188125610351562,357,1,15,20,5.311304209183673
FAM,2665,1.5364655256271362,11.188125610351562,357,1,15,20,5.311304209183673
Random,2665,0.6370674967765808,11.188125610351562,357,1,15,20,5.311304209183673
Superpixel,2308,6.224242210388184,15.25149154663086,358,1,13,20,4.599808673469387
CAM,2308,8.314355850219727,15.25149154663086,358,1,13,20,4.599808673469387
FAM,2308,-0.3466077744960785,15.25149154663086,358,1,13,20,4.599808673469387
Random,2308,2.3893721103668213,15.25149154663086,358,1,13,20,4.599808673469387
Superpixel,2204,2.512971878051758,12.692386627197266,359,1,13,20,4.392538265306122
CAM,2204,2.5002715587615967,12.692386627197266,359,1,13,20,4.392538265306122
FAM,2204,-2.061833620071411,12.692386627197266,359,1,13,20,4.392538265306122
Random,2204,-0.0677529945969581,12.692386627197266,359,1,13,20,4.392538265306122
Superpixel,7126,10.165948867797852,9.10841178894043,360,1,13,20,14.202008928571429
CAM,7126,6.05852746963501,9.10841178894043,360,1,13,20,14.202008928571429
FAM,7126,-0.6893383860588074,9.10841178894043,360,1,13,20,14.202008928571429
Random,7126,-2.0730721950531006,9.10841178894043,360,1,13,20,14.202008928571429
Superpixel,1871,4.191504001617432,9.318045616149902,361,1,14,20,3.728874362244898
CAM,1871,7.245110988616943,9.318045616149902,361,1,14,20,3.728874362244898
FAM,1871,0.1055153533816337,9.318045616149902,361,1,14,20,3.728874362244898
Random,1871,0.2638141810894012,9.318045616149902,361,1,14,20,3.728874362244898
Superpixel,2515,1.5004280805587769,8.096786499023438,362,1,17,20,5.012356505102041
CAM,2515,-1.237291932106018,8.096786499023438,362,1,17,20,5.012356505102041
FAM,2515,0.7932838797569275,8.096786499023438,362,1,17,20,5.012356505102041
Random,2515,0.6392458081245422,8.096786499023438,362,1,17,20,5.012356505102041
Superpixel,5169,-0.0752867832779884,15.25532341003418,363,1,15,20,10.30173788265306
CAM,5169,4.693160057067871,15.25532341003418,363,1,15,20,10.30173788265306
FAM,5169,-0.0562886968255043,15.25532341003418,363,1,15,20,10.30173788265306
Random,5169,1.0924367904663086,15.25532341003418,363,1,15,20,10.30173788265306
Superpixel,5296,3.424107074737549,13.018765449523926,364,1,15,20,10.55484693877551
CAM,5296,6.833993911743164,13.018765449523926,364,1,15,20,10.55484693877551
FAM,5296,1.8126009702682493,13.018765449523926,364,1,15,20,10.55484693877551
Random,5296,0.7542175054550171,13.018765449523926,364,1,15,20,10.55484693877551
Superpixel,6065,7.53660249710083,10.416288375854492,365,1,15,20,12.087452168367346
CAM,6065,1.2075762748718262,10.416288375854492,365,1,15,20,12.087452168367346
FAM,6065,-1.2462339401245115,10.416288375854492,365,1,15,20,12.087452168367346
Random,6065,0.4551660716533661,10.416288375854492,365,1,15,20,12.087452168367346
Superpixel,1847,7.523687839508057,10.232054710388184,366,1,16,20,3.681042729591837
CAM,1847,1.6676744222640991,10.232054710388184,366,1,16,20,3.681042729591837
FAM,1847,-1.1892825365066528,10.232054710388184,366,1,16,20,3.681042729591837
Random,1847,-0.4968259632587433,10.232054710388184,366,1,16,20,3.681042729591837
Superpixel,3092,5.015007495880127,13.314410209655762,367,1,15,20,6.162308673469387
CAM,3092,0.1045909747481346,13.314410209655762,367,1,15,20,6.162308673469387
FAM,3092,-1.0978996753692627,13.314410209655762,367,1,15,20,6.162308673469387
Random,3092,-0.0749034062027931,13.314410209655762,367,1,15,20,6.162308673469387
Superpixel,2975,1.1786577701568604,11.276439666748049,368,1,14,20,5.929129464285714
CAM,2975,3.2820730209350586,11.276439666748049,368,1,14,20,5.929129464285714
FAM,2975,-0.2757667601108551,11.276439666748049,368,1,14,20,5.929129464285714
Random,2975,0.4798030853271484,11.276439666748049,368,1,14,20,5.929129464285714
Superpixel,5088,4.996209144592285,13.268479347229004,369,1,13,20,10.14030612244898
CAM,5088,7.6649699211120605,13.268479347229004,369,1,13,20,10.14030612244898
FAM,5088,-0.9005065560340881,13.268479347229004,369,1,13,20,10.14030612244898
Random,5088,0.8151158690452576,13.268479347229004,369,1,13,20,10.14030612244898
Superpixel,3407,0.9764466881752014,13.779359817504885,370,1,16,20,6.790098852040815
CAM,3407,1.904990792274475,13.779359817504885,370,1,16,20,6.790098852040815
FAM,3407,-1.6480180025100708,13.779359817504885,370,1,16,20,6.790098852040815
Random,3407,-0.0861316099762916,13.779359817504885,370,1,16,20,6.790098852040815
Superpixel,2671,1.776860237121582,7.364414691925049,371,1,12,20,5.323262117346939
CAM,2671,-1.0597041845321655,7.364414691925049,371,1,12,20,5.323262117346939
FAM,2671,-1.4402682781219482,7.364414691925049,371,1,12,20,5.323262117346939
Random,2671,-0.602013349533081,7.364414691925049,371,1,12,20,5.323262117346939
Superpixel,3340,2.291832447052002,12.759831428527832,372,1,14,20,6.656568877551021
CAM,3340,5.914670944213867,12.759831428527832,372,1,14,20,6.656568877551021
FAM,3340,-0.7900897860527039,12.759831428527832,372,1,14,20,6.656568877551021
Random,3340,0.5083547830581665,12.759831428527832,372,1,14,20,6.656568877551021
Superpixel,2028,6.266624927520752,12.169473648071287,373,1,14,20,4.041772959183673
CAM,2028,1.2302942276000977,12.169473648071287,373,1,14,20,4.041772959183673
FAM,2028,-0.3500060737133026,12.169473648071287,373,1,14,20,4.041772959183673
Random,2028,-0.0283564701676368,12.169473648071287,373,1,14,20,4.041772959183673
Superpixel,2453,0.823674738407135,12.124338150024414,374,1,14,20,4.888791454081633
CAM,2453,0.3115184605121612,12.124338150024414,374,1,14,20,4.888791454081633
FAM,2453,-1.0005981922149658,12.124338150024414,374,1,14,20,4.888791454081633
Random,2453,0.3073979616165161,12.124338150024414,374,1,14,20,4.888791454081633
Superpixel,2340,6.221643447875977,12.336267471313477,375,1,13,20,4.6635841836734695
CAM,2340,4.832310199737549,12.336267471313477,375,1,13,20,4.6635841836734695
FAM,2340,0.2815521955490112,12.336267471313477,375,1,13,20,4.6635841836734695
Random,2340,1.3100216388702393,12.336267471313477,375,1,13,20,4.6635841836734695
Superpixel,2299,3.64902663230896,12.838436126708984,376,1,15,20,4.58187181122449
CAM,2299,2.925414562225342,12.838436126708984,376,1,15,20,4.58187181122449
FAM,2299,-0.1907094419002533,12.838436126708984,376,1,15,20,4.58187181122449
Random,2299,0.1253532469272613,12.838436126708984,376,1,15,20,4.58187181122449
Superpixel,1679,6.363402843475342,13.869569778442385,377,1,14,20,3.346221301020408
CAM,1679,3.56374740600586,13.869569778442385,377,1,14,20,3.346221301020408
FAM,1679,-1.0708857774734497,13.869569778442385,377,1,14,20,3.346221301020408
Random,1679,2.6395692825317383,13.869569778442385,377,1,14,20,3.346221301020408
Superpixel,4827,8.125849723815918,11.192914962768556,378,1,14,20,9.62013711734694
CAM,4827,3.6954846382141113,11.192914962768556,378,1,14,20,9.62013711734694
FAM,4827,-0.4979103505611419,11.192914962768556,378,1,14,20,9.62013711734694
Random,4827,0.060639701783657,11.192914962768556,378,1,14,20,9.62013711734694
Superpixel,1591,2.045233249664306,10.514068603515623,379,1,16,20,3.1708386479591835
CAM,1591,1.1397265195846558,10.514068603515623,379,1,16,20,3.1708386479591835
FAM,1591,0.4044211804866791,10.514068603515623,379,1,16,20,3.1708386479591835
Random,1591,-0.7979748249053955,10.514068603515623,379,1,16,20,3.1708386479591835
Superpixel,1669,3.6221864223480233,12.40369987487793,380,1,16,20,3.3262914540816326
CAM,1669,5.119812965393066,12.40369987487793,380,1,16,20,3.3262914540816326
FAM,1669,-0.9077998995780944,12.40369987487793,380,1,16,20,3.3262914540816326
Random,1669,0.6542016267776489,12.40369987487793,380,1,16,20,3.3262914540816326
Superpixel,3026,1.2122656106948853,11.587076187133787,381,1,13,20,6.0307716836734695
CAM,3026,4.602113723754883,11.587076187133787,381,1,13,20,6.0307716836734695
FAM,3026,-0.687592625617981,11.587076187133787,381,1,13,20,6.0307716836734695
Random,3026,-0.7406732439994812,11.587076187133787,381,1,13,20,6.0307716836734695
Superpixel,2674,2.3290038108825684,9.604865074157717,382,1,15,20,5.329241071428571
CAM,2674,0.5703060030937195,9.604865074157717,382,1,15,20,5.329241071428571
FAM,2674,-1.002711296081543,9.604865074157717,382,1,15,20,5.329241071428571
Random,2674,2.653415441513061,9.604865074157717,382,1,15,20,5.329241071428571
Superpixel,1650,1.065940499305725,9.45546054840088,383,1,15,20,3.2884247448979598
CAM,1650,4.559341430664063,9.45546054840088,383,1,15,20,3.2884247448979598
FAM,1650,0.189913809299469,9.45546054840088,383,1,15,20,3.2884247448979598
Random,1650,-0.7409456968307495,9.45546054840088,383,1,15,20,3.2884247448979598
Superpixel,3972,2.1832079887390137,10.80064582824707,384,1,15,20,7.916135204081633
CAM,3972,1.9393161535263064,10.80064582824707,384,1,15,20,7.916135204081633
FAM,3972,-1.4792684316635132,10.80064582824707,384,1,15,20,7.916135204081633
Random,3972,0.1139144524931907,10.80064582824707,384,1,15,20,7.916135204081633
Superpixel,2881,3.613785982131958,10.962685585021973,385,1,16,20,5.741788903061225
CAM,2881,3.7216062545776367,10.962685585021973,385,1,16,20,5.741788903061225
FAM,2881,4.202452182769775,10.962685585021973,385,1,16,20,5.741788903061225
Random,2881,4.79976749420166,10.962685585021973,385,1,16,20,5.741788903061225
Superpixel,2324,4.705087184906006,11.96926212310791,386,1,13,20,4.631696428571429
CAM,2324,3.070537567138672,11.96926212310791,386,1,13,20,4.631696428571429
FAM,2324,-0.5777032375335693,11.96926212310791,386,1,13,20,4.631696428571429
Random,2324,1.5916399955749512,11.96926212310791,386,1,13,20,4.631696428571429
Superpixel,7870,8.98318862915039,12.72247314453125,387,1,13,20,15.684789540816327
CAM,7870,8.091583251953125,12.72247314453125,387,1,13,20,15.684789540816327
FAM,7870,1.0027048587799072,12.72247314453125,387,1,13,20,15.684789540816327
Random,7870,0.3677359819412231,12.72247314453125,387,1,13,20,15.684789540816327
Superpixel,8516,1.638440728187561,12.81272792816162,388,1,13,20,16.972257653061224
CAM,8516,8.86094856262207,12.81272792816162,388,1,13,20,16.972257653061224
FAM,8516,0.5497226715087891,12.81272792816162,388,1,13,20,16.972257653061224
Random,8516,2.001298189163208,12.81272792816162,388,1,13,20,16.972257653061224
Superpixel,2053,1.424778699874878,14.838385581970217,389,1,14,20,4.091597576530613
CAM,2053,5.284802436828613,14.838385581970217,389,1,14,20,4.091597576530613
FAM,2053,0.4879597425460815,14.838385581970217,389,1,14,20,4.091597576530613
Random,2053,0.7259390354156494,14.838385581970217,389,1,14,20,4.091597576530613
Superpixel,4950,5.548856735229492,14.416349411010742,390,1,13,20,9.865274234693878
CAM,4950,10.39175033569336,14.416349411010742,390,1,13,20,9.865274234693878
FAM,4950,0.7064507603645325,14.416349411010742,390,1,13,20,9.865274234693878
Random,4950,1.444419264793396,14.416349411010742,390,1,13,20,9.865274234693878
Superpixel,3892,3.04801344871521,10.637313842773438,391,1,11,20,7.756696428571429
CAM,3892,2.085145950317383,10.637313842773438,391,1,11,20,7.756696428571429
FAM,3892,0.3920798301696777,10.637313842773438,391,1,11,20,7.756696428571429
Random,3892,0.6427282094955444,10.637313842773438,391,1,11,20,7.756696428571429
Superpixel,5483,8.76620864868164,14.043931007385254,392,1,14,20,10.927535076530612
CAM,5483,11.78732681274414,14.043931007385254,392,1,14,20,10.927535076530612
FAM,5483,1.1403926610946655,14.043931007385254,392,1,14,20,10.927535076530612
Random,5483,0.2341266274452209,14.043931007385254,392,1,14,20,10.927535076530612
Superpixel,3189,3.197580575942993,13.663690567016602,393,1,14,20,6.35562818877551
CAM,3189,3.401540279388428,13.663690567016602,393,1,14,20,6.35562818877551
FAM,3189,1.0209957361221311,13.663690567016602,393,1,14,20,6.35562818877551
Random,3189,-0.4558253288269043,13.663690567016602,393,1,14,20,6.35562818877551
Superpixel,5992,5.104026794433594,13.726884841918944,394,1,13,20,11.941964285714286
CAM,5992,10.318981170654297,13.726884841918944,394,1,13,20,11.941964285714286
FAM,5992,0.5978786945343018,13.726884841918944,394,1,13,20,11.941964285714286
Random,5992,3.461984634399414,13.726884841918944,394,1,13,20,11.941964285714286
Superpixel,3717,2.407729148864746,9.495702743530272,395,1,15,20,7.407924107142858
CAM,3717,0.6573029160499573,9.495702743530272,395,1,15,20,7.407924107142858
FAM,3717,-0.0212335586547851,9.495702743530272,395,1,15,20,7.407924107142858
Random,3717,0.1625294685363769,9.495702743530272,395,1,15,20,7.407924107142858
Superpixel,10234,2.8146798610687256,12.505420684814451,396,1,12,20,20.396205357142858
CAM,10234,9.483592987060549,12.505420684814451,396,1,12,20,20.396205357142858
FAM,10234,2.4186370372772217,12.505420684814451,396,1,12,20,20.396205357142858
Random,10234,-0.6126564741134644,12.505420684814451,396,1,12,20,20.396205357142858
Superpixel,4709,5.005102157592773,14.099834442138672,397,1,14,20,9.384964923469388
CAM,4709,3.929372549057007,14.099834442138672,397,1,14,20,9.384964923469388
FAM,4709,1.4573222398757937,14.099834442138672,397,1,14,20,9.384964923469388
Random,4709,1.4356402158737185,14.099834442138672,397,1,14,20,9.384964923469388
Superpixel,7387,4.333452701568604,12.498822212219238,398,1,12,20,14.72217793367347
CAM,7387,3.609142541885376,12.498822212219238,398,1,12,20,14.72217793367347
FAM,7387,0.2759574651718139,12.498822212219238,398,1,12,20,14.72217793367347
Random,7387,3.206249475479126,12.498822212219238,398,1,12,20,14.72217793367347
Superpixel,4761,2.190608501434326,13.913810729980469,399,1,15,20,9.48860012755102
CAM,4761,5.3935747146606445,13.913810729980469,399,1,15,20,9.48860012755102
FAM,4761,0.5753365755081177,13.913810729980469,399,1,15,20,9.48860012755102
Random,4761,1.6858057975769043,13.913810729980469,399,1,15,20,9.48860012755102
Superpixel,5339,7.529047966003418,14.361162185668944,400,1,13,20,10.640545280612244
CAM,5339,7.456103324890137,14.361162185668944,400,1,13,20,10.640545280612244
FAM,5339,-0.6016701459884644,14.361162185668944,400,1,13,20,10.640545280612244
Random,5339,0.0378922373056411,14.361162185668944,400,1,13,20,10.640545280612244
Superpixel,1909,6.922710418701172,13.111021041870115,401,1,14,20,3.804607780612245
CAM,1909,2.522381544113159,13.111021041870115,401,1,14,20,3.804607780612245
FAM,1909,-0.0050676465034484,13.111021041870115,401,1,14,20,3.804607780612245
Random,1909,0.2841878533363342,13.111021041870115,401,1,14,20,3.804607780612245
Superpixel,2977,2.4635331630706787,14.034173965454102,402,1,14,20,5.9331154336734695
CAM,2977,6.1428399085998535,14.034173965454102,402,1,14,20,5.9331154336734695
FAM,2977,3.5886855125427246,14.034173965454102,402,1,14,20,5.9331154336734695
Random,2977,0.3999727368354797,14.034173965454102,402,1,14,20,5.9331154336734695
Superpixel,1997,2.344194173812866,13.451725959777832,403,1,13,20,3.9799904336734695
CAM,1997,6.804149627685547,13.451725959777832,403,1,13,20,3.9799904336734695
FAM,1997,-0.2844515442848205,13.451725959777832,403,1,13,20,3.9799904336734695
Random,1997,2.5475704669952397,13.451725959777832,403,1,13,20,3.9799904336734695
Superpixel,3174,3.927566289901733,14.420814514160156,404,1,12,20,6.325733418367347
CAM,3174,4.990536212921143,14.420814514160156,404,1,12,20,6.325733418367347
FAM,3174,1.8406046628952024,14.420814514160156,404,1,12,20,6.325733418367347
Random,3174,1.2036548852920532,14.420814514160156,404,1,12,20,6.325733418367347
Superpixel,3823,1.3595740795135498,9.922111511230469,405,1,13,20,7.619180484693877
CAM,3823,1.9658762216567995,9.922111511230469,405,1,13,20,7.619180484693877
FAM,3823,-0.0082210153341293,9.922111511230469,405,1,13,20,7.619180484693877
Random,3823,0.9449493885040284,9.922111511230469,405,1,13,20,7.619180484693877
Superpixel,3972,6.232220649719238,16.47260284423828,406,1,11,20,7.916135204081633
CAM,3972,3.675749778747559,16.47260284423828,406,1,11,20,7.916135204081633
FAM,3972,1.9010860919952397,16.47260284423828,406,1,11,20,7.916135204081633
Random,3972,1.4416816234588623,16.47260284423828,406,1,11,20,7.916135204081633
Superpixel,1670,2.929229497909546,9.179950714111328,407,1,15,20,3.3282844387755106
CAM,1670,0.4515767395496368,9.179950714111328,407,1,15,20,3.3282844387755106
FAM,1670,-0.143220379948616,9.179950714111328,407,1,15,20,3.3282844387755106
Random,1670,0.8491166830062866,9.179950714111328,407,1,15,20,3.3282844387755106
Superpixel,9618,1.591891169548035,11.914968490600586,408,1,13,20,19.168526785714285
CAM,9618,10.484731674194336,11.914968490600586,408,1,13,20,19.168526785714285
FAM,9618,0.8578490018844604,11.914968490600586,408,1,13,20,19.168526785714285
Random,9618,3.16591215133667,11.914968490600586,408,1,13,20,19.168526785714285
Superpixel,6231,7.974985122680664,15.533082008361816,409,1,13,20,12.41828762755102
CAM,6231,11.864892959594728,15.533082008361816,409,1,13,20,12.41828762755102
FAM,6231,1.1869462728500366,15.533082008361816,409,1,13,20,12.41828762755102
Random,6231,1.9008742570877075,15.533082008361816,409,1,13,20,12.41828762755102
Superpixel,1640,0.6680903434753418,10.72856616973877,410,1,14,20,3.2684948979591835
CAM,1640,4.224958419799805,10.72856616973877,410,1,14,20,3.2684948979591835
FAM,1640,1.1899069547653198,10.72856616973877,410,1,14,20,3.2684948979591835
Random,1640,1.5016454458236694,10.72856616973877,410,1,14,20,3.2684948979591835
Superpixel,7764,1.166117787361145,14.577210426330566,411,1,13,20,15.473533163265309
CAM,7764,7.603788375854492,14.577210426330566,411,1,13,20,15.473533163265309
FAM,7764,2.200303077697754,14.577210426330566,411,1,13,20,15.473533163265309
Random,7764,1.714983344078064,14.577210426330566,411,1,13,20,15.473533163265309
Superpixel,3025,2.540426015853882,15.82571506500244,412,1,14,20,6.028778698979592
CAM,3025,3.355580568313598,15.82571506500244,412,1,14,20,6.028778698979592
FAM,3025,1.5580846071243286,15.82571506500244,412,1,14,20,6.028778698979592
Random,3025,0.6702155470848083,15.82571506500244,412,1,14,20,6.028778698979592
Superpixel,5214,0.597825288772583,9.7201509475708,413,1,15,20,10.39142219387755
CAM,5214,0.6007833480834961,9.7201509475708,413,1,15,20,10.39142219387755
FAM,5214,-0.0783362612128257,9.7201509475708,413,1,15,20,10.39142219387755
Random,5214,0.1756860613822937,9.7201509475708,413,1,15,20,10.39142219387755
Superpixel,10223,13.523082733154297,13.540246963500977,414,1,13,20,20.374282525510203
CAM,10223,14.730789184570312,13.540246963500977,414,1,13,20,20.374282525510203
FAM,10223,-0.0506647676229476,13.540246963500977,414,1,13,20,20.374282525510203
Random,10223,-0.0184491723775863,13.540246963500977,414,1,13,20,20.374282525510203
Superpixel,2057,7.02740478515625,15.002659797668455,415,1,14,20,4.099569515306122
CAM,2057,-0.0330457426607608,15.002659797668455,415,1,14,20,4.099569515306122
FAM,2057,0.9177531003952026,15.002659797668455,415,1,14,20,4.099569515306122
Random,2057,4.209003925323486,15.002659797668455,415,1,14,20,4.099569515306122
Superpixel,3231,5.804113864898682,14.43680191040039,416,1,15,20,6.439333545918367
CAM,3231,4.132406234741211,14.43680191040039,416,1,15,20,6.439333545918367
FAM,3231,-0.3607829511165619,14.43680191040039,416,1,15,20,6.439333545918367
Random,3231,0.724811315536499,14.43680191040039,416,1,15,20,6.439333545918367
Superpixel,3642,8.22744369506836,14.637850761413574,417,1,15,20,7.258450255102041
CAM,3642,4.963744163513184,14.637850761413574,417,1,15,20,7.258450255102041
FAM,3642,-0.0471212901175022,14.637850761413574,417,1,15,20,7.258450255102041
Random,3642,0.0979039669036865,14.637850761413574,417,1,15,20,7.258450255102041
Superpixel,7399,4.405147552490234,12.88090705871582,418,1,14,20,14.74609375
CAM,7399,6.481900215148926,12.88090705871582,418,1,14,20,14.74609375
FAM,7399,0.7704057693481445,12.88090705871582,418,1,14,20,14.74609375
Random,7399,-0.9906740188598632,12.88090705871582,418,1,14,20,14.74609375
Superpixel,4744,8.395479202270508,12.210949897766112,419,1,12,20,9.454719387755102
CAM,4744,6.401633262634277,12.210949897766112,419,1,12,20,9.454719387755102
FAM,4744,0.0110463164746761,12.210949897766112,419,1,12,20,9.454719387755102
Random,4744,1.2376914024353027,12.210949897766112,419,1,12,20,9.454719387755102
Superpixel,4805,8.101495742797852,14.427797317504885,420,1,14,20,9.576291454081632
CAM,4805,2.896519184112549,14.427797317504885,420,1,14,20,9.576291454081632
FAM,4805,1.047866702079773,14.427797317504885,420,1,14,20,9.576291454081632
Random,4805,1.4999148845672607,14.427797317504885,420,1,14,20,9.576291454081632
Superpixel,4901,8.225858688354492,16.625398635864258,421,1,14,20,9.767617984693878
CAM,4901,5.858674049377441,16.625398635864258,421,1,14,20,9.767617984693878
FAM,4901,-1.0163397789001465,16.625398635864258,421,1,14,20,9.767617984693878
Random,4901,1.8993263244628904,16.625398635864258,421,1,14,20,9.767617984693878
Superpixel,2705,5.045600414276123,13.700872421264648,422,1,16,20,5.391023596938775
CAM,2705,3.0681886672973637,13.700872421264648,422,1,16,20,5.391023596938775
FAM,2705,-1.6858797073364258,13.700872421264648,422,1,16,20,5.391023596938775
Random,2705,0.0235589109361171,13.700872421264648,422,1,16,20,5.391023596938775
Superpixel,1831,3.264799833297729,11.946178436279297,423,1,14,20,3.649154974489796
CAM,1831,1.4578301906585691,11.946178436279297,423,1,14,20,3.649154974489796
FAM,1831,0.6366495490074158,11.946178436279297,423,1,14,20,3.649154974489796
Random,1831,-0.6998217105865479,11.946178436279297,423,1,14,20,3.649154974489796
Superpixel,2349,5.4796648025512695,14.980913162231444,424,1,15,20,4.681521045918367
CAM,2349,2.354910373687744,14.980913162231444,424,1,15,20,4.681521045918367
FAM,2349,3.0888051986694336,14.980913162231444,424,1,15,20,4.681521045918367
Random,2349,2.119462013244629,14.980913162231444,424,1,15,20,4.681521045918367
Superpixel,5584,8.632026672363281,12.120121002197266,425,1,12,20,11.128826530612244
CAM,5584,8.041297912597656,12.120121002197266,425,1,12,20,11.128826530612244
FAM,5584,-0.095717966556549,12.120121002197266,425,1,12,20,11.128826530612244
Random,5584,1.7569348812103271,12.120121002197266,425,1,12,20,11.128826530612244
Superpixel,2536,4.507882118225098,15.36510944366455,426,1,14,20,5.0542091836734695
CAM,2536,2.351888656616211,15.36510944366455,426,1,14,20,5.0542091836734695
FAM,2536,-0.7488610148429871,15.36510944366455,426,1,14,20,5.0542091836734695
Random,2536,-1.1987515687942505,15.36510944366455,426,1,14,20,5.0542091836734695
Superpixel,3192,5.137281894683838,16.099628448486328,427,1,15,20,6.361607142857142
CAM,3192,1.9553714990615845,16.099628448486328,427,1,15,20,6.361607142857142
FAM,3192,-0.8144811391830444,16.099628448486328,427,1,15,20,6.361607142857142
Random,3192,-0.7001430988311768,16.099628448486328,427,1,15,20,6.361607142857142
Superpixel,3712,7.237628936767578,13.853906631469728,428,1,14,20,7.397959183673469
CAM,3712,5.359506607055664,13.853906631469728,428,1,14,20,7.397959183673469
FAM,3712,-0.2063733637332916,13.853906631469728,428,1,14,20,7.397959183673469
Random,3712,2.665313243865967,13.853906631469728,428,1,14,20,7.397959183673469
Superpixel,2906,4.2861008644104,7.009143352508545,429,1,14,20,5.791613520408164
CAM,2906,1.4922053813934326,7.009143352508545,429,1,14,20,5.791613520408164
FAM,2906,2.752188205718994,7.009143352508545,429,1,14,20,5.791613520408164
Random,2906,1.7212588787078855,7.009143352508545,429,1,14,20,5.791613520408164
Superpixel,1618,2.909140110015869,11.486364364624023,430,1,12,20,3.224649234693878
CAM,1618,-0.644024133682251,11.486364364624023,430,1,12,20,3.224649234693878
FAM,1618,-0.4046068787574768,11.486364364624023,430,1,12,20,3.224649234693878
Random,1618,0.1856833100318908,11.486364364624023,430,1,12,20,3.224649234693878
Superpixel,3760,6.949151039123535,12.940951347351074,431,1,14,20,7.493622448979592
CAM,3760,4.187104225158691,12.940951347351074,431,1,14,20,7.493622448979592
FAM,3760,-1.6785788536071775,12.940951347351074,431,1,14,20,7.493622448979592
Random,3760,-0.7380121946334839,12.940951347351074,431,1,14,20,7.493622448979592
Superpixel,4820,8.950359344482422,10.296008110046388,432,1,14,20,9.606186224489797
CAM,4820,3.770241022109986,10.296008110046388,432,1,14,20,9.606186224489797
FAM,4820,-0.5415185689926147,10.296008110046388,432,1,14,20,9.606186224489797
Random,4820,0.529975414276123,10.296008110046388,432,1,14,20,9.606186224489797
Superpixel,2444,5.759513854980469,11.46733283996582,433,1,16,20,4.870854591836735
CAM,2444,5.54179573059082,11.46733283996582,433,1,16,20,4.870854591836735
FAM,2444,1.082730054855347,11.46733283996582,433,1,16,20,4.870854591836735
Random,2444,-1.0832765102386477,11.46733283996582,433,1,16,20,4.870854591836735
Superpixel,4020,8.422054290771484,15.526396751403809,434,1,17,20,8.011798469387756
CAM,4020,5.547314643859863,15.526396751403809,434,1,17,20,8.011798469387756
FAM,4020,2.011068344116211,15.526396751403809,434,1,17,20,8.011798469387756
Random,4020,-0.779388427734375,15.526396751403809,434,1,17,20,8.011798469387756
Superpixel,6848,5.686789035797119,14.731511116027832,435,1,13,20,13.64795918367347
CAM,6848,6.861014366149902,14.731511116027832,435,1,13,20,13.64795918367347
FAM,6848,1.153846025466919,14.731511116027832,435,1,13,20,13.64795918367347
Random,6848,0.5955601930618286,14.731511116027832,435,1,13,20,13.64795918367347
Superpixel,3534,9.722493171691896,13.77619743347168,436,1,14,20,7.043207908163265
CAM,3534,4.945433616638184,13.77619743347168,436,1,14,20,7.043207908163265
FAM,3534,-0.3633355498313904,13.77619743347168,436,1,14,20,7.043207908163265
Random,3534,0.7349456548690796,13.77619743347168,436,1,14,20,7.043207908163265
Superpixel,6490,4.229291915893555,11.253127098083496,437,1,15,20,12.934470663265309
CAM,6490,2.7414608001708984,11.253127098083496,437,1,15,20,12.934470663265309
FAM,6490,2.06023907661438,11.253127098083496,437,1,15,20,12.934470663265309
Random,6490,0.6644327044487,11.253127098083496,437,1,15,20,12.934470663265309
Superpixel,2416,6.381844520568848,16.001462936401367,438,1,14,20,4.815051020408164
CAM,2416,3.014669895172119,16.001462936401367,438,1,14,20,4.815051020408164
FAM,2416,-0.5362083911895752,16.001462936401367,438,1,14,20,4.815051020408164
Random,2416,-0.0060870982706546,16.001462936401367,438,1,14,20,4.815051020408164
Superpixel,5083,3.987081289291382,7.564890384674072,439,1,13,20,10.130341198979592
CAM,5083,4.744956016540527,7.564890384674072,439,1,13,20,10.130341198979592
FAM,5083,-0.0380659140646457,7.564890384674072,439,1,13,20,10.130341198979592
Random,5083,2.4436824321746826,7.564890384674072,439,1,13,20,10.130341198979592
Superpixel,2466,3.744574546813965,11.33091163635254,440,1,15,20,4.914700255102041
CAM,2466,-0.0735656023025512,11.33091163635254,440,1,15,20,4.914700255102041
FAM,2466,-0.7573443651199341,11.33091163635254,440,1,15,20,4.914700255102041
Random,2466,-0.7485095262527466,11.33091163635254,440,1,15,20,4.914700255102041
Superpixel,3569,7.128323554992676,13.593206405639648,441,1,13,20,7.112962372448979
CAM,3569,7.482237339019775,13.593206405639648,441,1,13,20,7.112962372448979
FAM,3569,-0.2833480834960937,13.593206405639648,441,1,13,20,7.112962372448979
Random,3569,1.462172508239746,13.593206405639648,441,1,13,20,7.112962372448979
Superpixel,3398,8.623977661132812,12.406341552734377,442,1,14,20,6.772161989795919
CAM,3398,4.78491735458374,12.406341552734377,442,1,14,20,6.772161989795919
FAM,3398,3.650277137756348,12.406341552734377,442,1,14,20,6.772161989795919
Random,3398,3.927962303161621,12.406341552734377,442,1,14,20,6.772161989795919
Superpixel,6344,6.640979290008545,17.11969757080078,443,1,11,20,12.643494897959185
CAM,6344,9.798749923706056,17.11969757080078,443,1,11,20,12.643494897959185
FAM,6344,4.096924781799316,17.11969757080078,443,1,11,20,12.643494897959185
Random,6344,2.1357595920562744,17.11969757080078,443,1,11,20,12.643494897959185
Superpixel,5180,7.480082035064697,12.829252243041992,444,1,13,20,10.323660714285714
CAM,5180,8.4862642288208,12.829252243041992,444,1,13,20,10.323660714285714
FAM,5180,4.234262466430664,12.829252243041992,444,1,13,20,10.323660714285714
Random,5180,2.0707497596740723,12.829252243041992,444,1,13,20,10.323660714285714
Superpixel,2749,8.735698699951172,11.656576156616213,445,1,13,20,5.478714923469387
CAM,2749,6.268015384674072,11.656576156616213,445,1,13,20,5.478714923469387
FAM,2749,3.0043864250183105,11.656576156616213,445,1,13,20,5.478714923469387
Random,2749,2.2460880279541016,11.656576156616213,445,1,13,20,5.478714923469387
Superpixel,2256,5.3295063972473145,13.522462844848633,446,1,15,20,4.496173469387755
CAM,2256,3.365016460418701,13.522462844848633,446,1,15,20,4.496173469387755
FAM,2256,4.805658340454102,13.522462844848633,446,1,15,20,4.496173469387755
Random,2256,2.00504207611084,13.522462844848633,446,1,15,20,4.496173469387755
Superpixel,2849,15.27358055114746,15.200650215148926,447,1,15,20,5.678013392857143
CAM,2849,9.125261306762695,15.200650215148926,447,1,15,20,5.678013392857143
FAM,2849,2.733734369277954,15.200650215148926,447,1,15,20,5.678013392857143
Random,2849,2.808389663696289,15.200650215148926,447,1,15,20,5.678013392857143
Superpixel,3462,9.65399169921875,15.618755340576172,448,1,15,20,6.899713010204081
CAM,3462,6.091678142547607,15.618755340576172,448,1,15,20,6.899713010204081
FAM,3462,4.866011619567871,15.618755340576172,448,1,15,20,6.899713010204081
Random,3462,2.5957510471343994,15.618755340576172,448,1,15,20,6.899713010204081
Superpixel,1939,5.759732246398926,10.138473510742188,449,1,13,20,3.864397321428571
CAM,1939,3.16445255279541,10.138473510742188,449,1,13,20,3.864397321428571
FAM,1939,2.591951847076416,10.138473510742188,449,1,13,20,3.864397321428571
Random,1939,2.3779826164245605,10.138473510742188,449,1,13,20,3.864397321428571
Superpixel,4652,5.078570365905762,11.010433197021484,450,1,13,20,9.271364795918368
CAM,4652,3.832518339157105,11.010433197021484,450,1,13,20,9.271364795918368
FAM,4652,6.331613063812256,11.010433197021484,450,1,13,20,9.271364795918368
Random,4652,2.6800992488861084,11.010433197021484,450,1,13,20,9.271364795918368
Superpixel,1661,5.243690490722656,13.473461151123049,451,1,15,20,3.3103475765306123
CAM,1661,3.460434675216675,13.473461151123049,451,1,15,20,3.3103475765306123
FAM,1661,3.397736072540283,13.473461151123049,451,1,15,20,3.3103475765306123
Random,1661,2.7247157096862797,13.473461151123049,451,1,15,20,3.3103475765306123
Superpixel,4926,16.34629249572754,13.558069229125977,452,1,12,20,9.817442602040815
CAM,4926,14.686955451965332,13.558069229125977,452,1,12,20,9.817442602040815
FAM,4926,2.8873722553253174,13.558069229125977,452,1,12,20,9.817442602040815
Random,4926,2.318807601928711,13.558069229125977,452,1,12,20,9.817442602040815
Superpixel,7607,5.686525344848633,15.751117706298828,453,1,10,20,15.16063456632653
CAM,7607,9.296541213989258,15.751117706298828,453,1,10,20,15.16063456632653
FAM,7607,10.011021614074709,15.751117706298828,453,1,10,20,15.16063456632653
Random,7607,3.8082003593444815,15.751117706298828,453,1,10,20,15.16063456632653
Superpixel,5488,7.360647678375244,10.423739433288574,454,1,14,20,10.9375
CAM,5488,7.044502258300781,10.423739433288574,454,1,14,20,10.9375
FAM,5488,6.85359525680542,10.423739433288574,454,1,14,20,10.9375
Random,5488,3.442472457885742,10.423739433288574,454,1,14,20,10.9375
Superpixel,3070,8.64426040649414,12.612786293029783,455,1,16,20,6.118463010204081
CAM,3070,4.543133735656738,12.612786293029783,455,1,16,20,6.118463010204081
FAM,3070,4.203948497772217,12.612786293029783,455,1,16,20,6.118463010204081
Random,3070,1.4320229291915894,12.612786293029783,455,1,16,20,6.118463010204081
Superpixel,2401,5.1654462814331055,14.01921272277832,456,1,14,20,4.78515625
CAM,2401,5.686997413635254,14.01921272277832,456,1,14,20,4.78515625
FAM,2401,2.6205642223358154,14.01921272277832,456,1,14,20,4.78515625
Random,2401,2.258521318435669,14.01921272277832,456,1,14,20,4.78515625
Superpixel,2571,3.2436201572418213,7.960134506225586,457,1,14,20,5.123963647959184
CAM,2571,1.5692126750946045,7.960134506225586,457,1,14,20,5.123963647959184
FAM,2571,1.4135563373565674,7.960134506225586,457,1,14,20,5.123963647959184
Random,2571,1.8904393911361692,7.960134506225586,457,1,14,20,5.123963647959184
Superpixel,6204,3.403158903121948,12.166885375976562,458,1,14,20,12.364477040816327
CAM,6204,0.6405752897262573,12.166885375976562,458,1,14,20,12.364477040816327
FAM,6204,1.300646424293518,12.166885375976562,458,1,14,20,12.364477040816327
Random,6204,2.033000230789185,12.166885375976562,458,1,14,20,12.364477040816327
Superpixel,1834,3.0956156253814697,14.432561874389648,459,1,14,20,3.655133928571429
CAM,1834,1.4734660387039185,14.432561874389648,459,1,14,20,3.655133928571429
FAM,1834,0.6192043423652649,14.432561874389648,459,1,14,20,3.655133928571429
Random,1834,1.3328710794448853,14.432561874389648,459,1,14,20,3.655133928571429
Superpixel,5952,1.6539205312728882,15.38392734527588,460,1,14,20,11.862244897959185
CAM,5952,-0.034500241279602,15.38392734527588,460,1,14,20,11.862244897959185
FAM,5952,1.4729996919631958,15.38392734527588,460,1,14,20,11.862244897959185
Random,5952,2.177279233932495,15.38392734527588,460,1,14,20,11.862244897959185
Superpixel,5193,2.8016507625579834,13.74164867401123,461,1,16,20,10.349569515306122
CAM,5193,2.0464837551116943,13.74164867401123,461,1,16,20,10.349569515306122
FAM,5193,1.9294697046279907,13.74164867401123,461,1,16,20,10.349569515306122
Random,5193,4.405924320220947,13.74164867401123,461,1,16,20,10.349569515306122
Superpixel,4680,2.885272741317749,12.440019607543944,462,1,13,20,9.32716836734694
CAM,4680,3.908428430557251,12.440019607543944,462,1,13,20,9.32716836734694
FAM,4680,0.4049169421195984,12.440019607543944,462,1,13,20,9.32716836734694
Random,4680,2.0228512287139893,12.440019607543944,462,1,13,20,9.32716836734694
Superpixel,4033,2.972689390182495,17.04639434814453,463,1,14,20,8.037707270408163
CAM,4033,1.101382851600647,17.04639434814453,463,1,14,20,8.037707270408163
FAM,4033,1.6381796598434448,17.04639434814453,463,1,14,20,8.037707270408163
Random,4033,2.46877121925354,17.04639434814453,463,1,14,20,8.037707270408163
Superpixel,2939,4.243242263793945,11.91197681427002,464,1,14,20,5.857382015306122
CAM,2939,1.958048105239868,11.91197681427002,464,1,14,20,5.857382015306122
FAM,2939,2.3508188724517822,11.91197681427002,464,1,14,20,5.857382015306122
Random,2939,1.986671805381775,11.91197681427002,464,1,14,20,5.857382015306122
Superpixel,8816,3.0207464694976807,10.815690994262695,465,1,12,20,17.570153061224488
CAM,8816,2.1354596614837646,10.815690994262695,465,1,12,20,17.570153061224488
FAM,8816,3.196017980575561,10.815690994262695,465,1,12,20,17.570153061224488
Random,8816,2.4313299655914307,10.815690994262695,465,1,12,20,17.570153061224488
Superpixel,2830,4.785935401916504,8.3627290725708,466,1,13,20,5.6401466836734695
CAM,2830,4.605893135070801,8.3627290725708,466,1,13,20,5.6401466836734695
FAM,2830,1.6689335107803345,8.3627290725708,466,1,13,20,5.6401466836734695
Random,2830,1.2319412231445312,8.3627290725708,466,1,13,20,5.6401466836734695
Superpixel,6561,2.73971962928772,13.153190612792969,467,1,13,20,13.075972576530612
CAM,6561,1.827066421508789,13.153190612792969,467,1,13,20,13.075972576530612
FAM,6561,1.7755564451217651,13.153190612792969,467,1,13,20,13.075972576530612
Random,6561,2.8533823490142822,13.153190612792969,467,1,13,20,13.075972576530612
Superpixel,2807,4.974316120147705,8.847951889038086,468,1,14,20,5.594308035714286
CAM,2807,1.630430817604065,8.847951889038086,468,1,14,20,5.594308035714286
FAM,2807,1.291031837463379,8.847951889038086,468,1,14,20,5.594308035714286
Random,2807,1.8252968788146973,8.847951889038086,468,1,14,20,5.594308035714286
Superpixel,5124,5.682894706726074,9.869564056396484,469,1,15,20,10.212053571428571
CAM,5124,-0.8035812377929688,9.869564056396484,469,1,15,20,10.212053571428571
FAM,5124,1.180592656135559,9.869564056396484,469,1,15,20,10.212053571428571
Random,5124,2.121815919876098,9.869564056396484,469,1,15,20,10.212053571428571
Superpixel,3525,2.3672518730163574,8.535066604614258,470,1,15,20,7.025271045918367
CAM,3525,1.8824518918991089,8.535066604614258,470,1,15,20,7.025271045918367
FAM,3525,3.149028778076172,8.535066604614258,470,1,15,20,7.025271045918367
Random,3525,1.8477946519851685,8.535066604614258,470,1,15,20,7.025271045918367
Superpixel,5586,3.513790369033813,12.632489204406738,471,1,13,20,11.1328125
CAM,5586,2.5423171520233154,12.632489204406738,471,1,13,20,11.1328125
FAM,5586,2.553392171859741,12.632489204406738,471,1,13,20,11.1328125
Random,5586,3.179555177688598,12.632489204406738,471,1,13,20,11.1328125
Superpixel,11632,5.578774452209473,12.620854377746582,472,1,11,20,23.182397959183675
CAM,11632,2.935335159301758,12.620854377746582,472,1,11,20,23.182397959183675
FAM,11632,1.052832841873169,12.620854377746582,472,1,11,20,23.182397959183675
Random,11632,5.277749061584473,12.620854377746582,472,1,11,20,23.182397959183675
Superpixel,6071,3.145353078842163,13.987737655639648,473,1,14,20,12.099410076530612
CAM,6071,2.386892557144165,13.987737655639648,473,1,14,20,12.099410076530612
FAM,6071,0.6249973177909851,13.987737655639648,473,1,14,20,12.099410076530612
Random,6071,3.1855742931365967,13.987737655639648,473,1,14,20,12.099410076530612
Superpixel,3555,3.583984613418579,8.992033958435059,474,1,14,20,7.085060586734694
CAM,3555,1.8815094232559204,8.992033958435059,474,1,14,20,7.085060586734694
FAM,3555,1.4836024045944214,8.992033958435059,474,1,14,20,7.085060586734694
Random,3555,0.7765978574752808,8.992033958435059,474,1,14,20,7.085060586734694
Superpixel,3986,2.4087941646575928,13.59919548034668,475,1,14,20,7.944036989795919
CAM,3986,-0.0840631276369094,13.59919548034668,475,1,14,20,7.944036989795919
FAM,3986,1.732303261756897,13.59919548034668,475,1,14,20,7.944036989795919
Random,3986,2.354959726333618,13.59919548034668,475,1,14,20,7.944036989795919
Superpixel,7991,4.142668724060059,11.059993743896484,476,1,13,20,15.925940688775512
CAM,7991,1.282745361328125,11.059993743896484,476,1,13,20,15.925940688775512
FAM,7991,4.010693550109863,11.059993743896484,476,1,13,20,15.925940688775512
Random,7991,3.597332000732422,11.059993743896484,476,1,13,20,15.925940688775512
Superpixel,6536,2.7324159145355225,9.515256881713867,477,1,13,20,13.026147959183673
CAM,6536,5.481664180755615,9.515256881713867,477,1,13,20,13.026147959183673
FAM,6536,1.6846041679382324,9.515256881713867,477,1,13,20,13.026147959183673
Random,6536,3.1736719608306885,9.515256881713867,477,1,13,20,13.026147959183673
Superpixel,2421,1.6660407781600952,8.106038093566895,478,1,14,20,4.825015943877551
CAM,2421,-0.0414829030632972,8.106038093566895,478,1,14,20,4.825015943877551
FAM,2421,-0.4110234677791595,8.106038093566895,478,1,14,20,4.825015943877551
Random,2421,-0.7711884379386902,8.106038093566895,478,1,14,20,4.825015943877551
Superpixel,6830,4.751623153686523,9.32462215423584,479,1,12,20,13.612085459183673
CAM,6830,3.309926271438598,9.32462215423584,479,1,12,20,13.612085459183673
FAM,6830,0.7708894610404968,9.32462215423584,479,1,12,20,13.612085459183673
Random,6830,1.1106727123260498,9.32462215423584,479,1,12,20,13.612085459183673
Superpixel,3692,2.3235809803009038,8.69333267211914,480,1,14,20,7.358099489795919
CAM,3692,0.1287943869829177,8.69333267211914,480,1,14,20,7.358099489795919
FAM,3692,-0.0736798718571662,8.69333267211914,480,1,14,20,7.358099489795919
Random,3692,1.6526470184326172,8.69333267211914,480,1,14,20,7.358099489795919
Superpixel,1851,3.3993327617645264,12.91010856628418,481,1,15,20,3.689014668367347
CAM,1851,2.0749428272247314,12.91010856628418,481,1,15,20,3.689014668367347
FAM,1851,1.7477483749389648,12.91010856628418,481,1,15,20,3.689014668367347
Random,1851,1.5973057746887207,12.91010856628418,481,1,15,20,3.689014668367347
Superpixel,9605,2.8965578079223637,11.24067497253418,482,1,12,20,19.14261798469388
CAM,9605,-0.027591049671173,11.24067497253418,482,1,12,20,19.14261798469388
FAM,9605,1.567998290061951,11.24067497253418,482,1,12,20,19.14261798469388
Random,9605,1.2617236375808716,11.24067497253418,482,1,12,20,19.14261798469388
Superpixel,1667,2.332427263259888,12.510856628417969,483,1,15,20,3.322305484693878
CAM,1667,2.309082269668579,12.510856628417969,483,1,15,20,3.322305484693878
FAM,1667,0.4554347395896911,12.510856628417969,483,1,15,20,3.322305484693878
Random,1667,0.8012746572494507,12.510856628417969,483,1,15,20,3.322305484693878
Superpixel,12227,4.451728343963623,13.336052894592283,484,1,12,20,24.368223852040817
CAM,12227,5.281020641326904,13.336052894592283,484,1,12,20,24.368223852040817
FAM,12227,4.222350597381592,13.336052894592283,484,1,12,20,24.368223852040817
Random,12227,4.353325366973877,13.336052894592283,484,1,12,20,24.368223852040817
Superpixel,8060,3.2879855632781982,11.77963161468506,485,1,13,20,16.06345663265306
CAM,8060,2.8559515476226807,11.77963161468506,485,1,13,20,16.06345663265306
FAM,8060,1.2232517004013062,11.77963161468506,485,1,13,20,16.06345663265306
Random,8060,5.298727989196777,11.77963161468506,485,1,13,20,16.06345663265306
Superpixel,3535,2.0571255683898926,14.067773818969728,486,1,15,20,7.045200892857142
CAM,3535,0.7088913321495056,14.067773818969728,486,1,15,20,7.045200892857142
FAM,3535,0.7275107502937317,14.067773818969728,486,1,15,20,7.045200892857142
Random,3535,-0.1124373152852058,14.067773818969728,486,1,15,20,7.045200892857142
Superpixel,3193,1.034185767173767,13.88963222503662,487,1,14,20,6.363600127551021
CAM,3193,1.6878315210342407,13.88963222503662,487,1,14,20,6.363600127551021
FAM,3193,1.282455325126648,13.88963222503662,487,1,14,20,6.363600127551021
Random,3193,-1.2607024908065796,13.88963222503662,487,1,14,20,6.363600127551021
Superpixel,3998,0.2953565716743469,8.470479011535645,488,1,15,20,7.967952806122448
CAM,3998,1.1069953441619873,8.470479011535645,488,1,15,20,7.967952806122448
FAM,3998,-0.6531882882118225,8.470479011535645,488,1,15,20,7.967952806122448
Random,3998,-1.2861663103103638,8.470479011535645,488,1,15,20,7.967952806122448
Superpixel,5850,1.5617519617080688,12.820167541503906,489,1,15,20,11.658960459183673
CAM,5850,9.683358192443848,12.820167541503906,489,1,15,20,11.658960459183673
FAM,5850,7.59187126159668,12.820167541503906,489,1,15,20,11.658960459183673
Random,5850,-0.1462672799825668,12.820167541503906,489,1,15,20,11.658960459183673
Superpixel,12790,2.5029497146606445,14.74143409729004,490,1,13,20,25.49027423469388
CAM,12790,12.420411109924316,14.74143409729004,490,1,13,20,25.49027423469388
FAM,12790,5.777392864227295,14.74143409729004,490,1,13,20,25.49027423469388
Random,12790,1.790289282798767,14.74143409729004,490,1,13,20,25.49027423469388
Superpixel,7018,7.027623176574707,8.130158424377441,491,1,11,20,13.986766581632654
CAM,7018,6.141403675079346,8.130158424377441,491,1,11,20,13.986766581632654
FAM,7018,5.376089096069336,8.130158424377441,491,1,11,20,13.986766581632654
Random,7018,0.6851691603660583,8.130158424377441,491,1,11,20,13.986766581632654
Superpixel,4249,8.696636199951172,16.23480224609375,492,1,14,20,8.468191964285714
CAM,4249,2.843603610992432,16.23480224609375,492,1,14,20,8.468191964285714
FAM,4249,2.222042798995972,16.23480224609375,492,1,14,20,8.468191964285714
Random,4249,0.3869048357009887,16.23480224609375,492,1,14,20,8.468191964285714
Superpixel,2042,1.6021724939346311,16.02787971496582,493,1,16,20,4.069674744897959
CAM,2042,-0.0895876064896583,16.02787971496582,493,1,16,20,4.069674744897959
FAM,2042,0.3920143842697143,16.02787971496582,493,1,16,20,4.069674744897959
Random,2042,3.9262731075286874,16.02787971496582,493,1,16,20,4.069674744897959
Superpixel,6239,2.8551464080810547,13.967168807983398,494,1,13,20,12.43423150510204
CAM,6239,1.139815330505371,13.967168807983398,494,1,13,20,12.43423150510204
FAM,6239,3.887501001358032,13.967168807983398,494,1,13,20,12.43423150510204
Random,6239,-0.1393849998712539,13.967168807983398,494,1,13,20,12.43423150510204
Superpixel,11001,6.963603019714356,15.738525390625,495,1,10,20,21.92482461734694
CAM,11001,14.170442581176758,15.738525390625,495,1,10,20,21.92482461734694
FAM,11001,13.475753784179688,15.738525390625,495,1,10,20,21.92482461734694
Random,11001,-0.8065010905265808,15.738525390625,495,1,10,20,21.92482461734694
Superpixel,5374,4.150234699249268,10.49150562286377,496,1,14,20,10.71029974489796
CAM,5374,5.6545000076293945,10.49150562286377,496,1,14,20,10.71029974489796
FAM,5374,-0.2701840102672577,10.49150562286377,496,1,14,20,10.71029974489796
Random,5374,-0.277743399143219,10.49150562286377,496,1,14,20,10.71029974489796
Superpixel,2537,1.8112945556640625,13.761595726013184,497,1,14,20,5.056202168367348
CAM,2537,1.9861825704574585,13.761595726013184,497,1,14,20,5.056202168367348
FAM,2537,1.3438072204589844,13.761595726013184,497,1,14,20,5.056202168367348
Random,2537,0.9296109080314636,13.761595726013184,497,1,14,20,5.056202168367348
Superpixel,3893,1.702713131904602,15.232110977172852,498,1,13,20,7.758689413265306
CAM,3893,0.501975953578949,15.232110977172852,498,1,13,20,7.758689413265306
FAM,3893,4.303746223449707,15.232110977172852,498,1,13,20,7.758689413265306
Random,3893,-0.8443219065666199,15.232110977172852,498,1,13,20,7.758689413265306
Superpixel,6367,0.911271333694458,11.105846405029297,499,1,14,20,12.68933354591837
CAM,6367,-0.7309626936912537,11.105846405029297,499,1,14,20,12.68933354591837
FAM,6367,1.6534491777420044,11.105846405029297,499,1,14,20,12.68933354591837
Random,6367,-0.6364438533782959,11.105846405029297,499,1,14,20,12.68933354591837
Superpixel,4136,4.861463069915772,13.099201202392578,0,1,21,30,8.24298469387755
CAM,4136,2.0598337650299072,13.099201202392578,0,1,21,30,8.24298469387755
FAM,4136,1.6565643548965454,13.099201202392578,0,1,21,30,8.24298469387755
Random,4136,4.376610279083252,13.099201202392578,0,1,21,30,8.24298469387755
Superpixel,3948,6.46881628036499,14.3037748336792,1,1,21,30,7.868303571428571
CAM,3948,1.8442384004592896,14.3037748336792,1,1,21,30,7.868303571428571
FAM,3948,2.4115920066833496,14.3037748336792,1,1,21,30,7.868303571428571
Random,3948,1.926167130470276,14.3037748336792,1,1,21,30,7.868303571428571
Superpixel,3351,4.6334075927734375,9.7085542678833,2,1,22,30,6.678491709183673
CAM,3351,1.253808617591858,9.7085542678833,2,1,22,30,6.678491709183673
FAM,3351,3.441617488861084,9.7085542678833,2,1,22,30,6.678491709183673
Random,3351,4.418471813201904,9.7085542678833,2,1,22,30,6.678491709183673
Superpixel,2867,7.331686973571777,12.617070198059082,3,1,25,30,5.713887117346939
CAM,2867,3.9541029930114746,12.617070198059082,3,1,25,30,5.713887117346939
FAM,2867,0.8181650042533875,12.617070198059082,3,1,25,30,5.713887117346939
Random,2867,1.400864601135254,12.617070198059082,3,1,25,30,5.713887117346939
Superpixel,2246,3.5694828033447266,13.0728178024292,4,1,22,30,4.47624362244898
CAM,2246,1.626760721206665,13.0728178024292,4,1,22,30,4.47624362244898
FAM,2246,1.6641244888305664,13.0728178024292,4,1,22,30,4.47624362244898
Random,2246,2.819979667663574,13.0728178024292,4,1,22,30,4.47624362244898
Superpixel,2993,7.534263610839844,6.779087066650391,5,1,20,30,5.96500318877551
CAM,2993,4.34034538269043,6.779087066650391,5,1,20,30,5.96500318877551
FAM,2993,2.0253219604492188,6.779087066650391,5,1,20,30,5.96500318877551
Random,2993,0.9462020993232728,6.779087066650391,5,1,20,30,5.96500318877551
Superpixel,2138,5.414229869842529,14.718029975891112,6,1,23,30,4.261001275510204
CAM,2138,1.2668461799621582,14.718029975891112,6,1,23,30,4.261001275510204
FAM,2138,1.888856053352356,14.718029975891112,6,1,23,30,4.261001275510204
Random,2138,1.9766656160354612,14.718029975891112,6,1,23,30,4.261001275510204
Superpixel,2542,6.380580425262451,14.793753623962402,7,1,23,30,5.066167091836735
CAM,2542,1.7680116891860962,14.793753623962402,7,1,23,30,5.066167091836735
FAM,2542,2.0062131881713867,14.793753623962402,7,1,23,30,5.066167091836735
Random,2542,1.540427803993225,14.793753623962402,7,1,23,30,5.066167091836735
Superpixel,2023,4.9239373207092285,11.846647262573242,8,1,25,30,4.031808035714286
CAM,2023,1.6015640497207642,11.846647262573242,8,1,25,30,4.031808035714286
FAM,2023,1.5858803987503052,11.846647262573242,8,1,25,30,4.031808035714286
Random,2023,1.0381735563278198,11.846647262573242,8,1,25,30,4.031808035714286
Superpixel,2931,6.602540493011475,15.714459419250488,9,1,24,30,5.841438137755102
CAM,2931,2.8787331581115723,15.714459419250488,9,1,24,30,5.841438137755102
FAM,2931,1.3512935638427734,15.714459419250488,9,1,24,30,5.841438137755102
Random,2931,3.3918044567108154,15.714459419250488,9,1,24,30,5.841438137755102
Superpixel,2266,4.904816150665283,14.797472953796388,10,1,25,30,4.5161033163265305
CAM,2266,4.077079772949219,14.797472953796388,10,1,25,30,4.5161033163265305
FAM,2266,1.369576334953308,14.797472953796388,10,1,25,30,4.5161033163265305
Random,2266,2.463348865509033,14.797472953796388,10,1,25,30,4.5161033163265305
Superpixel,1886,4.729456424713135,15.955321311950684,11,1,25,30,3.7587691326530615
CAM,1886,1.999651551246643,15.955321311950684,11,1,25,30,3.7587691326530615
FAM,1886,2.551617383956909,15.955321311950684,11,1,25,30,3.7587691326530615
Random,1886,2.077306270599365,15.955321311950684,11,1,25,30,3.7587691326530615
Superpixel,1712,4.14507532119751,12.503718376159668,12,1,23,30,3.411989795918368
CAM,1712,2.275831699371338,12.503718376159668,12,1,23,30,3.411989795918368
FAM,1712,1.0813003778457642,12.503718376159668,12,1,23,30,3.411989795918368
Random,1712,1.6886769533157349,12.503718376159668,12,1,23,30,3.411989795918368
Superpixel,1615,6.393764972686768,12.631207466125488,13,1,23,30,3.218670280612245
CAM,1615,2.0853121280670166,12.631207466125488,13,1,23,30,3.218670280612245
FAM,1615,3.98897123336792,12.631207466125488,13,1,23,30,3.218670280612245
Random,1615,2.677488327026367,12.631207466125488,13,1,23,30,3.218670280612245
Superpixel,1993,3.5609493255615234,11.779589653015137,14,1,21,30,3.9720184948979593
CAM,1993,1.5289524793624878,11.779589653015137,14,1,21,30,3.9720184948979593
FAM,1993,1.0974892377853394,11.779589653015137,14,1,21,30,3.9720184948979593
Random,1993,2.70640230178833,11.779589653015137,14,1,21,30,3.9720184948979593
Superpixel,1769,4.524116516113281,12.841392517089844,15,1,22,30,3.525589923469388
CAM,1769,2.299901008605957,12.841392517089844,15,1,22,30,3.525589923469388
FAM,1769,1.4460676908493042,12.841392517089844,15,1,22,30,3.525589923469388
Random,1769,2.1673216819763184,12.841392517089844,15,1,22,30,3.525589923469388
Superpixel,1597,3.622337818145752,11.09400463104248,16,1,21,30,3.182796556122449
CAM,1597,4.468416690826416,11.09400463104248,16,1,21,30,3.182796556122449
FAM,1597,1.948832392692566,11.09400463104248,16,1,21,30,3.182796556122449
Random,1597,2.767545461654663,11.09400463104248,16,1,21,30,3.182796556122449
Superpixel,1207,8.055083274841309,12.585721015930176,17,1,24,30,2.405532525510204
CAM,1207,3.4138829708099365,12.585721015930176,17,1,24,30,2.405532525510204
FAM,1207,3.1188864707946777,12.585721015930176,17,1,24,30,2.405532525510204
Random,1207,2.3713572025299072,12.585721015930176,17,1,24,30,2.405532525510204
Superpixel,2035,5.05770206451416,12.694380760192873,18,1,24,30,4.055723852040816
CAM,2035,3.3591761589050293,12.694380760192873,18,1,24,30,4.055723852040816
FAM,2035,1.7688438892364502,12.694380760192873,18,1,24,30,4.055723852040816
Random,2035,2.1276183128356934,12.694380760192873,18,1,24,30,4.055723852040816
Superpixel,3458,5.516894817352295,12.989941596984863,19,1,20,30,6.891741071428571
CAM,3458,6.42396354675293,12.989941596984863,19,1,20,30,6.891741071428571
FAM,3458,2.155956268310547,12.989941596984863,19,1,20,30,6.891741071428571
Random,3458,1.3795394897460938,12.989941596984863,19,1,20,30,6.891741071428571
Superpixel,2404,7.1405930519104,16.128185272216797,20,1,25,30,4.791135204081633
CAM,2404,1.847397804260254,16.128185272216797,20,1,25,30,4.791135204081633
FAM,2404,2.824390411376953,16.128185272216797,20,1,25,30,4.791135204081633
Random,2404,1.6021583080291748,16.128185272216797,20,1,25,30,4.791135204081633
Superpixel,2570,5.668419361114502,12.184077262878418,21,1,24,30,5.121970663265306
CAM,2570,2.0981056690216064,12.184077262878418,21,1,24,30,5.121970663265306
FAM,2570,0.6054258346557617,12.184077262878418,21,1,24,30,5.121970663265306
Random,2570,2.9647789001464844,12.184077262878418,21,1,24,30,5.121970663265306
Superpixel,2999,4.522706508636475,14.059261322021484,22,1,25,30,5.976961096938775
CAM,2999,0.6992157101631165,14.059261322021484,22,1,25,30,5.976961096938775
FAM,2999,0.9786493182182312,14.059261322021484,22,1,25,30,5.976961096938775
Random,2999,1.1017186641693115,14.059261322021484,22,1,25,30,5.976961096938775
Superpixel,2048,3.5664796829223637,12.09141731262207,23,1,22,30,4.081632653061225
CAM,2048,2.5035088062286377,12.09141731262207,23,1,22,30,4.081632653061225
FAM,2048,0.4768775999546051,12.09141731262207,23,1,22,30,4.081632653061225
Random,2048,1.2818132638931274,12.09141731262207,23,1,22,30,4.081632653061225
Superpixel,1862,5.51137638092041,12.06894302368164,24,1,24,30,3.7109375
CAM,1862,2.189711332321167,12.06894302368164,24,1,24,30,3.7109375
FAM,1862,2.7899532318115234,12.06894302368164,24,1,24,30,3.7109375
Random,1862,2.633913993835449,12.06894302368164,24,1,24,30,3.7109375
Superpixel,1731,4.033197402954102,9.44813632965088,25,1,25,30,3.4498565051020407
CAM,1731,0.6463223695755005,9.44813632965088,25,1,25,30,3.4498565051020407
FAM,1731,1.3809276819229126,9.44813632965088,25,1,25,30,3.4498565051020407
Random,1731,1.6233532428741455,9.44813632965088,25,1,25,30,3.4498565051020407
Superpixel,1891,9.21019172668457,13.162083625793455,26,1,23,30,3.768734056122449
CAM,1891,5.209169387817383,13.162083625793455,26,1,23,30,3.768734056122449
FAM,1891,3.245771884918213,13.162083625793455,26,1,23,30,3.768734056122449
Random,1891,1.6016393899917605,13.162083625793455,26,1,23,30,3.768734056122449
Superpixel,1741,4.305172443389893,12.336620330810549,27,1,21,30,3.4697863520408165
CAM,1741,2.3701164722442627,12.336620330810549,27,1,21,30,3.4697863520408165
FAM,1741,2.148472547531128,12.336620330810549,27,1,21,30,3.4697863520408165
Random,1741,1.5046466588974,12.336620330810549,27,1,21,30,3.4697863520408165
Superpixel,2287,4.971335411071777,12.569396018981934,28,1,24,30,4.557955994897959
CAM,2287,1.3335033655166626,12.569396018981934,28,1,24,30,4.557955994897959
FAM,2287,0.591134250164032,12.569396018981934,28,1,24,30,4.557955994897959
Random,2287,2.9295687675476074,12.569396018981934,28,1,24,30,4.557955994897959
Superpixel,1988,5.694270610809326,11.978230476379396,29,1,23,30,3.962053571428571
CAM,1988,-0.3888031542301178,11.978230476379396,29,1,23,30,3.962053571428571
FAM,1988,2.7582287788391118,11.978230476379396,29,1,23,30,3.962053571428571
Random,1988,3.620129346847534,11.978230476379396,29,1,23,30,3.962053571428571
Superpixel,1668,5.452176570892334,9.819235801696776,30,1,24,30,3.324298469387755
CAM,1668,1.4408762454986572,9.819235801696776,30,1,24,30,3.324298469387755
FAM,1668,1.8937313556671145,9.819235801696776,30,1,24,30,3.324298469387755
Random,1668,2.421813488006592,9.819235801696776,30,1,24,30,3.324298469387755
Superpixel,3004,5.56788969039917,10.437777519226074,31,1,22,30,5.986926020408164
CAM,3004,0.629602313041687,10.437777519226074,31,1,22,30,5.986926020408164
FAM,3004,2.550316095352173,10.437777519226074,31,1,22,30,5.986926020408164
Random,3004,0.4360871315002441,10.437777519226074,31,1,22,30,5.986926020408164
Superpixel,3584,7.99039888381958,14.931035041809082,32,1,23,30,7.142857142857142
CAM,3584,10.835370063781738,14.931035041809082,32,1,23,30,7.142857142857142
FAM,3584,5.4669060707092285,14.931035041809082,32,1,23,30,7.142857142857142
Random,3584,0.4778999388217926,14.931035041809082,32,1,23,30,7.142857142857142
Superpixel,2254,10.14820957183838,16.01531219482422,33,1,23,30,4.4921875
CAM,2254,6.406863689422607,16.01531219482422,33,1,23,30,4.4921875
FAM,2254,2.298084259033203,16.01531219482422,33,1,23,30,4.4921875
Random,2254,2.782157182693481,16.01531219482422,33,1,23,30,4.4921875
Superpixel,1296,7.104106426239014,8.661576271057129,34,1,24,30,2.5829081632653064
CAM,1296,2.559317111968994,8.661576271057129,34,1,24,30,2.5829081632653064
FAM,1296,1.58453369140625,8.661576271057129,34,1,24,30,2.5829081632653064
Random,1296,2.1939640045166016,8.661576271057129,34,1,24,30,2.5829081632653064
Superpixel,2112,6.003828525543213,13.425541877746582,35,1,23,30,4.209183673469387
CAM,2112,3.194886445999145,13.425541877746582,35,1,23,30,4.209183673469387
FAM,2112,3.908190965652466,13.425541877746582,35,1,23,30,4.209183673469387
Random,2112,3.006171464920044,13.425541877746582,35,1,23,30,4.209183673469387
Superpixel,1774,9.8350191116333,16.96900749206543,36,1,23,30,3.535554846938776
CAM,1774,2.3305742740631104,16.96900749206543,36,1,23,30,3.535554846938776
FAM,1774,1.5339027643203735,16.96900749206543,36,1,23,30,3.535554846938776
Random,1774,1.889122486114502,16.96900749206543,36,1,23,30,3.535554846938776
Superpixel,1664,5.848695755004883,13.132783889770508,37,1,23,30,3.316326530612245
CAM,1664,4.330665111541748,13.132783889770508,37,1,23,30,3.316326530612245
FAM,1664,3.094043493270874,13.132783889770508,37,1,23,30,3.316326530612245
Random,1664,1.760851502418518,13.132783889770508,37,1,23,30,3.316326530612245
Superpixel,1204,5.891571998596191,10.501419067382812,38,1,24,30,2.399553571428572
CAM,1204,1.6488674879074097,10.501419067382812,38,1,24,30,2.399553571428572
FAM,1204,1.4302641153335571,10.501419067382812,38,1,24,30,2.399553571428572
Random,1204,1.4771716594696045,10.501419067382812,38,1,24,30,2.399553571428572
Superpixel,1930,8.54940414428711,14.97776699066162,39,1,23,30,3.846460459183673
CAM,1930,4.867198467254639,14.97776699066162,39,1,23,30,3.846460459183673
FAM,1930,2.0599043369293213,14.97776699066162,39,1,23,30,3.846460459183673
Random,1930,1.6827634572982788,14.97776699066162,39,1,23,30,3.846460459183673
Superpixel,3173,6.215086936950684,14.156771659851074,40,1,21,30,6.3237404336734695
CAM,3173,5.293384075164795,14.156771659851074,40,1,21,30,6.3237404336734695
FAM,3173,2.2988924980163574,14.156771659851074,40,1,21,30,6.3237404336734695
Random,3173,2.892517566680908,14.156771659851074,40,1,21,30,6.3237404336734695
Superpixel,2761,5.552089691162109,9.808170318603516,41,1,24,30,5.502630739795919
CAM,2761,0.7546970844268799,9.808170318603516,41,1,24,30,5.502630739795919
FAM,2761,0.599994421005249,9.808170318603516,41,1,24,30,5.502630739795919
Random,2761,0.5968102812767029,9.808170318603516,41,1,24,30,5.502630739795919
Superpixel,3031,5.111749172210693,6.9113450050354,42,1,22,30,6.040736607142857
CAM,3031,2.346200466156006,6.9113450050354,42,1,22,30,6.040736607142857
FAM,3031,2.6036806106567383,6.9113450050354,42,1,22,30,6.040736607142857
Random,3031,1.115184664726257,6.9113450050354,42,1,22,30,6.040736607142857
Superpixel,1438,6.434107780456543,8.154461860656738,43,1,21,30,2.865911989795918
CAM,1438,1.034453511238098,8.154461860656738,43,1,21,30,2.865911989795918
FAM,1438,2.741732358932495,8.154461860656738,43,1,21,30,2.865911989795918
Random,1438,1.358619213104248,8.154461860656738,43,1,21,30,2.865911989795918
Superpixel,2028,2.1413700580596924,7.419267177581787,44,1,23,30,4.041772959183673
CAM,2028,1.4378607273101809,7.419267177581787,44,1,23,30,4.041772959183673
FAM,2028,0.4620397984981537,7.419267177581787,44,1,23,30,4.041772959183673
Random,2028,0.4650897085666656,7.419267177581787,44,1,23,30,4.041772959183673
Superpixel,2147,8.061898231506348,16.02260971069336,45,1,23,30,4.278938137755102
CAM,2147,1.4779647588729858,16.02260971069336,45,1,23,30,4.278938137755102
FAM,2147,5.203831195831299,16.02260971069336,45,1,23,30,4.278938137755102
Random,2147,1.6627681255340576,16.02260971069336,45,1,23,30,4.278938137755102
Superpixel,1578,6.666528224945068,13.61289119720459,46,1,23,30,3.144929846938776
CAM,1578,2.672508001327514,13.61289119720459,46,1,23,30,3.144929846938776
FAM,1578,2.2036352157592773,13.61289119720459,46,1,23,30,3.144929846938776
Random,1578,1.0071451663970947,13.61289119720459,46,1,23,30,3.144929846938776
Superpixel,1695,5.552391052246094,12.235228538513184,47,1,21,30,3.378109056122449
CAM,1695,3.3983042240142822,12.235228538513184,47,1,21,30,3.378109056122449
FAM,1695,3.135167360305786,12.235228538513184,47,1,21,30,3.378109056122449
Random,1695,1.560951828956604,12.235228538513184,47,1,21,30,3.378109056122449
Superpixel,1210,5.328324794769287,6.241652488708496,48,1,25,30,2.4115114795918364
CAM,1210,3.7501723766326895,6.241652488708496,48,1,25,30,2.4115114795918364
FAM,1210,2.468355894088745,6.241652488708496,48,1,25,30,2.4115114795918364
Random,1210,1.7366454601287842,6.241652488708496,48,1,25,30,2.4115114795918364
Superpixel,1432,8.833331108093262,9.01724624633789,49,1,22,30,2.853954081632653
CAM,1432,2.5704338550567627,9.01724624633789,49,1,22,30,2.853954081632653
FAM,1432,1.4228814840316772,9.01724624633789,49,1,22,30,2.853954081632653
Random,1432,1.282829523086548,9.01724624633789,49,1,22,30,2.853954081632653
Superpixel,1656,5.176535129547119,12.316967964172363,50,1,23,30,3.300382653061224
CAM,1656,4.055117607116699,12.316967964172363,50,1,23,30,3.300382653061224
FAM,1656,3.554424524307251,12.316967964172363,50,1,23,30,3.300382653061224
Random,1656,3.605212450027466,12.316967964172363,50,1,23,30,3.300382653061224
Superpixel,2894,2.915299415588379,9.366311073303224,51,1,24,30,5.767697704081633
CAM,2894,1.8147302865982056,9.366311073303224,51,1,24,30,5.767697704081633
FAM,2894,1.9859250783920288,9.366311073303224,51,1,24,30,5.767697704081633
Random,2894,2.398773431777954,9.366311073303224,51,1,24,30,5.767697704081633
Superpixel,2192,9.552512168884276,11.969888687133787,52,1,22,30,4.368622448979592
CAM,2192,3.331092357635498,11.969888687133787,52,1,22,30,4.368622448979592
FAM,2192,2.7398464679718018,11.969888687133787,52,1,22,30,4.368622448979592
Random,2192,2.3867313861846924,11.969888687133787,52,1,22,30,4.368622448979592
Superpixel,3007,6.56329345703125,8.190380096435547,53,1,22,30,5.992904974489796
CAM,3007,2.4467334747314453,8.190380096435547,53,1,22,30,5.992904974489796
FAM,3007,2.046992778778076,8.190380096435547,53,1,22,30,5.992904974489796
Random,3007,2.9685096740722656,8.190380096435547,53,1,22,30,5.992904974489796
Superpixel,1815,10.84398365020752,14.023322105407717,54,1,25,30,3.617267219387755
CAM,1815,2.2255303859710693,14.023322105407717,54,1,25,30,3.617267219387755
FAM,1815,2.0219976902008057,14.023322105407717,54,1,25,30,3.617267219387755
Random,1815,2.2662930488586426,14.023322105407717,54,1,25,30,3.617267219387755
Superpixel,2022,7.794816493988037,13.847554206848145,55,1,25,30,4.029815051020408
CAM,2022,4.376738548278809,13.847554206848145,55,1,25,30,4.029815051020408
FAM,2022,2.6788811683654785,13.847554206848145,55,1,25,30,4.029815051020408
Random,2022,3.146816730499268,13.847554206848145,55,1,25,30,4.029815051020408
Superpixel,1161,5.088806629180908,9.499467849731444,56,1,20,30,2.3138552295918364
CAM,1161,2.659116268157959,9.499467849731444,56,1,20,30,2.3138552295918364
FAM,1161,2.5127553939819336,9.499467849731444,56,1,20,30,2.3138552295918364
Random,1161,1.7166281938552856,9.499467849731444,56,1,20,30,2.3138552295918364
Superpixel,4071,10.21051025390625,15.408567428588867,57,1,23,30,8.11344068877551
CAM,4071,9.604736328125,15.408567428588867,57,1,23,30,8.11344068877551
FAM,4071,5.969167232513428,15.408567428588867,57,1,23,30,8.11344068877551
Random,4071,4.677768230438232,15.408567428588867,57,1,23,30,8.11344068877551
Superpixel,3012,5.434628486633301,7.831768989562988,58,1,23,30,6.002869897959184
CAM,3012,1.910069704055786,7.831768989562988,58,1,23,30,6.002869897959184
FAM,3012,1.9590197801589968,7.831768989562988,58,1,23,30,6.002869897959184
Random,3012,1.4133925437927246,7.831768989562988,58,1,23,30,6.002869897959184
Superpixel,1610,6.234414577484131,10.82791805267334,59,1,25,30,3.2087053571428568
CAM,1610,3.826203584671021,10.82791805267334,59,1,25,30,3.2087053571428568
FAM,1610,2.2408602237701416,10.82791805267334,59,1,25,30,3.2087053571428568
Random,1610,2.227447748184204,10.82791805267334,59,1,25,30,3.2087053571428568
Superpixel,2489,7.431591033935547,11.512099266052246,60,1,24,30,4.960538903061225
CAM,2489,3.6861538887023926,11.512099266052246,60,1,24,30,4.960538903061225
FAM,2489,2.565321445465088,11.512099266052246,60,1,24,30,4.960538903061225
Random,2489,2.8260958194732666,11.512099266052246,60,1,24,30,4.960538903061225
Superpixel,1056,4.822804927825928,6.567867755889893,61,1,25,30,2.1045918367346936
CAM,1056,1.4419174194335938,6.567867755889893,61,1,25,30,2.1045918367346936
FAM,1056,0.3372960686683655,6.567867755889893,61,1,25,30,2.1045918367346936
Random,1056,1.29139506816864,6.567867755889893,61,1,25,30,2.1045918367346936
Superpixel,3808,9.613153457641602,12.996379852294922,62,1,20,30,7.5892857142857135
CAM,3808,3.2334492206573486,12.996379852294922,62,1,20,30,7.5892857142857135
FAM,3808,5.931840896606445,12.996379852294922,62,1,20,30,7.5892857142857135
Random,3808,2.7026524543762207,12.996379852294922,62,1,20,30,7.5892857142857135
Superpixel,1615,7.01755428314209,13.005719184875488,63,1,24,30,3.218670280612245
CAM,1615,2.0632143020629883,13.005719184875488,63,1,24,30,3.218670280612245
FAM,1615,2.195132255554199,13.005719184875488,63,1,24,30,3.218670280612245
Random,1615,3.307704448699951,13.005719184875488,63,1,24,30,3.218670280612245
Superpixel,1743,7.559108734130859,14.693999290466309,64,1,25,30,3.473772321428571
CAM,1743,2.2461509704589844,14.693999290466309,64,1,25,30,3.473772321428571
FAM,1743,1.9880938529968264,14.693999290466309,64,1,25,30,3.473772321428571
Random,1743,3.177950382232666,14.693999290466309,64,1,25,30,3.473772321428571
Superpixel,3082,6.207024574279785,14.149901390075684,65,1,21,30,6.142378826530613
CAM,3082,2.8503236770629883,14.149901390075684,65,1,21,30,6.142378826530613
FAM,3082,6.0754899978637695,14.149901390075684,65,1,21,30,6.142378826530613
Random,3082,3.2579665184021,14.149901390075684,65,1,21,30,6.142378826530613
Superpixel,4122,8.230377197265625,18.68174362182617,66,1,21,30,8.215082908163266
CAM,4122,4.334916114807129,18.68174362182617,66,1,21,30,8.215082908163266
FAM,4122,3.695219039916992,18.68174362182617,66,1,21,30,8.215082908163266
Random,4122,4.430853843688965,18.68174362182617,66,1,21,30,8.215082908163266
Superpixel,2501,3.014046669006348,5.601407051086426,67,1,24,30,4.984454719387755
CAM,2501,3.824070930480957,5.601407051086426,67,1,24,30,4.984454719387755
FAM,2501,2.334958553314209,5.601407051086426,67,1,24,30,4.984454719387755
Random,2501,1.2812358140945437,5.601407051086426,67,1,24,30,4.984454719387755
Superpixel,2871,6.990201950073242,15.8436918258667,68,1,23,30,5.721859056122449
CAM,2871,4.145686149597168,15.8436918258667,68,1,23,30,5.721859056122449
FAM,2871,2.301626443862915,15.8436918258667,68,1,23,30,5.721859056122449
Random,2871,2.0893917083740234,15.8436918258667,68,1,23,30,5.721859056122449
Superpixel,1803,8.567066192626953,10.574131965637209,69,1,22,30,3.593351403061224
CAM,1803,2.496490001678467,10.574131965637209,69,1,22,30,3.593351403061224
FAM,1803,3.1924545764923096,10.574131965637209,69,1,22,30,3.593351403061224
Random,1803,1.433056116104126,10.574131965637209,69,1,22,30,3.593351403061224
Superpixel,2258,5.970057487487793,10.96778392791748,70,1,23,30,4.50015943877551
CAM,2258,4.743352890014648,10.96778392791748,70,1,23,30,4.50015943877551
FAM,2258,1.574804425239563,10.96778392791748,70,1,23,30,4.50015943877551
Random,2258,1.7149991989135742,10.96778392791748,70,1,23,30,4.50015943877551
Superpixel,2475,7.366553783416748,13.712986946105955,71,1,22,30,4.932637117346939
CAM,2475,5.370067596435547,13.712986946105955,71,1,22,30,4.932637117346939
FAM,2475,3.015995979309082,13.712986946105955,71,1,22,30,4.932637117346939
Random,2475,2.6175994873046875,13.712986946105955,71,1,22,30,4.932637117346939
Superpixel,3072,8.703265190124512,7.891994476318359,72,1,22,30,6.122448979591836
CAM,3072,4.276440143585205,7.891994476318359,72,1,22,30,6.122448979591836
FAM,3072,1.4198821783065796,7.891994476318359,72,1,22,30,6.122448979591836
Random,3072,2.9924378395080566,7.891994476318359,72,1,22,30,6.122448979591836
Superpixel,2380,6.124037742614746,9.226783752441406,73,1,19,30,4.743303571428571
CAM,2380,0.960804283618927,9.226783752441406,73,1,19,30,4.743303571428571
FAM,2380,1.690807223320007,9.226783752441406,73,1,19,30,4.743303571428571
Random,2380,2.699665307998657,9.226783752441406,73,1,19,30,4.743303571428571
Superpixel,6566,8.533062934875488,13.885249137878418,74,1,16,30,13.0859375
CAM,6566,5.376989841461182,13.885249137878418,74,1,16,30,13.0859375
FAM,6566,4.074836730957031,13.885249137878418,74,1,16,30,13.0859375
Random,6566,3.606550693511963,13.885249137878418,74,1,16,30,13.0859375
Superpixel,2635,9.32245922088623,12.7848539352417,75,1,24,30,5.251514668367348
CAM,2635,4.218612194061279,12.7848539352417,75,1,24,30,5.251514668367348
FAM,2635,1.7570812702178955,12.7848539352417,75,1,24,30,5.251514668367348
Random,2635,1.925502061843872,12.7848539352417,75,1,24,30,5.251514668367348
Superpixel,1879,7.772027015686035,14.082791328430176,76,1,23,30,3.744818239795918
CAM,1879,2.8194150924682617,14.082791328430176,76,1,23,30,3.744818239795918
FAM,1879,3.4218106269836426,14.082791328430176,76,1,23,30,3.744818239795918
Random,1879,5.927525043487549,14.082791328430176,76,1,23,30,3.744818239795918
Superpixel,2285,6.669921875,11.567422866821287,77,1,24,30,4.553970025510204
CAM,2285,1.7666314840316772,11.567422866821287,77,1,24,30,4.553970025510204
FAM,2285,5.210750579833984,11.567422866821287,77,1,24,30,4.553970025510204
Random,2285,3.691632270812988,11.567422866821287,77,1,24,30,4.553970025510204
Superpixel,2680,8.161706924438477,9.01831340789795,78,1,23,30,5.341198979591836
CAM,2680,2.732960700988769,9.01831340789795,78,1,23,30,5.341198979591836
FAM,2680,1.5562219619750977,9.01831340789795,78,1,23,30,5.341198979591836
Random,2680,1.9321014881134035,9.01831340789795,78,1,23,30,5.341198979591836
Superpixel,3427,4.023950576782227,11.042000770568848,79,1,23,30,6.829958545918367
CAM,3427,2.061849594116211,11.042000770568848,79,1,23,30,6.829958545918367
FAM,3427,1.8141605854034424,11.042000770568848,79,1,23,30,6.829958545918367
Random,3427,4.745550632476807,11.042000770568848,79,1,23,30,6.829958545918367
Superpixel,1661,6.763981819152832,13.937752723693848,80,1,23,30,3.3103475765306123
CAM,1661,1.8602819442749023,13.937752723693848,80,1,23,30,3.3103475765306123
FAM,1661,1.7304465770721436,13.937752723693848,80,1,23,30,3.3103475765306123
Random,1661,2.176286220550537,13.937752723693848,80,1,23,30,3.3103475765306123
Superpixel,3972,7.641611099243164,15.349525451660156,81,1,18,30,7.916135204081633
CAM,3972,3.765313386917114,15.349525451660156,81,1,18,30,7.916135204081633
FAM,3972,3.0469970703125,15.349525451660156,81,1,18,30,7.916135204081633
Random,3972,0.9497588872909546,15.349525451660156,81,1,18,30,7.916135204081633
Superpixel,1479,8.57705020904541,17.41687774658203,82,1,18,30,2.947624362244898
CAM,1479,4.031682014465332,17.41687774658203,82,1,18,30,2.947624362244898
FAM,1479,2.1342008113861084,17.41687774658203,82,1,18,30,2.947624362244898
Random,1479,3.4314112663269043,17.41687774658203,82,1,18,30,2.947624362244898
Superpixel,2784,6.180483341217041,10.657397270202637,83,1,21,30,5.548469387755102
CAM,2784,3.419110059738159,10.657397270202637,83,1,21,30,5.548469387755102
FAM,2784,2.7497358322143555,10.657397270202637,83,1,21,30,5.548469387755102
Random,2784,3.2486274242401123,10.657397270202637,83,1,21,30,5.548469387755102
Superpixel,1531,7.53076171875,13.52542209625244,84,1,22,30,3.0512595663265305
CAM,1531,2.485403060913086,13.52542209625244,84,1,22,30,3.0512595663265305
FAM,1531,2.433354616165161,13.52542209625244,84,1,22,30,3.0512595663265305
Random,1531,2.447072029113769,13.52542209625244,84,1,22,30,3.0512595663265305
Superpixel,1399,8.35739803314209,18.503782272338867,85,1,24,30,2.7881855867346936
CAM,1399,2.5393221378326416,18.503782272338867,85,1,24,30,2.7881855867346936
FAM,1399,2.76688289642334,18.503782272338867,85,1,24,30,2.7881855867346936
Random,1399,3.2441134452819824,18.503782272338867,85,1,24,30,2.7881855867346936
Superpixel,2120,7.556151390075684,15.802794456481934,86,1,24,30,4.225127551020408
CAM,2120,2.309544563293457,15.802794456481934,86,1,24,30,4.225127551020408
FAM,2120,3.130427360534668,15.802794456481934,86,1,24,30,4.225127551020408
Random,2120,1.2770545482635498,15.802794456481934,86,1,24,30,4.225127551020408
Superpixel,2114,8.84288501739502,15.148703575134276,87,1,22,30,4.213169642857143
CAM,2114,3.456329107284546,15.148703575134276,87,1,22,30,4.213169642857143
FAM,2114,1.7204667329788208,15.148703575134276,87,1,22,30,4.213169642857143
Random,2114,1.531669855117798,15.148703575134276,87,1,22,30,4.213169642857143
Superpixel,3119,0.4934245944023132,11.899752616882324,88,1,21,30,6.216119260204081
CAM,3119,-2.613843441009521,11.899752616882324,88,1,21,30,6.216119260204081
FAM,3119,-0.2448084354400634,11.899752616882324,88,1,21,30,6.216119260204081
Random,3119,-1.122848391532898,11.899752616882324,88,1,21,30,6.216119260204081
Superpixel,3510,0.2628838717937469,11.500370025634766,89,1,23,30,6.995376275510204
CAM,3510,0.4597278535366058,11.500370025634766,89,1,23,30,6.995376275510204
FAM,3510,-0.4910635352134704,11.500370025634766,89,1,23,30,6.995376275510204
Random,3510,0.9765753149986268,11.500370025634766,89,1,23,30,6.995376275510204
Superpixel,2065,0.1505437791347503,6.8654656410217285,90,1,23,30,4.115513392857143
CAM,2065,-1.02457594871521,6.8654656410217285,90,1,23,30,4.115513392857143
FAM,2065,-1.3066589832305908,6.8654656410217285,90,1,23,30,4.115513392857143
Random,2065,-0.3218436241149902,6.8654656410217285,90,1,23,30,4.115513392857143
Superpixel,1632,0.6923969984054565,14.688021659851074,91,1,24,30,3.252551020408164
CAM,1632,-2.4081006050109863,14.688021659851074,91,1,24,30,3.252551020408164
FAM,1632,-2.226608991622925,14.688021659851074,91,1,24,30,3.252551020408164
Random,1632,-0.6407644748687744,14.688021659851074,91,1,24,30,3.252551020408164
Superpixel,2840,-0.0524323023855686,10.596505165100098,92,1,20,30,5.660076530612245
CAM,2840,-1.814242482185364,10.596505165100098,92,1,20,30,5.660076530612245
FAM,2840,-0.7916839122772217,10.596505165100098,92,1,20,30,5.660076530612245
Random,2840,0.6055015325546265,10.596505165100098,92,1,20,30,5.660076530612245
Superpixel,1176,2.819645643234253,13.045243263244627,93,1,24,30,2.34375
CAM,1176,-0.4544734060764313,13.045243263244627,93,1,24,30,2.34375
FAM,1176,-2.1943843364715576,13.045243263244627,93,1,24,30,2.34375
Random,1176,0.2264413833618164,13.045243263244627,93,1,24,30,2.34375
Superpixel,3594,0.0569779239594936,9.30405616760254,94,1,22,30,7.162786989795919
CAM,3594,0.5700954794883728,9.30405616760254,94,1,22,30,7.162786989795919
FAM,3594,1.7016171216964722,9.30405616760254,94,1,22,30,7.162786989795919
Random,3594,0.7834799289703369,9.30405616760254,94,1,22,30,7.162786989795919
Superpixel,3597,0.6686772704124451,14.818351745605469,95,1,23,30,7.168765943877552
CAM,3597,-2.2153780460357666,14.818351745605469,95,1,23,30,7.168765943877552
FAM,3597,-0.2295533120632171,14.818351745605469,95,1,23,30,7.168765943877552
Random,3597,1.4127885103225708,14.818351745605469,95,1,23,30,7.168765943877552
Superpixel,3250,0.6616279482841492,12.893231391906738,96,1,21,30,6.477200255102041
CAM,3250,-1.852001667022705,12.893231391906738,96,1,21,30,6.477200255102041
FAM,3250,1.049418568611145,12.893231391906738,96,1,21,30,6.477200255102041
Random,3250,0.3171292543411255,12.893231391906738,96,1,21,30,6.477200255102041
Superpixel,1917,0.7643477320671082,13.632012367248535,97,1,21,30,3.820551658163265
CAM,1917,-0.6120349764823914,13.632012367248535,97,1,21,30,3.820551658163265
FAM,1917,-0.65902179479599,13.632012367248535,97,1,21,30,3.820551658163265
Random,1917,0.9828259348869324,13.632012367248535,97,1,21,30,3.820551658163265
Superpixel,2010,1.0221706628799438,17.183658599853516,98,1,21,30,4.005899234693878
CAM,2010,-2.0629611015319824,17.183658599853516,98,1,21,30,4.005899234693878
FAM,2010,-0.4898588061332702,17.183658599853516,98,1,21,30,4.005899234693878
Random,2010,-2.105185270309448,17.183658599853516,98,1,21,30,4.005899234693878
Superpixel,1779,0.6585607528686523,14.828822135925291,99,1,23,30,3.545519770408164
CAM,1779,-1.666715145111084,14.828822135925291,99,1,23,30,3.545519770408164
FAM,1779,-1.3063968420028689,14.828822135925291,99,1,23,30,3.545519770408164
Random,1779,-0.3245038986206054,14.828822135925291,99,1,23,30,3.545519770408164
Superpixel,2934,0.4231001138687134,12.216415405273438,100,1,25,30,5.847417091836735
CAM,2934,-2.219566345214844,12.216415405273438,100,1,25,30,5.847417091836735
FAM,2934,-1.8225524425506592,12.216415405273438,100,1,25,30,5.847417091836735
Random,2934,-0.868909478187561,12.216415405273438,100,1,25,30,5.847417091836735
Superpixel,3066,0.1980305910110473,15.428936958312988,101,1,24,30,6.110491071428571
CAM,3066,-2.511495351791382,15.428936958312988,101,1,24,30,6.110491071428571
FAM,3066,-1.311560034751892,15.428936958312988,101,1,24,30,6.110491071428571
Random,3066,-0.7282370328903198,15.428936958312988,101,1,24,30,6.110491071428571
Superpixel,1966,0.131491869688034,15.503938674926758,102,1,24,30,3.918207908163265
CAM,1966,-2.2952725887298584,15.503938674926758,102,1,24,30,3.918207908163265
FAM,1966,-1.371850609779358,15.503938674926758,102,1,24,30,3.918207908163265
Random,1966,-1.033835530281067,15.503938674926758,102,1,24,30,3.918207908163265
Superpixel,1473,0.4784334301948547,18.070388793945312,103,1,23,30,2.9356664540816326
CAM,1473,-2.3934197425842285,18.070388793945312,103,1,23,30,2.9356664540816326
FAM,1473,-1.9052729606628416,18.070388793945312,103,1,23,30,2.9356664540816326
Random,1473,-0.4387639164924621,18.070388793945312,103,1,23,30,2.9356664540816326
Superpixel,2447,1.6093626022338867,12.477803230285645,104,1,20,30,4.876833545918367
CAM,2447,-0.6217079758644104,12.477803230285645,104,1,20,30,4.876833545918367
FAM,2447,0.8925568461418152,12.477803230285645,104,1,20,30,4.876833545918367
Random,2447,-0.2465433329343795,12.477803230285645,104,1,20,30,4.876833545918367
Superpixel,2856,1.748476505279541,17.71215057373047,105,1,16,30,5.691964285714286
CAM,2856,-0.4239049255847931,17.71215057373047,105,1,16,30,5.691964285714286
FAM,2856,-0.7988734841346741,17.71215057373047,105,1,16,30,5.691964285714286
Random,2856,-0.2604046463966369,17.71215057373047,105,1,16,30,5.691964285714286
Superpixel,2038,-0.3104951381683349,13.822314262390137,106,1,21,30,4.061702806122449
CAM,2038,-1.602548599243164,13.822314262390137,106,1,21,30,4.061702806122449
FAM,2038,-0.9570503830909728,13.822314262390137,106,1,21,30,4.061702806122449
Random,2038,-1.021485686302185,13.822314262390137,106,1,21,30,4.061702806122449
Superpixel,3033,2.741255044937134,14.434985160827637,107,1,19,30,6.044722576530613
CAM,3033,-0.7609578967094421,14.434985160827637,107,1,19,30,6.044722576530613
FAM,3033,-0.4785194993019104,14.434985160827637,107,1,19,30,6.044722576530613
Random,3033,0.4124968349933624,14.434985160827637,107,1,19,30,6.044722576530613
Superpixel,2244,2.4301350116729736,18.18814468383789,108,1,21,30,4.472257653061225
CAM,2244,-2.375621795654297,18.18814468383789,108,1,21,30,4.472257653061225
FAM,2244,-1.7630467414855957,18.18814468383789,108,1,21,30,4.472257653061225
Random,2244,1.968537211418152,18.18814468383789,108,1,21,30,4.472257653061225
Superpixel,3182,0.8153782486915588,11.207807540893556,109,1,22,30,6.341677295918367
CAM,3182,-0.3131371438503265,11.207807540893556,109,1,22,30,6.341677295918367
FAM,3182,-0.4359414577484131,11.207807540893556,109,1,22,30,6.341677295918367
Random,3182,-0.6730736494064331,11.207807540893556,109,1,22,30,6.341677295918367
Superpixel,2533,0.259165495634079,12.709710121154783,110,1,22,30,5.048230229591836
CAM,2533,-2.9712750911712646,12.709710121154783,110,1,22,30,5.048230229591836
FAM,2533,-1.2288849353790283,12.709710121154783,110,1,22,30,5.048230229591836
Random,2533,-0.2296782433986663,12.709710121154783,110,1,22,30,5.048230229591836
Superpixel,4095,1.7031539678573608,12.161798477172852,111,1,21,30,8.161272321428571
CAM,4095,-1.7068291902542114,12.161798477172852,111,1,21,30,8.161272321428571
FAM,4095,0.5716837048530579,12.161798477172852,111,1,21,30,8.161272321428571
Random,4095,0.5586168169975281,12.161798477172852,111,1,21,30,8.161272321428571
Superpixel,3087,-0.0006713606417179,14.646283149719238,112,1,22,30,6.15234375
CAM,3087,-1.8981667757034304,14.646283149719238,112,1,22,30,6.15234375
FAM,3087,-1.9982529878616333,14.646283149719238,112,1,22,30,6.15234375
Random,3087,-1.2262948751449585,14.646283149719238,112,1,22,30,6.15234375
Superpixel,2992,0.550401508808136,11.354926109313965,113,1,22,30,5.963010204081633
CAM,2992,-2.7155568599700928,11.354926109313965,113,1,22,30,5.963010204081633
FAM,2992,-2.411682367324829,11.354926109313965,113,1,22,30,5.963010204081633
Random,2992,-0.5532094836235046,11.354926109313965,113,1,22,30,5.963010204081633
Superpixel,1825,1.6331658363342283,11.279419898986816,114,1,23,30,3.6371970663265305
CAM,1825,-2.179189920425415,11.279419898986816,114,1,23,30,3.6371970663265305
FAM,1825,-0.8382807970046997,11.279419898986816,114,1,23,30,3.6371970663265305
Random,1825,-0.6904469132423401,11.279419898986816,114,1,23,30,3.6371970663265305
Superpixel,2052,0.7741841673851013,9.643073081970217,115,1,25,30,4.089604591836735
CAM,2052,-1.180916428565979,9.643073081970217,115,1,25,30,4.089604591836735
FAM,2052,-1.5660399198532104,9.643073081970217,115,1,25,30,4.089604591836735
Random,2052,-0.5879164338111877,9.643073081970217,115,1,25,30,4.089604591836735
Superpixel,2956,4.1476731300354,9.141690254211426,116,1,23,30,5.891262755102041
CAM,2956,0.7866368889808655,9.141690254211426,116,1,23,30,5.891262755102041
FAM,2956,2.177619218826294,9.141690254211426,116,1,23,30,5.891262755102041
Random,2956,2.8086636066436768,9.141690254211426,116,1,23,30,5.891262755102041
Superpixel,3367,0.2542120814323425,10.933367729187012,117,1,23,30,6.7103794642857135
CAM,3367,-1.4036672115325928,10.933367729187012,117,1,23,30,6.7103794642857135
FAM,3367,-0.4082054793834686,10.933367729187012,117,1,23,30,6.7103794642857135
Random,3367,-0.9224924445152284,10.933367729187012,117,1,23,30,6.7103794642857135
Superpixel,2512,6.667443752288818,13.120966911315918,118,1,22,30,5.006377551020408
CAM,2512,5.645447254180908,13.120966911315918,118,1,22,30,5.006377551020408
FAM,2512,0.450859934091568,13.120966911315918,118,1,22,30,5.006377551020408
Random,2512,2.099846839904785,13.120966911315918,118,1,22,30,5.006377551020408
Superpixel,2926,3.6818113327026367,16.402366638183594,119,1,21,30,5.831473214285714
CAM,2926,1.46030592918396,16.402366638183594,119,1,21,30,5.831473214285714
FAM,2926,1.6223236322402954,16.402366638183594,119,1,21,30,5.831473214285714
Random,2926,0.0104880575090646,16.402366638183594,119,1,21,30,5.831473214285714
Superpixel,2900,3.240985870361328,8.822118759155273,120,1,19,30,5.779655612244898
CAM,2900,2.2315328121185303,8.822118759155273,120,1,19,30,5.779655612244898
FAM,2900,2.027967691421509,8.822118759155273,120,1,19,30,5.779655612244898
Random,2900,1.0034472942352295,8.822118759155273,120,1,19,30,5.779655612244898
Superpixel,2600,2.4520132541656494,6.235069751739502,121,1,23,30,5.181760204081633
CAM,2600,4.482514381408691,6.235069751739502,121,1,23,30,5.181760204081633
FAM,2600,1.7389163970947266,6.235069751739502,121,1,23,30,5.181760204081633
Random,2600,0.3400599062442779,6.235069751739502,121,1,23,30,5.181760204081633
Superpixel,2656,7.363222122192383,13.506736755371094,122,1,24,30,5.293367346938775
CAM,2656,3.5499143600463867,13.506736755371094,122,1,24,30,5.293367346938775
FAM,2656,0.8510667681694031,13.506736755371094,122,1,24,30,5.293367346938775
Random,2656,0.1951193958520889,13.506736755371094,122,1,24,30,5.293367346938775
Superpixel,3841,2.3737661838531494,11.120905876159668,123,1,21,30,7.655054209183673
CAM,3841,0.9586843252182008,11.120905876159668,123,1,21,30,7.655054209183673
FAM,3841,0.7901498079299927,11.120905876159668,123,1,21,30,7.655054209183673
Random,3841,3.60908317565918,11.120905876159668,123,1,21,30,7.655054209183673
Superpixel,2794,3.451542854309082,16.80983543395996,124,1,23,30,5.568399234693878
CAM,2794,2.4957311153411865,16.80983543395996,124,1,23,30,5.568399234693878
FAM,2794,3.257603168487549,16.80983543395996,124,1,23,30,5.568399234693878
Random,2794,1.247533679008484,16.80983543395996,124,1,23,30,5.568399234693878
Superpixel,2743,3.719571590423584,16.302902221679688,125,1,21,30,5.466757015306122
CAM,2743,5.804929733276367,16.302902221679688,125,1,21,30,5.466757015306122
FAM,2743,2.077202320098877,16.302902221679688,125,1,21,30,5.466757015306122
Random,2743,1.5736525058746338,16.302902221679688,125,1,21,30,5.466757015306122
Superpixel,3183,3.3241500854492188,14.29814910888672,126,1,23,30,6.343670280612244
CAM,3183,2.07009220123291,14.29814910888672,126,1,23,30,6.343670280612244
FAM,3183,1.7737853527069092,14.29814910888672,126,1,23,30,6.343670280612244
Random,3183,1.1964377164840698,14.29814910888672,126,1,23,30,6.343670280612244
Superpixel,3188,3.2814154624938965,13.200457572937012,127,1,25,30,6.353635204081633
CAM,3188,2.019242763519287,13.200457572937012,127,1,25,30,6.353635204081633
FAM,3188,1.5394558906555176,13.200457572937012,127,1,25,30,6.353635204081633
Random,3188,3.6245739459991455,13.200457572937012,127,1,25,30,6.353635204081633
Superpixel,1628,3.502631664276123,9.345117568969728,128,1,25,30,3.244579081632653
CAM,1628,3.2024827003479004,9.345117568969728,128,1,25,30,3.244579081632653
FAM,1628,-0.5548452734947205,9.345117568969728,128,1,25,30,3.244579081632653
Random,1628,0.0231321845203638,9.345117568969728,128,1,25,30,3.244579081632653
Superpixel,1652,6.343788146972656,13.32651424407959,129,1,25,30,3.2924107142857144
CAM,1652,5.267401218414307,13.32651424407959,129,1,25,30,3.2924107142857144
FAM,1652,1.010816216468811,13.32651424407959,129,1,25,30,3.2924107142857144
Random,1652,7.340758323669434,13.32651424407959,129,1,25,30,3.2924107142857144
Superpixel,1189,4.541467189788818,7.179259300231934,130,1,21,30,2.369658801020408
CAM,1189,3.1942601203918457,7.179259300231934,130,1,21,30,2.369658801020408
FAM,1189,1.5228385925292969,7.179259300231934,130,1,21,30,2.369658801020408
Random,1189,0.8118278980255127,7.179259300231934,130,1,21,30,2.369658801020408
Superpixel,1938,2.8349881172180176,12.296734809875488,131,1,25,30,3.862404336734694
CAM,1938,0.8542044758796692,12.296734809875488,131,1,25,30,3.862404336734694
FAM,1938,-0.4910038411617279,12.296734809875488,131,1,25,30,3.862404336734694
Random,1938,1.0798425674438477,12.296734809875488,131,1,25,30,3.862404336734694
Superpixel,2897,6.230347633361816,15.042993545532228,132,1,23,30,5.773676658163265
CAM,2897,4.406524181365967,15.042993545532228,132,1,23,30,5.773676658163265
FAM,2897,0.4903924763202667,15.042993545532228,132,1,23,30,5.773676658163265
Random,2897,2.110840082168579,15.042993545532228,132,1,23,30,5.773676658163265
Superpixel,2541,5.982114791870117,12.704119682312012,133,1,20,30,5.064174107142857
CAM,2541,1.5169167518615725,12.704119682312012,133,1,20,30,5.064174107142857
FAM,2541,0.3281639814376831,12.704119682312012,133,1,20,30,5.064174107142857
Random,2541,0.7858282923698425,12.704119682312012,133,1,20,30,5.064174107142857
Superpixel,2038,6.5201849937438965,9.561964988708496,134,1,25,30,4.061702806122449
CAM,2038,6.380475044250488,9.561964988708496,134,1,25,30,4.061702806122449
FAM,2038,0.8780052661895752,9.561964988708496,134,1,25,30,4.061702806122449
Random,2038,1.6812106370925903,9.561964988708496,134,1,25,30,4.061702806122449
Superpixel,2478,4.497364044189453,11.64293098449707,135,1,19,30,4.938616071428571
CAM,2478,3.490048408508301,11.64293098449707,135,1,19,30,4.938616071428571
FAM,2478,0.4284741878509521,11.64293098449707,135,1,19,30,4.938616071428571
Random,2478,0.2722421288490295,11.64293098449707,135,1,19,30,4.938616071428571
Superpixel,2278,7.058834075927734,11.275784492492676,136,1,24,30,4.540019132653061
CAM,2278,1.1512528657913208,11.275784492492676,136,1,24,30,4.540019132653061
FAM,2278,0.666456401348114,11.275784492492676,136,1,24,30,4.540019132653061
Random,2278,0.953022301197052,11.275784492492676,136,1,24,30,4.540019132653061
Superpixel,1618,3.1099445819854736,15.144980430603027,137,1,23,30,3.224649234693878
CAM,1618,1.5729646682739258,15.144980430603027,137,1,23,30,3.224649234693878
FAM,1618,2.1616899967193604,15.144980430603027,137,1,23,30,3.224649234693878
Random,1618,0.2153421640396118,15.144980430603027,137,1,23,30,3.224649234693878
Superpixel,2017,3.1286325454711914,12.23999309539795,138,1,22,30,4.01985012755102
CAM,2017,0.246938943862915,12.23999309539795,138,1,22,30,4.01985012755102
FAM,2017,1.536993384361267,12.23999309539795,138,1,22,30,4.01985012755102
Random,2017,-0.350580632686615,12.23999309539795,138,1,22,30,4.01985012755102
Superpixel,2439,2.866273641586304,6.806970119476318,139,1,22,30,4.860889668367348
CAM,2439,0.7869455218315125,6.806970119476318,139,1,22,30,4.860889668367348
FAM,2439,-1.9950608015060425,6.806970119476318,139,1,22,30,4.860889668367348
Random,2439,0.0536184422671794,6.806970119476318,139,1,22,30,4.860889668367348
Superpixel,2185,3.795637607574463,11.610396385192873,140,1,25,30,4.354671556122449
CAM,2185,0.7859938144683838,11.610396385192873,140,1,25,30,4.354671556122449
FAM,2185,0.4584056138992309,11.610396385192873,140,1,25,30,4.354671556122449
Random,2185,-0.5825119614601135,11.610396385192873,140,1,25,30,4.354671556122449
Superpixel,1273,5.040826797485352,15.713963508605955,141,1,25,30,2.5370695153061225
CAM,1273,1.6949691772460938,15.713963508605955,141,1,25,30,2.5370695153061225
FAM,1273,0.8382782340049744,15.713963508605955,141,1,25,30,2.5370695153061225
Random,1273,0.3120291233062744,15.713963508605955,141,1,25,30,2.5370695153061225
Superpixel,1763,7.327550411224365,14.730679512023926,142,1,25,30,3.513632015306122
CAM,1763,-0.5079402327537537,14.730679512023926,142,1,25,30,3.513632015306122
FAM,1763,0.3081106543540954,14.730679512023926,142,1,25,30,3.513632015306122
Random,1763,0.9064651727676392,14.730679512023926,142,1,25,30,3.513632015306122
Superpixel,1948,4.885376453399658,14.311620712280272,143,1,24,30,3.8823341836734695
CAM,1948,2.91980528831482,14.311620712280272,143,1,24,30,3.8823341836734695
FAM,1948,2.7796576023101807,14.311620712280272,143,1,24,30,3.8823341836734695
Random,1948,1.4057462215423584,14.311620712280272,143,1,24,30,3.8823341836734695
Superpixel,1436,4.777993679046631,13.337560653686523,144,1,21,30,2.861926020408164
CAM,1436,1.3501778841018677,13.337560653686523,144,1,21,30,2.861926020408164
FAM,1436,1.4722557067871094,13.337560653686523,144,1,21,30,2.861926020408164
Random,1436,0.2422087490558624,13.337560653686523,144,1,21,30,2.861926020408164
Superpixel,2748,2.4909536838531494,17.006467819213867,145,1,24,30,5.47672193877551
CAM,2748,2.607093811035156,17.006467819213867,145,1,24,30,5.47672193877551
FAM,2748,0.870383620262146,17.006467819213867,145,1,24,30,5.47672193877551
Random,2748,0.7672765254974365,17.006467819213867,145,1,24,30,5.47672193877551
Superpixel,1850,5.244489192962647,13.564491271972656,146,1,22,30,3.6870216836734695
CAM,1850,1.5626773834228516,13.564491271972656,146,1,22,30,3.6870216836734695
FAM,1850,0.0191079080104827,13.564491271972656,146,1,22,30,3.6870216836734695
Random,1850,0.3490996956825256,13.564491271972656,146,1,22,30,3.6870216836734695
Superpixel,2556,2.8724608421325684,17.26859474182129,147,1,22,30,5.09406887755102
CAM,2556,1.5682406425476074,17.26859474182129,147,1,22,30,5.09406887755102
FAM,2556,0.1909393370151519,17.26859474182129,147,1,22,30,5.09406887755102
Random,2556,0.6435467004776001,17.26859474182129,147,1,22,30,5.09406887755102
Superpixel,3828,2.8976705074310303,18.31349372863769,148,1,23,30,7.629145408163265
CAM,3828,2.645543098449707,18.31349372863769,148,1,23,30,7.629145408163265
FAM,3828,-0.0083341896533966,18.31349372863769,148,1,23,30,7.629145408163265
Random,3828,3.0711350440979004,18.31349372863769,148,1,23,30,7.629145408163265
Superpixel,2452,5.891676425933838,11.154372215270996,149,1,20,30,4.886798469387755
CAM,2452,0.5325073003768921,11.154372215270996,149,1,20,30,4.886798469387755
FAM,2452,0.4595658481121063,11.154372215270996,149,1,20,30,4.886798469387755
Random,2452,-0.4198531806468963,11.154372215270996,149,1,20,30,4.886798469387755
Superpixel,2543,6.918102264404297,13.237960815429688,150,1,23,30,5.068160076530613
CAM,2543,2.21368408203125,13.237960815429688,150,1,23,30,5.068160076530613
FAM,2543,2.086517095565796,13.237960815429688,150,1,23,30,5.068160076530613
Random,2543,1.248249053955078,13.237960815429688,150,1,23,30,5.068160076530613
Superpixel,1101,4.783573627471924,13.540781021118164,151,1,23,30,2.1942761479591835
CAM,1101,1.447590947151184,13.540781021118164,151,1,23,30,2.1942761479591835
FAM,1101,1.30607807636261,13.540781021118164,151,1,23,30,2.1942761479591835
Random,1101,1.3250969648361206,13.540781021118164,151,1,23,30,2.1942761479591835
Superpixel,3048,3.1429731845855717,16.670333862304688,152,1,24,30,6.074617346938775
CAM,3048,1.7014223337173462,16.670333862304688,152,1,24,30,6.074617346938775
FAM,3048,1.01082444190979,16.670333862304688,152,1,24,30,6.074617346938775
Random,3048,1.2887266874313354,16.670333862304688,152,1,24,30,6.074617346938775
Superpixel,1879,4.53444242477417,14.594741821289062,153,1,25,30,3.744818239795918
CAM,1879,2.935002565383911,14.594741821289062,153,1,25,30,3.744818239795918
FAM,1879,1.1817734241485596,14.594741821289062,153,1,25,30,3.744818239795918
Random,1879,0.6277343034744263,14.594741821289062,153,1,25,30,3.744818239795918
Superpixel,1422,5.834892749786377,13.016481399536133,154,1,22,30,2.834024234693877
CAM,1422,0.8193041086196899,13.016481399536133,154,1,22,30,2.834024234693877
FAM,1422,1.1939027309417725,13.016481399536133,154,1,22,30,2.834024234693877
Random,1422,1.0886690616607666,13.016481399536133,154,1,22,30,2.834024234693877
Superpixel,2620,5.268571376800537,9.030038833618164,155,1,24,30,5.221619897959184
CAM,2620,3.79858136177063,9.030038833618164,155,1,24,30,5.221619897959184
FAM,2620,0.2184490859508514,9.030038833618164,155,1,24,30,5.221619897959184
Random,2620,1.0144662857055664,9.030038833618164,155,1,24,30,5.221619897959184
Superpixel,2060,4.044983386993408,16.346372604370117,156,1,23,30,4.105548469387755
CAM,2060,1.9355473518371584,16.346372604370117,156,1,23,30,4.105548469387755
FAM,2060,1.1605417728424072,16.346372604370117,156,1,23,30,4.105548469387755
Random,2060,1.622404932975769,16.346372604370117,156,1,23,30,4.105548469387755
Superpixel,2462,3.3237907886505127,18.035762786865234,157,1,23,30,4.9067283163265305
CAM,2462,0.5088889598846436,18.035762786865234,157,1,23,30,4.9067283163265305
FAM,2462,-0.0604813396930694,18.035762786865234,157,1,23,30,4.9067283163265305
Random,2462,1.436959147453308,18.035762786865234,157,1,23,30,4.9067283163265305
Superpixel,1976,2.255579948425293,14.329495429992676,158,1,23,30,3.9381377551020407
CAM,1976,2.610846519470215,14.329495429992676,158,1,23,30,3.9381377551020407
FAM,1976,0.673956036567688,14.329495429992676,158,1,23,30,3.9381377551020407
Random,1976,1.627571702003479,14.329495429992676,158,1,23,30,3.9381377551020407
Superpixel,1698,2.719865322113037,15.876619338989258,159,1,23,30,3.384088010204082
CAM,1698,1.7698516845703125,15.876619338989258,159,1,23,30,3.384088010204082
FAM,1698,1.660926103591919,15.876619338989258,159,1,23,30,3.384088010204082
Random,1698,0.3892675936222076,15.876619338989258,159,1,23,30,3.384088010204082
Superpixel,2689,7.2136077880859375,12.079415321350098,160,1,21,30,5.359135841836735
CAM,2689,2.0970089435577397,12.079415321350098,160,1,21,30,5.359135841836735
FAM,2689,3.4563686847686768,12.079415321350098,160,1,21,30,5.359135841836735
Random,2689,1.2101836204528809,12.079415321350098,160,1,21,30,5.359135841836735
Superpixel,3882,3.289103984832764,17.422378540039062,161,1,23,30,7.736766581632653
CAM,3882,2.306670427322388,17.422378540039062,161,1,23,30,7.736766581632653
FAM,3882,-1.0240912437438965,17.422378540039062,161,1,23,30,7.736766581632653
Random,3882,-0.3171071708202362,17.422378540039062,161,1,23,30,7.736766581632653
Superpixel,1324,3.7063333988189697,15.753741264343262,162,1,24,30,2.638711734693877
CAM,1324,1.2396456003189087,15.753741264343262,162,1,24,30,2.638711734693877
FAM,1324,2.319573879241944,15.753741264343262,162,1,24,30,2.638711734693877
Random,1324,2.0113003253936768,15.753741264343262,162,1,24,30,2.638711734693877
Superpixel,2221,0.9734759330749512,11.835968017578123,163,1,23,30,4.426419005102041
CAM,2221,1.3969718217849731,11.835968017578123,163,1,23,30,4.426419005102041
FAM,2221,-0.2265878617763519,11.835968017578123,163,1,23,30,4.426419005102041
Random,2221,-0.8755946159362793,11.835968017578123,163,1,23,30,4.426419005102041
Superpixel,3570,4.600584506988525,9.605253219604492,164,1,20,30,7.114955357142858
CAM,3570,1.3026394844055176,9.605253219604492,164,1,20,30,7.114955357142858
FAM,3570,-0.2314353883266449,9.605253219604492,164,1,20,30,7.114955357142858
Random,3570,-0.0541362464427948,9.605253219604492,164,1,20,30,7.114955357142858
Superpixel,3173,4.094976902008057,9.482483863830566,165,1,22,30,6.3237404336734695
CAM,3173,2.8989572525024414,9.482483863830566,165,1,22,30,6.3237404336734695
FAM,3173,2.530860185623169,9.482483863830566,165,1,22,30,6.3237404336734695
Random,3173,-0.94645357131958,9.482483863830566,165,1,22,30,6.3237404336734695
Superpixel,3740,5.2729668617248535,12.970099449157717,166,1,21,30,7.453762755102041
CAM,3740,4.044250965118408,12.970099449157717,166,1,21,30,7.453762755102041
FAM,3740,4.43039083480835,12.970099449157717,166,1,21,30,7.453762755102041
Random,3740,-0.5887728333473206,12.970099449157717,166,1,21,30,7.453762755102041
Superpixel,1604,6.136152267456055,14.106159210205078,167,1,25,30,3.1967474489795924
CAM,1604,-0.9169629216194152,14.106159210205078,167,1,25,30,3.1967474489795924
FAM,1604,-1.1221613883972168,14.106159210205078,167,1,25,30,3.1967474489795924
Random,1604,-0.2094659954309463,14.106159210205078,167,1,25,30,3.1967474489795924
Superpixel,1686,4.5651021003723145,15.383405685424805,168,1,24,30,3.360172193877551
CAM,1686,0.5693945288658142,15.383405685424805,168,1,24,30,3.360172193877551
FAM,1686,0.8332715630531311,15.383405685424805,168,1,24,30,3.360172193877551
Random,1686,-1.5539630651474,15.383405685424805,168,1,24,30,3.360172193877551
Superpixel,3050,2.942453622817993,9.903432846069336,169,1,24,30,6.0786033163265305
CAM,3050,3.3252105712890625,9.903432846069336,169,1,24,30,6.0786033163265305
FAM,3050,1.6250035762786863,9.903432846069336,169,1,24,30,6.0786033163265305
Random,3050,1.0981645584106443,9.903432846069336,169,1,24,30,6.0786033163265305
Superpixel,2485,3.904008388519287,7.970113277435303,170,1,22,30,4.952566964285714
CAM,2485,1.6507824659347534,7.970113277435303,170,1,22,30,4.952566964285714
FAM,2485,-0.1605872511863708,7.970113277435303,170,1,22,30,4.952566964285714
Random,2485,-1.1965398788452148,7.970113277435303,170,1,22,30,4.952566964285714
Superpixel,2860,4.678327560424805,8.926592826843262,171,1,25,30,5.699936224489796
CAM,2860,1.6566652059555054,8.926592826843262,171,1,25,30,5.699936224489796
FAM,2860,3.8433046340942383,8.926592826843262,171,1,25,30,5.699936224489796
Random,2860,1.069957613945007,8.926592826843262,171,1,25,30,5.699936224489796
Superpixel,1298,5.140405178070068,15.47469997406006,172,1,23,30,2.586894132653061
CAM,1298,1.0246952772140503,15.47469997406006,172,1,23,30,2.586894132653061
FAM,1298,-2.3106918334960938,15.47469997406006,172,1,23,30,2.586894132653061
Random,1298,-1.9239897727966309,15.47469997406006,172,1,23,30,2.586894132653061
Superpixel,2388,6.4511260986328125,11.197237968444824,173,1,23,30,4.759247448979592
CAM,2388,1.7951676845550537,11.197237968444824,173,1,23,30,4.759247448979592
FAM,2388,1.238021731376648,11.197237968444824,173,1,23,30,4.759247448979592
Random,2388,-1.2627209424972534,11.197237968444824,173,1,23,30,4.759247448979592
Superpixel,3611,5.266494274139404,15.447246551513672,174,1,22,30,7.196667729591836
CAM,3611,2.2242298126220703,15.447246551513672,174,1,22,30,7.196667729591836
FAM,3611,8.596835136413574,15.447246551513672,174,1,22,30,7.196667729591836
Random,3611,0.3782529830932617,15.447246551513672,174,1,22,30,7.196667729591836
Superpixel,3109,1.7168375253677368,19.444435119628903,175,1,23,30,6.196189413265306
CAM,3109,-0.2721889019012451,19.444435119628903,175,1,23,30,6.196189413265306
FAM,3109,-0.9660218358039856,19.444435119628903,175,1,23,30,6.196189413265306
Random,3109,-0.795436680316925,19.444435119628903,175,1,23,30,6.196189413265306
Superpixel,2822,3.543830394744873,13.659045219421388,176,1,24,30,5.624202806122449
CAM,2822,3.1060149669647217,13.659045219421388,176,1,24,30,5.624202806122449
FAM,2822,-0.1965405195951461,13.659045219421388,176,1,24,30,5.624202806122449
Random,2822,-1.656661033630371,13.659045219421388,176,1,24,30,5.624202806122449
Superpixel,2814,1.8966509103775024,11.38173007965088,177,1,23,30,5.608258928571429
CAM,2814,-0.3352427184581756,11.38173007965088,177,1,23,30,5.608258928571429
FAM,2814,1.959750294685364,11.38173007965088,177,1,23,30,5.608258928571429
Random,2814,-1.954415202140808,11.38173007965088,177,1,23,30,5.608258928571429
Superpixel,3380,3.889146566390991,11.553726196289062,178,1,21,30,6.736288265306123
CAM,3380,-0.8442850708961487,11.553726196289062,178,1,21,30,6.736288265306123
FAM,3380,0.5663886666297913,11.553726196289062,178,1,21,30,6.736288265306123
Random,3380,-1.0234757661819458,11.553726196289062,178,1,21,30,6.736288265306123
Superpixel,1721,0.9610738158226012,11.74983024597168,179,1,24,30,3.4299266581632653
CAM,1721,0.4315336942672729,11.74983024597168,179,1,24,30,3.4299266581632653
FAM,1721,-1.1820522546768188,11.74983024597168,179,1,24,30,3.4299266581632653
Random,1721,-2.588552236557007,11.74983024597168,179,1,24,30,3.4299266581632653
Superpixel,1744,1.1746480464935305,11.495020866394045,180,1,24,30,3.475765306122449
CAM,1744,-0.774776041507721,11.495020866394045,180,1,24,30,3.475765306122449
FAM,1744,-1.7574748992919922,11.495020866394045,180,1,24,30,3.475765306122449
Random,1744,-3.428151130676269,11.495020866394045,180,1,24,30,3.475765306122449
Superpixel,2298,2.840400457382202,9.231075286865234,181,1,24,30,4.579878826530613
CAM,2298,-2.0545568466186523,9.231075286865234,181,1,24,30,4.579878826530613
FAM,2298,0.7291556000709534,9.231075286865234,181,1,24,30,4.579878826530613
Random,2298,-2.6520962715148926,9.231075286865234,181,1,24,30,4.579878826530613
Superpixel,2334,1.437912106513977,11.02761173248291,182,1,23,30,4.651626275510204
CAM,2334,-0.1265648901462555,11.02761173248291,182,1,23,30,4.651626275510204
FAM,2334,-1.7241151332855225,11.02761173248291,182,1,23,30,4.651626275510204
Random,2334,-2.3865065574646,11.02761173248291,182,1,23,30,4.651626275510204
Superpixel,2122,2.4576785564422607,7.090257167816162,183,1,24,30,4.229113520408164
CAM,2122,0.6895912289619446,7.090257167816162,183,1,24,30,4.229113520408164
FAM,2122,-0.2346547693014145,7.090257167816162,183,1,24,30,4.229113520408164
Random,2122,-2.499640226364136,7.090257167816162,183,1,24,30,4.229113520408164
Superpixel,2649,3.701680183410645,9.7734956741333,184,1,25,30,5.279416454081633
CAM,2649,4.153085708618164,9.7734956741333,184,1,25,30,5.279416454081633
FAM,2649,0.8450102210044861,9.7734956741333,184,1,25,30,5.279416454081633
Random,2649,0.271196573972702,9.7734956741333,184,1,25,30,5.279416454081633
Superpixel,2742,0.1407842934131622,15.033140182495115,185,1,25,30,5.464764030612245
CAM,2742,-3.395606517791748,15.033140182495115,185,1,25,30,5.464764030612245
FAM,2742,-1.7623801231384275,15.033140182495115,185,1,25,30,5.464764030612245
Random,2742,-1.723985195159912,15.033140182495115,185,1,25,30,5.464764030612245
Superpixel,2206,2.5050880908966064,8.812786102294922,186,1,22,30,4.396524234693878
CAM,2206,0.0818240866065025,8.812786102294922,186,1,22,30,4.396524234693878
FAM,2206,0.3158628046512604,8.812786102294922,186,1,22,30,4.396524234693878
Random,2206,-0.2097432315349578,8.812786102294922,186,1,22,30,4.396524234693878
Superpixel,3370,3.1525087356567383,12.115702629089355,187,1,22,30,6.716358418367347
CAM,3370,-1.1288312673568726,12.115702629089355,187,1,22,30,6.716358418367347
FAM,3370,-0.8105348944664001,12.115702629089355,187,1,22,30,6.716358418367347
Random,3370,-0.6258345246315002,12.115702629089355,187,1,22,30,6.716358418367347
Superpixel,3550,3.6868975162506095,11.069998741149902,188,1,24,30,7.075095663265306
CAM,3550,2.486169815063477,11.069998741149902,188,1,24,30,7.075095663265306
FAM,3550,1.1938775777816772,11.069998741149902,188,1,24,30,7.075095663265306
Random,3550,1.7188414335250854,11.069998741149902,188,1,24,30,7.075095663265306
Superpixel,2568,1.507851004600525,11.380338668823242,189,1,23,30,5.117984693877551
CAM,2568,-0.8286614418029785,11.380338668823242,189,1,23,30,5.117984693877551
FAM,2568,-1.1835131645202637,11.380338668823242,189,1,23,30,5.117984693877551
Random,2568,-0.8202307820320129,11.380338668823242,189,1,23,30,5.117984693877551
Superpixel,2670,3.4130780696868896,6.347030162811279,190,1,22,30,5.321269132653061
CAM,2670,1.4345414638519287,6.347030162811279,190,1,22,30,5.321269132653061
FAM,2670,1.55490243434906,6.347030162811279,190,1,22,30,5.321269132653061
Random,2670,-8.761882781982422e-06,6.347030162811279,190,1,22,30,5.321269132653061
Superpixel,1180,3.744319677352905,12.793618202209473,191,1,24,30,2.35172193877551
CAM,1180,0.5154938101768494,12.793618202209473,191,1,24,30,2.35172193877551
FAM,1180,1.263917326927185,12.793618202209473,191,1,24,30,2.35172193877551
Random,1180,1.8076684474945068,12.793618202209473,191,1,24,30,2.35172193877551
Superpixel,2388,2.2452163696289062,12.087818145751951,192,1,24,30,4.759247448979592
CAM,2388,0.1521839201450348,12.087818145751951,192,1,24,30,4.759247448979592
FAM,2388,-0.0585571303963661,12.087818145751951,192,1,24,30,4.759247448979592
Random,2388,-0.2165390998125076,12.087818145751951,192,1,24,30,4.759247448979592
Superpixel,2372,1.212410807609558,13.9094820022583,193,1,21,30,4.727359693877551
CAM,2372,-1.619009256362915,13.9094820022583,193,1,21,30,4.727359693877551
FAM,2372,-1.4065797328948977,13.9094820022583,193,1,21,30,4.727359693877551
Random,2372,-2.305094718933105,13.9094820022583,193,1,21,30,4.727359693877551
Superpixel,2225,2.262564420700073,6.818569183349609,194,1,22,30,4.434390943877551
CAM,2225,0.0821947753429412,6.818569183349609,194,1,22,30,4.434390943877551
FAM,2225,1.6460334062576294,6.818569183349609,194,1,22,30,4.434390943877551
Random,2225,1.0815012454986572,6.818569183349609,194,1,22,30,4.434390943877551
Superpixel,1675,0.4110741913318634,8.56313705444336,195,1,22,30,3.338249362244898
CAM,1675,-2.7112741470336914,8.56313705444336,195,1,22,30,3.338249362244898
FAM,1675,-2.2138924598693848,8.56313705444336,195,1,22,30,3.338249362244898
Random,1675,-2.499422311782837,8.56313705444336,195,1,22,30,3.338249362244898
Superpixel,2449,2.6343302726745605,12.835895538330078,196,1,22,30,4.880819515306122
CAM,2449,0.0552718564867973,12.835895538330078,196,1,22,30,4.880819515306122
FAM,2449,0.2038322985172271,12.835895538330078,196,1,22,30,4.880819515306122
Random,2449,0.1427238881587982,12.835895538330078,196,1,22,30,4.880819515306122
Superpixel,2037,2.9537174701690674,10.101577758789062,197,1,24,30,4.059709821428571
CAM,2037,2.1964921951293945,10.101577758789062,197,1,24,30,4.059709821428571
FAM,2037,0.954011619091034,10.101577758789062,197,1,24,30,4.059709821428571
Random,2037,1.3368239402770996,10.101577758789062,197,1,24,30,4.059709821428571
Superpixel,2307,2.2363879680633545,11.389898300170898,198,1,20,30,4.59781568877551
CAM,2307,0.4066508412361145,11.389898300170898,198,1,20,30,4.59781568877551
FAM,2307,-1.9753963947296145,11.389898300170898,198,1,20,30,4.59781568877551
Random,2307,0.7030917406082153,11.389898300170898,198,1,20,30,4.59781568877551
Superpixel,3041,3.328685522079468,11.502920150756836,199,1,22,30,6.060666454081633
CAM,3041,0.4457354843616485,11.502920150756836,199,1,22,30,6.060666454081633
FAM,3041,0.6324872374534607,11.502920150756836,199,1,22,30,6.060666454081633
Random,3041,1.2334465980529783,11.502920150756836,199,1,22,30,6.060666454081633
Superpixel,3203,0.1503084599971771,8.195829391479492,200,1,23,30,6.383529974489796
CAM,3203,-0.7267428636550903,8.195829391479492,200,1,23,30,6.383529974489796
FAM,3203,-2.492300033569336,8.195829391479492,200,1,23,30,6.383529974489796
Random,3203,-0.920823574066162,8.195829391479492,200,1,23,30,6.383529974489796
Superpixel,2258,3.283935308456421,11.555458068847656,201,1,21,30,4.50015943877551
CAM,2258,-0.0764491930603981,11.555458068847656,201,1,21,30,4.50015943877551
FAM,2258,0.2567675411701202,11.555458068847656,201,1,21,30,4.50015943877551
Random,2258,0.043007306754589,11.555458068847656,201,1,21,30,4.50015943877551
Superpixel,1629,2.130995512008667,10.537670135498049,202,1,22,30,3.2465720663265305
CAM,1629,0.5221318006515503,10.537670135498049,202,1,22,30,3.2465720663265305
FAM,1629,-0.0354546979069709,10.537670135498049,202,1,22,30,3.2465720663265305
Random,1629,0.9338955879211426,10.537670135498049,202,1,22,30,3.2465720663265305
Superpixel,2762,0.612208366394043,13.45071792602539,203,1,25,30,5.504623724489796
CAM,2762,-2.1520047187805176,13.45071792602539,203,1,25,30,5.504623724489796
FAM,2762,-1.0770455598831177,13.45071792602539,203,1,25,30,5.504623724489796
Random,2762,0.211841881275177,13.45071792602539,203,1,25,30,5.504623724489796
Superpixel,3734,0.1798528730869293,14.600278854370115,204,1,22,30,7.441804846938775
CAM,3734,-1.199333906173706,14.600278854370115,204,1,22,30,7.441804846938775
FAM,3734,-2.554357051849365,14.600278854370115,204,1,22,30,7.441804846938775
Random,3734,-0.9700098633766174,14.600278854370115,204,1,22,30,7.441804846938775
Superpixel,3192,2.257983446121216,11.467634201049805,205,1,19,30,6.361607142857142
CAM,3192,2.193689584732056,11.467634201049805,205,1,19,30,6.361607142857142
FAM,3192,-0.5487135052680969,11.467634201049805,205,1,19,30,6.361607142857142
Random,3192,0.6749406456947327,11.467634201049805,205,1,19,30,6.361607142857142
Superpixel,1185,2.341627836227417,11.214329719543455,206,1,23,30,2.361686862244898
CAM,1185,-0.6047385334968567,11.214329719543455,206,1,23,30,2.361686862244898
FAM,1185,-0.746086835861206,11.214329719543455,206,1,23,30,2.361686862244898
Random,1185,-0.1416848003864288,11.214329719543455,206,1,23,30,2.361686862244898
Superpixel,3131,3.14986252784729,9.128189086914062,207,1,18,30,6.240035076530613
CAM,3131,1.667698860168457,9.128189086914062,207,1,18,30,6.240035076530613
FAM,3131,2.054624319076538,9.128189086914062,207,1,18,30,6.240035076530613
Random,3131,2.147534132003784,9.128189086914062,207,1,18,30,6.240035076530613
Superpixel,1136,0.3202459812164306,10.57050323486328,208,1,24,30,2.264030612244898
CAM,1136,-2.818751096725464,10.57050323486328,208,1,24,30,2.264030612244898
FAM,1136,-1.7227615118026731,10.57050323486328,208,1,24,30,2.264030612244898
Random,1136,-1.319855570793152,10.57050323486328,208,1,24,30,2.264030612244898
Superpixel,2044,3.876135110855103,14.310815811157228,209,1,21,30,4.073660714285714
CAM,2044,0.3661238849163055,14.310815811157228,209,1,21,30,4.073660714285714
FAM,2044,0.4631769359111786,14.310815811157228,209,1,21,30,4.073660714285714
Random,2044,0.990334928035736,14.310815811157228,209,1,21,30,4.073660714285714
Superpixel,2987,4.359039306640625,12.199350357055664,210,1,20,30,5.953045280612245
CAM,2987,-0.4270538985729217,12.199350357055664,210,1,20,30,5.953045280612245
FAM,2987,0.5538812279701233,12.199350357055664,210,1,20,30,5.953045280612245
Random,2987,1.4652661085128784,12.199350357055664,210,1,20,30,5.953045280612245
Superpixel,3145,7.233984470367432,14.319704055786133,211,1,23,30,6.267936862244898
CAM,3145,0.7874922156333923,14.319704055786133,211,1,23,30,6.267936862244898
FAM,3145,0.6582537889480591,14.319704055786133,211,1,23,30,6.267936862244898
Random,3145,2.604234457015991,14.319704055786133,211,1,23,30,6.267936862244898
Superpixel,2646,4.795162677764893,14.56499481201172,212,1,21,30,5.2734375
CAM,2646,-0.3791627585887909,14.56499481201172,212,1,21,30,5.2734375
FAM,2646,0.2818657755851745,14.56499481201172,212,1,21,30,5.2734375
Random,2646,3.081372022628784,14.56499481201172,212,1,21,30,5.2734375
Superpixel,3511,2.271662712097168,10.492862701416016,213,1,22,30,6.997369260204081
CAM,3511,0.3841621875762939,10.492862701416016,213,1,22,30,6.997369260204081
FAM,3511,0.8234896659851074,10.492862701416016,213,1,22,30,6.997369260204081
Random,3511,1.0399130582809448,10.492862701416016,213,1,22,30,6.997369260204081
Superpixel,1800,0.5659071207046509,7.865429878234863,214,1,22,30,3.5873724489795924
CAM,1800,1.716281175613403,7.865429878234863,214,1,22,30,3.5873724489795924
FAM,1800,0.2086475789546966,7.865429878234863,214,1,22,30,3.5873724489795924
Random,1800,1.5271817445755005,7.865429878234863,214,1,22,30,3.5873724489795924
Superpixel,2803,5.633309364318848,13.465513229370115,215,1,23,30,5.586336096938775
CAM,2803,3.14412522315979,13.465513229370115,215,1,23,30,5.586336096938775
FAM,2803,0.9260774850845336,13.465513229370115,215,1,23,30,5.586336096938775
Random,2803,1.3823211193084717,13.465513229370115,215,1,23,30,5.586336096938775
Superpixel,2183,5.027912139892578,13.941645622253418,216,1,21,30,4.350685586734694
CAM,2183,4.594424724578857,13.941645622253418,216,1,21,30,4.350685586734694
FAM,2183,-1.309504151344299,13.941645622253418,216,1,21,30,4.350685586734694
Random,2183,1.7748146057128906,13.941645622253418,216,1,21,30,4.350685586734694
Superpixel,3871,4.883103847503662,13.641757011413574,217,1,20,30,7.71484375
CAM,3871,4.766107559204102,13.641757011413574,217,1,20,30,7.71484375
FAM,3871,-0.86039137840271,13.641757011413574,217,1,20,30,7.71484375
Random,3871,1.527381181716919,13.641757011413574,217,1,20,30,7.71484375
Superpixel,4546,9.049771308898926,12.63535976409912,218,1,21,30,9.060108418367346
CAM,4546,5.542356967926025,12.63535976409912,218,1,21,30,9.060108418367346
FAM,4546,1.0681874752044678,12.63535976409912,218,1,21,30,9.060108418367346
Random,4546,1.5582400560379028,12.63535976409912,218,1,21,30,9.060108418367346
Superpixel,1537,-0.8437047004699707,6.633218288421631,219,1,22,30,3.063217474489796
CAM,1537,-1.4272091388702393,6.633218288421631,219,1,22,30,3.063217474489796
FAM,1537,-1.2815473079681396,6.633218288421631,219,1,22,30,3.063217474489796
Random,1537,-2.7447104454040527,6.633218288421631,219,1,22,30,3.063217474489796
Superpixel,1416,2.8201546669006348,10.356335639953612,220,1,20,30,2.8220663265306123
CAM,1416,0.5014530420303345,10.356335639953612,220,1,20,30,2.8220663265306123
FAM,1416,0.2381094992160797,10.356335639953612,220,1,20,30,2.8220663265306123
Random,1416,0.5932899713516235,10.356335639953612,220,1,20,30,2.8220663265306123
Superpixel,1685,1.362855076789856,9.833575248718262,221,1,20,30,3.3581792091836733
CAM,1685,3.095479249954224,9.833575248718262,221,1,20,30,3.3581792091836733
FAM,1685,0.6082355976104736,9.833575248718262,221,1,20,30,3.3581792091836733
Random,1685,0.884937047958374,9.833575248718262,221,1,20,30,3.3581792091836733
Superpixel,3819,2.2242610454559326,12.622729301452637,222,1,21,30,7.611208545918367
CAM,3819,4.080264091491699,12.622729301452637,222,1,21,30,7.611208545918367
FAM,3819,-0.4771260917186737,12.622729301452637,222,1,21,30,7.611208545918367
Random,3819,-0.221545934677124,12.622729301452637,222,1,21,30,7.611208545918367
Superpixel,2634,6.2138285636901855,13.83360767364502,223,1,21,30,5.2495216836734695
CAM,2634,4.849678993225098,13.83360767364502,223,1,21,30,5.2495216836734695
FAM,2634,0.588749885559082,13.83360767364502,223,1,21,30,5.2495216836734695
Random,2634,0.6799811720848083,13.83360767364502,223,1,21,30,5.2495216836734695
Superpixel,1315,0.8161060810089111,9.163905143737791,224,1,20,30,2.62077487244898
CAM,1315,2.736423254013061,9.163905143737791,224,1,20,30,2.62077487244898
FAM,1315,0.3242547214031219,9.163905143737791,224,1,20,30,2.62077487244898
Random,1315,1.9387333393096924,9.163905143737791,224,1,20,30,2.62077487244898
Superpixel,1653,3.5014121532440186,8.729039192199707,225,1,23,30,3.2944036989795924
CAM,1653,1.7449536323547363,8.729039192199707,225,1,23,30,3.2944036989795924
FAM,1653,-0.8643265962600708,8.729039192199707,225,1,23,30,3.2944036989795924
Random,1653,1.392176866531372,8.729039192199707,225,1,23,30,3.2944036989795924
Superpixel,1740,3.3465895652771,11.11911678314209,226,1,21,30,3.4677933673469385
CAM,1740,1.5156168937683103,11.11911678314209,226,1,21,30,3.4677933673469385
FAM,1740,-0.5594595670700073,11.11911678314209,226,1,21,30,3.4677933673469385
Random,1740,-0.8855515122413635,11.11911678314209,226,1,21,30,3.4677933673469385
Superpixel,4148,4.670685291290283,14.863521575927734,227,1,22,30,8.266900510204081
CAM,4148,2.9469645023345947,14.863521575927734,227,1,22,30,8.266900510204081
FAM,4148,0.1265515089035034,14.863521575927734,227,1,22,30,8.266900510204081
Random,4148,1.19346022605896,14.863521575927734,227,1,22,30,8.266900510204081
Superpixel,1130,3.4634597301483154,7.561272621154785,228,1,22,30,2.2520727040816326
CAM,1130,1.015819787979126,7.561272621154785,228,1,22,30,2.2520727040816326
FAM,1130,-0.907565712928772,7.561272621154785,228,1,22,30,2.2520727040816326
Random,1130,-1.1326866149902344,7.561272621154785,228,1,22,30,2.2520727040816326
Superpixel,4514,3.3708951473236084,12.991989135742188,229,1,17,30,8.996332908163266
CAM,4514,3.972395658493042,12.991989135742188,229,1,17,30,8.996332908163266
FAM,4514,1.0639235973358154,12.991989135742188,229,1,17,30,8.996332908163266
Random,4514,5.573390960693359,12.991989135742188,229,1,17,30,8.996332908163266
Superpixel,1877,2.356901168823242,11.151324272155762,230,1,20,30,3.740832270408164
CAM,1877,2.5467240810394287,11.151324272155762,230,1,20,30,3.740832270408164
FAM,1877,0.4479320347309112,11.151324272155762,230,1,20,30,3.740832270408164
Random,1877,5.222434997558594,11.151324272155762,230,1,20,30,3.740832270408164
Superpixel,3727,3.4501888751983643,11.318161964416504,231,1,21,30,7.427853954081633
CAM,3727,6.296389579772949,11.318161964416504,231,1,21,30,7.427853954081633
FAM,3727,-0.436849981546402,11.318161964416504,231,1,21,30,7.427853954081633
Random,3727,0.2307236194610595,11.318161964416504,231,1,21,30,7.427853954081633
Superpixel,8738,2.4325551986694336,14.989322662353516,232,1,16,30,17.41470025510204
CAM,8738,5.193597316741943,14.989322662353516,232,1,16,30,17.41470025510204
FAM,8738,1.0073645114898682,14.989322662353516,232,1,16,30,17.41470025510204
Random,8738,2.265336275100708,14.989322662353516,232,1,16,30,17.41470025510204
Superpixel,2986,1.2937207221984863,10.468459129333496,233,1,21,30,5.951052295918367
CAM,2986,0.3213227093219757,10.468459129333496,233,1,21,30,5.951052295918367
FAM,2986,2.502915143966675,10.468459129333496,233,1,21,30,5.951052295918367
Random,2986,1.9203853607177732,10.468459129333496,233,1,21,30,5.951052295918367
Superpixel,3060,1.6982262134552002,14.936963081359863,234,1,25,30,6.098533163265306
CAM,3060,2.719208002090454,14.936963081359863,234,1,25,30,6.098533163265306
FAM,3060,-0.4482627809047699,14.936963081359863,234,1,25,30,6.098533163265306
Random,3060,1.5613256692886353,14.936963081359863,234,1,25,30,6.098533163265306
Superpixel,2831,8.402657508850098,15.006619453430176,235,1,19,30,5.642139668367348
CAM,2831,5.7164154052734375,15.006619453430176,235,1,19,30,5.642139668367348
FAM,2831,-0.0442196503281593,15.006619453430176,235,1,19,30,5.642139668367348
Random,2831,1.9365687370300293,15.006619453430176,235,1,19,30,5.642139668367348
Superpixel,1433,6.783044815063477,13.495749473571776,236,1,18,30,2.8559470663265305
CAM,1433,5.557121753692627,13.495749473571776,236,1,18,30,2.8559470663265305
FAM,1433,0.9652647972106934,13.495749473571776,236,1,18,30,2.8559470663265305
Random,1433,-0.1732994765043258,13.495749473571776,236,1,18,30,2.8559470663265305
Superpixel,3557,9.401596069335938,14.807310104370115,237,1,21,30,7.089046556122448
CAM,3557,7.368628025054932,14.807310104370115,237,1,21,30,7.089046556122448
FAM,3557,1.913578510284424,14.807310104370115,237,1,21,30,7.089046556122448
Random,3557,1.7721607685089111,14.807310104370115,237,1,21,30,7.089046556122448
Superpixel,1878,6.324412345886231,10.925312042236328,238,1,25,30,3.7428252551020407
CAM,1878,3.072094202041626,10.925312042236328,238,1,25,30,3.7428252551020407
FAM,1878,0.393904447555542,10.925312042236328,238,1,25,30,3.7428252551020407
Random,1878,3.023162364959717,10.925312042236328,238,1,25,30,3.7428252551020407
Superpixel,2282,4.918845176696777,13.17171573638916,239,1,24,30,4.547991071428571
CAM,2282,6.1925883293151855,13.17171573638916,239,1,24,30,4.547991071428571
FAM,2282,0.4456930756568908,13.17171573638916,239,1,24,30,4.547991071428571
Random,2282,0.8844642043113708,13.17171573638916,239,1,24,30,4.547991071428571
Superpixel,3458,3.088573694229126,13.959877967834473,240,1,23,30,6.891741071428571
CAM,3458,3.373246192932129,13.959877967834473,240,1,23,30,6.891741071428571
FAM,3458,0.7117051482200623,13.959877967834473,240,1,23,30,6.891741071428571
Random,3458,-0.93755704164505,13.959877967834473,240,1,23,30,6.891741071428571
Superpixel,2043,10.00284194946289,14.099804878234863,241,1,25,30,4.071667729591836
CAM,2043,2.1055357456207275,14.099804878234863,241,1,25,30,4.071667729591836
FAM,2043,-0.159009575843811,14.099804878234863,241,1,25,30,4.071667729591836
Random,2043,1.86605966091156,14.099804878234863,241,1,25,30,4.071667729591836
Superpixel,1166,1.7014036178588867,13.501015663146973,242,1,20,30,2.3238201530612246
CAM,1166,0.057434819638729,13.501015663146973,242,1,20,30,2.3238201530612246
FAM,1166,0.3220813572406769,13.501015663146973,242,1,20,30,2.3238201530612246
Random,1166,1.142123103141785,13.501015663146973,242,1,20,30,2.3238201530612246
Superpixel,1063,0.3211580216884613,15.295615196228027,243,1,24,30,2.1185427295918364
CAM,1063,-1.7792929410934448,15.295615196228027,243,1,24,30,2.1185427295918364
FAM,1063,-1.1448463201522827,15.295615196228027,243,1,24,30,2.1185427295918364
Random,1063,-1.650813102722168,15.295615196228027,243,1,24,30,2.1185427295918364
Superpixel,2439,1.807047963142395,9.232186317443848,244,1,24,30,4.860889668367348
CAM,2439,-1.8871811628341677,9.232186317443848,244,1,24,30,4.860889668367348
FAM,2439,-2.008193016052246,9.232186317443848,244,1,24,30,4.860889668367348
Random,2439,-0.6857795119285583,9.232186317443848,244,1,24,30,4.860889668367348
Superpixel,1172,-0.2504825294017792,15.88653564453125,245,1,25,30,2.33577806122449
CAM,1172,-1.8747907876968384,15.88653564453125,245,1,25,30,2.33577806122449
FAM,1172,-2.136707067489624,15.88653564453125,245,1,25,30,2.33577806122449
Random,1172,-0.9457647800445556,15.88653564453125,245,1,25,30,2.33577806122449
Superpixel,3742,1.6670994758605957,10.786697387695312,246,1,24,30,7.457748724489796
CAM,3742,-0.2403573095798492,10.786697387695312,246,1,24,30,7.457748724489796
FAM,3742,0.2446325123310089,10.786697387695312,246,1,24,30,7.457748724489796
Random,3742,2.508251190185547,10.786697387695312,246,1,24,30,7.457748724489796
Superpixel,3499,4.713866233825684,11.99916648864746,247,1,22,30,6.973453443877552
CAM,3499,3.04941725730896,11.99916648864746,247,1,22,30,6.973453443877552
FAM,3499,4.275316715240479,11.99916648864746,247,1,22,30,6.973453443877552
Random,3499,3.137438535690308,11.99916648864746,247,1,22,30,6.973453443877552
Superpixel,3552,-0.399083137512207,11.57615089416504,248,1,19,30,7.079081632653061
CAM,3552,-2.206051588058472,11.57615089416504,248,1,19,30,7.079081632653061
FAM,3552,-1.6037226915359497,11.57615089416504,248,1,19,30,7.079081632653061
Random,3552,0.2052712589502334,11.57615089416504,248,1,19,30,7.079081632653061
Superpixel,7116,1.9729934930801392,14.28640842437744,249,1,18,30,14.182079081632654
CAM,7116,-0.2513116598129272,14.28640842437744,249,1,18,30,14.182079081632654
FAM,7116,1.185481071472168,14.28640842437744,249,1,18,30,14.182079081632654
Random,7116,0.024847337976098,14.28640842437744,249,1,18,30,14.182079081632654
Superpixel,2495,-0.6444370150566101,8.568169593811035,250,1,23,30,4.97249681122449
CAM,2495,-2.7220165729522705,8.568169593811035,250,1,23,30,4.97249681122449
FAM,2495,-0.681865930557251,8.568169593811035,250,1,23,30,4.97249681122449
Random,2495,-1.3591200113296509,8.568169593811035,250,1,23,30,4.97249681122449
Superpixel,3628,0.3784947693347931,7.943912029266357,251,1,23,30,7.230548469387756
CAM,3628,-1.6549237966537476,7.943912029266357,251,1,23,30,7.230548469387756
FAM,3628,-1.5914233922958374,7.943912029266357,251,1,23,30,7.230548469387756
Random,3628,-1.9260910749435425,7.943912029266357,251,1,23,30,7.230548469387756
Superpixel,1915,2.407355070114136,12.735684394836426,252,1,23,30,3.816565688775511
CAM,1915,1.5442367792129517,12.735684394836426,252,1,23,30,3.816565688775511
FAM,1915,1.116638422012329,12.735684394836426,252,1,23,30,3.816565688775511
Random,1915,2.408878803253174,12.735684394836426,252,1,23,30,3.816565688775511
Superpixel,2756,-1.0738555192947388,8.80982494354248,253,1,23,30,5.4926658163265305
CAM,2756,-3.576942682266236,8.80982494354248,253,1,23,30,5.4926658163265305
FAM,2756,-4.15551233291626,8.80982494354248,253,1,23,30,5.4926658163265305
Random,2756,-3.165543794631958,8.80982494354248,253,1,23,30,5.4926658163265305
Superpixel,2390,-0.2566575407981872,9.8247652053833,254,1,24,30,4.763233418367348
CAM,2390,-2.810343027114868,9.8247652053833,254,1,24,30,4.763233418367348
FAM,2390,-1.8370989561080933,9.8247652053833,254,1,24,30,4.763233418367348
Random,2390,-0.816967785358429,9.8247652053833,254,1,24,30,4.763233418367348
Superpixel,2328,-0.5994007587432861,10.662772178649902,255,1,25,30,4.639668367346939
CAM,2328,-2.379946708679199,10.662772178649902,255,1,25,30,4.639668367346939
FAM,2328,-1.481223464012146,10.662772178649902,255,1,25,30,4.639668367346939
Random,2328,-1.4324032068252563,10.662772178649902,255,1,25,30,4.639668367346939
Superpixel,1240,1.6818174123764038,15.382043838500977,256,1,23,30,2.471301020408164
CAM,1240,-2.941655397415161,15.382043838500977,256,1,23,30,2.471301020408164
FAM,1240,-2.194010734558105,15.382043838500977,256,1,23,30,2.471301020408164
Random,1240,-2.301607370376587,15.382043838500977,256,1,23,30,2.471301020408164
Superpixel,2496,-0.9771525859832764,10.048593521118164,257,1,22,30,4.974489795918367
CAM,2496,-1.248146891593933,10.048593521118164,257,1,22,30,4.974489795918367
FAM,2496,-1.4540724754333496,10.048593521118164,257,1,22,30,4.974489795918367
Random,2496,-3.585174798965454,10.048593521118164,257,1,22,30,4.974489795918367
Superpixel,1894,-0.5627651810646057,9.058530807495115,258,1,25,30,3.774713010204082
CAM,1894,-1.862434983253479,9.058530807495115,258,1,25,30,3.774713010204082
FAM,1894,-1.7448281049728394,9.058530807495115,258,1,25,30,3.774713010204082
Random,1894,-0.9216979146003724,9.058530807495115,258,1,25,30,3.774713010204082
Superpixel,2720,-0.1422855854034423,11.10348129272461,259,1,24,30,5.420918367346939
CAM,2720,-1.5471917390823364,11.10348129272461,259,1,24,30,5.420918367346939
FAM,2720,-2.9716949462890625,11.10348129272461,259,1,24,30,5.420918367346939
Random,2720,-2.210662364959717,11.10348129272461,259,1,24,30,5.420918367346939
Superpixel,1698,-1.2476385831832886,7.782178401947021,260,1,23,30,3.384088010204082
CAM,1698,-2.325901746749878,7.782178401947021,260,1,23,30,3.384088010204082
FAM,1698,-2.784470796585083,7.782178401947021,260,1,23,30,3.384088010204082
Random,1698,-1.8531763553619385,7.782178401947021,260,1,23,30,3.384088010204082
Superpixel,1795,1.8721660375595093,10.589920997619627,261,1,25,30,3.577407525510204
CAM,1795,1.5685104131698608,10.589920997619627,261,1,25,30,3.577407525510204
FAM,1795,2.386803388595581,10.589920997619627,261,1,25,30,3.577407525510204
Random,1795,1.307209849357605,10.589920997619627,261,1,25,30,3.577407525510204
Superpixel,1138,2.2014026641845703,10.4232177734375,262,1,23,30,2.268016581632653
CAM,1138,1.0739275217056274,10.4232177734375,262,1,23,30,2.268016581632653
FAM,1138,1.306523084640503,10.4232177734375,262,1,23,30,2.268016581632653
Random,1138,2.450162649154663,10.4232177734375,262,1,23,30,2.268016581632653
Superpixel,1391,-0.3662240505218506,12.715682983398438,263,1,24,30,2.7722417091836737
CAM,1391,-1.7057397365570068,12.715682983398438,263,1,24,30,2.7722417091836737
FAM,1391,-4.029386043548584,12.715682983398438,263,1,24,30,2.7722417091836737
Random,1391,-2.2423629760742188,12.715682983398438,263,1,24,30,2.7722417091836737
Superpixel,1256,1.949105262756348,8.014638900756836,264,1,22,30,2.503188775510204
CAM,1256,1.9252640008926392,8.014638900756836,264,1,22,30,2.503188775510204
FAM,1256,0.6788693070411682,8.014638900756836,264,1,22,30,2.503188775510204
Random,1256,2.530038356781006,8.014638900756836,264,1,22,30,2.503188775510204
Superpixel,4488,3.769975185394287,16.590599060058594,265,1,22,30,8.94451530612245
CAM,4488,-0.0921642705798149,16.590599060058594,265,1,22,30,8.94451530612245
FAM,4488,-1.4754157066345217,16.590599060058594,265,1,22,30,8.94451530612245
Random,4488,-0.8309392929077148,16.590599060058594,265,1,22,30,8.94451530612245
Superpixel,3221,1.6537513732910156,11.956788063049316,266,1,23,30,6.419403698979592
CAM,3221,-3.564032554626465,11.956788063049316,266,1,23,30,6.419403698979592
FAM,3221,-0.9493319988250732,11.956788063049316,266,1,23,30,6.419403698979592
Random,3221,-1.3243070840835571,11.956788063049316,266,1,23,30,6.419403698979592
Superpixel,2328,4.070418357849121,13.110607147216797,267,1,22,30,4.639668367346939
CAM,2328,1.9154635667800903,13.110607147216797,267,1,22,30,4.639668367346939
FAM,2328,1.4924345016479492,13.110607147216797,267,1,22,30,4.639668367346939
Random,2328,2.467835664749145,13.110607147216797,267,1,22,30,4.639668367346939
Superpixel,3057,0.4564239084720611,10.649499893188477,268,1,25,30,6.092554209183673
CAM,3057,0.3800230324268341,10.649499893188477,268,1,25,30,6.092554209183673
FAM,3057,-0.3689440190792084,10.649499893188477,268,1,25,30,6.092554209183673
Random,3057,-1.2049505710601809,10.649499893188477,268,1,25,30,6.092554209183673
Superpixel,2178,2.0462348461151123,11.300662994384766,269,1,22,30,4.340720663265306
CAM,2178,-2.206159830093384,11.300662994384766,269,1,22,30,4.340720663265306
FAM,2178,-0.5859067440032959,11.300662994384766,269,1,22,30,4.340720663265306
Random,2178,0.5558076500892639,11.300662994384766,269,1,22,30,4.340720663265306
Superpixel,6289,-0.2891128063201904,13.387718200683594,270,1,23,30,12.53388073979592
CAM,6289,-1.7795401811599731,13.387718200683594,270,1,23,30,12.53388073979592
FAM,6289,-0.0141230728477239,13.387718200683594,270,1,23,30,12.53388073979592
Random,6289,-0.1489142030477523,13.387718200683594,270,1,23,30,12.53388073979592
Superpixel,1582,0.6177182197570801,8.00174331665039,271,1,23,30,3.1529017857142856
CAM,1582,-0.0875334814190864,8.00174331665039,271,1,23,30,3.1529017857142856
FAM,1582,0.1177781820297241,8.00174331665039,271,1,23,30,3.1529017857142856
Random,1582,-0.4198952317237854,8.00174331665039,271,1,23,30,3.1529017857142856
Superpixel,2100,0.5515271425247192,10.862751960754396,272,1,20,30,4.185267857142857
CAM,2100,-2.1339330673217773,10.862751960754396,272,1,20,30,4.185267857142857
FAM,2100,-1.1010109186172483,10.862751960754396,272,1,20,30,4.185267857142857
Random,2100,-1.4400027990341189,10.862751960754396,272,1,20,30,4.185267857142857
Superpixel,2939,0.9307605624198914,12.18566608428955,273,1,24,30,5.857382015306122
CAM,2939,-0.7088722586631775,12.18566608428955,273,1,24,30,5.857382015306122
FAM,2939,-0.4784674048423767,12.18566608428955,273,1,24,30,5.857382015306122
Random,2939,-1.1327451467514038,12.18566608428955,273,1,24,30,5.857382015306122
Superpixel,3033,1.02525532245636,16.64673614501953,274,1,22,30,6.044722576530613
CAM,3033,0.9649016261100768,16.64673614501953,274,1,22,30,6.044722576530613
FAM,3033,-1.2426906824111938,16.64673614501953,274,1,22,30,6.044722576530613
Random,3033,0.64946049451828,16.64673614501953,274,1,22,30,6.044722576530613
Superpixel,3076,2.152878761291504,15.19886589050293,275,1,21,30,6.130420918367348
CAM,3076,0.0442665070295333,15.19886589050293,275,1,21,30,6.130420918367348
FAM,3076,0.6885272860527039,15.19886589050293,275,1,21,30,6.130420918367348
Random,3076,-0.6370756030082703,15.19886589050293,275,1,21,30,6.130420918367348
Superpixel,1333,4.504980564117432,13.627459526062012,276,1,24,30,2.6566485969387754
CAM,1333,-1.14631986618042,13.627459526062012,276,1,24,30,2.6566485969387754
FAM,1333,-1.4851754903793335,13.627459526062012,276,1,24,30,2.6566485969387754
Random,1333,-0.564232587814331,13.627459526062012,276,1,24,30,2.6566485969387754
Superpixel,3196,3.347622871398926,10.346400260925291,277,1,23,30,6.369579081632653
CAM,3196,0.2519692778587341,10.346400260925291,277,1,23,30,6.369579081632653
FAM,3196,1.6115772724151611,10.346400260925291,277,1,23,30,6.369579081632653
Random,3196,-1.065646409988403,10.346400260925291,277,1,23,30,6.369579081632653
Superpixel,3482,4.64982795715332,11.518095016479492,278,1,21,30,6.939572704081633
CAM,3482,-0.4323421120643616,11.518095016479492,278,1,21,30,6.939572704081633
FAM,3482,0.7142696976661682,11.518095016479492,278,1,21,30,6.939572704081633
Random,3482,-0.4561311602592468,11.518095016479492,278,1,21,30,6.939572704081633
Superpixel,1765,1.7911784648895264,9.506635665893556,279,1,22,30,3.517617984693878
CAM,1765,-0.3470990061759949,9.506635665893556,279,1,22,30,3.517617984693878
FAM,1765,-1.301658272743225,9.506635665893556,279,1,22,30,3.517617984693878
Random,1765,-0.4181610941886902,9.506635665893556,279,1,22,30,3.517617984693878
Superpixel,3033,1.4949313402175903,9.351788520812988,280,1,21,30,6.044722576530613
CAM,3033,-0.7094722986221313,9.351788520812988,280,1,21,30,6.044722576530613
FAM,3033,0.1029037684202194,9.351788520812988,280,1,21,30,6.044722576530613
Random,3033,-0.1925740391016006,9.351788520812988,280,1,21,30,6.044722576530613
Superpixel,2773,7.16510009765625,15.694868087768556,281,1,23,30,5.526546556122449
CAM,2773,0.2534051537513733,15.694868087768556,281,1,23,30,5.526546556122449
FAM,2773,2.560415267944336,15.694868087768556,281,1,23,30,5.526546556122449
Random,2773,-0.5613558292388916,15.694868087768556,281,1,23,30,5.526546556122449
Superpixel,3323,1.9462404251098635,13.979659080505373,282,1,23,30,6.622688137755102
CAM,3323,-2.0024213790893555,13.979659080505373,282,1,23,30,6.622688137755102
FAM,3323,-1.2226929664611816,13.979659080505373,282,1,23,30,6.622688137755102
Random,3323,-0.0251307934522628,13.979659080505373,282,1,23,30,6.622688137755102
Superpixel,4429,1.9065204858779907,13.835700035095217,283,1,20,30,8.826929209183673
CAM,4429,-2.248532295227051,13.835700035095217,283,1,20,30,8.826929209183673
FAM,4429,1.568410038948059,13.835700035095217,283,1,20,30,8.826929209183673
Random,4429,-0.4636614918708801,13.835700035095217,283,1,20,30,8.826929209183673
Superpixel,2244,1.8292261362075808,9.070479393005373,284,1,24,30,4.472257653061225
CAM,2244,1.0763720273971558,9.070479393005373,284,1,24,30,4.472257653061225
FAM,2244,0.7622209787368774,9.070479393005373,284,1,24,30,4.472257653061225
Random,2244,-0.0338163673877716,9.070479393005373,284,1,24,30,4.472257653061225
Superpixel,4088,1.4204779863357544,11.145997047424316,285,1,23,30,8.147321428571429
CAM,4088,-0.7667822241783142,11.145997047424316,285,1,23,30,8.147321428571429
FAM,4088,1.6501415967941284,11.145997047424316,285,1,23,30,8.147321428571429
Random,4088,-0.6074342131614685,11.145997047424316,285,1,23,30,8.147321428571429
Superpixel,2001,0.6492133736610413,12.168622970581056,286,1,22,30,3.98796237244898
CAM,2001,-0.5130351185798645,12.168622970581056,286,1,22,30,3.98796237244898
FAM,2001,-0.5231737494468689,12.168622970581056,286,1,22,30,3.98796237244898
Random,2001,-1.295989155769348,12.168622970581056,286,1,22,30,3.98796237244898
Superpixel,4534,5.285978317260742,15.902518272399902,287,1,21,30,9.036192602040815
CAM,4534,1.6609193086624146,15.902518272399902,287,1,21,30,9.036192602040815
FAM,4534,2.634878158569336,15.902518272399902,287,1,21,30,9.036192602040815
Random,4534,-1.0036593675613403,15.902518272399902,287,1,21,30,9.036192602040815
Superpixel,5158,4.246432304382324,14.044625282287598,288,1,22,30,10.279815051020408
CAM,5158,1.40748131275177,14.044625282287598,288,1,22,30,10.279815051020408
FAM,5158,1.6695255041122437,14.044625282287598,288,1,22,30,10.279815051020408
Random,5158,1.7417889833450315,14.044625282287598,288,1,22,30,10.279815051020408
Superpixel,3833,1.3306196928024292,11.880253791809082,289,1,21,30,7.639110331632653
CAM,3833,0.7287219166755676,11.880253791809082,289,1,21,30,7.639110331632653
FAM,3833,3.2769482135772705,11.880253791809082,289,1,21,30,7.639110331632653
Random,3833,2.1153247356414795,11.880253791809082,289,1,21,30,7.639110331632653
Superpixel,3469,6.697845458984375,14.989495277404783,290,1,22,30,6.913663903061225
CAM,3469,1.02730393409729,14.989495277404783,290,1,22,30,6.913663903061225
FAM,3469,2.1060214042663574,14.989495277404783,290,1,22,30,6.913663903061225
Random,3469,1.2396796941757202,14.989495277404783,290,1,22,30,6.913663903061225
Superpixel,1097,0.9562765955924988,17.239116668701172,291,1,23,30,2.1863042091836737
CAM,1097,0.4957019686698913,17.239116668701172,291,1,23,30,2.1863042091836737
FAM,1097,-0.0676580220460891,17.239116668701172,291,1,23,30,2.1863042091836737
Random,1097,-1.5035316944122314,17.239116668701172,291,1,23,30,2.1863042091836737
Superpixel,2499,0.9492293000221252,12.583741188049316,292,1,22,30,4.98046875
CAM,2499,0.8061237931251526,12.583741188049316,292,1,22,30,4.98046875
FAM,2499,2.512184858322144,12.583741188049316,292,1,22,30,4.98046875
Random,2499,-0.770842969417572,12.583741188049316,292,1,22,30,4.98046875
Superpixel,4628,5.302826881408691,14.344529151916504,293,1,21,30,9.223533163265303
CAM,4628,1.8364509344100952,14.344529151916504,293,1,21,30,9.223533163265303
FAM,4628,2.292555093765259,14.344529151916504,293,1,21,30,9.223533163265303
Random,4628,-0.0465150624513626,14.344529151916504,293,1,21,30,9.223533163265303
Superpixel,6423,4.973546028137207,9.774456977844238,294,1,18,30,12.800940688775512
CAM,6423,4.37044620513916,9.774456977844238,294,1,18,30,12.800940688775512
FAM,6423,4.728143215179443,9.774456977844238,294,1,18,30,12.800940688775512
Random,6423,0.7938259243965149,9.774456977844238,294,1,18,30,12.800940688775512
Superpixel,3788,6.953155517578125,15.452606201171877,295,1,23,30,7.549426020408164
CAM,3788,0.8613623976707458,15.452606201171877,295,1,23,30,7.549426020408164
FAM,3788,0.4244839549064636,15.452606201171877,295,1,23,30,7.549426020408164
Random,3788,-0.0712330490350723,15.452606201171877,295,1,23,30,7.549426020408164
Superpixel,1785,2.630983591079712,13.88781452178955,296,1,22,30,3.557477678571429
CAM,1785,-0.3183460831642151,13.88781452178955,296,1,22,30,3.557477678571429
FAM,1785,2.0767767429351807,13.88781452178955,296,1,22,30,3.557477678571429
Random,1785,0.1247056573629379,13.88781452178955,296,1,22,30,3.557477678571429
Superpixel,1289,1.80894935131073,16.863059997558594,297,1,23,30,2.568957270408164
CAM,1289,-0.420958936214447,16.863059997558594,297,1,23,30,2.568957270408164
FAM,1289,0.3580626845359802,16.863059997558594,297,1,23,30,2.568957270408164
Random,1289,-0.972582757472992,16.863059997558594,297,1,23,30,2.568957270408164
Superpixel,4402,7.787764072418213,14.96630573272705,298,1,20,30,8.77311862244898
CAM,4402,0.6172181367874146,14.96630573272705,298,1,20,30,8.77311862244898
FAM,4402,3.6628782749176025,14.96630573272705,298,1,20,30,8.77311862244898
Random,4402,-0.475960910320282,14.96630573272705,298,1,20,30,8.77311862244898
Superpixel,3413,1.9349220991134644,13.316693305969238,299,1,22,30,6.802056760204081
CAM,3413,-2.0363004207611084,13.316693305969238,299,1,22,30,6.802056760204081
FAM,3413,-0.3989889919757843,13.316693305969238,299,1,22,30,6.802056760204081
Random,3413,-2.082418441772461,13.316693305969238,299,1,22,30,6.802056760204081
Superpixel,2944,0.6119928359985352,11.20712184906006,300,1,22,30,5.86734693877551
CAM,2944,-1.3786964416503906,11.20712184906006,300,1,22,30,5.86734693877551
FAM,2944,-0.480795294046402,11.20712184906006,300,1,22,30,5.86734693877551
Random,2944,0.2547117173671722,11.20712184906006,300,1,22,30,5.86734693877551
Superpixel,1237,-0.1003751829266548,15.920042991638184,301,1,24,30,2.4653220663265305
CAM,1237,-0.7934821844100952,15.920042991638184,301,1,24,30,2.4653220663265305
FAM,1237,-1.2377415895462036,15.920042991638184,301,1,24,30,2.4653220663265305
Random,1237,-2.108046770095825,15.920042991638184,301,1,24,30,2.4653220663265305
Superpixel,1881,-0.5788980722427368,12.91293239593506,302,1,22,30,3.748804209183673
CAM,1881,-2.1281464099884038,12.91293239593506,302,1,22,30,3.748804209183673
FAM,1881,-1.548897385597229,12.91293239593506,302,1,22,30,3.748804209183673
Random,1881,-1.596501111984253,12.91293239593506,302,1,22,30,3.748804209183673
Superpixel,2198,0.0989481806755065,8.65047550201416,303,1,24,30,4.380580357142857
CAM,2198,-0.9739372730255128,8.65047550201416,303,1,24,30,4.380580357142857
FAM,2198,-2.0696606636047363,8.65047550201416,303,1,24,30,4.380580357142857
Random,2198,-1.7159394025802612,8.65047550201416,303,1,24,30,4.380580357142857
Superpixel,2950,-0.9451982378959656,7.639223575592041,304,1,25,30,5.879304846938775
CAM,2950,-2.0400822162628174,7.639223575592041,304,1,25,30,5.879304846938775
FAM,2950,-1.3463507890701294,7.639223575592041,304,1,25,30,5.879304846938775
Random,2950,-2.230710744857788,7.639223575592041,304,1,25,30,5.879304846938775
Superpixel,2277,-0.425036072731018,10.562777519226074,305,1,24,30,4.538026147959184
CAM,2277,-2.497200727462769,10.562777519226074,305,1,24,30,4.538026147959184
FAM,2277,-1.139259696006775,10.562777519226074,305,1,24,30,4.538026147959184
Random,2277,-1.7561944723129272,10.562777519226074,305,1,24,30,4.538026147959184
Superpixel,2887,-0.3005543351173401,12.521405220031738,306,1,24,30,5.75374681122449
CAM,2887,-1.6328080892562866,12.521405220031738,306,1,24,30,5.75374681122449
FAM,2887,-1.8388535976409912,12.521405220031738,306,1,24,30,5.75374681122449
Random,2887,-1.5697611570358276,12.521405220031738,306,1,24,30,5.75374681122449
Superpixel,2171,2.3714492321014404,7.956989765167236,307,1,24,30,4.326769770408164
CAM,2171,0.9429253339767456,7.956989765167236,307,1,24,30,4.326769770408164
FAM,2171,0.1565892547369003,7.956989765167236,307,1,24,30,4.326769770408164
Random,2171,2.254883289337158,7.956989765167236,307,1,24,30,4.326769770408164
Superpixel,3054,2.7022900581359863,7.983482360839844,308,1,21,30,6.086575255102041
CAM,3054,2.075134038925171,7.983482360839844,308,1,21,30,6.086575255102041
FAM,3054,-0.3061208128929138,7.983482360839844,308,1,21,30,6.086575255102041
Random,3054,0.6475480794906616,7.983482360839844,308,1,21,30,6.086575255102041
Superpixel,1640,0.2887522578239441,13.487833976745604,309,1,23,30,3.2684948979591835
CAM,1640,-0.5996732711791992,13.487833976745604,309,1,23,30,3.2684948979591835
FAM,1640,-1.4059559106826782,13.487833976745604,309,1,23,30,3.2684948979591835
Random,1640,-1.5476665496826172,13.487833976745604,309,1,23,30,3.2684948979591835
Superpixel,1591,-0.2356956154108047,11.885712623596191,310,1,25,30,3.1708386479591835
CAM,1591,-0.7898160219192505,11.885712623596191,310,1,25,30,3.1708386479591835
FAM,1591,-0.8763452172279358,11.885712623596191,310,1,25,30,3.1708386479591835
Random,1591,-1.3536736965179443,11.885712623596191,310,1,25,30,3.1708386479591835
Superpixel,1555,-0.6892361640930176,9.580245018005373,311,1,25,30,3.099091198979592
CAM,1555,-2.3054323196411133,9.580245018005373,311,1,25,30,3.099091198979592
FAM,1555,-2.736569166183472,9.580245018005373,311,1,25,30,3.099091198979592
Random,1555,-2.823439121246338,9.580245018005373,311,1,25,30,3.099091198979592
Superpixel,2153,-0.4060578346252441,15.623077392578123,312,1,23,30,4.290896045918367
CAM,2153,-1.5594929456710815,15.623077392578123,312,1,23,30,4.290896045918367
FAM,2153,-0.8897424340248108,15.623077392578123,312,1,23,30,4.290896045918367
Random,2153,-0.4227434396743774,15.623077392578123,312,1,23,30,4.290896045918367
Superpixel,2895,-0.1102157905697822,10.70521068572998,313,1,24,30,5.76969068877551
CAM,2895,-1.699238657951355,10.70521068572998,313,1,24,30,5.76969068877551
FAM,2895,-1.5127533674240112,10.70521068572998,313,1,24,30,5.76969068877551
Random,2895,-1.1394085884094238,10.70521068572998,313,1,24,30,5.76969068877551
Superpixel,2139,-0.7978594899177551,8.181416511535645,314,1,23,30,4.262994260204081
CAM,2139,-1.2183295488357544,8.181416511535645,314,1,23,30,4.262994260204081
FAM,2139,-1.0813255310058594,8.181416511535645,314,1,23,30,4.262994260204081
Random,2139,-1.7272592782974243,8.181416511535645,314,1,23,30,4.262994260204081
Superpixel,3659,-0.5292549133300781,16.103334426879883,315,1,19,30,7.292330994897959
CAM,3659,0.1160171255469322,16.103334426879883,315,1,19,30,7.292330994897959
FAM,3659,-1.3783665895462036,16.103334426879883,315,1,19,30,7.292330994897959
Random,3659,-1.1392407417297363,16.103334426879883,315,1,19,30,7.292330994897959
Superpixel,2787,0.2497910112142563,11.279531478881836,316,1,22,30,5.554448341836735
CAM,2787,-1.3621947765350342,11.279531478881836,316,1,22,30,5.554448341836735
FAM,2787,-1.6628369092941284,11.279531478881836,316,1,22,30,5.554448341836735
Random,2787,-1.1178797483444214,11.279531478881836,316,1,22,30,5.554448341836735
Superpixel,3337,-0.3002740740776062,12.5090913772583,317,1,22,30,6.650589923469388
CAM,3337,-2.173379421234131,12.5090913772583,317,1,22,30,6.650589923469388
FAM,3337,-0.7894650101661682,12.5090913772583,317,1,22,30,6.650589923469388
Random,3337,-1.165084958076477,12.5090913772583,317,1,22,30,6.650589923469388
Superpixel,1212,-0.3694674968719482,8.307381629943848,318,1,21,30,2.415497448979592
CAM,1212,-0.4533807039260864,8.307381629943848,318,1,21,30,2.415497448979592
FAM,1212,-1.178925395011902,8.307381629943848,318,1,21,30,2.415497448979592
Random,1212,-2.1026322841644287,8.307381629943848,318,1,21,30,2.415497448979592
Superpixel,3163,-0.4934110045433044,16.697917938232422,319,1,23,30,6.303810586734694
CAM,3163,-0.0105134351179003,16.697917938232422,319,1,23,30,6.303810586734694
FAM,3163,-1.9815694093704224,16.697917938232422,319,1,23,30,6.303810586734694
Random,3163,-1.7327466011047363,16.697917938232422,319,1,23,30,6.303810586734694
Superpixel,2943,-0.4013828039169311,12.64309787750244,320,1,23,30,5.865353954081633
CAM,2943,-1.4202944040298462,12.64309787750244,320,1,23,30,5.865353954081633
FAM,2943,-1.7003164291381836,12.64309787750244,320,1,23,30,5.865353954081633
Random,2943,-2.5774483680725098,12.64309787750244,320,1,23,30,5.865353954081633
Superpixel,5154,2.08660101890564,13.365646362304688,321,1,20,30,10.271843112244898
CAM,5154,-0.1781041175127029,13.365646362304688,321,1,20,30,10.271843112244898
FAM,5154,-1.7931230068206787,13.365646362304688,321,1,20,30,10.271843112244898
Random,5154,-1.4362624883651731,13.365646362304688,321,1,20,30,10.271843112244898
Superpixel,1899,0.1905305236577987,15.43865203857422,322,1,23,30,3.7846779336734695
CAM,1899,-1.1233232021331787,15.43865203857422,322,1,23,30,3.7846779336734695
FAM,1899,-1.4103822708129885,15.43865203857422,322,1,23,30,3.7846779336734695
Random,1899,-1.163866639137268,15.43865203857422,322,1,23,30,3.7846779336734695
Superpixel,1614,0.9607000350952148,12.263620376586914,323,1,24,30,3.216677295918368
CAM,1614,-1.368996024131775,12.263620376586914,323,1,24,30,3.216677295918368
FAM,1614,-1.2128669023513794,12.263620376586914,323,1,24,30,3.216677295918368
Random,1614,-0.9899488091468812,12.263620376586914,323,1,24,30,3.216677295918368
Superpixel,2195,-0.5694422721862793,9.488368034362791,324,1,25,30,4.374601403061225
CAM,2195,-0.9692217707633972,9.488368034362791,324,1,25,30,4.374601403061225
FAM,2195,-0.9906359910964966,9.488368034362791,324,1,25,30,4.374601403061225
Random,2195,-1.7897745370864868,9.488368034362791,324,1,25,30,4.374601403061225
Superpixel,5745,2.6607871055603027,13.348353385925291,325,1,19,30,11.44969706632653
CAM,5745,-0.2344080656766891,13.348353385925291,325,1,19,30,11.44969706632653
FAM,5745,-1.0919300317764282,13.348353385925291,325,1,19,30,11.44969706632653
Random,5745,-2.3620047569274902,13.348353385925291,325,1,19,30,11.44969706632653
Superpixel,2244,-1.1492915153503418,10.921833038330078,326,1,25,30,4.472257653061225
CAM,2244,-1.6308598518371582,10.921833038330078,326,1,25,30,4.472257653061225
FAM,2244,-1.2680004835128784,10.921833038330078,326,1,25,30,4.472257653061225
Random,2244,-1.508304476737976,10.921833038330078,326,1,25,30,4.472257653061225
Superpixel,2179,0.540664792060852,15.813647270202637,327,1,21,30,4.342713647959184
CAM,2179,-0.722622811794281,15.813647270202637,327,1,21,30,4.342713647959184
FAM,2179,-1.2121316194534302,15.813647270202637,327,1,21,30,4.342713647959184
Random,2179,-1.0253769159317017,15.813647270202637,327,1,21,30,4.342713647959184
Superpixel,3298,-0.4819568395614624,10.02759075164795,328,1,24,30,6.572863520408164
CAM,3298,-2.351091146469116,10.02759075164795,328,1,24,30,6.572863520408164
FAM,3298,-1.902171969413757,10.02759075164795,328,1,24,30,6.572863520408164
Random,3298,-1.8625465631484983,10.02759075164795,328,1,24,30,6.572863520408164
Superpixel,2862,7.45308256149292,14.073040008544922,329,1,21,30,5.703922193877551
CAM,2862,5.574669361114502,14.073040008544922,329,1,21,30,5.703922193877551
FAM,2862,-0.2012888044118881,14.073040008544922,329,1,21,30,5.703922193877551
Random,2862,1.470410943031311,14.073040008544922,329,1,21,30,5.703922193877551
Superpixel,3876,2.9953691959381104,12.550060272216797,330,1,24,30,7.724808673469388
CAM,3876,2.3517916202545166,12.550060272216797,330,1,24,30,7.724808673469388
FAM,3876,3.3255491256713867,12.550060272216797,330,1,24,30,7.724808673469388
Random,3876,1.7086706161499023,12.550060272216797,330,1,24,30,7.724808673469388
Superpixel,4980,4.290542602539063,13.943770408630373,331,1,23,30,9.925063775510203
CAM,4980,3.745222806930542,13.943770408630373,331,1,23,30,9.925063775510203
FAM,4980,0.1103965118527412,13.943770408630373,331,1,23,30,9.925063775510203
Random,4980,0.366776555776596,13.943770408630373,331,1,23,30,9.925063775510203
Superpixel,2027,4.673398017883301,13.27929973602295,332,1,24,30,4.039779974489796
CAM,2027,4.905335903167725,13.27929973602295,332,1,24,30,4.039779974489796
FAM,2027,0.6733088493347168,13.27929973602295,332,1,24,30,4.039779974489796
Random,2027,0.9708521366119384,13.27929973602295,332,1,24,30,4.039779974489796
Superpixel,2339,2.1946685314178467,15.010395050048828,333,1,23,30,4.661591198979592
CAM,2339,0.5756641626358032,15.010395050048828,333,1,23,30,4.661591198979592
FAM,2339,1.1631728410720823,15.010395050048828,333,1,23,30,4.661591198979592
Random,2339,1.001111626625061,15.010395050048828,333,1,23,30,4.661591198979592
Superpixel,1182,2.2401256561279297,12.984274864196776,334,1,21,30,2.3557079081632653
CAM,1182,1.926733136177063,12.984274864196776,334,1,21,30,2.3557079081632653
FAM,1182,-0.1004087254405021,12.984274864196776,334,1,21,30,2.3557079081632653
Random,1182,-0.8058193922042847,12.984274864196776,334,1,21,30,2.3557079081632653
Superpixel,2393,0.7654100060462952,10.79786777496338,335,1,25,30,4.76921237244898
CAM,2393,1.7571896314620972,10.79786777496338,335,1,25,30,4.76921237244898
FAM,2393,0.2276895940303802,10.79786777496338,335,1,25,30,4.76921237244898
Random,2393,-1.3086265325546265,10.79786777496338,335,1,25,30,4.76921237244898
Superpixel,2882,8.571613311767578,13.823429107666016,336,1,23,30,5.743781887755102
CAM,2882,2.811874866485596,13.823429107666016,336,1,23,30,5.743781887755102
FAM,2882,5.782121181488037,13.823429107666016,336,1,23,30,5.743781887755102
Random,2882,1.3666809797286987,13.823429107666016,336,1,23,30,5.743781887755102
Superpixel,1314,4.12602424621582,13.756704330444336,337,1,22,30,2.618781887755102
CAM,1314,1.1000080108642578,13.756704330444336,337,1,22,30,2.618781887755102
FAM,1314,0.6816961169242859,13.756704330444336,337,1,22,30,2.618781887755102
Random,1314,0.9363999962806702,13.756704330444336,337,1,22,30,2.618781887755102
Superpixel,2469,2.793555974960327,15.13203239440918,338,1,24,30,4.920679209183673
CAM,2469,4.653975486755371,15.13203239440918,338,1,24,30,4.920679209183673
FAM,2469,-0.1604304760694503,15.13203239440918,338,1,24,30,4.920679209183673
Random,2469,1.1860766410827637,15.13203239440918,338,1,24,30,4.920679209183673
Superpixel,1661,4.993581295013428,11.01680850982666,339,1,24,30,3.3103475765306123
CAM,1661,3.0985372066497803,11.01680850982666,339,1,24,30,3.3103475765306123
FAM,1661,0.3282555937767029,11.01680850982666,339,1,24,30,3.3103475765306123
Random,1661,0.5089260339736938,11.01680850982666,339,1,24,30,3.3103475765306123
Superpixel,1365,9.40847396850586,15.919769287109377,340,1,23,30,2.720424107142857
CAM,1365,5.364957809448242,15.919769287109377,340,1,23,30,2.720424107142857
FAM,1365,0.7220782041549683,15.919769287109377,340,1,23,30,2.720424107142857
Random,1365,1.3636502027511597,15.919769287109377,340,1,23,30,2.720424107142857
Superpixel,3328,4.707797050476074,16.254274368286133,341,1,22,30,6.63265306122449
CAM,3328,3.4873297214508057,16.254274368286133,341,1,22,30,6.63265306122449
FAM,3328,2.5412628650665283,16.254274368286133,341,1,22,30,6.63265306122449
Random,3328,1.6013225317001345,16.254274368286133,341,1,22,30,6.63265306122449
Superpixel,1135,3.758356094360352,14.408669471740724,342,1,22,30,2.2620376275510203
CAM,1135,1.207465887069702,14.408669471740724,342,1,22,30,2.2620376275510203
FAM,1135,-0.0993898585438728,14.408669471740724,342,1,22,30,2.2620376275510203
Random,1135,1.3240126371383667,14.408669471740724,342,1,22,30,2.2620376275510203
Superpixel,1618,8.788884162902832,12.208805084228516,343,1,22,30,3.224649234693878
CAM,1618,4.660943031311035,12.208805084228516,343,1,22,30,3.224649234693878
FAM,1618,-0.2214193791151046,12.208805084228516,343,1,22,30,3.224649234693878
Random,1618,0.306310623884201,12.208805084228516,343,1,22,30,3.224649234693878
Superpixel,1860,9.169370651245115,13.76335906982422,344,1,22,30,3.706951530612245
CAM,1860,1.8478407859802248,13.76335906982422,344,1,22,30,3.706951530612245
FAM,1860,0.5762763023376465,13.76335906982422,344,1,22,30,3.706951530612245
Random,1860,0.8729000091552734,13.76335906982422,344,1,22,30,3.706951530612245
Superpixel,1650,2.2397701740264893,13.20321273803711,345,1,21,30,3.2884247448979598
CAM,1650,1.9150781631469729,13.20321273803711,345,1,21,30,3.2884247448979598
FAM,1650,1.1691375970840454,13.20321273803711,345,1,21,30,3.2884247448979598
Random,1650,1.104875922203064,13.20321273803711,345,1,21,30,3.2884247448979598
Superpixel,2586,2.7145345211029053,16.150007247924805,346,1,24,30,5.153858418367348
CAM,2586,3.5713908672332764,16.150007247924805,346,1,24,30,5.153858418367348
FAM,2586,0.963237166404724,16.150007247924805,346,1,24,30,5.153858418367348
Random,2586,1.594557762145996,16.150007247924805,346,1,24,30,5.153858418367348
Superpixel,2273,4.954066276550293,12.391377449035645,347,1,22,30,4.530054209183673
CAM,2273,2.855870485305786,12.391377449035645,347,1,22,30,4.530054209183673
FAM,2273,0.6217117309570312,12.391377449035645,347,1,22,30,4.530054209183673
Random,2273,1.1813206672668457,12.391377449035645,347,1,22,30,4.530054209183673
Superpixel,2388,0.7860883474349976,10.273602485656738,348,1,19,30,4.759247448979592
CAM,2388,1.819923996925354,10.273602485656738,348,1,19,30,4.759247448979592
FAM,2388,-0.4856104850769043,10.273602485656738,348,1,19,30,4.759247448979592
Random,2388,-0.9306936264038086,10.273602485656738,348,1,19,30,4.759247448979592
Superpixel,1402,3.6072824001312256,10.695701599121094,349,1,19,30,2.7941645408163263
CAM,1402,2.648500204086304,10.695701599121094,349,1,19,30,2.7941645408163263
FAM,1402,1.9643101692199707,10.695701599121094,349,1,19,30,2.7941645408163263
Random,1402,1.1533101797103882,10.695701599121094,349,1,19,30,2.7941645408163263
Superpixel,6299,3.587980031967163,13.8681640625,350,1,21,30,12.553810586734691
CAM,6299,3.1924970149993896,13.8681640625,350,1,21,30,12.553810586734691
FAM,6299,0.3706583380699157,13.8681640625,350,1,21,30,12.553810586734691
Random,6299,1.1107964515686035,13.8681640625,350,1,21,30,12.553810586734691
Superpixel,1673,4.013315200805664,11.2779541015625,351,1,23,30,3.3342633928571432
CAM,1673,4.168456077575684,11.2779541015625,351,1,23,30,3.3342633928571432
FAM,1673,-0.1857398003339767,11.2779541015625,351,1,23,30,3.3342633928571432
Random,1673,1.2065383195877075,11.2779541015625,351,1,23,30,3.3342633928571432
Superpixel,2611,4.379894256591797,8.580537796020508,352,1,17,30,5.203683035714286
CAM,2611,5.899905204772949,8.580537796020508,352,1,17,30,5.203683035714286
FAM,2611,0.5768061876296997,8.580537796020508,352,1,17,30,5.203683035714286
Random,2611,-0.8661901950836182,8.580537796020508,352,1,17,30,5.203683035714286
Superpixel,1445,6.546123027801514,11.65229606628418,353,1,23,30,2.879862882653061
CAM,1445,2.298600673675537,11.65229606628418,353,1,23,30,2.879862882653061
FAM,1445,0.2935696542263031,11.65229606628418,353,1,23,30,2.879862882653061
Random,1445,1.678418517112732,11.65229606628418,353,1,23,30,2.879862882653061
Superpixel,2607,3.504253387451172,12.064424514770508,354,1,22,30,5.195711096938775
CAM,2607,1.4678412675857544,12.064424514770508,354,1,22,30,5.195711096938775
FAM,2607,3.7035164833068848,12.064424514770508,354,1,22,30,5.195711096938775
Random,2607,1.777655005455017,12.064424514770508,354,1,22,30,5.195711096938775
Superpixel,2727,4.996893882751465,12.731801986694336,355,1,20,30,5.434869260204081
CAM,2727,3.5686709880828857,12.731801986694336,355,1,20,30,5.434869260204081
FAM,2727,0.6901755928993225,12.731801986694336,355,1,20,30,5.434869260204081
Random,2727,3.984591245651245,12.731801986694336,355,1,20,30,5.434869260204081
Superpixel,2212,7.428545951843262,12.03252410888672,356,1,23,30,4.408482142857143
CAM,2212,4.643373489379883,12.03252410888672,356,1,23,30,4.408482142857143
FAM,2212,0.7481642365455627,12.03252410888672,356,1,23,30,4.408482142857143
Random,2212,0.9682729244232178,12.03252410888672,356,1,23,30,4.408482142857143
Superpixel,2340,4.408115863800049,11.188125610351562,357,1,23,30,4.6635841836734695
CAM,2340,5.162824630737305,11.188125610351562,357,1,23,30,4.6635841836734695
FAM,2340,1.16926109790802,11.188125610351562,357,1,23,30,4.6635841836734695
Random,2340,2.706230401992798,11.188125610351562,357,1,23,30,4.6635841836734695
Superpixel,1446,6.972754955291748,15.25149154663086,358,1,21,30,2.881855867346939
CAM,1446,5.379490375518799,15.25149154663086,358,1,21,30,2.881855867346939
FAM,1446,0.0849241241812706,15.25149154663086,358,1,21,30,2.881855867346939
Random,1446,0.8031195402145386,15.25149154663086,358,1,21,30,2.881855867346939
Superpixel,2119,1.4352396726608276,12.692386627197266,359,1,24,30,4.2231345663265305
CAM,2119,2.353301286697388,12.692386627197266,359,1,24,30,4.2231345663265305
FAM,2119,-1.921381950378418,12.692386627197266,359,1,24,30,4.2231345663265305
Random,2119,0.3468004465103149,12.692386627197266,359,1,24,30,4.2231345663265305
Superpixel,2240,3.1059494018554688,9.10841178894043,360,1,25,30,4.464285714285714
CAM,2240,2.760788679122925,9.10841178894043,360,1,25,30,4.464285714285714
FAM,2240,-1.229937195777893,9.10841178894043,360,1,25,30,4.464285714285714
Random,2240,-0.5531991124153137,9.10841178894043,360,1,25,30,4.464285714285714
Superpixel,1032,4.578100681304932,9.318045616149902,361,1,22,30,2.0567602040816326
CAM,1032,5.024050235748291,9.318045616149902,361,1,22,30,2.0567602040816326
FAM,1032,0.2791669070720672,9.318045616149902,361,1,22,30,2.0567602040816326
Random,1032,0.0217682942748069,9.318045616149902,361,1,22,30,2.0567602040816326
Superpixel,1904,1.2234433889389038,8.096786499023438,362,1,25,30,3.7946428571428568
CAM,1904,1.1391420364379885,8.096786499023438,362,1,25,30,3.7946428571428568
FAM,1904,0.592739462852478,8.096786499023438,362,1,25,30,3.7946428571428568
Random,1904,0.9769952297210692,8.096786499023438,362,1,25,30,3.7946428571428568
Superpixel,1707,1.993430972099304,15.25532341003418,363,1,24,30,3.40202487244898
CAM,1707,2.913018226623535,15.25532341003418,363,1,24,30,3.40202487244898
FAM,1707,-1.1259669065475464,15.25532341003418,363,1,24,30,3.40202487244898
Random,1707,-0.076817013323307,15.25532341003418,363,1,24,30,3.40202487244898
Superpixel,2976,7.596672534942627,13.018765449523926,364,1,23,30,5.931122448979592
CAM,2976,5.812301158905029,13.018765449523926,364,1,23,30,5.931122448979592
FAM,2976,-0.6672676205635071,13.018765449523926,364,1,23,30,5.931122448979592
Random,2976,-0.1125163212418556,13.018765449523926,364,1,23,30,5.931122448979592
Superpixel,3221,1.289915919303894,10.416288375854492,365,1,24,30,6.419403698979592
CAM,3221,1.3061484098434448,10.416288375854492,365,1,24,30,6.419403698979592
FAM,3221,-1.8606120347976685,10.416288375854492,365,1,24,30,6.419403698979592
Random,3221,-0.1394219696521759,10.416288375854492,365,1,24,30,6.419403698979592
Superpixel,1364,6.273191452026367,10.232054710388184,366,1,25,30,2.71843112244898
CAM,1364,1.075061559677124,10.232054710388184,366,1,25,30,2.71843112244898
FAM,1364,-0.9010972380638124,10.232054710388184,366,1,25,30,2.71843112244898
Random,1364,-0.2673659920692444,10.232054710388184,366,1,25,30,2.71843112244898
Superpixel,4546,7.791956424713135,13.314410209655762,367,1,21,30,9.060108418367346
CAM,4546,0.5798431038856506,13.314410209655762,367,1,21,30,9.060108418367346
FAM,4546,-1.2394638061523438,13.314410209655762,367,1,21,30,9.060108418367346
Random,4546,0.8025296330451965,13.314410209655762,367,1,21,30,9.060108418367346
Superpixel,1784,3.6186602115631104,11.276439666748049,368,1,21,30,3.555484693877551
CAM,1784,2.107825994491577,11.276439666748049,368,1,21,30,3.555484693877551
FAM,1784,0.3577938973903656,11.276439666748049,368,1,21,30,3.555484693877551
Random,1784,0.3149079978466034,11.276439666748049,368,1,21,30,3.555484693877551
Superpixel,3164,3.516044855117798,13.268479347229004,369,1,23,30,6.305803571428571
CAM,3164,1.7025861740112305,13.268479347229004,369,1,23,30,6.305803571428571
FAM,3164,-0.6317588686943054,13.268479347229004,369,1,23,30,6.305803571428571
Random,3164,-0.9906217455863952,13.268479347229004,369,1,23,30,6.305803571428571
Superpixel,2915,-0.0901728644967079,13.779359817504885,370,1,23,30,5.809550382653061
CAM,2915,1.7040778398513794,13.779359817504885,370,1,23,30,5.809550382653061
FAM,2915,-1.0262402296066284,13.779359817504885,370,1,23,30,5.809550382653061
Random,2915,-0.0192070975899696,13.779359817504885,370,1,23,30,5.809550382653061
Superpixel,3572,1.0438528060913086,7.364414691925049,371,1,17,30,7.118941326530612
CAM,3572,-0.92805814743042,7.364414691925049,371,1,17,30,7.118941326530612
FAM,3572,-1.2351398468017578,7.364414691925049,371,1,17,30,7.118941326530612
Random,3572,-0.7785085439682007,7.364414691925049,371,1,17,30,7.118941326530612
Superpixel,3438,2.8713955879211426,12.759831428527832,372,1,22,30,6.851881377551021
CAM,3438,5.702596187591553,12.759831428527832,372,1,22,30,6.851881377551021
FAM,3438,-0.7782145738601685,12.759831428527832,372,1,22,30,6.851881377551021
Random,3438,-0.2462797164916992,12.759831428527832,372,1,22,30,6.851881377551021
Superpixel,1578,8.017241477966309,12.169473648071287,373,1,22,30,3.144929846938776
CAM,1578,1.938489556312561,12.169473648071287,373,1,22,30,3.144929846938776
FAM,1578,-0.7640093564987183,12.169473648071287,373,1,22,30,3.144929846938776
Random,1578,1.910999417304993,12.169473648071287,373,1,22,30,3.144929846938776
Superpixel,1565,0.421019583940506,12.124338150024414,374,1,22,30,3.119021045918368
CAM,1565,-0.3820694386959076,12.124338150024414,374,1,22,30,3.119021045918368
FAM,1565,-1.2971478700637815,12.124338150024414,374,1,22,30,3.119021045918368
Random,1565,-1.1280982494354248,12.124338150024414,374,1,22,30,3.119021045918368
Superpixel,1635,6.318633079528809,12.336267471313477,375,1,23,30,3.258529974489796
CAM,1635,2.0329716205596924,12.336267471313477,375,1,23,30,3.258529974489796
FAM,1635,0.1866864413022995,12.336267471313477,375,1,23,30,3.258529974489796
Random,1635,0.9911420345306396,12.336267471313477,375,1,23,30,3.258529974489796
Superpixel,2735,1.2278950214385986,12.838436126708984,376,1,24,30,5.450813137755102
CAM,2735,3.3719608783721924,12.838436126708984,376,1,24,30,5.450813137755102
FAM,2735,-0.3342686593532562,12.838436126708984,376,1,24,30,5.450813137755102
Random,2735,0.630695104598999,12.838436126708984,376,1,24,30,5.450813137755102
Superpixel,1710,5.235588550567627,13.869569778442385,377,1,25,30,3.4080038265306123
CAM,1710,3.2301766872406006,13.869569778442385,377,1,25,30,3.4080038265306123
FAM,1710,-1.0781567096710205,13.869569778442385,377,1,25,30,3.4080038265306123
Random,1710,-0.0836508050560951,13.869569778442385,377,1,25,30,3.4080038265306123
Superpixel,1102,3.508288860321045,11.192914962768556,378,1,21,30,2.196269132653061
CAM,1102,-0.2049742043018341,11.192914962768556,378,1,21,30,2.196269132653061
FAM,1102,-0.456803947687149,11.192914962768556,378,1,21,30,2.196269132653061
Random,1102,-0.2442670166492462,11.192914962768556,378,1,21,30,2.196269132653061
Superpixel,1696,1.7327250242233276,10.514068603515623,379,1,23,30,3.3801020408163267
CAM,1696,1.327267289161682,10.514068603515623,379,1,23,30,3.3801020408163267
FAM,1696,0.3481276333332062,10.514068603515623,379,1,23,30,3.3801020408163267
Random,1696,-1.2912441492080688,10.514068603515623,379,1,23,30,3.3801020408163267
Superpixel,1493,2.249911069869995,12.40369987487793,380,1,24,30,2.9755261479591835
CAM,1493,4.477524757385254,12.40369987487793,380,1,24,30,2.9755261479591835
FAM,1493,-0.9475979208946228,12.40369987487793,380,1,24,30,2.9755261479591835
Random,1493,-0.4173579514026642,12.40369987487793,380,1,24,30,2.9755261479591835
Superpixel,2090,0.8428916335105896,11.587076187133787,381,1,22,30,4.165338010204081
CAM,2090,4.91157341003418,11.587076187133787,381,1,22,30,4.165338010204081
FAM,2090,-0.4783439934253692,11.587076187133787,381,1,22,30,4.165338010204081
Random,2090,-0.6139882206916809,11.587076187133787,381,1,22,30,4.165338010204081
Superpixel,2240,3.469491720199585,9.604865074157717,382,1,23,30,4.464285714285714
CAM,2240,0.0612893924117088,9.604865074157717,382,1,23,30,4.464285714285714
FAM,2240,-1.0616410970687866,9.604865074157717,382,1,23,30,4.464285714285714
Random,2240,5.716995716094971,9.604865074157717,382,1,23,30,4.464285714285714
Superpixel,3164,1.0321242809295654,9.45546054840088,383,1,23,30,6.305803571428571
CAM,3164,7.934656620025635,9.45546054840088,383,1,23,30,6.305803571428571
FAM,3164,-0.3736853897571563,9.45546054840088,383,1,23,30,6.305803571428571
Random,3164,-0.0842988863587379,9.45546054840088,383,1,23,30,6.305803571428571
Superpixel,2524,0.8226185441017151,10.80064582824707,384,1,23,30,5.030293367346939
CAM,2524,-0.8016940951347351,10.80064582824707,384,1,23,30,5.030293367346939
FAM,2524,-1.8173352479934688,10.80064582824707,384,1,23,30,5.030293367346939
Random,2524,-0.6283215880393982,10.80064582824707,384,1,23,30,5.030293367346939
Superpixel,1665,1.6469978094100952,10.962685585021973,385,1,25,30,3.318319515306122
CAM,1665,2.8203318119049072,10.962685585021973,385,1,25,30,3.318319515306122
FAM,1665,3.8550267219543457,10.962685585021973,385,1,25,30,3.318319515306122
Random,1665,1.075059175491333,10.962685585021973,385,1,25,30,3.318319515306122
Superpixel,1336,3.3136818408966064,11.96926212310791,386,1,23,30,2.662627551020408
CAM,1336,3.6533684730529785,11.96926212310791,386,1,23,30,2.662627551020408
FAM,1336,-0.5381742119789124,11.96926212310791,386,1,23,30,2.662627551020408
Random,1336,0.1765631139278412,11.96926212310791,386,1,23,30,2.662627551020408
Superpixel,1166,1.669783592224121,12.72247314453125,387,1,22,30,2.3238201530612246
CAM,1166,2.732673406600952,12.72247314453125,387,1,22,30,2.3238201530612246
FAM,1166,-0.5718538761138916,12.72247314453125,387,1,22,30,2.3238201530612246
Random,1166,-0.063076302409172,12.72247314453125,387,1,22,30,2.3238201530612246
Superpixel,1436,0.9468886852264404,12.81272792816162,388,1,25,30,2.861926020408164
CAM,1436,2.0935535430908203,12.81272792816162,388,1,25,30,2.861926020408164
FAM,1436,-0.1685768216848373,12.81272792816162,388,1,25,30,2.861926020408164
Random,1436,0.4624702930450439,12.81272792816162,388,1,25,30,2.861926020408164
Superpixel,3670,1.229956865310669,14.838385581970217,389,1,23,30,7.314253826530612
CAM,3670,4.942781448364258,14.838385581970217,389,1,23,30,7.314253826530612
FAM,3670,0.9716679453849792,14.838385581970217,389,1,23,30,7.314253826530612
Random,3670,0.8414292931556702,14.838385581970217,389,1,23,30,7.314253826530612
Superpixel,1132,1.279218673706055,14.416349411010742,390,1,23,30,2.256058673469388
CAM,1132,3.488347291946411,14.416349411010742,390,1,23,30,2.256058673469388
FAM,1132,-0.1891512125730514,14.416349411010742,390,1,23,30,2.256058673469388
Random,1132,0.1808725297451019,14.416349411010742,390,1,23,30,2.256058673469388
Superpixel,3204,1.7611680030822754,10.637313842773438,391,1,18,30,6.385522959183673
CAM,3204,1.558660864830017,10.637313842773438,391,1,18,30,6.385522959183673
FAM,3204,0.8874318599700928,10.637313842773438,391,1,18,30,6.385522959183673
Random,3204,-0.0204055458307266,10.637313842773438,391,1,18,30,6.385522959183673
Superpixel,2359,3.792236089706421,14.043931007385254,392,1,23,30,4.701450892857143
CAM,2359,4.85555362701416,14.043931007385254,392,1,23,30,4.701450892857143
FAM,2359,1.2913082838058472,14.043931007385254,392,1,23,30,4.701450892857143
Random,2359,0.4619203805923462,14.043931007385254,392,1,23,30,4.701450892857143
Superpixel,1312,1.869848132133484,13.663690567016602,393,1,22,30,2.614795918367347
CAM,1312,0.8709686994552612,13.663690567016602,393,1,22,30,2.614795918367347
FAM,1312,-0.0957233160734176,13.663690567016602,393,1,22,30,2.614795918367347
Random,1312,0.426510751247406,13.663690567016602,393,1,22,30,2.614795918367347
Superpixel,1757,2.999673843383789,13.726884841918944,394,1,21,30,3.5016741071428568
CAM,1757,4.127886772155762,13.726884841918944,394,1,21,30,3.5016741071428568
FAM,1757,0.7359529733657837,13.726884841918944,394,1,21,30,3.5016741071428568
Random,1757,0.2199907451868057,13.726884841918944,394,1,21,30,3.5016741071428568
Superpixel,3707,3.756348133087158,9.495702743530272,395,1,22,30,7.387994260204081
CAM,3707,0.8387743234634399,9.495702743530272,395,1,22,30,7.387994260204081
FAM,3707,0.6237604022026062,9.495702743530272,395,1,22,30,7.387994260204081
Random,3707,-0.6649609804153442,9.495702743530272,395,1,22,30,7.387994260204081
Superpixel,1434,3.9645822048187256,12.505420684814451,396,1,21,30,2.857940051020408
CAM,1434,2.585990190505981,12.505420684814451,396,1,21,30,2.857940051020408
FAM,1434,1.1264458894729614,12.505420684814451,396,1,21,30,2.857940051020408
Random,1434,0.7826664447784424,12.505420684814451,396,1,21,30,2.857940051020408
Superpixel,3578,1.928963661193848,14.099834442138672,397,1,23,30,7.130899234693877
CAM,3578,3.569450616836548,14.099834442138672,397,1,23,30,7.130899234693877
FAM,3578,1.3439126014709473,14.099834442138672,397,1,23,30,7.130899234693877
Random,3578,1.2324111461639404,14.099834442138672,397,1,23,30,7.130899234693877
Superpixel,5302,1.929993152618408,12.498822212219238,398,1,20,30,10.566804846938776
CAM,5302,4.947820663452148,12.498822212219238,398,1,20,30,10.566804846938776
FAM,5302,0.4094696640968323,12.498822212219238,398,1,20,30,10.566804846938776
Random,5302,1.1750327348709106,12.498822212219238,398,1,20,30,10.566804846938776
Superpixel,2279,3.071107149124145,13.913810729980469,399,1,22,30,4.542012117346939
CAM,2279,2.9555437564849854,13.913810729980469,399,1,22,30,4.542012117346939
FAM,2279,-0.4208793640136719,13.913810729980469,399,1,22,30,4.542012117346939
Random,2279,-0.2840901613235473,13.913810729980469,399,1,22,30,4.542012117346939
Superpixel,3871,5.806009769439697,14.361162185668944,400,1,20,30,7.71484375
CAM,3871,5.51472282409668,14.361162185668944,400,1,20,30,7.71484375
FAM,3871,0.2010800093412399,14.361162185668944,400,1,20,30,7.71484375
Random,3871,0.3299426436424255,14.361162185668944,400,1,20,30,7.71484375
Superpixel,1818,6.57261848449707,13.111021041870115,401,1,24,30,3.623246173469388
CAM,1818,2.989391565322876,13.111021041870115,401,1,24,30,3.623246173469388
FAM,1818,0.2204897105693817,13.111021041870115,401,1,24,30,3.623246173469388
Random,1818,0.2376597970724105,13.111021041870115,401,1,24,30,3.623246173469388
Superpixel,2857,5.055612564086914,14.034173965454102,402,1,22,30,5.693957270408164
CAM,2857,5.861832141876221,14.034173965454102,402,1,22,30,5.693957270408164
FAM,2857,3.2466933727264404,14.034173965454102,402,1,22,30,5.693957270408164
Random,2857,1.4784263372421265,14.034173965454102,402,1,22,30,5.693957270408164
Superpixel,1399,2.1390087604522705,13.451725959777832,403,1,20,30,2.7881855867346936
CAM,1399,6.292486190795898,13.451725959777832,403,1,20,30,2.7881855867346936
FAM,1399,-0.4082663655281067,13.451725959777832,403,1,20,30,2.7881855867346936
Random,1399,0.1323672384023666,13.451725959777832,403,1,20,30,2.7881855867346936
Superpixel,2046,1.0960549116134644,14.420814514160156,404,1,21,30,4.0776466836734695
CAM,2046,3.330531120300293,14.420814514160156,404,1,21,30,4.0776466836734695
FAM,2046,1.3880168199539185,14.420814514160156,404,1,21,30,4.0776466836734695
Random,2046,0.4155735969543457,14.420814514160156,404,1,21,30,4.0776466836734695
Superpixel,3473,0.7103297710418701,9.922111511230469,405,1,22,30,6.921635841836735
CAM,3473,2.181396245956421,9.922111511230469,405,1,22,30,6.921635841836735
FAM,3473,0.5018460750579834,9.922111511230469,405,1,22,30,6.921635841836735
Random,3473,0.6384336948394775,9.922111511230469,405,1,22,30,6.921635841836735
Superpixel,5410,2.241452932357788,16.47260284423828,406,1,19,30,10.78204719387755
CAM,5410,3.316977977752685,16.47260284423828,406,1,19,30,10.78204719387755
FAM,5410,2.548351287841797,16.47260284423828,406,1,19,30,10.78204719387755
Random,5410,0.8690436482429504,16.47260284423828,406,1,19,30,10.78204719387755
Superpixel,1414,3.667981147766113,9.179950714111328,407,1,22,30,2.818080357142857
CAM,1414,0.1199331507086753,9.179950714111328,407,1,22,30,2.818080357142857
FAM,1414,-0.0392367616295814,9.179950714111328,407,1,22,30,2.818080357142857
Random,1414,0.5197611451148987,9.179950714111328,407,1,22,30,2.818080357142857
Superpixel,2940,2.557494878768921,11.914968490600586,408,1,24,30,5.859375
CAM,2940,1.8492275476455688,11.914968490600586,408,1,24,30,5.859375
FAM,2940,0.3367388248443603,11.914968490600586,408,1,24,30,5.859375
Random,2940,1.1510862112045288,11.914968490600586,408,1,24,30,5.859375
Superpixel,2508,8.952902793884277,15.533082008361816,409,1,23,30,4.998405612244898
CAM,2508,0.4554691314697265,15.533082008361816,409,1,23,30,4.998405612244898
FAM,2508,1.0960832834243774,15.533082008361816,409,1,23,30,4.998405612244898
Random,2508,1.2369064092636108,15.533082008361816,409,1,23,30,4.998405612244898
Superpixel,1602,0.5646225214004517,10.72856616973877,410,1,22,30,3.1927614795918364
CAM,1602,3.937820196151733,10.72856616973877,410,1,22,30,3.1927614795918364
FAM,1602,0.9492387771606444,10.72856616973877,410,1,22,30,3.1927614795918364
Random,1602,0.2650238871574402,10.72856616973877,410,1,22,30,3.1927614795918364
Superpixel,2664,1.020709753036499,14.577210426330566,411,1,20,30,5.309311224489796
CAM,2664,2.004004716873169,14.577210426330566,411,1,20,30,5.309311224489796
FAM,2664,1.3636568784713743,14.577210426330566,411,1,20,30,5.309311224489796
Random,2664,1.3838428258895874,14.577210426330566,411,1,20,30,5.309311224489796
Superpixel,1378,0.5841654539108276,15.82571506500244,412,1,22,30,2.7463329081632653
CAM,1378,1.7530277967453003,15.82571506500244,412,1,22,30,2.7463329081632653
FAM,1378,0.4893493056297302,15.82571506500244,412,1,22,30,2.7463329081632653
Random,1378,-0.1549931615591049,15.82571506500244,412,1,22,30,2.7463329081632653
Superpixel,2510,0.6871152520179749,9.7201509475708,413,1,24,30,5.0023915816326525
CAM,2510,0.3206689953804016,9.7201509475708,413,1,24,30,5.0023915816326525
FAM,2510,0.2374968528747558,9.7201509475708,413,1,24,30,5.0023915816326525
Random,2510,0.336205780506134,9.7201509475708,413,1,24,30,5.0023915816326525
Superpixel,2216,3.904395818710327,13.540246963500977,414,1,24,30,4.4164540816326525
CAM,2216,0.7731353044509888,13.540246963500977,414,1,24,30,4.4164540816326525
FAM,2216,0.5005940794944763,13.540246963500977,414,1,24,30,4.4164540816326525
Random,2216,-0.1275822669267654,13.540246963500977,414,1,24,30,4.4164540816326525
Superpixel,1758,5.952142238616943,15.002659797668455,415,1,23,30,3.5036670918367347
CAM,1758,-0.2905577719211578,15.002659797668455,415,1,23,30,3.5036670918367347
FAM,1758,0.4202307462692261,15.002659797668455,415,1,23,30,3.5036670918367347
Random,1758,-0.4272372424602508,15.002659797668455,415,1,23,30,3.5036670918367347
Superpixel,1164,6.447208404541016,14.43680191040039,416,1,20,30,2.319834183673469
CAM,1164,2.4387340545654297,14.43680191040039,416,1,20,30,2.319834183673469
FAM,1164,-0.0062709785997867,14.43680191040039,416,1,20,30,2.319834183673469
Random,1164,0.518025815486908,14.43680191040039,416,1,20,30,2.319834183673469
Superpixel,1944,4.2318925857543945,14.637850761413574,417,1,23,30,3.8743622448979593
CAM,1944,1.96071457862854,14.637850761413574,417,1,23,30,3.8743622448979593
FAM,1944,-0.463873416185379,14.637850761413574,417,1,23,30,3.8743622448979593
Random,1944,-1.3005318641662598,14.637850761413574,417,1,23,30,3.8743622448979593
Superpixel,1900,3.2254743576049805,12.88090705871582,418,1,22,30,3.786670918367347
CAM,1900,0.4575092792510986,12.88090705871582,418,1,22,30,3.786670918367347
FAM,1900,-0.6598691940307617,12.88090705871582,418,1,22,30,3.786670918367347
Random,1900,0.5429481863975525,12.88090705871582,418,1,22,30,3.786670918367347
Superpixel,2149,5.784284591674805,12.210949897766112,419,1,23,30,4.282924107142857
CAM,2149,5.898205757141113,12.210949897766112,419,1,23,30,4.282924107142857
FAM,2149,-0.3591645359992981,12.210949897766112,419,1,23,30,4.282924107142857
Random,2149,-0.7893692851066589,12.210949897766112,419,1,23,30,4.282924107142857
Superpixel,3819,7.284280300140381,14.427797317504885,420,1,20,30,7.611208545918367
CAM,3819,3.037896156311035,14.427797317504885,420,1,20,30,7.611208545918367
FAM,3819,0.622146487236023,14.427797317504885,420,1,20,30,7.611208545918367
Random,3819,-1.0593194961547852,14.427797317504885,420,1,20,30,7.611208545918367
Superpixel,2121,5.5614399909973145,16.625398635864258,421,1,23,30,4.227120535714286
CAM,2121,1.9989410638809204,16.625398635864258,421,1,23,30,4.227120535714286
FAM,2121,-1.887439489364624,16.625398635864258,421,1,23,30,4.227120535714286
Random,2121,0.0295149944722652,16.625398635864258,421,1,23,30,4.227120535714286
Superpixel,2721,5.054609298706055,13.700872421264648,422,1,23,30,5.422911352040816
CAM,2721,3.272650718688965,13.700872421264648,422,1,23,30,5.422911352040816
FAM,2721,-1.81632137298584,13.700872421264648,422,1,23,30,5.422911352040816
Random,2721,3.2166998386383057,13.700872421264648,422,1,23,30,5.422911352040816
Superpixel,1706,3.300956964492798,11.946178436279297,423,1,23,30,3.400031887755102
CAM,1706,0.2368244081735611,11.946178436279297,423,1,23,30,3.400031887755102
FAM,1706,0.7111856341362,11.946178436279297,423,1,23,30,3.400031887755102
Random,1706,0.1830051094293594,11.946178436279297,423,1,23,30,3.400031887755102
Superpixel,2303,5.259955406188965,14.980913162231444,424,1,23,30,4.58984375
CAM,2303,2.295733690261841,14.980913162231444,424,1,23,30,4.58984375
FAM,2303,3.2986555099487305,14.980913162231444,424,1,23,30,4.58984375
Random,2303,3.845710515975952,14.980913162231444,424,1,23,30,4.58984375
Superpixel,4277,7.401070117950439,12.120121002197266,425,1,21,30,8.523995535714286
CAM,4277,6.62788200378418,12.120121002197266,425,1,21,30,8.523995535714286
FAM,4277,-0.08794467151165,12.120121002197266,425,1,21,30,8.523995535714286
Random,4277,1.9673231840133667,12.120121002197266,425,1,21,30,8.523995535714286
Superpixel,2242,4.409665107727051,15.36510944366455,426,1,20,30,4.4682716836734695
CAM,2242,1.5929555892944336,15.36510944366455,426,1,20,30,4.4682716836734695
FAM,2242,-0.7232306003570557,15.36510944366455,426,1,20,30,4.4682716836734695
Random,2242,-0.1312234997749328,15.36510944366455,426,1,20,30,4.4682716836734695
Superpixel,2215,5.995984554290772,16.099628448486328,427,1,24,30,4.414461096938775
CAM,2215,1.678273320198059,16.099628448486328,427,1,24,30,4.414461096938775
FAM,2215,-0.9333738684654236,16.099628448486328,427,1,24,30,4.414461096938775
Random,2215,-0.6636682748794556,16.099628448486328,427,1,24,30,4.414461096938775
Superpixel,2214,7.056600570678711,13.853906631469728,428,1,17,30,4.412468112244898
CAM,2214,6.112215518951416,13.853906631469728,428,1,17,30,4.412468112244898
FAM,2214,-0.3816623091697693,13.853906631469728,428,1,17,30,4.412468112244898
Random,2214,-0.1245105415582656,13.853906631469728,428,1,17,30,4.412468112244898
Superpixel,1449,2.259970188140869,7.009143352508545,429,1,24,30,2.887834821428572
CAM,1449,1.9977259635925293,7.009143352508545,429,1,24,30,2.887834821428572
FAM,1449,2.794108867645264,7.009143352508545,429,1,24,30,2.887834821428572
Random,1449,0.9700825810432434,7.009143352508545,429,1,24,30,2.887834821428572
Superpixel,1521,1.4958443641662598,11.486364364624023,430,1,24,30,3.031329719387755
CAM,1521,-0.8594270944595337,11.486364364624023,430,1,24,30,3.031329719387755
FAM,1521,-0.6248517036437988,11.486364364624023,430,1,24,30,3.031329719387755
Random,1521,1.494823694229126,11.486364364624023,430,1,24,30,3.031329719387755
Superpixel,2656,7.323881149291992,12.940951347351074,431,1,20,30,5.293367346938775
CAM,2656,3.400812864303589,12.940951347351074,431,1,20,30,5.293367346938775
FAM,2656,-0.7928415536880493,12.940951347351074,431,1,20,30,5.293367346938775
Random,2656,-1.7046226263046265,12.940951347351074,431,1,20,30,5.293367346938775
Superpixel,2798,6.9760026931762695,10.296008110046388,432,1,20,30,5.576371173469387
CAM,2798,1.800485610961914,10.296008110046388,432,1,20,30,5.576371173469387
FAM,2798,-0.4110788106918335,10.296008110046388,432,1,20,30,5.576371173469387
Random,2798,-1.1867430210113523,10.296008110046388,432,1,20,30,5.576371173469387
Superpixel,2161,7.277450084686279,11.46733283996582,433,1,24,30,4.306839923469387
CAM,2161,3.4767515659332275,11.46733283996582,433,1,24,30,4.306839923469387
FAM,2161,1.0145728588104248,11.46733283996582,433,1,24,30,4.306839923469387
Random,2161,-0.9731729030609132,11.46733283996582,433,1,24,30,4.306839923469387
Superpixel,3718,5.245908737182617,15.526396751403809,434,1,20,30,7.409917091836735
CAM,3718,4.259352207183838,15.526396751403809,434,1,20,30,7.409917091836735
FAM,3718,1.753729224205017,15.526396751403809,434,1,20,30,7.409917091836735
Random,3718,0.5448504090309143,15.526396751403809,434,1,20,30,7.409917091836735
Superpixel,2045,4.661298751831055,14.731511116027832,435,1,22,30,4.075653698979592
CAM,2045,3.0258238315582275,14.731511116027832,435,1,22,30,4.075653698979592
FAM,2045,-0.4916341304779053,14.731511116027832,435,1,22,30,4.075653698979592
Random,2045,1.1193156242370603,14.731511116027832,435,1,22,30,4.075653698979592
Superpixel,2494,6.947776317596436,13.77619743347168,436,1,20,30,4.970503826530613
CAM,2494,3.6309425830841056,13.77619743347168,436,1,20,30,4.970503826530613
FAM,2494,0.1164544522762298,13.77619743347168,436,1,20,30,4.970503826530613
Random,2494,-0.6153563261032104,13.77619743347168,436,1,20,30,4.970503826530613
Superpixel,1805,3.675726890563965,11.253127098083496,437,1,22,30,3.59733737244898
CAM,1805,-0.0024657137691974,11.253127098083496,437,1,22,30,3.59733737244898
FAM,1805,-0.0579096563160419,11.253127098083496,437,1,22,30,3.59733737244898
Random,1805,0.3592153191566467,11.253127098083496,437,1,22,30,3.59733737244898
Superpixel,2049,5.65742301940918,16.001462936401367,438,1,24,30,4.083625637755102
CAM,2049,2.849137306213379,16.001462936401367,438,1,24,30,4.083625637755102
FAM,2049,-0.7856332659721375,16.001462936401367,438,1,24,30,4.083625637755102
Random,2049,-1.5485895872116089,16.001462936401367,438,1,24,30,4.083625637755102
Superpixel,1903,3.09455680847168,7.564890384674072,439,1,23,30,3.79264987244898
CAM,1903,1.206597089767456,7.564890384674072,439,1,23,30,3.79264987244898
FAM,1903,-1.337258219718933,7.564890384674072,439,1,23,30,3.79264987244898
Random,1903,-0.6797388195991516,7.564890384674072,439,1,23,30,3.79264987244898
Superpixel,2116,4.694689750671387,11.33091163635254,440,1,21,30,4.217155612244898
CAM,2116,-0.4612937867641449,11.33091163635254,440,1,21,30,4.217155612244898
FAM,2116,-0.672300398349762,11.33091163635254,440,1,21,30,4.217155612244898
Random,2116,0.5207238793373108,11.33091163635254,440,1,21,30,4.217155612244898
Superpixel,2246,6.310297012329102,13.593206405639648,441,1,20,30,4.47624362244898
CAM,2246,4.420273780822754,13.593206405639648,441,1,20,30,4.47624362244898
FAM,2246,-0.5027085542678833,13.593206405639648,441,1,20,30,4.47624362244898
Random,2246,-0.3812251687049866,13.593206405639648,441,1,20,30,4.47624362244898
Superpixel,2417,4.839040756225586,12.406341552734377,442,1,23,30,4.817044005102041
CAM,2417,4.082526206970215,12.406341552734377,442,1,23,30,4.817044005102041
FAM,2417,3.4508724212646484,12.406341552734377,442,1,23,30,4.817044005102041
Random,2417,2.709765911102295,12.406341552734377,442,1,23,30,4.817044005102041
Superpixel,4650,4.508977890014648,17.11969757080078,443,1,21,30,9.267378826530612
CAM,4650,8.550989151000977,17.11969757080078,443,1,21,30,9.267378826530612
FAM,4650,3.106431007385254,17.11969757080078,443,1,21,30,9.267378826530612
Random,4650,2.024779796600342,17.11969757080078,443,1,21,30,9.267378826530612
Superpixel,1320,5.343353748321533,12.829252243041992,444,1,22,30,2.630739795918368
CAM,1320,4.583533763885498,12.829252243041992,444,1,22,30,2.630739795918368
FAM,1320,3.0583438873291016,12.829252243041992,444,1,22,30,2.630739795918368
Random,1320,2.015331268310547,12.829252243041992,444,1,22,30,2.630739795918368
Superpixel,3093,6.805413246154785,11.656576156616213,445,1,24,30,6.164301658163265
CAM,3093,5.90142822265625,11.656576156616213,445,1,24,30,6.164301658163265
FAM,3093,3.0233263969421387,11.656576156616213,445,1,24,30,6.164301658163265
Random,3093,2.088970899581909,11.656576156616213,445,1,24,30,6.164301658163265
Superpixel,2209,5.0939531326293945,13.522462844848633,446,1,23,30,4.40250318877551
CAM,2209,3.3844008445739746,13.522462844848633,446,1,23,30,4.40250318877551
FAM,2209,4.553845405578613,13.522462844848633,446,1,23,30,4.40250318877551
Random,2209,1.6040589809417725,13.522462844848633,446,1,23,30,4.40250318877551
Superpixel,2690,13.822946548461914,15.200650215148926,447,1,23,30,5.361128826530613
CAM,2690,8.263092041015625,15.200650215148926,447,1,23,30,5.361128826530613
FAM,2690,2.496117115020752,15.200650215148926,447,1,23,30,5.361128826530613
Random,2690,2.6809568405151367,15.200650215148926,447,1,23,30,5.361128826530613
Superpixel,3522,6.639286041259766,15.618755340576172,448,1,21,30,7.019292091836735
CAM,3522,6.504474639892578,15.618755340576172,448,1,21,30,7.019292091836735
FAM,3522,4.305294036865234,15.618755340576172,448,1,21,30,7.019292091836735
Random,3522,3.001465320587158,15.618755340576172,448,1,21,30,7.019292091836735
Superpixel,1452,5.709332466125488,10.138473510742188,449,1,19,30,2.893813775510204
CAM,1452,3.060478448867798,10.138473510742188,449,1,19,30,2.893813775510204
FAM,1452,2.6314239501953125,10.138473510742188,449,1,19,30,2.893813775510204
Random,1452,2.586634874343872,10.138473510742188,449,1,19,30,2.893813775510204
Superpixel,2860,7.658669471740723,11.010433197021484,450,1,22,30,5.699936224489796
CAM,2860,2.881401300430298,11.010433197021484,450,1,22,30,5.699936224489796
FAM,2860,5.415745258331299,11.010433197021484,450,1,22,30,5.699936224489796
Random,2860,2.595045566558838,11.010433197021484,450,1,22,30,5.699936224489796
Superpixel,2271,6.063257217407227,13.473461151123049,451,1,22,30,4.526068239795919
CAM,2271,5.4700469970703125,13.473461151123049,451,1,22,30,4.526068239795919
FAM,2271,3.5411972999572754,13.473461151123049,451,1,22,30,4.526068239795919
Random,2271,4.571843147277832,13.473461151123049,451,1,22,30,4.526068239795919
Superpixel,1461,5.809607982635498,13.558069229125977,452,1,24,30,2.911750637755102
CAM,1461,5.307977676391602,13.558069229125977,452,1,24,30,2.911750637755102
FAM,1461,3.190871000289917,13.558069229125977,452,1,24,30,2.911750637755102
Random,1461,1.6811929941177368,13.558069229125977,452,1,24,30,2.911750637755102
Superpixel,1414,5.603805541992188,15.751117706298828,453,1,20,30,2.818080357142857
CAM,1414,3.97002387046814,15.751117706298828,453,1,20,30,2.818080357142857
FAM,1414,3.092151165008545,15.751117706298828,453,1,20,30,2.818080357142857
Random,1414,2.9649577140808105,15.751117706298828,453,1,20,30,2.818080357142857
Superpixel,1058,4.785980224609375,10.423739433288574,454,1,23,30,2.108577806122449
CAM,1058,3.655735492706299,10.423739433288574,454,1,23,30,2.108577806122449
FAM,1058,3.898672342300415,10.423739433288574,454,1,23,30,2.108577806122449
Random,1058,3.122804641723633,10.423739433288574,454,1,23,30,2.108577806122449
Superpixel,2602,7.609662055969238,12.612786293029783,455,1,25,30,5.185746173469387
CAM,2602,3.7936527729034415,12.612786293029783,455,1,25,30,5.185746173469387
FAM,2602,4.16976261138916,12.612786293029783,455,1,25,30,5.185746173469387
Random,2602,1.100457787513733,12.612786293029783,455,1,25,30,5.185746173469387
Superpixel,1243,5.245295524597168,14.01921272277832,456,1,22,30,2.477279974489796
CAM,1243,4.409834384918213,14.01921272277832,456,1,22,30,2.477279974489796
FAM,1243,2.6758341789245605,14.01921272277832,456,1,22,30,2.477279974489796
Random,1243,2.552480459213257,14.01921272277832,456,1,22,30,2.477279974489796
Superpixel,2286,3.1276817321777344,7.960134506225586,457,1,24,30,4.555963010204081
CAM,2286,1.4993773698806765,7.960134506225586,457,1,24,30,4.555963010204081
FAM,2286,1.4357692003250122,7.960134506225586,457,1,24,30,4.555963010204081
Random,2286,1.1919158697128296,7.960134506225586,457,1,24,30,4.555963010204081
Superpixel,2805,1.9023429155349727,12.166885375976562,458,1,23,30,5.5903220663265305
CAM,2805,1.154654026031494,12.166885375976562,458,1,23,30,5.5903220663265305
FAM,2805,0.8049874901771545,12.166885375976562,458,1,23,30,5.5903220663265305
Random,2805,1.6635539531707764,12.166885375976562,458,1,23,30,5.5903220663265305
Superpixel,3079,1.8939646482467647,14.432561874389648,459,1,24,30,6.13639987244898
CAM,3079,0.8989129662513733,14.432561874389648,459,1,24,30,6.13639987244898
FAM,3079,1.2179521322250366,14.432561874389648,459,1,24,30,6.13639987244898
Random,3079,1.0682698488235474,14.432561874389648,459,1,24,30,6.13639987244898
Superpixel,3952,1.3919298648834229,15.38392734527588,460,1,22,30,7.876275510204081
CAM,3952,0.7563096284866333,15.38392734527588,460,1,22,30,7.876275510204081
FAM,3952,1.1990339756011963,15.38392734527588,460,1,22,30,7.876275510204081
Random,3952,2.015474796295166,15.38392734527588,460,1,22,30,7.876275510204081
Superpixel,3419,2.5990874767303467,13.74164867401123,461,1,22,30,6.814014668367347
CAM,3419,2.78017807006836,13.74164867401123,461,1,22,30,6.814014668367347
FAM,3419,1.9509053230285645,13.74164867401123,461,1,22,30,6.814014668367347
Random,3419,2.851769208908081,13.74164867401123,461,1,22,30,6.814014668367347
Superpixel,3182,2.0985567569732666,12.440019607543944,462,1,21,30,6.341677295918367
CAM,3182,3.295853614807129,12.440019607543944,462,1,21,30,6.341677295918367
FAM,3182,0.3700252175331116,12.440019607543944,462,1,21,30,6.341677295918367
Random,3182,2.248875141143799,12.440019607543944,462,1,21,30,6.341677295918367
Superpixel,3533,2.3462977409362797,17.04639434814453,463,1,22,30,7.041214923469388
CAM,3533,1.0805317163467407,17.04639434814453,463,1,22,30,7.041214923469388
FAM,3533,1.3962913751602173,17.04639434814453,463,1,22,30,7.041214923469388
Random,3533,2.821929931640625,17.04639434814453,463,1,22,30,7.041214923469388
Superpixel,2101,2.8616931438446045,11.91197681427002,464,1,22,30,4.187260841836735
CAM,2101,1.06071674823761,11.91197681427002,464,1,22,30,4.187260841836735
FAM,2101,1.4397717714309692,11.91197681427002,464,1,22,30,4.187260841836735
Random,2101,0.5933944582939148,11.91197681427002,464,1,22,30,4.187260841836735
Superpixel,3345,1.9919031858444212,10.815690994262695,465,1,22,30,6.666533801020408
CAM,3345,-0.9878458976745604,10.815690994262695,465,1,22,30,6.666533801020408
FAM,3345,0.5227240920066833,10.815690994262695,465,1,22,30,6.666533801020408
Random,3345,-0.8901077508926392,10.815690994262695,465,1,22,30,6.666533801020408
Superpixel,1761,5.8258867263793945,8.3627290725708,466,1,21,30,3.509646045918368
CAM,1761,5.842478275299072,8.3627290725708,466,1,21,30,3.509646045918368
FAM,1761,1.3868969678878784,8.3627290725708,466,1,21,30,3.509646045918368
Random,1761,0.6524267196655273,8.3627290725708,466,1,21,30,3.509646045918368
Superpixel,1847,2.093849897384644,13.153190612792969,467,1,22,30,3.681042729591837
CAM,1847,1.2525497674942017,13.153190612792969,467,1,22,30,3.681042729591837
FAM,1847,1.2653931379318235,13.153190612792969,467,1,22,30,3.681042729591837
Random,1847,2.215293884277344,13.153190612792969,467,1,22,30,3.681042729591837
Superpixel,1539,4.830032825469971,8.847951889038086,468,1,25,30,3.067203443877551
CAM,1539,2.005117416381836,8.847951889038086,468,1,25,30,3.067203443877551
FAM,1539,0.2694739103317261,8.847951889038086,468,1,25,30,3.067203443877551
Random,1539,0.7505403161048889,8.847951889038086,468,1,25,30,3.067203443877551
Superpixel,3766,3.893773317337036,9.869564056396484,469,1,22,30,7.505580357142858
CAM,3766,0.28969407081604,9.869564056396484,469,1,22,30,7.505580357142858
FAM,3766,1.2692466974258425,9.869564056396484,469,1,22,30,7.505580357142858
Random,3766,2.104575634002685,9.869564056396484,469,1,22,30,7.505580357142858
Superpixel,2502,2.7031588554382324,8.535066604614258,470,1,20,30,4.986447704081633
CAM,2502,1.5854846239089966,8.535066604614258,470,1,20,30,4.986447704081633
FAM,2502,3.061529397964477,8.535066604614258,470,1,20,30,4.986447704081633
Random,2502,1.491380214691162,8.535066604614258,470,1,20,30,4.986447704081633
Superpixel,2708,2.5925142765045166,12.632489204406738,471,1,17,30,5.397002551020408
CAM,2708,1.840443134307861,12.632489204406738,471,1,17,30,5.397002551020408
FAM,2708,3.0189828872680664,12.632489204406738,471,1,17,30,5.397002551020408
Random,2708,1.709563374519348,12.632489204406738,471,1,17,30,5.397002551020408
Superpixel,4810,2.2781131267547607,12.620854377746582,472,1,17,30,9.58625637755102
CAM,4810,0.8740561008453369,12.620854377746582,472,1,17,30,9.58625637755102
FAM,4810,1.5895166397094729,12.620854377746582,472,1,17,30,9.58625637755102
Random,4810,4.260173797607422,12.620854377746582,472,1,17,30,9.58625637755102
Superpixel,3274,2.302219867706299,13.987737655639648,473,1,23,30,6.525031887755102
CAM,3274,2.1060047149658203,13.987737655639648,473,1,23,30,6.525031887755102
FAM,3274,-0.8135799765586853,13.987737655639648,473,1,23,30,6.525031887755102
Random,3274,1.976806044578552,13.987737655639648,473,1,23,30,6.525031887755102
Superpixel,1920,2.623074769973755,8.992033958435059,474,1,24,30,3.826530612244898
CAM,1920,1.2122857570648191,8.992033958435059,474,1,24,30,3.826530612244898
FAM,1920,1.7390267848968506,8.992033958435059,474,1,24,30,3.826530612244898
Random,1920,1.2698320150375366,8.992033958435059,474,1,24,30,3.826530612244898
Superpixel,3221,2.577767372131348,13.59919548034668,475,1,25,30,6.419403698979592
CAM,3221,-0.1444095075130462,13.59919548034668,475,1,25,30,6.419403698979592
FAM,3221,1.8285499811172483,13.59919548034668,475,1,25,30,6.419403698979592
Random,3221,1.771182656288147,13.59919548034668,475,1,25,30,6.419403698979592
Superpixel,3356,2.800458669662476,11.059993743896484,476,1,21,30,6.688456632653061
CAM,3356,2.0459022521972656,11.059993743896484,476,1,21,30,6.688456632653061
FAM,3356,1.5003944635391235,11.059993743896484,476,1,21,30,6.688456632653061
Random,3356,2.539219617843628,11.059993743896484,476,1,21,30,6.688456632653061
Superpixel,5213,2.960709810256958,9.515256881713867,477,1,23,30,10.389429209183673
CAM,5213,4.204139709472656,9.515256881713867,477,1,23,30,10.389429209183673
FAM,5213,3.1533477306365967,9.515256881713867,477,1,23,30,10.389429209183673
Random,5213,2.419024705886841,9.515256881713867,477,1,23,30,10.389429209183673
Superpixel,3100,1.001544713973999,8.106038093566895,478,1,23,30,6.178252551020408
CAM,3100,-0.0954096987843513,8.106038093566895,478,1,23,30,6.178252551020408
FAM,3100,-0.1749017685651779,8.106038093566895,478,1,23,30,6.178252551020408
Random,3100,0.135922759771347,8.106038093566895,478,1,23,30,6.178252551020408
Superpixel,1867,2.6084539890289307,9.32462215423584,479,1,22,30,3.720902423469388
CAM,1867,-2.325718641281128,9.32462215423584,479,1,22,30,3.720902423469388
FAM,1867,-0.5380881428718567,9.32462215423584,479,1,22,30,3.720902423469388
Random,1867,-0.5236745476722717,9.32462215423584,479,1,22,30,3.720902423469388
Superpixel,3588,1.6657227277755735,8.69333267211914,480,1,22,30,7.150829081632653
CAM,3588,0.1793948858976364,8.69333267211914,480,1,22,30,7.150829081632653
FAM,3588,-0.5106658339500427,8.69333267211914,480,1,22,30,7.150829081632653
Random,3588,0.7127691507339478,8.69333267211914,480,1,22,30,7.150829081632653
Superpixel,1601,3.585116147994995,12.91010856628418,481,1,22,30,3.1907684948979598
CAM,1601,2.1766390800476074,12.91010856628418,481,1,22,30,3.1907684948979598
FAM,1601,1.6460604667663574,12.91010856628418,481,1,22,30,3.1907684948979598
Random,1601,1.282496213912964,12.91010856628418,481,1,22,30,3.1907684948979598
Superpixel,1897,1.642802357673645,11.24067497253418,482,1,21,30,3.7806919642857135
CAM,1897,0.485472559928894,11.24067497253418,482,1,21,30,3.7806919642857135
FAM,1897,-0.0571189224720001,11.24067497253418,482,1,21,30,3.7806919642857135
Random,1897,0.2436972856521606,11.24067497253418,482,1,21,30,3.7806919642857135
Superpixel,2556,4.438855171203613,12.510856628417969,483,1,22,30,5.09406887755102
CAM,2556,4.535367965698242,12.510856628417969,483,1,22,30,5.09406887755102
FAM,2556,1.0673376321792605,12.510856628417969,483,1,22,30,5.09406887755102
Random,2556,1.6069942712783811,12.510856628417969,483,1,22,30,5.09406887755102
Superpixel,4883,2.388672351837158,13.336052894592283,484,1,24,30,9.73174426020408
CAM,4883,1.8348480463027956,13.336052894592283,484,1,24,30,9.73174426020408
FAM,4883,3.327794313430786,13.336052894592283,484,1,24,30,9.73174426020408
Random,4883,4.103335857391357,13.336052894592283,484,1,24,30,9.73174426020408
Superpixel,3546,2.2419023513793945,11.77963161468506,485,1,19,30,7.067123724489796
CAM,3546,2.438268184661865,11.77963161468506,485,1,19,30,7.067123724489796
FAM,3546,0.3425127267837524,11.77963161468506,485,1,19,30,7.067123724489796
Random,3546,2.450946569442749,11.77963161468506,485,1,19,30,7.067123724489796
Superpixel,2638,2.943166494369507,14.067773818969728,486,1,23,30,5.25749362244898
CAM,2638,0.485955536365509,14.067773818969728,486,1,23,30,5.25749362244898
FAM,2638,-0.0042182002216577,14.067773818969728,486,1,23,30,5.25749362244898
Random,2638,-0.3473371267318725,14.067773818969728,486,1,23,30,5.25749362244898
Superpixel,3179,2.316450357437134,13.88963222503662,487,1,22,30,6.335698341836735
CAM,3179,1.5178881883621216,13.88963222503662,487,1,22,30,6.335698341836735
FAM,3179,1.4073606729507446,13.88963222503662,487,1,22,30,6.335698341836735
Random,3179,0.2237520068883896,13.88963222503662,487,1,22,30,6.335698341836735
Superpixel,2494,0.441718727350235,8.470479011535645,488,1,21,30,4.970503826530613
CAM,2494,0.2576968073844909,8.470479011535645,488,1,21,30,4.970503826530613
FAM,2494,0.0261920597404241,8.470479011535645,488,1,21,30,4.970503826530613
Random,2494,-1.2151963710784912,8.470479011535645,488,1,21,30,4.970503826530613
Superpixel,2039,2.553388357162476,12.820167541503906,489,1,23,30,4.063695790816327
CAM,2039,2.2205841541290283,12.820167541503906,489,1,23,30,4.063695790816327
FAM,2039,3.722488641738892,12.820167541503906,489,1,23,30,4.063695790816327
Random,2039,0.9551854729652404,12.820167541503906,489,1,23,30,4.063695790816327
Superpixel,4313,1.5249804258346558,14.74143409729004,490,1,20,30,8.595742984693878
CAM,4313,0.291603147983551,14.74143409729004,490,1,20,30,8.595742984693878
FAM,4313,-0.7395410537719727,14.74143409729004,490,1,20,30,8.595742984693878
Random,4313,-1.2977663278579712,14.74143409729004,490,1,20,30,8.595742984693878
Superpixel,1375,3.634859323501587,8.130158424377441,491,1,23,30,2.7403539540816326
CAM,1375,1.2941869497299194,8.130158424377441,491,1,23,30,2.7403539540816326
FAM,1375,0.393726110458374,8.130158424377441,491,1,23,30,2.7403539540816326
Random,1375,0.3686098456382751,8.130158424377441,491,1,23,30,2.7403539540816326
Superpixel,1952,3.871897220611572,16.23480224609375,492,1,22,30,3.89030612244898
CAM,1952,-0.1832139939069748,16.23480224609375,492,1,22,30,3.89030612244898
FAM,1952,1.7529728412628174,16.23480224609375,492,1,22,30,3.89030612244898
Random,1952,0.0323306396603584,16.23480224609375,492,1,22,30,3.89030612244898
Superpixel,1865,1.193909764289856,16.02787971496582,493,1,26,30,3.7169164540816326
CAM,1865,-0.1015751436352729,16.02787971496582,493,1,26,30,3.7169164540816326
FAM,1865,0.7083707451820374,16.02787971496582,493,1,26,30,3.7169164540816326
Random,1865,-0.7416133284568787,16.02787971496582,493,1,26,30,3.7169164540816326
Superpixel,2749,1.6953903436660769,13.967168807983398,494,1,24,30,5.478714923469387
CAM,2749,0.964222252368927,13.967168807983398,494,1,24,30,5.478714923469387
FAM,2749,2.2500805854797363,13.967168807983398,494,1,24,30,5.478714923469387
Random,2749,0.4336196184158325,13.967168807983398,494,1,24,30,5.478714923469387
Superpixel,2278,3.370168209075928,15.738525390625,495,1,21,30,4.540019132653061
CAM,2278,-0.1705194264650344,15.738525390625,495,1,21,30,4.540019132653061
FAM,2278,1.9948221445083616,15.738525390625,495,1,21,30,4.540019132653061
Random,2278,0.0970007255673408,15.738525390625,495,1,21,30,4.540019132653061
Superpixel,3250,1.1746293306350708,10.49150562286377,496,1,23,30,6.477200255102041
CAM,3250,0.6644852757453918,10.49150562286377,496,1,23,30,6.477200255102041
FAM,3250,0.0384281203150749,10.49150562286377,496,1,23,30,6.477200255102041
Random,3250,-0.5712075233459473,10.49150562286377,496,1,23,30,6.477200255102041
Superpixel,3422,1.980953812599182,13.761595726013184,497,1,22,30,6.819993622448979
CAM,3422,0.0065854098647832,13.761595726013184,497,1,22,30,6.819993622448979
FAM,3422,-0.9908867478370668,13.761595726013184,497,1,22,30,6.819993622448979
Random,3422,0.6163570284843445,13.761595726013184,497,1,22,30,6.819993622448979
Superpixel,2233,1.3286808729171753,15.232110977172852,498,1,25,30,4.450334821428571
CAM,2233,-1.060694932937622,15.232110977172852,498,1,25,30,4.450334821428571
FAM,2233,0.8604680895805359,15.232110977172852,498,1,25,30,4.450334821428571
Random,2233,-0.1793589293956756,15.232110977172852,498,1,25,30,4.450334821428571
Superpixel,3423,0.6916071772575378,11.105846405029297,499,1,21,30,6.821986607142858
CAM,3423,-0.3166389763355255,11.105846405029297,499,1,21,30,6.821986607142858
FAM,3423,-0.379096120595932,11.105846405029297,499,1,21,30,6.821986607142858
Random,3423,-0.5161938071250916,11.105846405029297,499,1,21,30,6.821986607142858
Superpixel,1517,6.265329360961914,13.099201202392578,0,1,30,40,3.023357780612245
CAM,1517,2.121236801147461,13.099201202392578,0,1,30,40,3.023357780612245
FAM,1517,1.326343297958374,13.099201202392578,0,1,30,40,3.023357780612245
Random,1517,2.1938412189483643,13.099201202392578,0,1,30,40,3.023357780612245
Superpixel,2862,3.910048007965088,14.3037748336792,1,1,35,40,5.703922193877551
CAM,2862,0.3434877097606659,14.3037748336792,1,1,35,40,5.703922193877551
FAM,2862,0.9634777903556824,14.3037748336792,1,1,35,40,5.703922193877551
Random,2862,2.9185116291046143,14.3037748336792,1,1,35,40,5.703922193877551
Superpixel,2070,3.813140869140625,9.7085542678833,2,1,35,40,4.1254783163265305
CAM,2070,0.6001812815666199,9.7085542678833,2,1,35,40,4.1254783163265305
FAM,2070,3.2326529026031494,9.7085542678833,2,1,35,40,4.1254783163265305
Random,2070,4.327384948730469,9.7085542678833,2,1,35,40,4.1254783163265305
Superpixel,984,7.013983726501465,12.617070198059082,3,1,34,40,1.9610969387755104
CAM,984,3.284902572631836,12.617070198059082,3,1,34,40,1.9610969387755104
FAM,984,1.5988212823867798,12.617070198059082,3,1,34,40,1.9610969387755104
Random,984,3.030716896057129,12.617070198059082,3,1,34,40,1.9610969387755104
Superpixel,2566,4.684223175048828,13.0728178024292,4,1,29,40,5.113998724489796
CAM,2566,1.8838869333267207,13.0728178024292,4,1,29,40,5.113998724489796
FAM,2566,1.830993413925171,13.0728178024292,4,1,29,40,5.113998724489796
Random,2566,2.62882137298584,13.0728178024292,4,1,29,40,5.113998724489796
Superpixel,1604,6.848294258117676,6.779087066650391,5,1,29,40,3.1967474489795924
CAM,1604,2.9490966796875,6.779087066650391,5,1,29,40,3.1967474489795924
FAM,1604,2.267869710922241,6.779087066650391,5,1,29,40,3.1967474489795924
Random,1604,1.8478529453277588,6.779087066650391,5,1,29,40,3.1967474489795924
Superpixel,1780,6.402115821838379,14.718029975891112,6,1,35,40,3.5475127551020407
CAM,1780,1.0856590270996094,14.718029975891112,6,1,35,40,3.5475127551020407
FAM,1780,1.5714470148086548,14.718029975891112,6,1,35,40,3.5475127551020407
Random,1780,0.5767210125923157,14.718029975891112,6,1,35,40,3.5475127551020407
Superpixel,1294,4.0072174072265625,14.793753623962402,7,1,31,40,2.578922193877551
CAM,1294,1.345181941986084,14.793753623962402,7,1,31,40,2.578922193877551
FAM,1294,1.256696701049805,14.793753623962402,7,1,31,40,2.578922193877551
Random,1294,2.151259422302246,14.793753623962402,7,1,31,40,2.578922193877551
Superpixel,1421,4.483561992645264,11.846647262573242,8,1,34,40,2.83203125
CAM,1421,0.9919056296348572,11.846647262573242,8,1,34,40,2.83203125
FAM,1421,0.1006047129631042,11.846647262573242,8,1,34,40,2.83203125
Random,1421,2.503403425216675,11.846647262573242,8,1,34,40,2.83203125
Superpixel,1943,4.298516750335693,15.714459419250488,9,1,35,40,3.872369260204082
CAM,1943,2.839010238647461,15.714459419250488,9,1,35,40,3.872369260204082
FAM,1943,1.8546022176742556,15.714459419250488,9,1,35,40,3.872369260204082
Random,1943,3.7672083377838135,15.714459419250488,9,1,35,40,3.872369260204082
Superpixel,1681,3.791530132293701,14.797472953796388,10,1,35,40,3.350207270408164
CAM,1681,0.3586622774600982,14.797472953796388,10,1,35,40,3.350207270408164
FAM,1681,0.2808228135108948,14.797472953796388,10,1,35,40,3.350207270408164
Random,1681,2.58736252784729,14.797472953796388,10,1,35,40,3.350207270408164
Superpixel,1568,4.096470355987549,15.955321311950684,11,1,34,40,3.125
CAM,1568,1.7657467126846311,15.955321311950684,11,1,34,40,3.125
FAM,1568,2.1301393508911133,15.955321311950684,11,1,34,40,3.125
Random,1568,2.2853736877441406,15.955321311950684,11,1,34,40,3.125
Superpixel,2606,2.749319076538086,12.503718376159668,12,1,29,40,5.193718112244898
CAM,2606,1.8805809020996092,12.503718376159668,12,1,29,40,5.193718112244898
FAM,2606,1.6090213060379028,12.503718376159668,12,1,29,40,5.193718112244898
Random,2606,0.9526320099830629,12.503718376159668,12,1,29,40,5.193718112244898
Superpixel,1805,6.529618263244629,12.631207466125488,13,1,30,40,3.59733737244898
CAM,1805,2.153546094894409,12.631207466125488,13,1,30,40,3.59733737244898
FAM,1805,3.4269275665283203,12.631207466125488,13,1,30,40,3.59733737244898
Random,1805,4.098946571350098,12.631207466125488,13,1,30,40,3.59733737244898
Superpixel,2885,3.980350971221924,11.779589653015137,14,1,29,40,5.749760841836735
CAM,2885,1.8294655084609983,11.779589653015137,14,1,29,40,5.749760841836735
FAM,2885,2.968401908874512,11.779589653015137,14,1,29,40,5.749760841836735
Random,2885,3.623046159744263,11.779589653015137,14,1,29,40,5.749760841836735
Superpixel,1586,4.3879714012146,12.841392517089844,15,1,28,40,3.160873724489796
CAM,1586,3.378781318664551,12.841392517089844,15,1,28,40,3.160873724489796
FAM,1586,1.860700607299805,12.841392517089844,15,1,28,40,3.160873724489796
Random,1586,2.940438032150269,12.841392517089844,15,1,28,40,3.160873724489796
Superpixel,1884,4.269940376281738,11.09400463104248,16,1,32,40,3.754783163265306
CAM,1884,4.162127494812012,11.09400463104248,16,1,32,40,3.754783163265306
FAM,1884,1.629366159439087,11.09400463104248,16,1,32,40,3.754783163265306
Random,1884,1.607616662979126,11.09400463104248,16,1,32,40,3.754783163265306
Superpixel,742,7.514528751373291,12.585721015930176,17,1,32,40,1.4787946428571428
CAM,742,2.8342549800872803,12.585721015930176,17,1,32,40,1.4787946428571428
FAM,742,2.449932336807251,12.585721015930176,17,1,32,40,1.4787946428571428
Random,742,5.105280876159668,12.585721015930176,17,1,32,40,1.4787946428571428
Superpixel,1566,5.4407477378845215,12.694380760192873,18,1,35,40,3.121014030612245
CAM,1566,2.6118171215057373,12.694380760192873,18,1,35,40,3.121014030612245
FAM,1566,1.2383644580841064,12.694380760192873,18,1,35,40,3.121014030612245
Random,1566,2.526530742645264,12.694380760192873,18,1,35,40,3.121014030612245
Superpixel,2382,3.599048614501953,12.989941596984863,19,1,33,40,4.747289540816327
CAM,2382,5.2681169509887695,12.989941596984863,19,1,33,40,4.747289540816327
FAM,2382,2.2615370750427246,12.989941596984863,19,1,33,40,4.747289540816327
Random,2382,2.707062005996704,12.989941596984863,19,1,33,40,4.747289540816327
Superpixel,1309,3.476804733276367,16.128185272216797,20,1,35,40,2.6088169642857144
CAM,1309,2.0142693519592285,16.128185272216797,20,1,35,40,2.6088169642857144
FAM,1309,0.4407397210597992,16.128185272216797,20,1,35,40,2.6088169642857144
Random,1309,1.7025493383407593,16.128185272216797,20,1,35,40,2.6088169642857144
Superpixel,1684,4.2714667320251465,12.184077262878418,21,1,34,40,3.356186224489796
CAM,1684,1.3436481952667236,12.184077262878418,21,1,34,40,3.356186224489796
FAM,1684,0.2315878272056579,12.184077262878418,21,1,34,40,3.356186224489796
Random,1684,1.92049252986908,12.184077262878418,21,1,34,40,3.356186224489796
Superpixel,1659,3.161712646484375,14.059261322021484,22,1,35,40,3.3063616071428568
CAM,1659,0.8166190385818481,14.059261322021484,22,1,35,40,3.3063616071428568
FAM,1659,0.7226437926292419,14.059261322021484,22,1,35,40,3.3063616071428568
Random,1659,1.8311330080032349,14.059261322021484,22,1,35,40,3.3063616071428568
Superpixel,2247,4.03597354888916,12.09141731262207,23,1,32,40,4.478236607142857
CAM,2247,2.241121292114258,12.09141731262207,23,1,32,40,4.478236607142857
FAM,2247,0.5781554579734802,12.09141731262207,23,1,32,40,4.478236607142857
Random,2247,1.4673664569854736,12.09141731262207,23,1,32,40,4.478236607142857
Superpixel,2495,6.133632659912109,12.06894302368164,24,1,33,40,4.97249681122449
CAM,2495,3.0959012508392334,12.06894302368164,24,1,33,40,4.97249681122449
FAM,2495,2.7426891326904297,12.06894302368164,24,1,33,40,4.97249681122449
Random,2495,2.3303472995758057,12.06894302368164,24,1,33,40,4.97249681122449
Superpixel,1317,3.5983619689941406,9.44813632965088,25,1,35,40,2.6247608418367347
CAM,1317,0.7609599828720093,9.44813632965088,25,1,35,40,2.6247608418367347
FAM,1317,1.2025834321975708,9.44813632965088,25,1,35,40,2.6247608418367347
Random,1317,0.8016238212585449,9.44813632965088,25,1,35,40,2.6247608418367347
Superpixel,1208,9.668068885803224,13.162083625793455,26,1,32,40,2.407525510204082
CAM,1208,5.032538414001465,13.162083625793455,26,1,32,40,2.407525510204082
FAM,1208,2.617380142211914,13.162083625793455,26,1,32,40,2.407525510204082
Random,1208,3.074436902999878,13.162083625793455,26,1,32,40,2.407525510204082
Superpixel,1558,4.959927082061768,12.336620330810549,27,1,36,40,3.1050701530612246
CAM,1558,2.5607380867004395,12.336620330810549,27,1,36,40,3.1050701530612246
FAM,1558,1.633190035820007,12.336620330810549,27,1,36,40,3.1050701530612246
Random,1558,1.1042779684066772,12.336620330810549,27,1,36,40,3.1050701530612246
Superpixel,1654,4.503378868103027,12.569396018981934,28,1,34,40,3.296396683673469
CAM,1654,1.7064627408981323,12.569396018981934,28,1,34,40,3.296396683673469
FAM,1654,-0.3459827601909637,12.569396018981934,28,1,34,40,3.296396683673469
Random,1654,2.7187840938568115,12.569396018981934,28,1,34,40,3.296396683673469
Superpixel,1434,5.775864124298096,11.978230476379396,29,1,35,40,2.857940051020408
CAM,1434,1.8307279348373413,11.978230476379396,29,1,35,40,2.857940051020408
FAM,1434,2.244467735290528,11.978230476379396,29,1,35,40,2.857940051020408
Random,1434,2.713632583618164,11.978230476379396,29,1,35,40,2.857940051020408
Superpixel,1459,4.068767070770264,9.819235801696776,30,1,35,40,2.907764668367347
CAM,1459,1.6270643472671509,9.819235801696776,30,1,35,40,2.907764668367347
FAM,1459,1.8406428098678589,9.819235801696776,30,1,35,40,2.907764668367347
Random,1459,1.7576969861984253,9.819235801696776,30,1,35,40,2.907764668367347
Superpixel,1974,6.540483951568604,10.437777519226074,31,1,33,40,3.9341517857142856
CAM,1974,0.6504306197166443,10.437777519226074,31,1,33,40,3.9341517857142856
FAM,1974,1.9066957235336304,10.437777519226074,31,1,33,40,3.9341517857142856
Random,1974,0.1919881552457809,10.437777519226074,31,1,33,40,3.9341517857142856
Superpixel,2205,9.02916145324707,14.931035041809082,32,1,32,40,4.39453125
CAM,2205,3.866066217422485,14.931035041809082,32,1,32,40,4.39453125
FAM,2205,4.8529486656188965,14.931035041809082,32,1,32,40,4.39453125
Random,2205,3.116600513458252,14.931035041809082,32,1,32,40,4.39453125
Superpixel,2778,9.857398986816406,16.01531219482422,33,1,34,40,5.536511479591836
CAM,2778,6.353720188140869,16.01531219482422,33,1,34,40,5.536511479591836
FAM,2778,2.519564151763916,16.01531219482422,33,1,34,40,5.536511479591836
Random,2778,1.5387150049209597,16.01531219482422,33,1,34,40,5.536511479591836
Superpixel,756,6.44457483291626,8.661576271057129,34,1,35,40,1.5066964285714286
CAM,756,2.3078901767730717,8.661576271057129,34,1,35,40,1.5066964285714286
FAM,756,1.3760234117507937,8.661576271057129,34,1,35,40,1.5066964285714286
Random,756,3.158191204071045,8.661576271057129,34,1,35,40,1.5066964285714286
Superpixel,720,7.480585098266602,13.425541877746582,35,1,32,40,1.4349489795918369
CAM,720,2.064974308013916,13.425541877746582,35,1,32,40,1.4349489795918369
FAM,720,1.7302839756011963,13.425541877746582,35,1,32,40,1.4349489795918369
Random,720,2.866527795791626,13.425541877746582,35,1,32,40,1.4349489795918369
Superpixel,765,6.596308708190918,16.96900749206543,36,1,36,40,1.5246332908163265
CAM,765,1.104184627532959,16.96900749206543,36,1,36,40,1.5246332908163265
FAM,765,2.370230197906494,16.96900749206543,36,1,36,40,1.5246332908163265
Random,765,1.2070419788360596,16.96900749206543,36,1,36,40,1.5246332908163265
Superpixel,1997,5.699742317199707,13.132783889770508,37,1,34,40,3.9799904336734695
CAM,1997,4.297409057617188,13.132783889770508,37,1,34,40,3.9799904336734695
FAM,1997,4.034224987030029,13.132783889770508,37,1,34,40,3.9799904336734695
Random,1997,2.575627088546753,13.132783889770508,37,1,34,40,3.9799904336734695
Superpixel,1183,5.29549503326416,10.501419067382812,38,1,34,40,2.357700892857143
CAM,1183,1.5255424976348877,10.501419067382812,38,1,34,40,2.357700892857143
FAM,1183,1.452481031417847,10.501419067382812,38,1,34,40,2.357700892857143
Random,1183,2.1506547927856445,10.501419067382812,38,1,34,40,2.357700892857143
Superpixel,3739,7.454463005065918,14.97776699066162,39,1,31,40,7.451769770408164
CAM,3739,5.664021968841553,14.97776699066162,39,1,31,40,7.451769770408164
FAM,3739,2.3254215717315674,14.97776699066162,39,1,31,40,7.451769770408164
Random,3739,1.0447440147399902,14.97776699066162,39,1,31,40,7.451769770408164
Superpixel,2390,6.382779121398926,14.156771659851074,40,1,29,40,4.763233418367348
CAM,2390,5.5940680503845215,14.156771659851074,40,1,29,40,4.763233418367348
FAM,2390,1.4869587421417236,14.156771659851074,40,1,29,40,4.763233418367348
Random,2390,1.7683511972427368,14.156771659851074,40,1,29,40,4.763233418367348
Superpixel,993,4.265635967254639,9.808170318603516,41,1,35,40,1.9790338010204085
CAM,993,1.719756007194519,9.808170318603516,41,1,35,40,1.9790338010204085
FAM,993,1.6383856534957886,9.808170318603516,41,1,35,40,1.9790338010204085
Random,993,1.1230396032333374,9.808170318603516,41,1,35,40,1.9790338010204085
Superpixel,900,4.568047046661377,6.9113450050354,42,1,35,40,1.7936862244897962
CAM,900,2.899967193603516,6.9113450050354,42,1,35,40,1.7936862244897962
FAM,900,2.0006024837493896,6.9113450050354,42,1,35,40,1.7936862244897962
Random,900,1.568629503250122,6.9113450050354,42,1,35,40,1.7936862244897962
Superpixel,899,7.261582851409912,8.154461860656738,43,1,30,40,1.7916932397959182
CAM,899,1.6339048147201538,8.154461860656738,43,1,30,40,1.7916932397959182
FAM,899,2.003894090652466,8.154461860656738,43,1,30,40,1.7916932397959182
Random,899,1.7491189241409302,8.154461860656738,43,1,30,40,1.7916932397959182
Superpixel,1926,0.5551612377166748,7.419267177581787,44,1,35,40,3.838488520408164
CAM,1926,1.5967960357666016,7.419267177581787,44,1,35,40,3.838488520408164
FAM,1926,0.3680594265460968,7.419267177581787,44,1,35,40,3.838488520408164
Random,1926,-0.6042342185974121,7.419267177581787,44,1,35,40,3.838488520408164
Superpixel,1928,9.4261474609375,16.02260971069336,45,1,31,40,3.842474489795918
CAM,1928,1.9898332357406616,16.02260971069336,45,1,31,40,3.842474489795918
FAM,1928,4.386625289916992,16.02260971069336,45,1,31,40,3.842474489795918
Random,1928,2.5692074298858643,16.02260971069336,45,1,31,40,3.842474489795918
Superpixel,1497,5.870540618896484,13.61289119720459,46,1,33,40,2.9834980867346936
CAM,1497,3.078258514404297,13.61289119720459,46,1,33,40,2.9834980867346936
FAM,1497,1.7569422721862793,13.61289119720459,46,1,33,40,2.9834980867346936
Random,1497,0.5026238560676575,13.61289119720459,46,1,33,40,2.9834980867346936
Superpixel,857,6.013417720794678,12.235228538513184,47,1,30,40,1.707987882653061
CAM,857,2.2863152027130127,12.235228538513184,47,1,30,40,1.707987882653061
FAM,857,2.0933313369750977,12.235228538513184,47,1,30,40,1.707987882653061
Random,857,1.0579181909561155,12.235228538513184,47,1,30,40,1.707987882653061
Superpixel,1259,4.681594371795654,6.241652488708496,48,1,34,40,2.5091677295918364
CAM,1259,3.488593816757202,6.241652488708496,48,1,34,40,2.5091677295918364
FAM,1259,2.310422897338867,6.241652488708496,48,1,34,40,2.5091677295918364
Random,1259,2.557732582092285,6.241652488708496,48,1,34,40,2.5091677295918364
Superpixel,1038,6.464218616485596,9.01724624633789,49,1,34,40,2.068718112244898
CAM,1038,2.207483053207397,9.01724624633789,49,1,34,40,2.068718112244898
FAM,1038,1.5962162017822266,9.01724624633789,49,1,34,40,2.068718112244898
Random,1038,2.2204151153564453,9.01724624633789,49,1,34,40,2.068718112244898
Superpixel,1714,8.92086124420166,12.316967964172363,50,1,32,40,3.415975765306122
CAM,1714,4.081086158752441,12.316967964172363,50,1,32,40,3.415975765306122
FAM,1714,3.236761569976806,12.316967964172363,50,1,32,40,3.415975765306122
Random,1714,4.842723369598389,12.316967964172363,50,1,32,40,3.415975765306122
Superpixel,1431,3.838798999786377,9.366311073303224,51,1,34,40,2.8519610969387754
CAM,1431,2.252768993377685,9.366311073303224,51,1,34,40,2.8519610969387754
FAM,1431,2.5871877670288086,9.366311073303224,51,1,34,40,2.8519610969387754
Random,1431,2.384159803390503,9.366311073303224,51,1,34,40,2.8519610969387754
Superpixel,1393,7.683327198028564,11.969888687133787,52,1,34,40,2.7762276785714284
CAM,1393,4.111047267913818,11.969888687133787,52,1,34,40,2.7762276785714284
FAM,1393,1.7274715900421145,11.969888687133787,52,1,34,40,2.7762276785714284
Random,1393,2.2704339027404785,11.969888687133787,52,1,34,40,2.7762276785714284
Superpixel,1130,5.060769081115723,8.190380096435547,53,1,33,40,2.2520727040816326
CAM,1130,2.477463960647583,8.190380096435547,53,1,33,40,2.2520727040816326
FAM,1130,1.9000043869018557,8.190380096435547,53,1,33,40,2.2520727040816326
Random,1130,1.8842030763626096,8.190380096435547,53,1,33,40,2.2520727040816326
Superpixel,2644,8.403786659240723,14.023322105407717,54,1,34,40,5.269451530612245
CAM,2644,3.1155691146850586,14.023322105407717,54,1,34,40,5.269451530612245
FAM,2644,3.5836610794067383,14.023322105407717,54,1,34,40,5.269451530612245
Random,2644,0.797836422920227,14.023322105407717,54,1,34,40,5.269451530612245
Superpixel,3339,8.984784126281738,13.847554206848145,55,1,32,40,6.654575892857142
CAM,3339,3.77691388130188,13.847554206848145,55,1,32,40,6.654575892857142
FAM,3339,2.739668846130371,13.847554206848145,55,1,32,40,6.654575892857142
Random,3339,2.6549034118652344,13.847554206848145,55,1,32,40,6.654575892857142
Superpixel,1470,8.284554481506348,9.499467849731444,56,1,31,40,2.9296875
CAM,1470,3.0155389308929443,9.499467849731444,56,1,31,40,2.9296875
FAM,1470,2.932661294937134,9.499467849731444,56,1,31,40,2.9296875
Random,1470,3.8166656494140634,9.499467849731444,56,1,31,40,2.9296875
Superpixel,1089,6.325416088104248,15.408567428588867,57,1,33,40,2.170360331632653
CAM,1089,4.773768901824951,15.408567428588867,57,1,33,40,2.170360331632653
FAM,1089,4.753104209899902,15.408567428588867,57,1,33,40,2.170360331632653
Random,1089,3.510772943496704,15.408567428588867,57,1,33,40,2.170360331632653
Superpixel,1637,4.963319778442383,7.831768989562988,58,1,34,40,3.262515943877551
CAM,1637,1.086047887802124,7.831768989562988,58,1,34,40,3.262515943877551
FAM,1637,0.7178406715393066,7.831768989562988,58,1,34,40,3.262515943877551
Random,1637,0.9366837739944458,7.831768989562988,58,1,34,40,3.262515943877551
Superpixel,1703,7.955956935882568,10.82791805267334,59,1,35,40,3.394052933673469
CAM,1703,5.160464763641357,10.82791805267334,59,1,35,40,3.394052933673469
FAM,1703,3.26325798034668,10.82791805267334,59,1,35,40,3.394052933673469
Random,1703,4.535002708435059,10.82791805267334,59,1,35,40,3.394052933673469
Superpixel,1517,8.219794273376465,11.512099266052246,60,1,31,40,3.023357780612245
CAM,1517,3.0301718711853027,11.512099266052246,60,1,31,40,3.023357780612245
FAM,1517,1.849498987197876,11.512099266052246,60,1,31,40,3.023357780612245
Random,1517,2.291240930557251,11.512099266052246,60,1,31,40,3.023357780612245
Superpixel,1108,2.6325368881225586,6.567867755889893,61,1,36,40,2.2082270408163263
CAM,1108,1.0229541063308716,6.567867755889893,61,1,36,40,2.2082270408163263
FAM,1108,0.3801695108413696,6.567867755889893,61,1,36,40,2.2082270408163263
Random,1108,0.9352908730506896,6.567867755889893,61,1,36,40,2.2082270408163263
Superpixel,1526,7.163926124572754,12.996379852294922,62,1,32,40,3.041294642857143
CAM,1526,2.951930522918701,12.996379852294922,62,1,32,40,3.041294642857143
FAM,1526,4.730017185211182,12.996379852294922,62,1,32,40,3.041294642857143
Random,1526,3.4677324295043945,12.996379852294922,62,1,32,40,3.041294642857143
Superpixel,1534,7.624770641326904,13.005719184875488,63,1,35,40,3.057238520408164
CAM,1534,2.1910829544067383,13.005719184875488,63,1,35,40,3.057238520408164
FAM,1534,1.982646942138672,13.005719184875488,63,1,35,40,3.057238520408164
Random,1534,2.9385228157043457,13.005719184875488,63,1,35,40,3.057238520408164
Superpixel,2248,7.697728633880615,14.693999290466309,64,1,35,40,4.480229591836735
CAM,2248,3.024291515350342,14.693999290466309,64,1,35,40,4.480229591836735
FAM,2248,2.0581579208374023,14.693999290466309,64,1,35,40,4.480229591836735
Random,2248,1.7161712646484375,14.693999290466309,64,1,35,40,4.480229591836735
Superpixel,3669,5.973568916320801,14.149901390075684,65,1,33,40,7.312260841836735
CAM,3669,2.137426853179932,14.149901390075684,65,1,33,40,7.312260841836735
FAM,3669,4.95149040222168,14.149901390075684,65,1,33,40,7.312260841836735
Random,3669,4.892575263977051,14.149901390075684,65,1,33,40,7.312260841836735
Superpixel,2569,7.564518451690674,18.68174362182617,66,1,28,40,5.119977678571429
CAM,2569,2.8833532333374023,18.68174362182617,66,1,28,40,5.119977678571429
FAM,2569,1.8711152076721191,18.68174362182617,66,1,28,40,5.119977678571429
Random,2569,1.7062588930130005,18.68174362182617,66,1,28,40,5.119977678571429
Superpixel,2253,2.618420124053955,5.601407051086426,67,1,34,40,4.490194515306122
CAM,2253,3.690698385238648,5.601407051086426,67,1,34,40,4.490194515306122
FAM,2253,2.538464069366455,5.601407051086426,67,1,34,40,4.490194515306122
Random,2253,0.9805955290794371,5.601407051086426,67,1,34,40,4.490194515306122
Superpixel,2611,6.62283992767334,15.8436918258667,68,1,34,40,5.203683035714286
CAM,2611,3.755359649658203,15.8436918258667,68,1,34,40,5.203683035714286
FAM,2611,2.619819402694702,15.8436918258667,68,1,34,40,5.203683035714286
Random,2611,2.5953586101531982,15.8436918258667,68,1,34,40,5.203683035714286
Superpixel,1352,8.834065437316895,10.574131965637209,69,1,35,40,2.694515306122449
CAM,1352,1.9406697750091555,10.574131965637209,69,1,35,40,2.694515306122449
FAM,1352,2.842014789581299,10.574131965637209,69,1,35,40,2.694515306122449
Random,1352,1.4847677946090698,10.574131965637209,69,1,35,40,2.694515306122449
Superpixel,1543,7.519954681396484,10.96778392791748,70,1,35,40,3.075175382653061
CAM,1543,3.961602687835693,10.96778392791748,70,1,35,40,3.075175382653061
FAM,1543,1.7407569885253906,10.96778392791748,70,1,35,40,3.075175382653061
Random,1543,2.685469388961792,10.96778392791748,70,1,35,40,3.075175382653061
Superpixel,1113,6.447581768035889,13.712986946105955,71,1,34,40,2.2181919642857144
CAM,1113,2.9718775749206543,13.712986946105955,71,1,34,40,2.2181919642857144
FAM,1113,1.540783166885376,13.712986946105955,71,1,34,40,2.2181919642857144
Random,1113,2.43719482421875,13.712986946105955,71,1,34,40,2.2181919642857144
Superpixel,1675,8.67931842803955,7.891994476318359,72,1,31,40,3.338249362244898
CAM,1675,2.575766324996948,7.891994476318359,72,1,31,40,3.338249362244898
FAM,1675,2.400743246078491,7.891994476318359,72,1,31,40,3.338249362244898
Random,1675,2.541910171508789,7.891994476318359,72,1,31,40,3.338249362244898
Superpixel,1431,5.685302734375,9.226783752441406,73,1,30,40,2.8519610969387754
CAM,1431,1.600650429725647,9.226783752441406,73,1,30,40,2.8519610969387754
FAM,1431,1.310299277305603,9.226783752441406,73,1,30,40,2.8519610969387754
Random,1431,1.807176232337952,9.226783752441406,73,1,30,40,2.8519610969387754
Superpixel,1347,6.465787410736084,13.885249137878418,74,1,30,40,2.684550382653061
CAM,1347,3.096205949783325,13.885249137878418,74,1,30,40,2.684550382653061
FAM,1347,4.198390960693359,13.885249137878418,74,1,30,40,2.684550382653061
Random,1347,2.19602632522583,13.885249137878418,74,1,30,40,2.684550382653061
Superpixel,1954,7.900169372558594,12.7848539352417,75,1,34,40,3.894292091836735
CAM,1954,3.493809938430786,12.7848539352417,75,1,34,40,3.894292091836735
FAM,1954,1.5456697940826416,12.7848539352417,75,1,34,40,3.894292091836735
Random,1954,2.5799574851989746,12.7848539352417,75,1,34,40,3.894292091836735
Superpixel,1703,8.65123462677002,14.082791328430176,76,1,34,40,3.394052933673469
CAM,1703,2.4803333282470703,14.082791328430176,76,1,34,40,3.394052933673469
FAM,1703,3.350958824157715,14.082791328430176,76,1,34,40,3.394052933673469
Random,1703,2.094383478164673,14.082791328430176,76,1,34,40,3.394052933673469
Superpixel,1153,6.071920394897461,11.567422866821287,77,1,36,40,2.2979113520408165
CAM,1153,1.4533321857452393,11.567422866821287,77,1,36,40,2.2979113520408165
FAM,1153,4.615671634674072,11.567422866821287,77,1,36,40,2.2979113520408165
Random,1153,2.0206220149993896,11.567422866821287,77,1,36,40,2.2979113520408165
Superpixel,2181,7.195625305175781,9.01831340789795,78,1,33,40,4.346699617346939
CAM,2181,2.2912068367004395,9.01831340789795,78,1,33,40,4.346699617346939
FAM,2181,2.757476329803467,9.01831340789795,78,1,33,40,4.346699617346939
Random,2181,4.3280029296875,9.01831340789795,78,1,33,40,4.346699617346939
Superpixel,2254,4.453845977783203,11.042000770568848,79,1,31,40,4.4921875
CAM,2254,2.2694005966186523,11.042000770568848,79,1,31,40,4.4921875
FAM,2254,1.866101861000061,11.042000770568848,79,1,31,40,4.4921875
Random,2254,1.904088020324707,11.042000770568848,79,1,31,40,4.4921875
Superpixel,934,6.109932899475098,13.937752723693848,80,1,36,40,1.8614477040816328
CAM,934,1.4163072109222412,13.937752723693848,80,1,36,40,1.8614477040816328
FAM,934,2.208209753036499,13.937752723693848,80,1,36,40,1.8614477040816328
Random,934,1.5087982416152954,13.937752723693848,80,1,36,40,1.8614477040816328
Superpixel,1395,7.469691753387451,15.349525451660156,81,1,31,40,2.7802136479591835
CAM,1395,3.083878755569458,15.349525451660156,81,1,31,40,2.7802136479591835
FAM,1395,1.617442965507507,15.349525451660156,81,1,31,40,2.7802136479591835
Random,1395,2.8196325302124023,15.349525451660156,81,1,31,40,2.7802136479591835
Superpixel,1349,6.304227828979492,17.41687774658203,82,1,35,40,2.6885363520408165
CAM,1349,3.688429832458496,17.41687774658203,82,1,35,40,2.6885363520408165
FAM,1349,2.1237576007843018,17.41687774658203,82,1,35,40,2.6885363520408165
Random,1349,2.312731504440308,17.41687774658203,82,1,35,40,2.6885363520408165
Superpixel,1862,6.445767879486084,10.657397270202637,83,1,31,40,3.7109375
CAM,1862,2.8561887741088867,10.657397270202637,83,1,31,40,3.7109375
FAM,1862,3.356025695800781,10.657397270202637,83,1,31,40,3.7109375
Random,1862,3.009071588516236,10.657397270202637,83,1,31,40,3.7109375
Superpixel,1104,8.058948516845703,13.52542209625244,84,1,35,40,2.2002551020408165
CAM,1104,2.131069660186768,13.52542209625244,84,1,35,40,2.2002551020408165
FAM,1104,2.0767078399658203,13.52542209625244,84,1,35,40,2.2002551020408165
Random,1104,2.0547327995300293,13.52542209625244,84,1,35,40,2.2002551020408165
Superpixel,1075,7.689276695251465,18.503782272338867,85,1,34,40,2.142458545918368
CAM,1075,2.6624059677124023,18.503782272338867,85,1,34,40,2.142458545918368
FAM,1075,2.996176719665528,18.503782272338867,85,1,34,40,2.142458545918368
Random,1075,3.0255401134490967,18.503782272338867,85,1,34,40,2.142458545918368
Superpixel,1118,6.470527648925781,15.802794456481934,86,1,35,40,2.228156887755102
CAM,1118,1.6879680156707764,15.802794456481934,86,1,35,40,2.228156887755102
FAM,1118,2.8058981895446777,15.802794456481934,86,1,35,40,2.228156887755102
Random,1118,1.9921214580535889,15.802794456481934,86,1,35,40,2.228156887755102
Superpixel,2820,7.165158271789551,15.148703575134276,87,1,31,40,5.620216836734694
CAM,2820,4.98513650894165,15.148703575134276,87,1,31,40,5.620216836734694
FAM,2820,1.705400466918945,15.148703575134276,87,1,31,40,5.620216836734694
Random,2820,2.2844741344451904,15.148703575134276,87,1,31,40,5.620216836734694
Superpixel,1646,0.3314921855926513,11.899752616882324,88,1,32,40,3.280452806122449
CAM,1646,-1.014522671699524,11.899752616882324,88,1,32,40,3.280452806122449
FAM,1646,-0.1724156141281128,11.899752616882324,88,1,32,40,3.280452806122449
Random,1646,-1.020454168319702,11.899752616882324,88,1,32,40,3.280452806122449
Superpixel,3494,0.2148914039134979,11.500370025634766,89,1,32,40,6.963488520408164
CAM,3494,0.354855328798294,11.500370025634766,89,1,32,40,6.963488520408164
FAM,3494,-0.6798545718193054,11.500370025634766,89,1,32,40,6.963488520408164
Random,3494,0.864976167678833,11.500370025634766,89,1,32,40,6.963488520408164
Superpixel,1917,-0.2387071251869201,6.8654656410217285,90,1,32,40,3.820551658163265
CAM,1917,-0.8196632862091064,6.8654656410217285,90,1,32,40,3.820551658163265
FAM,1917,-1.7048083543777466,6.8654656410217285,90,1,32,40,3.820551658163265
Random,1917,-0.4882460832595825,6.8654656410217285,90,1,32,40,3.820551658163265
Superpixel,1388,0.4607005715370178,14.688021659851074,91,1,36,40,2.7662627551020407
CAM,1388,-2.138455390930176,14.688021659851074,91,1,36,40,2.7662627551020407
FAM,1388,-2.2430477142333984,14.688021659851074,91,1,36,40,2.7662627551020407
Random,1388,-0.6356440186500549,14.688021659851074,91,1,36,40,2.7662627551020407
Superpixel,1718,-0.2461601495742797,10.596505165100098,92,1,32,40,3.4239477040816326
CAM,1718,-1.5258897542953491,10.596505165100098,92,1,32,40,3.4239477040816326
FAM,1718,-1.5814343690872192,10.596505165100098,92,1,32,40,3.4239477040816326
Random,1718,-0.6193612813949585,10.596505165100098,92,1,32,40,3.4239477040816326
Superpixel,942,1.736560344696045,13.045243263244627,93,1,35,40,1.877391581632653
CAM,942,-1.474018692970276,13.045243263244627,93,1,35,40,1.877391581632653
FAM,942,-2.1146228313446045,13.045243263244627,93,1,35,40,1.877391581632653
Random,942,-1.2272586822509766,13.045243263244627,93,1,35,40,1.877391581632653
Superpixel,1590,0.4497762024402618,9.30405616760254,94,1,33,40,3.168845663265306
CAM,1590,-1.4797462224960327,9.30405616760254,94,1,33,40,3.168845663265306
FAM,1590,-0.4688881337642669,9.30405616760254,94,1,33,40,3.168845663265306
Random,1590,-0.3037154674530029,9.30405616760254,94,1,33,40,3.168845663265306
Superpixel,3078,1.0256601572036743,14.818351745605469,95,1,31,40,6.134406887755102
CAM,3078,-2.123457193374634,14.818351745605469,95,1,31,40,6.134406887755102
FAM,3078,-1.010818362236023,14.818351745605469,95,1,31,40,6.134406887755102
Random,3078,0.7741172909736633,14.818351745605469,95,1,31,40,6.134406887755102
Superpixel,1446,0.5224807858467102,12.893231391906738,96,1,29,40,2.881855867346939
CAM,1446,-2.3942832946777344,12.893231391906738,96,1,29,40,2.881855867346939
FAM,1446,-0.5231307148933411,12.893231391906738,96,1,29,40,2.881855867346939
Random,1446,-1.7958643436431885,12.893231391906738,96,1,29,40,2.881855867346939
Superpixel,1708,0.7771641612052917,13.632012367248535,97,1,30,40,3.4040178571428568
CAM,1708,-0.40650674700737,13.632012367248535,97,1,30,40,3.4040178571428568
FAM,1708,-0.5514332056045532,13.632012367248535,97,1,30,40,3.4040178571428568
Random,1708,-0.8421058058738708,13.632012367248535,97,1,30,40,3.4040178571428568
Superpixel,1637,0.2393153011798858,17.183658599853516,98,1,31,40,3.262515943877551
CAM,1637,-1.567382574081421,17.183658599853516,98,1,31,40,3.262515943877551
FAM,1637,-0.151093304157257,17.183658599853516,98,1,31,40,3.262515943877551
Random,1637,0.4889717698097229,17.183658599853516,98,1,31,40,3.262515943877551
Superpixel,2413,0.3762012422084808,14.828822135925291,99,1,30,40,4.8090720663265305
CAM,2413,-1.1443523168563845,14.828822135925291,99,1,30,40,4.8090720663265305
FAM,2413,-0.8307793140411377,14.828822135925291,99,1,30,40,4.8090720663265305
Random,2413,-0.7028624415397644,14.828822135925291,99,1,30,40,4.8090720663265305
Superpixel,2181,2.808335065841675,12.216415405273438,100,1,34,40,4.346699617346939
CAM,2181,-2.324267625808716,12.216415405273438,100,1,34,40,4.346699617346939
FAM,2181,-1.6799343824386597,12.216415405273438,100,1,34,40,4.346699617346939
Random,2181,-0.5110585689544678,12.216415405273438,100,1,34,40,4.346699617346939
Superpixel,2466,0.6390907168388367,15.428936958312988,101,1,31,40,4.914700255102041
CAM,2466,-2.443609476089477,15.428936958312988,101,1,31,40,4.914700255102041
FAM,2466,-1.870050072669983,15.428936958312988,101,1,31,40,4.914700255102041
Random,2466,-2.2518975734710693,15.428936958312988,101,1,31,40,4.914700255102041
Superpixel,1188,-0.1328415274620056,15.503938674926758,102,1,35,40,2.3676658163265305
CAM,1188,-2.1968557834625244,15.503938674926758,102,1,35,40,2.3676658163265305
FAM,1188,-1.2593634128570557,15.503938674926758,102,1,35,40,2.3676658163265305
Random,1188,-1.6154584884643557,15.503938674926758,102,1,35,40,2.3676658163265305
Superpixel,2546,0.3300026357173919,18.070388793945312,103,1,31,40,5.074139030612245
CAM,2546,-3.263432025909424,18.070388793945312,103,1,31,40,5.074139030612245
FAM,2546,-2.1812093257904053,18.070388793945312,103,1,31,40,5.074139030612245
Random,2546,1.1313577890396118,18.070388793945312,103,1,31,40,5.074139030612245
Superpixel,3153,1.5472984313964844,12.477803230285645,104,1,26,40,6.283880739795919
CAM,3153,-1.240230917930603,12.477803230285645,104,1,26,40,6.283880739795919
FAM,3153,1.1163452863693235,12.477803230285645,104,1,26,40,6.283880739795919
Random,3153,0.1292443871498108,12.477803230285645,104,1,26,40,6.283880739795919
Superpixel,2163,1.390945553779602,17.71215057373047,105,1,30,40,4.310825892857143
CAM,2163,-0.5253217220306396,17.71215057373047,105,1,30,40,4.310825892857143
FAM,2163,-1.0292397737503052,17.71215057373047,105,1,30,40,4.310825892857143
Random,2163,0.3456684350967407,17.71215057373047,105,1,30,40,4.310825892857143
Superpixel,1974,-0.2242273986339569,13.822314262390137,106,1,36,40,3.9341517857142856
CAM,1974,-1.773332953453064,13.822314262390137,106,1,36,40,3.9341517857142856
FAM,1974,-1.0209813117980957,13.822314262390137,106,1,36,40,3.9341517857142856
Random,1974,-0.4377066195011139,13.822314262390137,106,1,36,40,3.9341517857142856
Superpixel,1076,0.3889386653900146,14.434985160827637,107,1,34,40,2.144451530612245
CAM,1076,-1.8181774616241453,14.434985160827637,107,1,34,40,2.144451530612245
FAM,1076,-0.8045551776885986,14.434985160827637,107,1,34,40,2.144451530612245
Random,1076,1.378135323524475,14.434985160827637,107,1,34,40,2.144451530612245
Superpixel,2758,1.3181045055389404,18.18814468383789,108,1,33,40,5.496651785714286
CAM,2758,-1.7666820287704468,18.18814468383789,108,1,33,40,5.496651785714286
FAM,2758,-1.6988776922225952,18.18814468383789,108,1,33,40,5.496651785714286
Random,2758,-0.959971845149994,18.18814468383789,108,1,33,40,5.496651785714286
Superpixel,1658,1.2577005624771118,11.207807540893556,109,1,29,40,3.30436862244898
CAM,1658,-0.6560773253440857,11.207807540893556,109,1,29,40,3.30436862244898
FAM,1658,-1.4288896322250366,11.207807540893556,109,1,29,40,3.30436862244898
Random,1658,-0.5611746907234192,11.207807540893556,109,1,29,40,3.30436862244898
Superpixel,1989,0.0631174743175506,12.709710121154783,110,1,30,40,3.964046556122449
CAM,1989,-2.361046075820923,12.709710121154783,110,1,30,40,3.964046556122449
FAM,1989,-1.4955432415008545,12.709710121154783,110,1,30,40,3.964046556122449
Random,1989,-0.1459758281707763,12.709710121154783,110,1,30,40,3.964046556122449
Superpixel,1623,0.2704000473022461,12.161798477172852,111,1,29,40,3.2346141581632653
CAM,1623,-1.3189345598220823,12.161798477172852,111,1,29,40,3.2346141581632653
FAM,1623,0.1459258198738098,12.161798477172852,111,1,29,40,3.2346141581632653
Random,1623,-1.583146095275879,12.161798477172852,111,1,29,40,3.2346141581632653
Superpixel,2576,0.2943213880062103,14.646283149719238,112,1,33,40,5.133928571428571
CAM,2576,-1.7765611410140991,14.646283149719238,112,1,33,40,5.133928571428571
FAM,2576,-2.450465440750122,14.646283149719238,112,1,33,40,5.133928571428571
Random,2576,-0.3899852037429809,14.646283149719238,112,1,33,40,5.133928571428571
Superpixel,1767,0.5474478602409363,11.354926109313965,113,1,33,40,3.5216039540816326
CAM,1767,-2.338625431060791,11.354926109313965,113,1,33,40,3.5216039540816326
FAM,1767,-1.609693169593811,11.354926109313965,113,1,33,40,3.5216039540816326
Random,1767,-0.446343719959259,11.354926109313965,113,1,33,40,3.5216039540816326
Superpixel,1561,3.0401744842529297,11.279419898986816,114,1,36,40,3.111049107142857
CAM,1561,-1.8011579513549805,11.279419898986816,114,1,36,40,3.111049107142857
FAM,1561,-1.0948301553726196,11.279419898986816,114,1,36,40,3.111049107142857
Random,1561,-0.5778232216835022,11.279419898986816,114,1,36,40,3.111049107142857
Superpixel,1671,0.181655466556549,9.643073081970217,115,1,34,40,3.330277423469388
CAM,1671,-0.8991160988807678,9.643073081970217,115,1,34,40,3.330277423469388
FAM,1671,-1.573151707649231,9.643073081970217,115,1,34,40,3.330277423469388
Random,1671,-0.4178191423416137,9.643073081970217,115,1,34,40,3.330277423469388
Superpixel,3250,4.177855014801025,9.141690254211426,116,1,33,40,6.477200255102041
CAM,3250,1.1723006963729858,9.141690254211426,116,1,33,40,6.477200255102041
FAM,3250,1.8521753549575808,9.141690254211426,116,1,33,40,6.477200255102041
Random,3250,2.1529698371887207,9.141690254211426,116,1,33,40,6.477200255102041
Superpixel,1409,-0.0536607094109058,10.933367729187012,117,1,34,40,2.808115433673469
CAM,1409,-1.4926053285598757,10.933367729187012,117,1,34,40,2.808115433673469
FAM,1409,-0.8164764046669006,10.933367729187012,117,1,34,40,2.808115433673469
Random,1409,-0.9588099122047424,10.933367729187012,117,1,34,40,2.808115433673469
Superpixel,3931,2.2315022945404053,13.120966911315918,118,1,30,40,7.834422831632653
CAM,3931,5.163926601409912,13.120966911315918,118,1,30,40,7.834422831632653
FAM,3931,2.405677795410156,13.120966911315918,118,1,30,40,7.834422831632653
Random,3931,1.030040264129639,13.120966911315918,118,1,30,40,7.834422831632653
Superpixel,1232,2.4606497287750244,16.402366638183594,119,1,32,40,2.455357142857143
CAM,1232,0.9411506652832032,16.402366638183594,119,1,32,40,2.455357142857143
FAM,1232,0.1010608747601509,16.402366638183594,119,1,32,40,2.455357142857143
Random,1232,0.2635689973831177,16.402366638183594,119,1,32,40,2.455357142857143
Superpixel,1199,2.955653190612793,8.822118759155273,120,1,31,40,2.3895886479591835
CAM,1199,0.6921547651290894,8.822118759155273,120,1,31,40,2.3895886479591835
FAM,1199,0.6493541598320007,8.822118759155273,120,1,31,40,2.3895886479591835
Random,1199,-0.2107651978731155,8.822118759155273,120,1,31,40,2.3895886479591835
Superpixel,1656,2.598302364349365,6.235069751739502,121,1,33,40,3.300382653061224
CAM,1656,5.433403015136719,6.235069751739502,121,1,33,40,3.300382653061224
FAM,1656,1.8946616649627688,6.235069751739502,121,1,33,40,3.300382653061224
Random,1656,-0.1523015052080154,6.235069751739502,121,1,33,40,3.300382653061224
Superpixel,1273,2.040201187133789,13.506736755371094,122,1,33,40,2.5370695153061225
CAM,1273,3.871448278427124,13.506736755371094,122,1,33,40,2.5370695153061225
FAM,1273,-1.022681713104248,13.506736755371094,122,1,33,40,2.5370695153061225
Random,1273,1.0832905769348145,13.506736755371094,122,1,33,40,2.5370695153061225
Superpixel,3376,1.3385032415390017,11.120905876159668,123,1,28,40,6.728316326530612
CAM,3376,1.6244419813156128,11.120905876159668,123,1,28,40,6.728316326530612
FAM,3376,0.9361673593521118,11.120905876159668,123,1,28,40,6.728316326530612
Random,3376,0.7677656412124634,11.120905876159668,123,1,28,40,6.728316326530612
Superpixel,1248,3.332451105117798,16.80983543395996,124,1,33,40,2.4872448979591835
CAM,1248,1.3058398962020874,16.80983543395996,124,1,33,40,2.4872448979591835
FAM,1248,1.8074605464935305,16.80983543395996,124,1,33,40,2.4872448979591835
Random,1248,0.1823030263185501,16.80983543395996,124,1,33,40,2.4872448979591835
Superpixel,2818,2.5384435653686523,16.302902221679688,125,1,29,40,5.616230867346939
CAM,2818,5.8016357421875,16.302902221679688,125,1,29,40,5.616230867346939
FAM,2818,2.16793155670166,16.302902221679688,125,1,29,40,5.616230867346939
Random,2818,-0.1025890931487083,16.302902221679688,125,1,29,40,5.616230867346939
Superpixel,1039,2.833269596099853,14.29814910888672,126,1,34,40,2.0707110969387754
CAM,1039,-0.2840954959392547,14.29814910888672,126,1,34,40,2.0707110969387754
FAM,1039,0.7327057123184204,14.29814910888672,126,1,34,40,2.0707110969387754
Random,1039,-0.3883289396762848,14.29814910888672,126,1,34,40,2.0707110969387754
Superpixel,2332,2.0493013858795166,13.200457572937012,127,1,33,40,4.647640306122449
CAM,2332,0.6136184334754944,13.200457572937012,127,1,33,40,4.647640306122449
FAM,2332,0.4922665953636169,13.200457572937012,127,1,33,40,4.647640306122449
Random,2332,0.5890060663223267,13.200457572937012,127,1,33,40,4.647640306122449
Superpixel,1383,2.858097791671753,9.345117568969728,128,1,36,40,2.756297831632653
CAM,1383,2.583993434906006,9.345117568969728,128,1,36,40,2.756297831632653
FAM,1383,-0.3274972438812256,9.345117568969728,128,1,36,40,2.756297831632653
Random,1383,1.900336742401123,9.345117568969728,128,1,36,40,2.756297831632653
Superpixel,2049,6.050398349761963,13.32651424407959,129,1,32,40,4.083625637755102
CAM,2049,4.940121650695801,13.32651424407959,129,1,32,40,4.083625637755102
FAM,2049,0.8844330310821533,13.32651424407959,129,1,32,40,4.083625637755102
Random,2049,-0.4236133694648742,13.32651424407959,129,1,32,40,4.083625637755102
Superpixel,1260,3.67915153503418,7.179259300231934,130,1,33,40,2.5111607142857144
CAM,1260,3.0551598072052,7.179259300231934,130,1,33,40,2.5111607142857144
FAM,1260,1.6816918849945068,7.179259300231934,130,1,33,40,2.5111607142857144
Random,1260,1.0489418506622314,7.179259300231934,130,1,33,40,2.5111607142857144
Superpixel,1293,2.911306619644165,12.296734809875488,131,1,35,40,2.5769292091836737
CAM,1293,0.3786428272724151,12.296734809875488,131,1,35,40,2.5769292091836737
FAM,1293,-0.7469784617424011,12.296734809875488,131,1,35,40,2.5769292091836737
Random,1293,1.0580222606658936,12.296734809875488,131,1,35,40,2.5769292091836737
Superpixel,1679,2.8269054889678955,15.042993545532228,132,1,36,40,3.346221301020408
CAM,1679,3.9559903144836426,15.042993545532228,132,1,36,40,3.346221301020408
FAM,1679,1.2192655801773071,15.042993545532228,132,1,36,40,3.346221301020408
Random,1679,0.8644359111785889,15.042993545532228,132,1,36,40,3.346221301020408
Superpixel,1328,4.329807281494141,12.704119682312012,133,1,33,40,2.646683673469388
CAM,1328,1.3140677213668823,12.704119682312012,133,1,33,40,2.646683673469388
FAM,1328,0.4228178858757019,12.704119682312012,133,1,33,40,2.646683673469388
Random,1328,-0.1610682010650634,12.704119682312012,133,1,33,40,2.646683673469388
Superpixel,2247,4.09984827041626,9.561964988708496,134,1,33,40,4.478236607142857
CAM,2247,7.058591365814209,9.561964988708496,134,1,33,40,4.478236607142857
FAM,2247,0.7556467652320862,9.561964988708496,134,1,33,40,4.478236607142857
Random,2247,0.1916400492191314,9.561964988708496,134,1,33,40,4.478236607142857
Superpixel,1510,2.646641254425049,11.64293098449707,135,1,29,40,3.009406887755102
CAM,1510,2.4686644077301025,11.64293098449707,135,1,29,40,3.009406887755102
FAM,1510,0.6485802531242371,11.64293098449707,135,1,29,40,3.009406887755102
Random,1510,0.0083977505564689,11.64293098449707,135,1,29,40,3.009406887755102
Superpixel,1646,2.887172222137451,11.275784492492676,136,1,36,40,3.280452806122449
CAM,1646,0.8217688798904419,11.275784492492676,136,1,36,40,3.280452806122449
FAM,1646,0.4791232347488403,11.275784492492676,136,1,36,40,3.280452806122449
Random,1646,1.3893040418624878,11.275784492492676,136,1,36,40,3.280452806122449
Superpixel,1028,2.282663345336914,15.144980430603027,137,1,32,40,2.0487882653061225
CAM,1028,1.7054551839828491,15.144980430603027,137,1,32,40,2.0487882653061225
FAM,1028,1.2444031238555908,15.144980430603027,137,1,32,40,2.0487882653061225
Random,1028,1.2637808322906494,15.144980430603027,137,1,32,40,2.0487882653061225
Superpixel,1615,4.700643062591553,12.23999309539795,138,1,29,40,3.218670280612245
CAM,1615,0.4495230913162231,12.23999309539795,138,1,29,40,3.218670280612245
FAM,1615,1.5142691135406494,12.23999309539795,138,1,29,40,3.218670280612245
Random,1615,-0.5260768532752991,12.23999309539795,138,1,29,40,3.218670280612245
Superpixel,2190,1.6958001852035522,6.806970119476318,139,1,34,40,4.364636479591836
CAM,2190,0.4046554267406463,6.806970119476318,139,1,34,40,4.364636479591836
FAM,2190,-2.2456841468811035,6.806970119476318,139,1,34,40,4.364636479591836
Random,2190,-2.0132269859313965,6.806970119476318,139,1,34,40,4.364636479591836
Superpixel,1541,4.79865837097168,11.610396385192873,140,1,35,40,3.0711894132653064
CAM,1541,1.2653673887252808,11.610396385192873,140,1,35,40,3.0711894132653064
FAM,1541,0.1444480419158935,11.610396385192873,140,1,35,40,3.0711894132653064
Random,1541,0.975759506225586,11.610396385192873,140,1,35,40,3.0711894132653064
Superpixel,2371,4.168369293212891,15.713963508605955,141,1,32,40,4.725366709183673
CAM,2371,2.910294532775879,15.713963508605955,141,1,32,40,4.725366709183673
FAM,2371,0.0139930769801139,15.713963508605955,141,1,32,40,4.725366709183673
Random,2371,-0.146487295627594,15.713963508605955,141,1,32,40,4.725366709183673
Superpixel,1361,7.883831024169922,14.730679512023926,142,1,35,40,2.712452168367347
CAM,1361,-0.4051451683044433,14.730679512023926,142,1,35,40,2.712452168367347
FAM,1361,0.6138089299201965,14.730679512023926,142,1,35,40,2.712452168367347
Random,1361,0.4902436733245849,14.730679512023926,142,1,35,40,2.712452168367347
Superpixel,2100,6.798248291015625,14.311620712280272,143,1,33,40,4.185267857142857
CAM,2100,2.7984073162078857,14.311620712280272,143,1,33,40,4.185267857142857
FAM,2100,2.545121431350708,14.311620712280272,143,1,33,40,4.185267857142857
Random,2100,-0.0064477026462554,14.311620712280272,143,1,33,40,4.185267857142857
Superpixel,1290,3.339461088180542,13.337560653686523,144,1,32,40,2.5709502551020407
CAM,1290,1.399928092956543,13.337560653686523,144,1,32,40,2.5709502551020407
FAM,1290,1.3685786724090576,13.337560653686523,144,1,32,40,2.5709502551020407
Random,1290,0.6004965305328369,13.337560653686523,144,1,32,40,2.5709502551020407
Superpixel,1313,3.280514717102051,17.006467819213867,145,1,33,40,2.6167889030612246
CAM,1313,0.9318610429763794,17.006467819213867,145,1,33,40,2.6167889030612246
FAM,1313,-0.2649637162685394,17.006467819213867,145,1,33,40,2.6167889030612246
Random,1313,0.2896610200405121,17.006467819213867,145,1,33,40,2.6167889030612246
Superpixel,1631,6.368548393249512,13.564491271972656,146,1,32,40,3.2505580357142856
CAM,1631,1.5521422624588013,13.564491271972656,146,1,32,40,3.2505580357142856
FAM,1631,0.0711667239665985,13.564491271972656,146,1,32,40,3.2505580357142856
Random,1631,0.6467390060424805,13.564491271972656,146,1,32,40,3.2505580357142856
Superpixel,1019,3.1233880519866943,17.26859474182129,147,1,35,40,2.0308514030612246
CAM,1019,1.5580296516418457,17.26859474182129,147,1,35,40,2.0308514030612246
FAM,1019,0.7712560892105103,17.26859474182129,147,1,35,40,2.0308514030612246
Random,1019,0.9358397722244264,17.26859474182129,147,1,35,40,2.0308514030612246
Superpixel,887,1.9152129888534544,18.31349372863769,148,1,32,40,1.767777423469388
CAM,887,1.5728496313095093,18.31349372863769,148,1,32,40,1.767777423469388
FAM,887,0.6881102323532104,18.31349372863769,148,1,32,40,1.767777423469388
Random,887,1.6834285259246826,18.31349372863769,148,1,32,40,1.767777423469388
Superpixel,1280,2.3633005619049072,11.154372215270996,149,1,29,40,2.5510204081632653
CAM,1280,-0.1410451829433441,11.154372215270996,149,1,29,40,2.5510204081632653
FAM,1280,0.3766943514347076,11.154372215270996,149,1,29,40,2.5510204081632653
Random,1280,-0.0732336938381195,11.154372215270996,149,1,29,40,2.5510204081632653
Superpixel,1520,6.457870006561279,13.237960815429688,150,1,32,40,3.029336734693877
CAM,1520,0.2298707067966461,13.237960815429688,150,1,32,40,3.029336734693877
FAM,1520,-0.284977525472641,13.237960815429688,150,1,32,40,3.029336734693877
Random,1520,1.7520101070404053,13.237960815429688,150,1,32,40,3.029336734693877
Superpixel,792,3.873005151748657,13.540781021118164,151,1,32,40,1.5784438775510203
CAM,792,0.1905927956104278,13.540781021118164,151,1,32,40,1.5784438775510203
FAM,792,1.4367022514343262,13.540781021118164,151,1,32,40,1.5784438775510203
Random,792,-0.965934157371521,13.540781021118164,151,1,32,40,1.5784438775510203
Superpixel,1762,3.181282520294189,16.670333862304688,152,1,34,40,3.511639030612245
CAM,1762,0.1074197590351104,16.670333862304688,152,1,34,40,3.511639030612245
FAM,1762,0.1822080314159393,16.670333862304688,152,1,34,40,3.511639030612245
Random,1762,0.073179692029953,16.670333862304688,152,1,34,40,3.511639030612245
Superpixel,1826,5.792089939117432,14.594741821289062,153,1,32,40,3.639190051020408
CAM,1826,2.6238484382629395,14.594741821289062,153,1,32,40,3.639190051020408
FAM,1826,1.2320175170898438,14.594741821289062,153,1,32,40,3.639190051020408
Random,1826,0.297333687543869,14.594741821289062,153,1,32,40,3.639190051020408
Superpixel,1999,5.741304874420166,13.016481399536133,154,1,35,40,3.983976403061224
CAM,1999,1.032239317893982,13.016481399536133,154,1,35,40,3.983976403061224
FAM,1999,0.5484364032745361,13.016481399536133,154,1,35,40,3.983976403061224
Random,1999,0.3773395121097564,13.016481399536133,154,1,35,40,3.983976403061224
Superpixel,1470,6.381106853485107,9.030038833618164,155,1,35,40,2.9296875
CAM,1470,0.2776789367198944,9.030038833618164,155,1,35,40,2.9296875
FAM,1470,0.2404389083385467,9.030038833618164,155,1,35,40,2.9296875
Random,1470,1.9833526611328125,9.030038833618164,155,1,35,40,2.9296875
Superpixel,712,3.596848249435425,16.346372604370117,156,1,34,40,1.4190051020408163
CAM,712,0.3894882500171661,16.346372604370117,156,1,34,40,1.4190051020408163
FAM,712,0.8884094953536987,16.346372604370117,156,1,34,40,1.4190051020408163
Random,712,1.1144616603851318,16.346372604370117,156,1,34,40,1.4190051020408163
Superpixel,1399,2.505326509475708,18.035762786865234,157,1,34,40,2.7881855867346936
CAM,1399,0.968709111213684,18.035762786865234,157,1,34,40,2.7881855867346936
FAM,1399,1.032069444656372,18.035762786865234,157,1,34,40,2.7881855867346936
Random,1399,0.2334748804569244,18.035762786865234,157,1,34,40,2.7881855867346936
Superpixel,771,3.4112770557403564,14.329495429992676,158,1,35,40,1.5365911989795915
CAM,771,1.3935292959213257,14.329495429992676,158,1,35,40,1.5365911989795915
FAM,771,0.796538233757019,14.329495429992676,158,1,35,40,1.5365911989795915
Random,771,0.8169420957565308,14.329495429992676,158,1,35,40,1.5365911989795915
Superpixel,1343,4.993608474731445,15.876619338989258,159,1,34,40,2.676578443877551
CAM,1343,1.8454132080078125,15.876619338989258,159,1,34,40,2.676578443877551
FAM,1343,1.8257083892822263,15.876619338989258,159,1,34,40,2.676578443877551
Random,1343,1.821338772773743,15.876619338989258,159,1,34,40,2.676578443877551
Superpixel,1152,4.663687229156494,12.079415321350098,160,1,33,40,2.295918367346939
CAM,1152,0.0975065529346466,12.079415321350098,160,1,33,40,2.295918367346939
FAM,1152,1.1366804838180542,12.079415321350098,160,1,33,40,2.295918367346939
Random,1152,0.2105718553066253,12.079415321350098,160,1,33,40,2.295918367346939
Superpixel,1553,2.347057342529297,17.422378540039062,161,1,32,40,3.0951052295918364
CAM,1553,-0.4377202093601227,17.422378540039062,161,1,32,40,3.0951052295918364
FAM,1553,0.8204724788665771,17.422378540039062,161,1,32,40,3.0951052295918364
Random,1553,0.5841177701950073,17.422378540039062,161,1,32,40,3.0951052295918364
Superpixel,842,3.20798659324646,15.753741264343262,162,1,34,40,1.678093112244898
CAM,842,0.885381817817688,15.753741264343262,162,1,34,40,1.678093112244898
FAM,842,0.9888720512390136,15.753741264343262,162,1,34,40,1.678093112244898
Random,842,0.0181328952312469,15.753741264343262,162,1,34,40,1.678093112244898
Superpixel,2393,1.5049922466278076,11.835968017578123,163,1,28,40,4.76921237244898
CAM,2393,1.7032716274261477,11.835968017578123,163,1,28,40,4.76921237244898
FAM,2393,-0.2503500878810882,11.835968017578123,163,1,28,40,4.76921237244898
Random,2393,-0.3389878571033478,11.835968017578123,163,1,28,40,4.76921237244898
Superpixel,1851,4.84193754196167,9.605253219604492,164,1,29,40,3.689014668367347
CAM,1851,1.5168395042419434,9.605253219604492,164,1,29,40,3.689014668367347
FAM,1851,0.3496263921260834,9.605253219604492,164,1,29,40,3.689014668367347
Random,1851,1.0267014503479004,9.605253219604492,164,1,29,40,3.689014668367347
Superpixel,1076,4.769626617431641,9.482483863830566,165,1,34,40,2.144451530612245
CAM,1076,0.6314541101455688,9.482483863830566,165,1,34,40,2.144451530612245
FAM,1076,0.5507687330245972,9.482483863830566,165,1,34,40,2.144451530612245
Random,1076,3.676292896270752,9.482483863830566,165,1,34,40,2.144451530612245
Superpixel,2015,3.786296844482422,12.970099449157717,166,1,35,40,4.015864158163265
CAM,2015,2.5272204875946045,12.970099449157717,166,1,35,40,4.015864158163265
FAM,2015,2.854766845703125,12.970099449157717,166,1,35,40,4.015864158163265
Random,2015,-1.7337398529052734,12.970099449157717,166,1,35,40,4.015864158163265
Superpixel,1249,2.6863250732421875,14.106159210205078,167,1,36,40,2.489237882653061
CAM,1249,-0.0156345255672931,14.106159210205078,167,1,36,40,2.489237882653061
FAM,1249,-1.4924687147140503,14.106159210205078,167,1,36,40,2.489237882653061
Random,1249,-0.6409829258918762,14.106159210205078,167,1,36,40,2.489237882653061
Superpixel,1388,3.1181981563568115,15.383405685424805,168,1,32,40,2.7662627551020407
CAM,1388,-0.0973010510206222,15.383405685424805,168,1,32,40,2.7662627551020407
FAM,1388,0.4673468470573425,15.383405685424805,168,1,32,40,2.7662627551020407
Random,1388,-0.1247911900281906,15.383405685424805,168,1,32,40,2.7662627551020407
Superpixel,1708,2.7930829524993896,9.903432846069336,169,1,35,40,3.4040178571428568
CAM,1708,1.5713114738464355,9.903432846069336,169,1,35,40,3.4040178571428568
FAM,1708,1.2827842235565186,9.903432846069336,169,1,35,40,3.4040178571428568
Random,1708,1.8038756847381592,9.903432846069336,169,1,35,40,3.4040178571428568
Superpixel,1969,3.806100368499756,7.970113277435303,170,1,30,40,3.924186862244898
CAM,1969,1.9637693166732788,7.970113277435303,170,1,30,40,3.924186862244898
FAM,1969,-0.9206219911575316,7.970113277435303,170,1,30,40,3.924186862244898
Random,1969,-1.4108551740646362,7.970113277435303,170,1,30,40,3.924186862244898
Superpixel,2398,4.651866436004639,8.926592826843262,171,1,34,40,4.779177295918367
CAM,2398,3.7022528648376474,8.926592826843262,171,1,34,40,4.779177295918367
FAM,2398,4.131752014160156,8.926592826843262,171,1,34,40,4.779177295918367
Random,2398,1.3609615564346311,8.926592826843262,171,1,34,40,4.779177295918367
Superpixel,1122,2.95009994506836,15.47469997406006,172,1,34,40,2.2361288265306123
CAM,1122,0.6023520827293396,15.47469997406006,172,1,34,40,2.2361288265306123
FAM,1122,-2.3290810585021973,15.47469997406006,172,1,34,40,2.2361288265306123
Random,1122,-2.785513401031494,15.47469997406006,172,1,34,40,2.2361288265306123
Superpixel,1598,6.19760799407959,11.197237968444824,173,1,35,40,3.1847895408163267
CAM,1598,0.6810099482536316,11.197237968444824,173,1,35,40,3.1847895408163267
FAM,1598,-0.0254098810255527,11.197237968444824,173,1,35,40,3.1847895408163267
Random,1598,-3.396070957183838,11.197237968444824,173,1,35,40,3.1847895408163267
Superpixel,1723,6.767190456390381,15.447246551513672,174,1,32,40,3.4339126275510203
CAM,1723,-0.2036996334791183,15.447246551513672,174,1,32,40,3.4339126275510203
FAM,1723,3.249753475189209,15.447246551513672,174,1,32,40,3.4339126275510203
Random,1723,-1.547493815422058,15.447246551513672,174,1,32,40,3.4339126275510203
Superpixel,1515,2.507529735565185,19.444435119628903,175,1,31,40,3.01937181122449
CAM,1515,-0.4154373407363891,19.444435119628903,175,1,31,40,3.01937181122449
FAM,1515,-1.9517778158187864,19.444435119628903,175,1,31,40,3.01937181122449
Random,1515,-1.6484227180480957,19.444435119628903,175,1,31,40,3.01937181122449
Superpixel,2033,2.738769292831421,13.659045219421388,176,1,32,40,4.051737882653061
CAM,2033,3.3058085441589355,13.659045219421388,176,1,32,40,4.051737882653061
FAM,2033,-0.8381248116493225,13.659045219421388,176,1,32,40,4.051737882653061
Random,2033,-2.7328662872314453,13.659045219421388,176,1,32,40,4.051737882653061
Superpixel,2148,2.138232946395874,11.38173007965088,177,1,32,40,4.28093112244898
CAM,2148,0.2957855761051178,11.38173007965088,177,1,32,40,4.28093112244898
FAM,2148,1.201231837272644,11.38173007965088,177,1,32,40,4.28093112244898
Random,2148,-0.6054561138153076,11.38173007965088,177,1,32,40,4.28093112244898
Superpixel,2706,5.28622579574585,11.553726196289062,178,1,30,40,5.3930165816326525
CAM,2706,-1.1149072647094729,11.553726196289062,178,1,30,40,5.3930165816326525
FAM,2706,0.3719623982906341,11.553726196289062,178,1,30,40,5.3930165816326525
Random,2706,-0.7719233632087708,11.553726196289062,178,1,30,40,5.3930165816326525
Superpixel,2983,1.658875823020935,11.74983024597168,179,1,33,40,5.945073341836735
CAM,2983,2.079878330230713,11.74983024597168,179,1,33,40,5.945073341836735
FAM,2983,0.2997390031814575,11.74983024597168,179,1,33,40,5.945073341836735
Random,2983,-1.0786617994308472,11.74983024597168,179,1,33,40,5.945073341836735
Superpixel,1530,2.208561897277832,11.495020866394045,180,1,35,40,3.049266581632653
CAM,1530,-0.6419710516929626,11.495020866394045,180,1,35,40,3.049266581632653
FAM,1530,-1.9643774032592771,11.495020866394045,180,1,35,40,3.049266581632653
Random,1530,-0.5225804448127747,11.495020866394045,180,1,35,40,3.049266581632653
Superpixel,1565,2.378045082092285,9.231075286865234,181,1,35,40,3.119021045918368
CAM,1565,-2.749152183532715,9.231075286865234,181,1,35,40,3.119021045918368
FAM,1565,-0.8434867858886719,9.231075286865234,181,1,35,40,3.119021045918368
Random,1565,-2.4795055389404297,9.231075286865234,181,1,35,40,3.119021045918368
Superpixel,1729,2.0266830921173096,11.02761173248291,182,1,36,40,3.4458705357142856
CAM,1729,-1.4241124391555786,11.02761173248291,182,1,36,40,3.4458705357142856
FAM,1729,-2.3630611896514893,11.02761173248291,182,1,36,40,3.4458705357142856
Random,1729,-0.3300959765911102,11.02761173248291,182,1,36,40,3.4458705357142856
Superpixel,1697,1.7715189456939695,7.090257167816162,183,1,35,40,3.382095025510204
CAM,1697,-0.9930629134178162,7.090257167816162,183,1,35,40,3.382095025510204
FAM,1697,-0.8057762980461121,7.090257167816162,183,1,35,40,3.382095025510204
Random,1697,-3.2051658630371094,7.090257167816162,183,1,35,40,3.382095025510204
Superpixel,918,2.678321123123169,9.7734956741333,184,1,36,40,1.829559948979592
CAM,918,3.2765791416168213,9.7734956741333,184,1,36,40,1.829559948979592
FAM,918,0.5026431679725647,9.7734956741333,184,1,36,40,1.829559948979592
Random,918,0.2465530335903167,9.7734956741333,184,1,36,40,1.829559948979592
Superpixel,1968,0.1730782985687255,15.033140182495115,185,1,33,40,3.92219387755102
CAM,1968,-3.333831310272217,15.033140182495115,185,1,33,40,3.92219387755102
FAM,1968,-1.974211573600769,15.033140182495115,185,1,33,40,3.92219387755102
Random,1968,-1.1394641399383545,15.033140182495115,185,1,33,40,3.92219387755102
Superpixel,1045,2.144686460494995,8.812786102294922,186,1,34,40,2.0826690051020407
CAM,1045,0.4787617623806,8.812786102294922,186,1,34,40,2.0826690051020407
FAM,1045,2.1547114849090576,8.812786102294922,186,1,34,40,2.0826690051020407
Random,1045,-0.7649567723274231,8.812786102294922,186,1,34,40,2.0826690051020407
Superpixel,1870,1.1251705884933472,12.115702629089355,187,1,35,40,3.72688137755102
CAM,1870,-1.4443310499191284,12.115702629089355,187,1,35,40,3.72688137755102
FAM,1870,-0.670365571975708,12.115702629089355,187,1,35,40,3.72688137755102
Random,1870,-0.8199062943458557,12.115702629089355,187,1,35,40,3.72688137755102
Superpixel,847,2.9991157054901123,11.069998741149902,188,1,35,40,1.6880580357142856
CAM,847,1.2700341939926147,11.069998741149902,188,1,35,40,1.6880580357142856
FAM,847,1.2541502714157104,11.069998741149902,188,1,35,40,1.6880580357142856
Random,847,2.067408323287964,11.069998741149902,188,1,35,40,1.6880580357142856
Superpixel,2482,1.3139277696609497,11.380338668823242,189,1,32,40,4.946588010204081
CAM,2482,-0.9027953147888184,11.380338668823242,189,1,32,40,4.946588010204081
FAM,2482,-1.1649247407913208,11.380338668823242,189,1,32,40,4.946588010204081
Random,2482,-0.7713986039161682,11.380338668823242,189,1,32,40,4.946588010204081
Superpixel,1450,2.342040061950684,6.347030162811279,190,1,32,40,2.889827806122449
CAM,1450,1.0980874300003052,6.347030162811279,190,1,32,40,2.889827806122449
FAM,1450,2.052631378173828,6.347030162811279,190,1,32,40,2.889827806122449
Random,1450,1.106706976890564,6.347030162811279,190,1,32,40,2.889827806122449
Superpixel,1256,3.9570062160491934,12.793618202209473,191,1,33,40,2.503188775510204
CAM,1256,1.1260573863983154,12.793618202209473,191,1,33,40,2.503188775510204
FAM,1256,1.366571068763733,12.793618202209473,191,1,33,40,2.503188775510204
Random,1256,2.5175023078918457,12.793618202209473,191,1,33,40,2.503188775510204
Superpixel,1786,1.2870628833770752,12.087818145751951,192,1,35,40,3.559470663265306
CAM,1786,-0.3523443639278412,12.087818145751951,192,1,35,40,3.559470663265306
FAM,1786,0.2943222522735595,12.087818145751951,192,1,35,40,3.559470663265306
Random,1786,0.369922399520874,12.087818145751951,192,1,35,40,3.559470663265306
Superpixel,3208,0.9409219026565552,13.9094820022583,193,1,28,40,6.393494897959185
CAM,3208,-0.6600963473320007,13.9094820022583,193,1,28,40,6.393494897959185
FAM,3208,-0.577483594417572,13.9094820022583,193,1,28,40,6.393494897959185
Random,3208,-1.1793261766433716,13.9094820022583,193,1,28,40,6.393494897959185
Superpixel,1380,2.379849910736084,6.818569183349609,194,1,35,40,2.7503188775510203
CAM,1380,-0.1439100354909896,6.818569183349609,194,1,35,40,2.7503188775510203
FAM,1380,0.5343805551528931,6.818569183349609,194,1,35,40,2.7503188775510203
Random,1380,0.1891582608222961,6.818569183349609,194,1,35,40,2.7503188775510203
Superpixel,1582,-0.0895537659525871,8.56313705444336,195,1,30,40,3.1529017857142856
CAM,1582,-2.627737522125244,8.56313705444336,195,1,30,40,3.1529017857142856
FAM,1582,-2.0019919872283936,8.56313705444336,195,1,30,40,3.1529017857142856
Random,1582,-1.6351436376571655,8.56313705444336,195,1,30,40,3.1529017857142856
Superpixel,1649,2.0235984325408936,12.835895538330078,196,1,34,40,3.286431760204082
CAM,1649,-0.4188214838504791,12.835895538330078,196,1,34,40,3.286431760204082
FAM,1649,0.0202098730951547,12.835895538330078,196,1,34,40,3.286431760204082
Random,1649,1.3535401821136477,12.835895538330078,196,1,34,40,3.286431760204082
Superpixel,2390,3.391461133956909,10.101577758789062,197,1,32,40,4.763233418367348
CAM,2390,1.6117178201675415,10.101577758789062,197,1,32,40,4.763233418367348
FAM,2390,0.4241147041320801,10.101577758789062,197,1,32,40,4.763233418367348
Random,2390,0.8121085166931152,10.101577758789062,197,1,32,40,4.763233418367348
Superpixel,1731,2.877709150314331,11.389898300170898,198,1,32,40,3.4498565051020407
CAM,1731,1.3355588912963867,11.389898300170898,198,1,32,40,3.4498565051020407
FAM,1731,-0.2119519114494323,11.389898300170898,198,1,32,40,3.4498565051020407
Random,1731,1.3469191789627075,11.389898300170898,198,1,32,40,3.4498565051020407
Superpixel,2057,2.762414932250977,11.502920150756836,199,1,32,40,4.099569515306122
CAM,2057,0.9713911414146424,11.502920150756836,199,1,32,40,4.099569515306122
FAM,2057,0.1578754186630249,11.502920150756836,199,1,32,40,4.099569515306122
Random,2057,1.101708173751831,11.502920150756836,199,1,32,40,4.099569515306122
Superpixel,1490,-0.0176953449845314,8.195829391479492,200,1,31,40,2.969547193877551
CAM,1490,-1.8234623670578003,8.195829391479492,200,1,31,40,2.969547193877551
FAM,1490,-2.779914617538452,8.195829391479492,200,1,31,40,2.969547193877551
Random,1490,-1.966758370399475,8.195829391479492,200,1,31,40,2.969547193877551
Superpixel,2543,3.459913492202759,11.555458068847656,201,1,32,40,5.068160076530613
CAM,2543,-0.2059450149536132,11.555458068847656,201,1,32,40,5.068160076530613
FAM,2543,-0.7043378353118896,11.555458068847656,201,1,32,40,5.068160076530613
Random,2543,1.6612452268600464,11.555458068847656,201,1,32,40,5.068160076530613
Superpixel,1783,2.279808282852173,10.537670135498049,202,1,29,40,3.5534917091836733
CAM,1783,0.032455526292324,10.537670135498049,202,1,29,40,3.5534917091836733
FAM,1783,-0.0903264656662941,10.537670135498049,202,1,29,40,3.5534917091836733
Random,1783,0.971928894519806,10.537670135498049,202,1,29,40,3.5534917091836733
Superpixel,1781,0.9450082182884216,13.45071792602539,203,1,34,40,3.549505739795918
CAM,1781,-2.247687578201294,13.45071792602539,203,1,34,40,3.549505739795918
FAM,1781,-1.0422091484069824,13.45071792602539,203,1,34,40,3.549505739795918
Random,1781,-1.4808863401412964,13.45071792602539,203,1,34,40,3.549505739795918
Superpixel,3115,-0.1084106341004371,14.600278854370115,204,1,32,40,6.208147321428571
CAM,3115,-1.6126997470855713,14.600278854370115,204,1,32,40,6.208147321428571
FAM,3115,-2.673536777496338,14.600278854370115,204,1,32,40,6.208147321428571
Random,3115,-0.524290144443512,14.600278854370115,204,1,32,40,6.208147321428571
Superpixel,999,2.761538505554199,11.467634201049805,205,1,34,40,1.9909917091836733
CAM,999,-0.3662525117397308,11.467634201049805,205,1,34,40,1.9909917091836733
FAM,999,-1.0979125499725342,11.467634201049805,205,1,34,40,1.9909917091836733
Random,999,-0.1042502298951149,11.467634201049805,205,1,34,40,1.9909917091836733
Superpixel,1453,2.192191362380981,11.214329719543455,206,1,30,40,2.895806760204082
CAM,1453,-1.3476629257202148,11.214329719543455,206,1,30,40,2.895806760204082
FAM,1453,-1.3131747245788574,11.214329719543455,206,1,30,40,2.895806760204082
Random,1453,-0.4105393588542938,11.214329719543455,206,1,30,40,2.895806760204082
Superpixel,3655,2.906346559524536,9.128189086914062,207,1,32,40,7.284359056122448
CAM,3655,1.1409213542938232,9.128189086914062,207,1,32,40,7.284359056122448
FAM,3655,2.61400842666626,9.128189086914062,207,1,32,40,7.284359056122448
Random,3655,2.885396718978882,9.128189086914062,207,1,32,40,7.284359056122448
Superpixel,942,-0.3361526131629944,10.57050323486328,208,1,33,40,1.877391581632653
CAM,942,-2.435532331466675,10.57050323486328,208,1,33,40,1.877391581632653
FAM,942,-1.9871238470077517,10.57050323486328,208,1,33,40,1.877391581632653
Random,942,-1.8837528228759768,10.57050323486328,208,1,33,40,1.877391581632653
Superpixel,3991,4.581265926361084,14.310815811157228,209,1,30,40,7.954001913265306
CAM,3991,2.6056623458862305,14.310815811157228,209,1,30,40,7.954001913265306
FAM,3991,1.8573251962661743,14.310815811157228,209,1,30,40,7.954001913265306
Random,3991,1.941174030303955,14.310815811157228,209,1,30,40,7.954001913265306
Superpixel,1557,4.091520309448242,12.199350357055664,210,1,31,40,3.103077168367347
CAM,1557,-1.2818105220794678,12.199350357055664,210,1,31,40,3.103077168367347
FAM,1557,-0.1811173260211944,12.199350357055664,210,1,31,40,3.103077168367347
Random,1557,3.1126420497894287,12.199350357055664,210,1,31,40,3.103077168367347
Superpixel,1472,2.3862695693969727,14.319704055786133,211,1,34,40,2.933673469387755
CAM,1472,0.6274012923240662,14.319704055786133,211,1,34,40,2.933673469387755
FAM,1472,-0.6836061477661133,14.319704055786133,211,1,34,40,2.933673469387755
Random,1472,0.3463632762432098,14.319704055786133,211,1,34,40,2.933673469387755
Superpixel,1767,2.3507754802703857,14.56499481201172,212,1,27,40,3.5216039540816326
CAM,1767,-0.6536744832992554,14.56499481201172,212,1,27,40,3.5216039540816326
FAM,1767,0.5881487727165222,14.56499481201172,212,1,27,40,3.5216039540816326
Random,1767,2.2120187282562256,14.56499481201172,212,1,27,40,3.5216039540816326
Superpixel,1748,1.2323896884918213,10.492862701416016,213,1,36,40,3.4837372448979598
CAM,1748,2.165748357772827,10.492862701416016,213,1,36,40,3.4837372448979598
FAM,1748,1.3991022109985352,10.492862701416016,213,1,36,40,3.4837372448979598
Random,1748,0.4962155520915985,10.492862701416016,213,1,36,40,3.4837372448979598
Superpixel,1559,0.8936842679977417,7.865429878234863,214,1,32,40,3.107063137755102
CAM,1559,1.7661579847335815,7.865429878234863,214,1,32,40,3.107063137755102
FAM,1559,0.3352706134319305,7.865429878234863,214,1,32,40,3.107063137755102
Random,1559,-0.4992807805538177,7.865429878234863,214,1,32,40,3.107063137755102
Superpixel,2078,6.083548545837402,13.465513229370115,215,1,33,40,4.141422193877551
CAM,2078,1.982311487197876,13.465513229370115,215,1,33,40,4.141422193877551
FAM,2078,0.5171355605125427,13.465513229370115,215,1,33,40,4.141422193877551
Random,2078,0.8694181442260742,13.465513229370115,215,1,33,40,4.141422193877551
Superpixel,1508,5.647990703582764,13.941645622253418,216,1,32,40,3.005420918367347
CAM,1508,5.317050457000732,13.941645622253418,216,1,32,40,3.005420918367347
FAM,1508,-1.3163598775863647,13.941645622253418,216,1,32,40,3.005420918367347
Random,1508,1.2716341018676758,13.941645622253418,216,1,32,40,3.005420918367347
Superpixel,3759,1.0262985229492188,13.641757011413574,217,1,28,40,7.4916294642857135
CAM,3759,4.723612785339356,13.641757011413574,217,1,28,40,7.4916294642857135
FAM,3759,-0.6202563643455505,13.641757011413574,217,1,28,40,7.4916294642857135
Random,3759,0.3323276937007904,13.641757011413574,217,1,28,40,7.4916294642857135
Superpixel,1824,1.8076916933059688,12.63535976409912,218,1,30,40,3.635204081632653
CAM,1824,1.8903379440307615,12.63535976409912,218,1,30,40,3.635204081632653
FAM,1824,1.0216972827911377,12.63535976409912,218,1,30,40,3.635204081632653
Random,1824,1.687713861465454,12.63535976409912,218,1,30,40,3.635204081632653
Superpixel,3013,-0.6298998594284058,6.633218288421631,219,1,28,40,6.004862882653061
CAM,3013,-1.6176090240478516,6.633218288421631,219,1,28,40,6.004862882653061
FAM,3013,-2.672809839248657,6.633218288421631,219,1,28,40,6.004862882653061
Random,3013,-1.4656133651733398,6.633218288421631,219,1,28,40,6.004862882653061
Superpixel,794,2.621408224105835,10.356335639953612,220,1,25,40,1.5824298469387754
CAM,794,0.0751918777823448,10.356335639953612,220,1,25,40,1.5824298469387754
FAM,794,0.0329253450036048,10.356335639953612,220,1,25,40,1.5824298469387754
Random,794,0.6185100674629211,10.356335639953612,220,1,25,40,1.5824298469387754
Superpixel,821,2.2200748920440674,9.833575248718262,221,1,30,40,1.6362404336734693
CAM,821,4.675611972808838,9.833575248718262,221,1,30,40,1.6362404336734693
FAM,821,-0.0133940037339925,9.833575248718262,221,1,30,40,1.6362404336734693
Random,821,-0.11284651607275,9.833575248718262,221,1,30,40,1.6362404336734693
Superpixel,2733,1.2177679538726809,12.622729301452637,222,1,30,40,5.446827168367348
CAM,2733,3.5427424907684326,12.622729301452637,222,1,30,40,5.446827168367348
FAM,2733,-0.222026839852333,12.622729301452637,222,1,30,40,5.446827168367348
Random,2733,0.2706670463085174,12.622729301452637,222,1,30,40,5.446827168367348
Superpixel,4048,7.78678035736084,13.83360767364502,223,1,28,40,8.067602040816327
CAM,4048,4.64366340637207,13.83360767364502,223,1,28,40,8.067602040816327
FAM,4048,-0.3467639088630676,13.83360767364502,223,1,28,40,8.067602040816327
Random,4048,1.259580373764038,13.83360767364502,223,1,28,40,8.067602040816327
Superpixel,2763,1.598857879638672,9.163905143737791,224,1,27,40,5.506616709183673
CAM,2763,3.456164598464966,9.163905143737791,224,1,27,40,5.506616709183673
FAM,2763,0.3998001217842102,9.163905143737791,224,1,27,40,5.506616709183673
Random,2763,2.3205254077911377,9.163905143737791,224,1,27,40,5.506616709183673
Superpixel,2045,1.751284122467041,8.729039192199707,225,1,33,40,4.075653698979592
CAM,2045,2.7882325649261475,8.729039192199707,225,1,33,40,4.075653698979592
FAM,2045,-0.97685968875885,8.729039192199707,225,1,33,40,4.075653698979592
Random,2045,1.0428985357284546,8.729039192199707,225,1,33,40,4.075653698979592
Superpixel,1180,3.193122625350952,11.11911678314209,226,1,30,40,2.35172193877551
CAM,1180,1.3643412590026855,11.11911678314209,226,1,30,40,2.35172193877551
FAM,1180,-0.3746219277381897,11.11911678314209,226,1,30,40,2.35172193877551
Random,1180,1.488326907157898,11.11911678314209,226,1,30,40,2.35172193877551
Superpixel,2196,5.209739208221436,14.863521575927734,227,1,30,40,4.376594387755102
CAM,2196,1.0363130569458008,14.863521575927734,227,1,30,40,4.376594387755102
FAM,2196,0.5990833640098572,14.863521575927734,227,1,30,40,4.376594387755102
Random,2196,3.8539419174194336,14.863521575927734,227,1,30,40,4.376594387755102
Superpixel,814,2.8827383518218994,7.561272621154785,228,1,33,40,1.6222895408163265
CAM,814,0.6114639043807983,7.561272621154785,228,1,33,40,1.6222895408163265
FAM,814,-0.7058404088020325,7.561272621154785,228,1,33,40,1.6222895408163265
Random,814,1.1794371604919434,7.561272621154785,228,1,33,40,1.6222895408163265
Superpixel,1309,3.650110960006714,12.991989135742188,229,1,26,40,2.6088169642857144
CAM,1309,4.773193836212158,12.991989135742188,229,1,26,40,2.6088169642857144
FAM,1309,2.277805089950561,12.991989135742188,229,1,26,40,2.6088169642857144
Random,1309,0.367920845746994,12.991989135742188,229,1,26,40,2.6088169642857144
Superpixel,741,2.75628662109375,11.151324272155762,230,1,30,40,1.4768016581632653
CAM,741,0.6080373525619507,11.151324272155762,230,1,30,40,1.4768016581632653
FAM,741,-0.0887245312333107,11.151324272155762,230,1,30,40,1.4768016581632653
Random,741,1.4951026439666748,11.151324272155762,230,1,30,40,1.4768016581632653
Superpixel,3295,4.330410480499268,11.318161964416504,231,1,30,40,6.5668845663265305
CAM,3295,5.877418041229248,11.318161964416504,231,1,30,40,6.5668845663265305
FAM,3295,-0.5941605567932129,11.318161964416504,231,1,30,40,6.5668845663265305
Random,3295,2.7284083366394043,11.318161964416504,231,1,30,40,6.5668845663265305
Superpixel,3848,1.4083606004714966,14.989322662353516,232,1,28,40,7.669005102040815
CAM,3848,3.771065473556519,14.989322662353516,232,1,28,40,7.669005102040815
FAM,3848,0.0074316505342721,14.989322662353516,232,1,28,40,7.669005102040815
Random,3848,-0.1604000329971313,14.989322662353516,232,1,28,40,7.669005102040815
Superpixel,2390,1.3642494678497314,10.468459129333496,233,1,31,40,4.763233418367348
CAM,2390,0.1664099991321563,10.468459129333496,233,1,31,40,4.763233418367348
FAM,2390,2.254570960998535,10.468459129333496,233,1,31,40,4.763233418367348
Random,2390,-0.1158446446061134,10.468459129333496,233,1,31,40,4.763233418367348
Superpixel,2134,2.6946561336517334,14.936963081359863,234,1,31,40,4.253029336734694
CAM,2134,1.9909038543701167,14.936963081359863,234,1,31,40,4.253029336734694
FAM,2134,-0.077975757420063,14.936963081359863,234,1,31,40,4.253029336734694
Random,2134,0.7335122227668762,14.936963081359863,234,1,31,40,4.253029336734694
Superpixel,3376,9.27570629119873,15.006619453430176,235,1,28,40,6.728316326530612
CAM,3376,5.772032737731934,15.006619453430176,235,1,28,40,6.728316326530612
FAM,3376,0.0427989289164543,15.006619453430176,235,1,28,40,6.728316326530612
Random,3376,0.7184144854545593,15.006619453430176,235,1,28,40,6.728316326530612
Superpixel,1500,5.884421348571777,13.495749473571776,236,1,34,40,2.9894770408163263
CAM,1500,4.916109085083008,13.495749473571776,236,1,34,40,2.9894770408163263
FAM,1500,0.7750617265701294,13.495749473571776,236,1,34,40,2.9894770408163263
Random,1500,1.5824449062347412,13.495749473571776,236,1,34,40,2.9894770408163263
Superpixel,2413,7.228387832641602,14.807310104370115,237,1,32,40,4.8090720663265305
CAM,2413,4.997115135192871,14.807310104370115,237,1,32,40,4.8090720663265305
FAM,2413,1.2898519039154053,14.807310104370115,237,1,32,40,4.8090720663265305
Random,2413,0.2321255505084991,14.807310104370115,237,1,32,40,4.8090720663265305
Superpixel,1123,5.154689788818359,10.925312042236328,238,1,35,40,2.23812181122449
CAM,1123,2.2306923866271973,10.925312042236328,238,1,35,40,2.23812181122449
FAM,1123,0.7767523527145386,10.925312042236328,238,1,35,40,2.23812181122449
Random,1123,1.5326462984085083,10.925312042236328,238,1,35,40,2.23812181122449
Superpixel,1605,7.227777481079102,13.17171573638916,239,1,33,40,3.198740433673469
CAM,1605,4.715324878692627,13.17171573638916,239,1,33,40,3.198740433673469
FAM,1605,0.4367477595806122,13.17171573638916,239,1,33,40,3.198740433673469
Random,1605,1.670958161354065,13.17171573638916,239,1,33,40,3.198740433673469
Superpixel,1712,1.241928219795227,13.959877967834473,240,1,34,40,3.411989795918368
CAM,1712,2.112469434738159,13.959877967834473,240,1,34,40,3.411989795918368
FAM,1712,0.646859884262085,13.959877967834473,240,1,34,40,3.411989795918368
Random,1712,1.9246677160263064,13.959877967834473,240,1,34,40,3.411989795918368
Superpixel,1729,4.1895365715026855,14.099804878234863,241,1,33,40,3.4458705357142856
CAM,1729,1.3497912883758545,14.099804878234863,241,1,33,40,3.4458705357142856
FAM,1729,-0.0259450431913137,14.099804878234863,241,1,33,40,3.4458705357142856
Random,1729,0.6658076643943787,14.099804878234863,241,1,33,40,3.4458705357142856
Superpixel,2068,2.066425085067749,13.501015663146973,242,1,31,40,4.121492346938775
CAM,2068,0.4237301647663116,13.501015663146973,242,1,31,40,4.121492346938775
FAM,2068,0.5623067021369934,13.501015663146973,242,1,31,40,4.121492346938775
Random,2068,1.9094470739364624,13.501015663146973,242,1,31,40,4.121492346938775
Superpixel,1048,0.2207895517349243,15.295615196228027,243,1,33,40,2.0886479591836737
CAM,1048,-1.7300821542739868,15.295615196228027,243,1,33,40,2.0886479591836737
FAM,1048,-1.2285689115524292,15.295615196228027,243,1,33,40,2.0886479591836737
Random,1048,-2.028172016143799,15.295615196228027,243,1,33,40,2.0886479591836737
Superpixel,1422,-0.7090457677841187,9.232186317443848,244,1,34,40,2.834024234693877
CAM,1422,-2.0042669773101807,9.232186317443848,244,1,34,40,2.834024234693877
FAM,1422,-1.629424810409546,9.232186317443848,244,1,34,40,2.834024234693877
Random,1422,-0.824455976486206,9.232186317443848,244,1,34,40,2.834024234693877
Superpixel,1202,-0.94102281332016,15.88653564453125,245,1,33,40,2.3955676020408165
CAM,1202,-1.9108411073684688,15.88653564453125,245,1,33,40,2.3955676020408165
FAM,1202,-1.9071627855300903,15.88653564453125,245,1,33,40,2.3955676020408165
Random,1202,-0.8214201927185059,15.88653564453125,245,1,33,40,2.3955676020408165
Superpixel,1302,1.4881662130355835,10.786697387695312,246,1,33,40,2.594866071428572
CAM,1302,0.5544818043708801,10.786697387695312,246,1,33,40,2.594866071428572
FAM,1302,0.5654153227806091,10.786697387695312,246,1,33,40,2.594866071428572
Random,1302,1.4000296592712402,10.786697387695312,246,1,33,40,2.594866071428572
Superpixel,2253,3.025851249694824,11.99916648864746,247,1,33,40,4.490194515306122
CAM,2253,1.912760615348816,11.99916648864746,247,1,33,40,4.490194515306122
FAM,2253,2.5216031074523926,11.99916648864746,247,1,33,40,4.490194515306122
Random,2253,2.3835175037384038,11.99916648864746,247,1,33,40,4.490194515306122
Superpixel,1523,-0.3307707011699676,11.57615089416504,248,1,33,40,3.03531568877551
CAM,1523,-2.252068281173706,11.57615089416504,248,1,33,40,3.03531568877551
FAM,1523,-1.0716620683670044,11.57615089416504,248,1,33,40,3.03531568877551
Random,1523,-0.3458210825920105,11.57615089416504,248,1,33,40,3.03531568877551
Superpixel,2955,0.7442120909690857,14.28640842437744,249,1,25,40,5.889269770408164
CAM,2955,-1.1466108560562134,14.28640842437744,249,1,25,40,5.889269770408164
FAM,2955,-1.1164817810058594,14.28640842437744,249,1,25,40,5.889269770408164
Random,2955,-0.6848746538162231,14.28640842437744,249,1,25,40,5.889269770408164
Superpixel,1946,-0.5721292495727539,8.568169593811035,250,1,34,40,3.8783482142857135
CAM,1946,-2.522775173187256,8.568169593811035,250,1,34,40,3.8783482142857135
FAM,1946,-0.8898504376411438,8.568169593811035,250,1,34,40,3.8783482142857135
Random,1946,-1.80084490776062,8.568169593811035,250,1,34,40,3.8783482142857135
Superpixel,2247,-0.1707136929035186,7.943912029266357,251,1,35,40,4.478236607142857
CAM,2247,-1.4773913621902466,7.943912029266357,251,1,35,40,4.478236607142857
FAM,2247,-2.384939670562744,7.943912029266357,251,1,35,40,4.478236607142857
Random,2247,-2.338602304458618,7.943912029266357,251,1,35,40,4.478236607142857
Superpixel,1860,2.6599671840667725,12.735684394836426,252,1,34,40,3.706951530612245
CAM,1860,1.6164101362228394,12.735684394836426,252,1,34,40,3.706951530612245
FAM,1860,0.8234785199165344,12.735684394836426,252,1,34,40,3.706951530612245
Random,1860,3.2269694805145264,12.735684394836426,252,1,34,40,3.706951530612245
Superpixel,1988,-1.327724814414978,8.80982494354248,253,1,34,40,3.962053571428571
CAM,1988,-3.4681007862091064,8.80982494354248,253,1,34,40,3.962053571428571
FAM,1988,-3.6034109592437744,8.80982494354248,253,1,34,40,3.962053571428571
Random,1988,-2.9662413597106934,8.80982494354248,253,1,34,40,3.962053571428571
Superpixel,963,-0.6825360655784607,9.8247652053833,254,1,35,40,1.9192442602040816
CAM,963,-2.6655681133270264,9.8247652053833,254,1,35,40,1.9192442602040816
FAM,963,-1.6412503719329834,9.8247652053833,254,1,35,40,1.9192442602040816
Random,963,-1.5778061151504517,9.8247652053833,254,1,35,40,1.9192442602040816
Superpixel,2063,-0.6643867492675781,10.662772178649902,255,1,33,40,4.111527423469387
CAM,2063,-2.4814255237579346,10.662772178649902,255,1,33,40,4.111527423469387
FAM,2063,-1.5354918241500854,10.662772178649902,255,1,33,40,4.111527423469387
Random,2063,-1.990851640701294,10.662772178649902,255,1,33,40,4.111527423469387
Superpixel,1083,-0.2200533002614975,15.382043838500977,256,1,32,40,2.158402423469388
CAM,1083,-2.8060555458068848,15.382043838500977,256,1,32,40,2.158402423469388
FAM,1083,-2.063054323196411,15.382043838500977,256,1,32,40,2.158402423469388
Random,1083,-1.6562093496322632,15.382043838500977,256,1,32,40,2.158402423469388
Superpixel,1338,-0.8610911965370178,10.048593521118164,257,1,29,40,2.666613520408164
CAM,1338,-2.7500555515289307,10.048593521118164,257,1,29,40,2.666613520408164
FAM,1338,-1.5366482734680176,10.048593521118164,257,1,29,40,2.666613520408164
Random,1338,-2.886272668838501,10.048593521118164,257,1,29,40,2.666613520408164
Superpixel,1997,-1.0730828046798706,9.058530807495115,258,1,35,40,3.9799904336734695
CAM,1997,-1.9210151433944704,9.058530807495115,258,1,35,40,3.9799904336734695
FAM,1997,-1.7169303894042969,9.058530807495115,258,1,35,40,3.9799904336734695
Random,1997,-2.345438003540039,9.058530807495115,258,1,35,40,3.9799904336734695
Superpixel,2522,0.4704202711582184,11.10348129272461,259,1,33,40,5.026307397959184
CAM,2522,-1.6490401029586792,11.10348129272461,259,1,33,40,5.026307397959184
FAM,2522,-2.699293613433838,11.10348129272461,259,1,33,40,5.026307397959184
Random,2522,-2.289828300476074,11.10348129272461,259,1,33,40,5.026307397959184
Superpixel,1239,-1.2530370950698853,7.782178401947021,260,1,35,40,2.4693080357142856
CAM,1239,-2.4337925910949707,7.782178401947021,260,1,35,40,2.4693080357142856
FAM,1239,-2.5788652896881104,7.782178401947021,260,1,35,40,2.4693080357142856
Random,1239,-2.681187152862549,7.782178401947021,260,1,35,40,2.4693080357142856
Superpixel,1045,2.373337745666504,10.589920997619627,261,1,34,40,2.0826690051020407
CAM,1045,1.6245030164718628,10.589920997619627,261,1,34,40,2.0826690051020407
FAM,1045,2.7835803031921387,10.589920997619627,261,1,34,40,2.0826690051020407
Random,1045,1.7421952486038208,10.589920997619627,261,1,34,40,2.0826690051020407
Superpixel,1238,2.4938454627990723,10.4232177734375,262,1,35,40,2.467315051020408
CAM,1238,1.07321298122406,10.4232177734375,262,1,35,40,2.467315051020408
FAM,1238,1.0888450145721436,10.4232177734375,262,1,35,40,2.467315051020408
Random,1238,3.257410764694214,10.4232177734375,262,1,35,40,2.467315051020408
Superpixel,1466,-1.153395175933838,12.715682983398438,263,1,33,40,2.92171556122449
CAM,1466,-1.8541407585144043,12.715682983398438,263,1,33,40,2.92171556122449
FAM,1466,-4.078493595123291,12.715682983398438,263,1,33,40,2.92171556122449
Random,1466,-1.6930330991744995,12.715682983398438,263,1,33,40,2.92171556122449
Superpixel,880,2.9486658573150635,8.014638900756836,264,1,33,40,1.7538265306122447
CAM,880,1.5906556844711304,8.014638900756836,264,1,33,40,1.7538265306122447
FAM,880,0.8605250716209412,8.014638900756836,264,1,33,40,1.7538265306122447
Random,880,2.067854881286621,8.014638900756836,264,1,33,40,1.7538265306122447
Superpixel,2360,1.422026753425598,16.590599060058594,265,1,30,40,4.70344387755102
CAM,2360,-1.9107296466827397,16.590599060058594,265,1,30,40,4.70344387755102
FAM,2360,-0.8282945156097412,16.590599060058594,265,1,30,40,4.70344387755102
Random,2360,-0.8129349946975708,16.590599060058594,265,1,30,40,4.70344387755102
Superpixel,1332,-1.0450595617294312,11.956788063049316,266,1,36,40,2.654655612244898
CAM,1332,-2.428915500640869,11.956788063049316,266,1,36,40,2.654655612244898
FAM,1332,-1.401843547821045,11.956788063049316,266,1,36,40,2.654655612244898
Random,1332,-1.550540566444397,11.956788063049316,266,1,36,40,2.654655612244898
Superpixel,1303,5.003885746002197,13.110607147216797,267,1,36,40,2.596859056122449
CAM,1303,2.2008793354034424,13.110607147216797,267,1,36,40,2.596859056122449
FAM,1303,1.4476377964019775,13.110607147216797,267,1,36,40,2.596859056122449
Random,1303,1.882730722427368,13.110607147216797,267,1,36,40,2.596859056122449
Superpixel,1708,0.636203944683075,10.649499893188477,268,1,35,40,3.4040178571428568
CAM,1708,0.6675498485565186,10.649499893188477,268,1,35,40,3.4040178571428568
FAM,1708,-0.7031234502792358,10.649499893188477,268,1,35,40,3.4040178571428568
Random,1708,-1.2494165897369385,10.649499893188477,268,1,35,40,3.4040178571428568
Superpixel,1617,1.8745747804641724,11.300662994384766,269,1,32,40,3.22265625
CAM,1617,-2.1085355281829834,11.300662994384766,269,1,32,40,3.22265625
FAM,1617,0.1469861268997192,11.300662994384766,269,1,32,40,3.22265625
Random,1617,0.3285885751247406,11.300662994384766,269,1,32,40,3.22265625
Superpixel,1166,-0.1041286215186119,13.387718200683594,270,1,34,40,2.3238201530612246
CAM,1166,-3.262620210647583,13.387718200683594,270,1,34,40,2.3238201530612246
FAM,1166,-1.6134613752365112,13.387718200683594,270,1,34,40,2.3238201530612246
Random,1166,-1.2997205257415771,13.387718200683594,270,1,34,40,2.3238201530612246
Superpixel,1291,0.5014699697494507,8.00174331665039,271,1,35,40,2.572943239795918
CAM,1291,-0.3024921417236328,8.00174331665039,271,1,35,40,2.572943239795918
FAM,1291,0.0131380017846822,8.00174331665039,271,1,35,40,2.572943239795918
Random,1291,0.1683582067489624,8.00174331665039,271,1,35,40,2.572943239795918
Superpixel,1770,0.0541328266263008,10.862751960754396,272,1,30,40,3.5275829081632653
CAM,1770,-1.7220274209976196,10.862751960754396,272,1,30,40,3.5275829081632653
FAM,1770,-1.625097393989563,10.862751960754396,272,1,30,40,3.5275829081632653
Random,1770,-1.2204207181930542,10.862751960754396,272,1,30,40,3.5275829081632653
Superpixel,1998,1.006340742111206,12.18566608428955,273,1,35,40,3.981983418367347
CAM,1998,-0.5720296502113342,12.18566608428955,273,1,35,40,3.981983418367347
FAM,1998,-0.6272911429405212,12.18566608428955,273,1,35,40,3.981983418367347
Random,1998,-0.7679175734519958,12.18566608428955,273,1,35,40,3.981983418367347
Superpixel,930,0.747489869594574,16.64673614501953,274,1,32,40,1.8534757653061225
CAM,930,0.3158802390098572,16.64673614501953,274,1,32,40,1.8534757653061225
FAM,930,-1.0330275297164917,16.64673614501953,274,1,32,40,1.8534757653061225
Random,930,-0.9200714230537416,16.64673614501953,274,1,32,40,1.8534757653061225
Superpixel,2524,0.97235769033432,15.19886589050293,275,1,33,40,5.030293367346939
CAM,2524,-0.0301508456468582,15.19886589050293,275,1,33,40,5.030293367346939
FAM,2524,0.0702051371335983,15.19886589050293,275,1,33,40,5.030293367346939
Random,2524,0.1427334994077682,15.19886589050293,275,1,33,40,5.030293367346939
Superpixel,736,0.8531731963157654,13.627459526062012,276,1,33,40,1.4668367346938775
CAM,736,-1.5269932746887207,13.627459526062012,276,1,33,40,1.4668367346938775
FAM,736,-1.2721179723739624,13.627459526062012,276,1,33,40,1.4668367346938775
Random,736,-0.9705269932746888,13.627459526062012,276,1,33,40,1.4668367346938775
Superpixel,2441,2.278915882110596,10.346400260925291,277,1,33,40,4.864875637755102
CAM,2441,0.4256693720817566,10.346400260925291,277,1,33,40,4.864875637755102
FAM,2441,2.9438185691833496,10.346400260925291,277,1,33,40,4.864875637755102
Random,2441,-1.6708297729492188,10.346400260925291,277,1,33,40,4.864875637755102
Superpixel,733,1.628523826599121,11.518095016479492,278,1,33,40,1.460857780612245
CAM,733,0.0679468363523483,11.518095016479492,278,1,33,40,1.460857780612245
FAM,733,0.6028994917869568,11.518095016479492,278,1,33,40,1.460857780612245
Random,733,-1.0910086631774902,11.518095016479492,278,1,33,40,1.460857780612245
Superpixel,2675,0.474769115447998,9.506635665893556,279,1,32,40,5.331234056122449
CAM,2675,-0.2153148204088211,9.506635665893556,279,1,32,40,5.331234056122449
FAM,2675,-0.863978922367096,9.506635665893556,279,1,32,40,5.331234056122449
Random,2675,-0.7327466011047363,9.506635665893556,279,1,32,40,5.331234056122449
Superpixel,1663,0.577893853187561,9.351788520812988,280,1,29,40,3.314333545918368
CAM,1663,-0.8481534123420715,9.351788520812988,280,1,29,40,3.314333545918368
FAM,1663,-0.2089807540178299,9.351788520812988,280,1,29,40,3.314333545918368
Random,1663,-0.9968798756599426,9.351788520812988,280,1,29,40,3.314333545918368
Superpixel,771,3.9706006050109854,15.694868087768556,281,1,35,40,1.5365911989795915
CAM,771,-0.4577656388282776,15.694868087768556,281,1,35,40,1.5365911989795915
FAM,771,0.4920119643211365,15.694868087768556,281,1,35,40,1.5365911989795915
Random,771,-1.1013368368148804,15.694868087768556,281,1,35,40,1.5365911989795915
Superpixel,1217,3.5711774826049805,13.979659080505373,282,1,34,40,2.42546237244898
CAM,1217,-0.1883410960435867,13.979659080505373,282,1,34,40,2.42546237244898
FAM,1217,0.8672351241111755,13.979659080505373,282,1,34,40,2.42546237244898
Random,1217,-0.896253764629364,13.979659080505373,282,1,34,40,2.42546237244898
Superpixel,2459,1.3353253602981567,13.835700035095217,283,1,30,40,4.900749362244898
CAM,2459,-0.871109664440155,13.835700035095217,283,1,30,40,4.900749362244898
FAM,2459,2.587148904800415,13.835700035095217,283,1,30,40,4.900749362244898
Random,2459,0.9371495842933656,13.835700035095217,283,1,30,40,4.900749362244898
Superpixel,744,0.819527268409729,9.070479393005373,284,1,36,40,1.482780612244898
CAM,744,-0.1194083392620086,9.070479393005373,284,1,36,40,1.482780612244898
FAM,744,-0.6610263586044312,9.070479393005373,284,1,36,40,1.482780612244898
Random,744,-0.7698819637298584,9.070479393005373,284,1,36,40,1.482780612244898
Superpixel,2846,2.8306877613067627,11.145997047424316,285,1,32,40,5.67203443877551
CAM,2846,-0.7579745650291443,11.145997047424316,285,1,32,40,5.67203443877551
FAM,2846,0.7600865960121155,11.145997047424316,285,1,32,40,5.67203443877551
Random,2846,0.0465101450681686,11.145997047424316,285,1,32,40,5.67203443877551
Superpixel,1937,0.2797592878341675,12.168622970581056,286,1,33,40,3.860411352040817
CAM,1937,-0.3558743596076965,12.168622970581056,286,1,33,40,3.860411352040817
FAM,1937,-0.2621700167655945,12.168622970581056,286,1,33,40,3.860411352040817
Random,1937,-0.9743614792823792,12.168622970581056,286,1,33,40,3.860411352040817
Superpixel,2046,3.883036851882935,15.902518272399902,287,1,33,40,4.0776466836734695
CAM,2046,-0.5736860632896423,15.902518272399902,287,1,33,40,4.0776466836734695
FAM,2046,0.2660288214683532,15.902518272399902,287,1,33,40,4.0776466836734695
Random,2046,-0.1264522820711136,15.902518272399902,287,1,33,40,4.0776466836734695
Superpixel,3282,2.662623882293701,14.044625282287598,288,1,32,40,6.540975765306123
CAM,3282,0.8012239336967468,14.044625282287598,288,1,32,40,6.540975765306123
FAM,3282,0.7110039591789246,14.044625282287598,288,1,32,40,6.540975765306123
Random,3282,-0.377855122089386,14.044625282287598,288,1,32,40,6.540975765306123
Superpixel,3112,3.091165781021118,11.880253791809082,289,1,28,40,6.202168367346939
CAM,3112,-1.12068772315979,11.880253791809082,289,1,28,40,6.202168367346939
FAM,3112,1.6750973463058472,11.880253791809082,289,1,28,40,6.202168367346939
Random,3112,0.0778571218252182,11.880253791809082,289,1,28,40,6.202168367346939
Superpixel,2084,5.251425266265869,14.989495277404783,290,1,32,40,4.153380102040816
CAM,2084,-0.283796489238739,14.989495277404783,290,1,32,40,4.153380102040816
FAM,2084,2.138150930404663,14.989495277404783,290,1,32,40,4.153380102040816
Random,2084,-0.9887015223503112,14.989495277404783,290,1,32,40,4.153380102040816
Superpixel,2603,4.57546854019165,17.239116668701172,291,1,31,40,5.187739158163265
CAM,2603,-0.9915409684181212,17.239116668701172,291,1,31,40,5.187739158163265
FAM,2603,0.159956619143486,17.239116668701172,291,1,31,40,5.187739158163265
Random,2603,-1.175369143486023,17.239116668701172,291,1,31,40,5.187739158163265
Superpixel,2202,0.5896500945091248,12.583741188049316,292,1,35,40,4.388552295918367
CAM,2202,0.5594931244850159,12.583741188049316,292,1,35,40,4.388552295918367
FAM,2202,1.528210997581482,12.583741188049316,292,1,35,40,4.388552295918367
Random,2202,-0.8634710907936096,12.583741188049316,292,1,35,40,4.388552295918367
Superpixel,1493,4.838062286376953,14.344529151916504,293,1,29,40,2.9755261479591835
CAM,1493,-0.2180517464876175,14.344529151916504,293,1,29,40,2.9755261479591835
FAM,1493,0.9601313471794128,14.344529151916504,293,1,29,40,2.9755261479591835
Random,1493,-1.1921261548995972,14.344529151916504,293,1,29,40,2.9755261479591835
Superpixel,1247,5.628236293792725,9.774456977844238,294,1,31,40,2.4852519132653064
CAM,1247,-0.3442540764808655,9.774456977844238,294,1,31,40,2.4852519132653064
FAM,1247,0.1875884979963302,9.774456977844238,294,1,31,40,2.4852519132653064
Random,1247,-1.2328392267227173,9.774456977844238,294,1,31,40,2.4852519132653064
Superpixel,755,4.445287704467773,15.452606201171877,295,1,35,40,1.504703443877551
CAM,755,-0.2220483571290969,15.452606201171877,295,1,35,40,1.504703443877551
FAM,755,0.8974245190620422,15.452606201171877,295,1,35,40,1.504703443877551
Random,755,-0.8306636810302734,15.452606201171877,295,1,35,40,1.504703443877551
Superpixel,2730,6.004640579223633,13.88781452178955,296,1,29,40,5.440848214285714
CAM,2730,0.0816858261823654,13.88781452178955,296,1,29,40,5.440848214285714
FAM,2730,2.533461332321167,13.88781452178955,296,1,29,40,5.440848214285714
Random,2730,-0.6760191321372986,13.88781452178955,296,1,29,40,5.440848214285714
Superpixel,2035,7.059517860412598,16.863059997558594,297,1,31,40,4.055723852040816
CAM,2035,0.1139502972364425,16.863059997558594,297,1,31,40,4.055723852040816
FAM,2035,-1.3302998542785645,16.863059997558594,297,1,31,40,4.055723852040816
Random,2035,-1.2841249704360962,16.863059997558594,297,1,31,40,4.055723852040816
Superpixel,790,2.401880979537964,14.96630573272705,298,1,34,40,1.5744579081632653
CAM,790,0.3169637322425842,14.96630573272705,298,1,34,40,1.5744579081632653
FAM,790,0.6773226857185364,14.96630573272705,298,1,34,40,1.5744579081632653
Random,790,-1.4646780490875244,14.96630573272705,298,1,34,40,1.5744579081632653
Superpixel,1671,-0.3691734671592712,13.316693305969238,299,1,36,40,3.330277423469388
CAM,1671,-0.6870765089988708,13.316693305969238,299,1,36,40,3.330277423469388
FAM,1671,-1.019127368927002,13.316693305969238,299,1,36,40,3.330277423469388
Random,1671,-2.124029397964477,13.316693305969238,299,1,36,40,3.330277423469388
Superpixel,1689,0.3573052883148193,11.20712184906006,300,1,36,40,3.3661511479591835
CAM,1689,-0.6405913233757019,11.20712184906006,300,1,36,40,3.3661511479591835
FAM,1689,0.1034434959292411,11.20712184906006,300,1,36,40,3.3661511479591835
Random,1689,-0.3310869336128235,11.20712184906006,300,1,36,40,3.3661511479591835
Superpixel,1607,0.8338161110877991,15.920042991638184,301,1,33,40,3.202726403061224
CAM,1607,-0.5778306722640991,15.920042991638184,301,1,33,40,3.202726403061224
FAM,1607,-1.215019702911377,15.920042991638184,301,1,33,40,3.202726403061224
Random,1607,-1.6986095905303955,15.920042991638184,301,1,33,40,3.202726403061224
Superpixel,2723,-0.5990051031112671,12.91293239593506,302,1,32,40,5.426897321428571
CAM,2723,-1.963561773300171,12.91293239593506,302,1,32,40,5.426897321428571
FAM,2723,-1.5749197006225586,12.91293239593506,302,1,32,40,5.426897321428571
Random,2723,-2.3667495250701904,12.91293239593506,302,1,32,40,5.426897321428571
Superpixel,1629,-0.4427720308303833,8.65047550201416,303,1,36,40,3.2465720663265305
CAM,1629,-1.7320526838302612,8.65047550201416,303,1,36,40,3.2465720663265305
FAM,1629,-2.236280679702759,8.65047550201416,303,1,36,40,3.2465720663265305
Random,1629,-2.3661699295043945,8.65047550201416,303,1,36,40,3.2465720663265305
Superpixel,824,-0.5389919281005859,7.639223575592041,304,1,36,40,1.642219387755102
CAM,824,-0.811908483505249,7.639223575592041,304,1,36,40,1.642219387755102
FAM,824,-1.1449053287506104,7.639223575592041,304,1,36,40,1.642219387755102
Random,824,-0.4607277810573578,7.639223575592041,304,1,36,40,1.642219387755102
Superpixel,2064,-0.6324897408485413,10.562777519226074,305,1,35,40,4.113520408163265
CAM,2064,-2.2901828289031982,10.562777519226074,305,1,35,40,4.113520408163265
FAM,2064,-0.9808171987533568,10.562777519226074,305,1,35,40,4.113520408163265
Random,2064,-1.3948144912719729,10.562777519226074,305,1,35,40,4.113520408163265
Superpixel,1379,-0.5031229257583618,12.521405220031738,306,1,34,40,2.748325892857143
CAM,1379,-0.7502943873405457,12.521405220031738,306,1,34,40,2.748325892857143
FAM,1379,-1.2341190576553345,12.521405220031738,306,1,34,40,2.748325892857143
Random,1379,-1.5788960456848145,12.521405220031738,306,1,34,40,2.748325892857143
Superpixel,1361,2.585214138031006,7.956989765167236,307,1,35,40,2.712452168367347
CAM,1361,1.3228260278701782,7.956989765167236,307,1,35,40,2.712452168367347
FAM,1361,1.1989960670471191,7.956989765167236,307,1,35,40,2.712452168367347
Random,1361,2.2257988452911377,7.956989765167236,307,1,35,40,2.712452168367347
Superpixel,1818,2.68697190284729,7.983482360839844,308,1,29,40,3.623246173469388
CAM,1818,1.251279354095459,7.983482360839844,308,1,29,40,3.623246173469388
FAM,1818,-0.1543543636798858,7.983482360839844,308,1,29,40,3.623246173469388
Random,1818,-0.2851577997207641,7.983482360839844,308,1,29,40,3.623246173469388
Superpixel,2067,-0.0510739795863628,13.487833976745604,309,1,32,40,4.119499362244898
CAM,2067,-0.95805686712265,13.487833976745604,309,1,32,40,4.119499362244898
FAM,2067,-1.94017493724823,13.487833976745604,309,1,32,40,4.119499362244898
Random,2067,-0.3264911770820617,13.487833976745604,309,1,32,40,4.119499362244898
Superpixel,1573,0.6896116733551025,11.885712623596191,310,1,33,40,3.134964923469388
CAM,1573,-0.6936470866203308,11.885712623596191,310,1,33,40,3.134964923469388
FAM,1573,-0.9719616174697876,11.885712623596191,310,1,33,40,3.134964923469388
Random,1573,-0.9515411257743835,11.885712623596191,310,1,33,40,3.134964923469388
Superpixel,1290,0.4802525043487549,9.580245018005373,311,1,35,40,2.5709502551020407
CAM,1290,-2.335521697998047,9.580245018005373,311,1,35,40,2.5709502551020407
FAM,1290,-2.9378740787506104,9.580245018005373,311,1,35,40,2.5709502551020407
Random,1290,-3.0809826850891118,9.580245018005373,311,1,35,40,2.5709502551020407
Superpixel,745,-0.0851323083043098,15.623077392578123,312,1,34,40,1.4847735969387754
CAM,745,-0.8521186709403992,15.623077392578123,312,1,34,40,1.4847735969387754
FAM,745,-0.871677041053772,15.623077392578123,312,1,34,40,1.4847735969387754
Random,745,-2.075547933578491,15.623077392578123,312,1,34,40,1.4847735969387754
Superpixel,4159,2.283914089202881,10.70521068572998,313,1,32,40,8.288823341836734
CAM,4159,-0.9143719673156738,10.70521068572998,313,1,32,40,8.288823341836734
FAM,4159,-1.5166743993759155,10.70521068572998,313,1,32,40,8.288823341836734
Random,4159,-1.1033295392990112,10.70521068572998,313,1,32,40,8.288823341836734
Superpixel,842,-0.971141278743744,8.181416511535645,314,1,35,40,1.678093112244898
CAM,842,-1.009982705116272,8.181416511535645,314,1,35,40,1.678093112244898
FAM,842,-0.9193347692489624,8.181416511535645,314,1,35,40,1.678093112244898
Random,842,-1.525770902633667,8.181416511535645,314,1,35,40,1.678093112244898
Superpixel,1235,-0.3114905953407287,16.103334426879883,315,1,31,40,2.4613360969387754
CAM,1235,-1.112390637397766,16.103334426879883,315,1,31,40,2.4613360969387754
FAM,1235,-0.7307285070419312,16.103334426879883,315,1,31,40,2.4613360969387754
Random,1235,-0.9118192791938782,16.103334426879883,315,1,31,40,2.4613360969387754
Superpixel,1208,0.1428608745336532,11.279531478881836,316,1,34,40,2.407525510204082
CAM,1208,-1.689389944076538,11.279531478881836,316,1,34,40,2.407525510204082
FAM,1208,-1.2181440591812134,11.279531478881836,316,1,34,40,2.407525510204082
Random,1208,-1.11491596698761,11.279531478881836,316,1,34,40,2.407525510204082
Superpixel,1518,-0.766024112701416,12.5090913772583,317,1,34,40,3.0253507653061225
CAM,1518,-1.8314555883407595,12.5090913772583,317,1,34,40,3.0253507653061225
FAM,1518,-0.8805527687072754,12.5090913772583,317,1,34,40,3.0253507653061225
Random,1518,-1.7373945713043213,12.5090913772583,317,1,34,40,3.0253507653061225
Superpixel,2322,0.0499792583286762,8.307381629943848,318,1,31,40,4.627710459183673
CAM,2322,-0.9561018347740172,8.307381629943848,318,1,31,40,4.627710459183673
FAM,2322,-1.617542028427124,8.307381629943848,318,1,31,40,4.627710459183673
Random,2322,-0.8075522184371948,8.307381629943848,318,1,31,40,4.627710459183673
Superpixel,3135,-0.4108815491199493,16.697917938232422,319,1,32,40,6.248007015306122
CAM,3135,-0.0336322449147701,16.697917938232422,319,1,32,40,6.248007015306122
FAM,3135,-1.831204414367676,16.697917938232422,319,1,32,40,6.248007015306122
Random,3135,-1.2958701848983765,16.697917938232422,319,1,32,40,6.248007015306122
Superpixel,1368,0.4736733436584472,12.64309787750244,320,1,31,40,2.72640306122449
CAM,1368,-0.9926925897598268,12.64309787750244,320,1,31,40,2.72640306122449
FAM,1368,-1.2254095077514648,12.64309787750244,320,1,31,40,2.72640306122449
Random,1368,-1.0274502038955688,12.64309787750244,320,1,31,40,2.72640306122449
Superpixel,2854,1.8487868309021,13.365646362304688,321,1,32,40,5.6879783163265305
CAM,2854,-0.473351240158081,13.365646362304688,321,1,32,40,5.6879783163265305
FAM,2854,-1.762783765792847,13.365646362304688,321,1,32,40,5.6879783163265305
Random,2854,-1.096143126487732,13.365646362304688,321,1,32,40,5.6879783163265305
Superpixel,1664,-0.7181621193885803,15.43865203857422,322,1,33,40,3.316326530612245
CAM,1664,-1.3319098949432373,15.43865203857422,322,1,33,40,3.316326530612245
FAM,1664,-1.4787540435791016,15.43865203857422,322,1,33,40,3.316326530612245
Random,1664,-1.8796815872192385,15.43865203857422,322,1,33,40,3.316326530612245
Superpixel,2342,0.2181459814310073,12.263620376586914,323,1,32,40,4.667570153061225
CAM,2342,-1.435638189315796,12.263620376586914,323,1,32,40,4.667570153061225
FAM,2342,-1.2399189472198486,12.263620376586914,323,1,32,40,4.667570153061225
Random,2342,-1.1720365285873413,12.263620376586914,323,1,32,40,4.667570153061225
Superpixel,1041,-0.0044469339773058,9.488368034362791,324,1,36,40,2.0746970663265305
CAM,1041,-0.8961181640625,9.488368034362791,324,1,36,40,2.0746970663265305
FAM,1041,-1.0040147304534912,9.488368034362791,324,1,36,40,2.0746970663265305
Random,1041,-0.9203338623046876,9.488368034362791,324,1,36,40,2.0746970663265305
Superpixel,1453,-1.0853815078735352,13.348353385925291,325,1,30,40,2.895806760204082
CAM,1453,-2.024773120880127,13.348353385925291,325,1,30,40,2.895806760204082
FAM,1453,-1.1733564138412476,13.348353385925291,325,1,30,40,2.895806760204082
Random,1453,-2.533322811126709,13.348353385925291,325,1,30,40,2.895806760204082
Superpixel,1864,-0.6886837482452393,10.921833038330078,326,1,36,40,3.714923469387755
CAM,1864,-1.6969718933105469,10.921833038330078,326,1,36,40,3.714923469387755
FAM,1864,-1.1139490604400637,10.921833038330078,326,1,36,40,3.714923469387755
Random,1864,-1.223310470581055,10.921833038330078,326,1,36,40,3.714923469387755
Superpixel,1966,0.0561541207134723,15.813647270202637,327,1,32,40,3.918207908163265
CAM,1966,-0.7758861184120178,15.813647270202637,327,1,32,40,3.918207908163265
FAM,1966,-1.018465280532837,15.813647270202637,327,1,32,40,3.918207908163265
Random,1966,-1.7540953159332275,15.813647270202637,327,1,32,40,3.918207908163265
Superpixel,2311,-0.6889846324920654,10.02759075164795,328,1,36,40,4.60578762755102
CAM,2311,-1.686803936958313,10.02759075164795,328,1,36,40,4.60578762755102
FAM,2311,-2.1610896587371826,10.02759075164795,328,1,36,40,4.60578762755102
Random,2311,-1.6958547830581665,10.02759075164795,328,1,36,40,4.60578762755102
Superpixel,801,4.4492363929748535,14.073040008544922,329,1,34,40,1.5963807397959182
CAM,801,1.1094707250595093,14.073040008544922,329,1,34,40,1.5963807397959182
FAM,801,0.4977699220180511,14.073040008544922,329,1,34,40,1.5963807397959182
Random,801,1.1642564535140991,14.073040008544922,329,1,34,40,1.5963807397959182
Superpixel,1281,2.5890939235687256,12.550060272216797,330,1,34,40,2.553013392857143
CAM,1281,1.6169883012771606,12.550060272216797,330,1,34,40,2.553013392857143
FAM,1281,1.6235812902450562,12.550060272216797,330,1,34,40,2.553013392857143
Random,1281,1.5104833841323853,12.550060272216797,330,1,34,40,2.553013392857143
Superpixel,735,5.6376237869262695,13.943770408630373,331,1,34,40,1.46484375
CAM,735,0.7620121836662292,13.943770408630373,331,1,34,40,1.46484375
FAM,735,0.6742163300514221,13.943770408630373,331,1,34,40,1.46484375
Random,735,0.8716476559638977,13.943770408630373,331,1,34,40,1.46484375
Superpixel,1615,4.895369529724121,13.27929973602295,332,1,34,40,3.218670280612245
CAM,1615,3.83961033821106,13.27929973602295,332,1,34,40,3.218670280612245
FAM,1615,0.7404401898384094,13.27929973602295,332,1,34,40,3.218670280612245
Random,1615,1.0831853151321411,13.27929973602295,332,1,34,40,3.218670280612245
Superpixel,732,2.56534743309021,15.010395050048828,333,1,33,40,1.4588647959183674
CAM,732,0.4996509253978729,15.010395050048828,333,1,33,40,1.4588647959183674
FAM,732,0.4593556225299835,15.010395050048828,333,1,33,40,1.4588647959183674
Random,732,1.3387768268585205,15.010395050048828,333,1,33,40,1.4588647959183674
Superpixel,1088,1.5140399932861328,12.984274864196776,334,1,34,40,2.1683673469387754
CAM,1088,1.718869686126709,12.984274864196776,334,1,34,40,2.1683673469387754
FAM,1088,-0.1934997588396072,12.984274864196776,334,1,34,40,2.1683673469387754
Random,1088,-0.1217074915766716,12.984274864196776,334,1,34,40,2.1683673469387754
Superpixel,703,1.5961015224456787,10.79786777496338,335,1,34,40,1.4010682397959182
CAM,703,-0.0705207958817482,10.79786777496338,335,1,34,40,1.4010682397959182
FAM,703,-0.781644344329834,10.79786777496338,335,1,34,40,1.4010682397959182
Random,703,-1.12613046169281,10.79786777496338,335,1,34,40,1.4010682397959182
Superpixel,1384,6.687677383422852,13.823429107666016,336,1,32,40,2.7582908163265305
CAM,1384,2.108630657196045,13.823429107666016,336,1,32,40,2.7582908163265305
FAM,1384,2.0406954288482666,13.823429107666016,336,1,32,40,2.7582908163265305
Random,1384,0.9042806625366212,13.823429107666016,336,1,32,40,2.7582908163265305
Superpixel,1659,5.2403059005737305,13.756704330444336,337,1,32,40,3.3063616071428568
CAM,1659,0.9945099353790284,13.756704330444336,337,1,32,40,3.3063616071428568
FAM,1659,0.7251479625701904,13.756704330444336,337,1,32,40,3.3063616071428568
Random,1659,0.7726127505302429,13.756704330444336,337,1,32,40,3.3063616071428568
Superpixel,1553,3.0445070266723637,15.13203239440918,338,1,32,40,3.0951052295918364
CAM,1553,4.993926525115967,15.13203239440918,338,1,32,40,3.0951052295918364
FAM,1553,0.3120025992393493,15.13203239440918,338,1,32,40,3.0951052295918364
Random,1553,0.1148282811045646,15.13203239440918,338,1,32,40,3.0951052295918364
Superpixel,1601,3.811663866043091,11.01680850982666,339,1,32,40,3.1907684948979598
CAM,1601,3.1009364128112797,11.01680850982666,339,1,32,40,3.1907684948979598
FAM,1601,0.1247954741120338,11.01680850982666,339,1,32,40,3.1907684948979598
Random,1601,1.0072160959243774,11.01680850982666,339,1,32,40,3.1907684948979598
Superpixel,1023,9.317468643188477,15.919769287109377,340,1,32,40,2.0388233418367347
CAM,1023,6.565036773681641,15.919769287109377,340,1,32,40,2.0388233418367347
FAM,1023,0.8998923301696777,15.919769287109377,340,1,32,40,2.0388233418367347
Random,1023,1.2299975156784058,15.919769287109377,340,1,32,40,2.0388233418367347
Superpixel,862,5.448382377624512,16.254274368286133,341,1,30,40,1.717952806122449
CAM,862,1.0717051029205322,16.254274368286133,341,1,30,40,1.717952806122449
FAM,862,0.9402891993522644,16.254274368286133,341,1,30,40,1.717952806122449
Random,862,0.639053225517273,16.254274368286133,341,1,30,40,1.717952806122449
Superpixel,1120,5.122261047363281,14.408669471740724,342,1,35,40,2.232142857142857
CAM,1120,0.8006018996238708,14.408669471740724,342,1,35,40,2.232142857142857
FAM,1120,-0.1106685400009155,14.408669471740724,342,1,35,40,2.232142857142857
Random,1120,1.3716193437576294,14.408669471740724,342,1,35,40,2.232142857142857
Superpixel,1182,9.00839900970459,12.208805084228516,343,1,33,40,2.3557079081632653
CAM,1182,4.308732986450195,12.208805084228516,343,1,33,40,2.3557079081632653
FAM,1182,0.3451199233531952,12.208805084228516,343,1,33,40,2.3557079081632653
Random,1182,0.7106109857559204,12.208805084228516,343,1,33,40,2.3557079081632653
Superpixel,2328,8.490310668945312,13.76335906982422,344,1,31,40,4.639668367346939
CAM,2328,1.8281651735305784,13.76335906982422,344,1,31,40,4.639668367346939
FAM,2328,0.3315583169460296,13.76335906982422,344,1,31,40,4.639668367346939
Random,2328,0.6400191187858582,13.76335906982422,344,1,31,40,4.639668367346939
Superpixel,1813,4.789451122283936,13.20321273803711,345,1,30,40,3.61328125
CAM,1813,1.8912572860717771,13.20321273803711,345,1,30,40,3.61328125
FAM,1813,1.051010012626648,13.20321273803711,345,1,30,40,3.61328125
Random,1813,0.811309814453125,13.20321273803711,345,1,30,40,3.61328125
Superpixel,2243,3.5727038383483887,16.150007247924805,346,1,34,40,4.470264668367348
CAM,2243,2.64866042137146,16.150007247924805,346,1,34,40,4.470264668367348
FAM,2243,0.9622980952262878,16.150007247924805,346,1,34,40,4.470264668367348
Random,2243,1.2051949501037598,16.150007247924805,346,1,34,40,4.470264668367348
Superpixel,2354,4.018342971801758,12.391377449035645,347,1,31,40,4.691485969387755
CAM,2354,3.9391629695892334,12.391377449035645,347,1,31,40,4.691485969387755
FAM,2354,0.6226319074630737,12.391377449035645,347,1,31,40,4.691485969387755
Random,2354,1.274850845336914,12.391377449035645,347,1,31,40,4.691485969387755
Superpixel,957,1.6700102090835571,10.273602485656738,348,1,30,40,1.9072863520408163
CAM,957,3.0792441368103027,10.273602485656738,348,1,30,40,1.9072863520408163
FAM,957,-0.8028405904769897,10.273602485656738,348,1,30,40,1.9072863520408163
Random,957,-0.1853414475917816,10.273602485656738,348,1,30,40,1.9072863520408163
Superpixel,1119,3.6952970027923584,10.695701599121094,349,1,27,40,2.23014987244898
CAM,1119,1.190224051475525,10.695701599121094,349,1,27,40,2.23014987244898
FAM,1119,1.5970865488052368,10.695701599121094,349,1,27,40,2.23014987244898
Random,1119,1.3086732625961304,10.695701599121094,349,1,27,40,2.23014987244898
Superpixel,4909,4.537710666656494,13.8681640625,350,1,28,40,9.783561862244898
CAM,4909,3.04030179977417,13.8681640625,350,1,28,40,9.783561862244898
FAM,4909,0.0775087550282478,13.8681640625,350,1,28,40,9.783561862244898
Random,4909,2.622248411178589,13.8681640625,350,1,28,40,9.783561862244898
Superpixel,1199,3.670520544052124,11.2779541015625,351,1,33,40,2.3895886479591835
CAM,1199,4.606808662414551,11.2779541015625,351,1,33,40,2.3895886479591835
FAM,1199,-0.020513704046607,11.2779541015625,351,1,33,40,2.3895886479591835
Random,1199,0.4253164231777191,11.2779541015625,351,1,33,40,2.3895886479591835
Superpixel,2463,5.979166030883789,8.580537796020508,352,1,27,40,4.908721301020408
CAM,2463,5.789441585540772,8.580537796020508,352,1,27,40,4.908721301020408
FAM,2463,0.5973101854324341,8.580537796020508,352,1,27,40,4.908721301020408
Random,2463,0.3408987820148468,8.580537796020508,352,1,27,40,4.908721301020408
Superpixel,1424,4.534900188446045,11.65229606628418,353,1,34,40,2.8380102040816326
CAM,1424,2.25079607963562,11.65229606628418,353,1,34,40,2.8380102040816326
FAM,1424,0.0544437989592552,11.65229606628418,353,1,34,40,2.8380102040816326
Random,1424,-0.2921955287456512,11.65229606628418,353,1,34,40,2.8380102040816326
Superpixel,822,4.103784084320068,12.064424514770508,354,1,31,40,1.638233418367347
CAM,822,0.6473156809806824,12.064424514770508,354,1,31,40,1.638233418367347
FAM,822,0.8514874577522278,12.064424514770508,354,1,31,40,1.638233418367347
Random,822,-0.0499881580471992,12.064424514770508,354,1,31,40,1.638233418367347
Superpixel,782,8.31437873840332,12.731801986694336,355,1,34,40,1.558514030612245
CAM,782,3.816053152084351,12.731801986694336,355,1,34,40,1.558514030612245
FAM,782,0.4197977483272552,12.731801986694336,355,1,34,40,1.558514030612245
Random,782,0.8982104659080505,12.731801986694336,355,1,34,40,1.558514030612245
Superpixel,1022,4.304679393768311,12.03252410888672,356,1,31,40,2.036830357142857
CAM,1022,1.626453518867493,12.03252410888672,356,1,31,40,2.036830357142857
FAM,1022,0.5865992903709412,12.03252410888672,356,1,31,40,2.036830357142857
Random,1022,1.1992130279541016,12.03252410888672,356,1,31,40,2.036830357142857
Superpixel,1040,5.481629371643066,11.188125610351562,357,1,33,40,2.072704081632653
CAM,1040,4.766441822052002,11.188125610351562,357,1,33,40,2.072704081632653
FAM,1040,0.536279559135437,11.188125610351562,357,1,33,40,2.072704081632653
Random,1040,2.030927896499634,11.188125610351562,357,1,33,40,2.072704081632653
Superpixel,1438,6.065361499786377,15.25149154663086,358,1,32,40,2.865911989795918
CAM,1438,5.392722129821777,15.25149154663086,358,1,32,40,2.865911989795918
FAM,1438,-0.0217155423015356,15.25149154663086,358,1,32,40,2.865911989795918
Random,1438,4.181158542633057,15.25149154663086,358,1,32,40,2.865911989795918
Superpixel,1439,1.7160698175430298,12.692386627197266,359,1,31,40,2.867904974489796
CAM,1439,0.8416342735290527,12.692386627197266,359,1,31,40,2.867904974489796
FAM,1439,-1.6362591981887815,12.692386627197266,359,1,31,40,2.867904974489796
Random,1439,0.1938942372798919,12.692386627197266,359,1,31,40,2.867904974489796
Superpixel,716,3.369426727294922,9.10841178894043,360,1,35,40,1.4269770408163265
CAM,716,0.998850166797638,9.10841178894043,360,1,35,40,1.4269770408163265
FAM,716,-0.0662346258759498,9.10841178894043,360,1,35,40,1.4269770408163265
Random,716,-0.0350406244397163,9.10841178894043,360,1,35,40,1.4269770408163265
Superpixel,1436,5.043162345886231,9.318045616149902,361,1,32,40,2.861926020408164
CAM,1436,6.5001654624938965,9.318045616149902,361,1,32,40,2.861926020408164
FAM,1436,0.2729982137680053,9.318045616149902,361,1,32,40,2.861926020408164
Random,1436,0.2773558795452118,9.318045616149902,361,1,32,40,2.861926020408164
Superpixel,1965,0.7541871070861816,8.096786499023438,362,1,35,40,3.916214923469388
CAM,1965,1.5616247653961182,8.096786499023438,362,1,35,40,3.916214923469388
FAM,1965,0.9317559003829956,8.096786499023438,362,1,35,40,3.916214923469388
Random,1965,-0.6347880959510803,8.096786499023438,362,1,35,40,3.916214923469388
Superpixel,1245,0.3159664571285248,15.25532341003418,363,1,35,40,2.481265943877551
CAM,1245,1.0891518592834473,15.25532341003418,363,1,35,40,2.481265943877551
FAM,1245,-1.145270824432373,15.25532341003418,363,1,35,40,2.481265943877551
Random,1245,-0.3351624011993408,15.25532341003418,363,1,35,40,2.481265943877551
Superpixel,870,2.519507646560669,13.018765449523926,364,1,34,40,1.7338966836734693
CAM,870,1.0351794958114624,13.018765449523926,364,1,34,40,1.7338966836734693
FAM,870,-0.2244560420513153,13.018765449523926,364,1,34,40,1.7338966836734693
Random,870,-0.4728493392467499,13.018765449523926,364,1,34,40,1.7338966836734693
Superpixel,1917,0.9611178040504456,10.416288375854492,365,1,35,40,3.820551658163265
CAM,1917,0.9204919338226318,10.416288375854492,365,1,35,40,3.820551658163265
FAM,1917,-1.3962883949279783,10.416288375854492,365,1,35,40,3.820551658163265
Random,1917,-0.150497555732727,10.416288375854492,365,1,35,40,3.820551658163265
Superpixel,1048,6.48668909072876,10.232054710388184,366,1,33,40,2.0886479591836737
CAM,1048,0.5705125331878662,10.232054710388184,366,1,33,40,2.0886479591836737
FAM,1048,-0.5562102198600769,10.232054710388184,366,1,33,40,2.0886479591836737
Random,1048,-0.6660259366035461,10.232054710388184,366,1,33,40,2.0886479591836737
Superpixel,846,2.770319700241089,13.314410209655762,367,1,35,40,1.6860650510204085
CAM,846,0.1382167041301727,13.314410209655762,367,1,35,40,1.6860650510204085
FAM,846,-0.3673871159553528,13.314410209655762,367,1,35,40,1.6860650510204085
Random,846,-0.7558608055114746,13.314410209655762,367,1,35,40,1.6860650510204085
Superpixel,2261,3.5163135528564453,11.276439666748049,368,1,29,40,4.506138392857143
CAM,2261,2.4323666095733643,11.276439666748049,368,1,29,40,4.506138392857143
FAM,2261,-0.044558085501194,11.276439666748049,368,1,29,40,4.506138392857143
Random,2261,-0.1944351494312286,11.276439666748049,368,1,29,40,4.506138392857143
Superpixel,804,4.653059482574463,13.268479347229004,369,1,32,40,1.602359693877551
CAM,804,-0.5160213112831116,13.268479347229004,369,1,32,40,1.602359693877551
FAM,804,-1.4037288427352903,13.268479347229004,369,1,32,40,1.602359693877551
Random,804,0.2952461540699005,13.268479347229004,369,1,32,40,1.602359693877551
Superpixel,786,0.8043103814125061,13.779359817504885,370,1,34,40,1.5664859693877553
CAM,786,-1.0457195043563845,13.779359817504885,370,1,34,40,1.5664859693877553
FAM,786,-0.6997547745704651,13.779359817504885,370,1,34,40,1.5664859693877553
Random,786,-0.278062492609024,13.779359817504885,370,1,34,40,1.5664859693877553
Superpixel,1198,0.8122180104255676,7.364414691925049,371,1,28,40,2.3875956632653064
CAM,1198,-1.2616934776306152,7.364414691925049,371,1,28,40,2.3875956632653064
FAM,1198,0.0181900765746831,7.364414691925049,371,1,28,40,2.3875956632653064
Random,1198,-0.5925468802452087,7.364414691925049,371,1,28,40,2.3875956632653064
Superpixel,1980,0.6545524001121521,12.759831428527832,372,1,32,40,3.946109693877551
CAM,1980,0.8116438388824463,12.759831428527832,372,1,32,40,3.946109693877551
FAM,1980,-0.3346799910068512,12.759831428527832,372,1,32,40,3.946109693877551
Random,1980,0.2509724199771881,12.759831428527832,372,1,32,40,3.946109693877551
Superpixel,1659,7.86846113204956,12.169473648071287,373,1,33,40,3.3063616071428568
CAM,1659,1.9734047651290891,12.169473648071287,373,1,33,40,3.3063616071428568
FAM,1659,-0.3419557809829712,12.169473648071287,373,1,33,40,3.3063616071428568
Random,1659,-0.9769143462181092,12.169473648071287,373,1,33,40,3.3063616071428568
Superpixel,972,0.9440897107124328,12.124338150024414,374,1,32,40,1.93718112244898
CAM,972,-0.5612898468971252,12.124338150024414,374,1,32,40,1.93718112244898
FAM,972,-1.7593889236450195,12.124338150024414,374,1,32,40,1.93718112244898
Random,972,-0.0805556252598762,12.124338150024414,374,1,32,40,1.93718112244898
Superpixel,2031,4.750331878662109,12.336267471313477,375,1,33,40,4.047751913265306
CAM,2031,4.4492902755737305,12.336267471313477,375,1,33,40,4.047751913265306
FAM,2031,0.2223481833934784,12.336267471313477,375,1,33,40,4.047751913265306
Random,2031,1.4764766693115234,12.336267471313477,375,1,33,40,4.047751913265306
Superpixel,947,2.007407188415528,12.838436126708984,376,1,33,40,1.887356505102041
CAM,947,2.166421413421631,12.838436126708984,376,1,33,40,1.887356505102041
FAM,947,-0.4009615480899811,12.838436126708984,376,1,33,40,1.887356505102041
Random,947,-0.6750528812408447,12.838436126708984,376,1,33,40,1.887356505102041
Superpixel,1484,5.142168998718262,13.869569778442385,377,1,33,40,2.9575892857142856
CAM,1484,4.095611095428467,13.869569778442385,377,1,33,40,2.9575892857142856
FAM,1484,-0.9855130314826964,13.869569778442385,377,1,33,40,2.9575892857142856
Random,1484,-0.3850984275341034,13.869569778442385,377,1,33,40,2.9575892857142856
Superpixel,961,2.4040119647979736,11.192914962768556,378,1,35,40,1.9152582908163265
CAM,961,-0.2107001841068267,11.192914962768556,378,1,35,40,1.9152582908163265
FAM,961,-0.7012960910797119,11.192914962768556,378,1,35,40,1.9152582908163265
Random,961,0.1931721866130828,11.192914962768556,378,1,35,40,1.9152582908163265
Superpixel,949,2.54041051864624,10.514068603515623,379,1,34,40,1.891342474489796
CAM,949,0.6772175431251526,10.514068603515623,379,1,34,40,1.891342474489796
FAM,949,0.2106998562812805,10.514068603515623,379,1,34,40,1.891342474489796
Random,949,-0.8996441960334778,10.514068603515623,379,1,34,40,1.891342474489796
Superpixel,1045,2.788072109222412,12.40369987487793,380,1,34,40,2.0826690051020407
CAM,1045,1.77037513256073,12.40369987487793,380,1,34,40,2.0826690051020407
FAM,1045,-1.0250681638717651,12.40369987487793,380,1,34,40,2.0826690051020407
Random,1045,0.5113179683685303,12.40369987487793,380,1,34,40,2.0826690051020407
Superpixel,1912,0.4551020562648773,11.587076187133787,381,1,34,40,3.810586734693878
CAM,1912,4.25705623626709,11.587076187133787,381,1,34,40,3.810586734693878
FAM,1912,-0.3416759073734283,11.587076187133787,381,1,34,40,3.810586734693878
Random,1912,0.743001401424408,11.587076187133787,381,1,34,40,3.810586734693878
Superpixel,734,4.143111705780029,9.604865074157717,382,1,34,40,1.4628507653061225
CAM,734,0.54988694190979,9.604865074157717,382,1,34,40,1.4628507653061225
FAM,734,-1.0920556783676147,9.604865074157717,382,1,34,40,1.4628507653061225
Random,734,-0.762980580329895,9.604865074157717,382,1,34,40,1.4628507653061225
Superpixel,1262,0.8468770384788513,9.45546054840088,383,1,36,40,2.515146683673469
CAM,1262,2.918884754180908,9.45546054840088,383,1,36,40,2.515146683673469
FAM,1262,0.1000736579298973,9.45546054840088,383,1,36,40,2.515146683673469
Random,1262,0.114124946296215,9.45546054840088,383,1,36,40,2.515146683673469
Superpixel,826,3.769503116607666,10.80064582824707,384,1,35,40,1.6462053571428572
CAM,826,0.8963139653205872,10.80064582824707,384,1,35,40,1.6462053571428572
FAM,826,-1.5379856824874878,10.80064582824707,384,1,35,40,1.6462053571428572
Random,826,0.4561011493206024,10.80064582824707,384,1,35,40,1.6462053571428572
Superpixel,2069,2.241827249526977,10.962685585021973,385,1,34,40,4.1234853316326525
CAM,2069,3.225090742111206,10.962685585021973,385,1,34,40,4.1234853316326525
FAM,2069,3.770643949508667,10.962685585021973,385,1,34,40,4.1234853316326525
Random,2069,0.4801042973995209,10.962685585021973,385,1,34,40,4.1234853316326525
Superpixel,1281,3.264094591140747,11.96926212310791,386,1,36,40,2.553013392857143
CAM,1281,3.3057518005371094,11.96926212310791,386,1,36,40,2.553013392857143
FAM,1281,-0.6057335734367371,11.96926212310791,386,1,36,40,2.553013392857143
Random,1281,-0.6214120984077454,11.96926212310791,386,1,36,40,2.553013392857143
Superpixel,949,1.4377318620681765,12.72247314453125,387,1,36,40,1.891342474489796
CAM,949,2.2296416759490967,12.72247314453125,387,1,36,40,1.891342474489796
FAM,949,-0.5563914775848389,12.72247314453125,387,1,36,40,1.891342474489796
Random,949,0.4017972946166992,12.72247314453125,387,1,36,40,1.891342474489796
Superpixel,2168,1.2910305261611938,12.81272792816162,388,1,33,40,4.3207908163265305
CAM,2168,5.001878261566162,12.81272792816162,388,1,33,40,4.3207908163265305
FAM,2168,0.2094649225473404,12.81272792816162,388,1,33,40,4.3207908163265305
Random,2168,0.718019962310791,12.81272792816162,388,1,33,40,4.3207908163265305
Superpixel,918,3.140457391738892,14.838385581970217,389,1,34,40,1.829559948979592
CAM,918,2.3770546913146973,14.838385581970217,389,1,34,40,1.829559948979592
FAM,918,0.5595712661743164,14.838385581970217,389,1,34,40,1.829559948979592
Random,918,0.956081211566925,14.838385581970217,389,1,34,40,1.829559948979592
Superpixel,954,1.7671642303466797,14.416349411010742,390,1,35,40,1.901307397959184
CAM,954,3.004164934158325,14.416349411010742,390,1,35,40,1.901307397959184
FAM,954,-0.2674764394760132,14.416349411010742,390,1,35,40,1.901307397959184
Random,954,0.2425687313079834,14.416349411010742,390,1,35,40,1.901307397959184
Superpixel,823,1.1514703035354614,10.637313842773438,391,1,33,40,1.6402264030612246
CAM,823,2.8546102046966557,10.637313842773438,391,1,33,40,1.6402264030612246
FAM,823,0.7800920009613037,10.637313842773438,391,1,33,40,1.6402264030612246
Random,823,0.0569588989019393,10.637313842773438,391,1,33,40,1.6402264030612246
Superpixel,3516,8.783333778381348,14.043931007385254,392,1,32,40,7.0073341836734695
CAM,3516,8.65974235534668,14.043931007385254,392,1,32,40,7.0073341836734695
FAM,3516,0.948598086833954,14.043931007385254,392,1,32,40,7.0073341836734695
Random,3516,0.5236311554908752,14.043931007385254,392,1,32,40,7.0073341836734695
Superpixel,1047,0.9718936681747437,13.663690567016602,393,1,33,40,2.086654974489796
CAM,1047,0.8131517171859741,13.663690567016602,393,1,33,40,2.086654974489796
FAM,1047,-0.1244809627532959,13.663690567016602,393,1,33,40,2.086654974489796
Random,1047,0.9026117324829102,13.663690567016602,393,1,33,40,2.086654974489796
Superpixel,1386,3.609065055847168,13.726884841918944,394,1,32,40,2.7622767857142856
CAM,1386,3.607492208480835,13.726884841918944,394,1,32,40,2.7622767857142856
FAM,1386,0.6114448308944702,13.726884841918944,394,1,32,40,2.7622767857142856
Random,1386,0.5052495002746582,13.726884841918944,394,1,32,40,2.7622767857142856
Superpixel,1498,1.595422863960266,9.495702743530272,395,1,35,40,2.985491071428572
CAM,1498,-0.4701674282550812,9.495702743530272,395,1,35,40,2.985491071428572
FAM,1498,-0.1913529634475708,9.495702743530272,395,1,35,40,2.985491071428572
Random,1498,1.3992544412612915,9.495702743530272,395,1,35,40,2.985491071428572
Superpixel,982,3.015885591506958,12.505420684814451,396,1,30,40,1.9571109693877555
CAM,982,1.8608607053756716,12.505420684814451,396,1,30,40,1.9571109693877555
FAM,982,0.586273193359375,12.505420684814451,396,1,30,40,1.9571109693877555
Random,982,0.3419302701950073,12.505420684814451,396,1,30,40,1.9571109693877555
Superpixel,1346,1.414380669593811,14.099834442138672,397,1,30,40,2.6825573979591835
CAM,1346,0.6284078359603882,14.099834442138672,397,1,30,40,2.6825573979591835
FAM,1346,0.2346354275941848,14.099834442138672,397,1,30,40,2.6825573979591835
Random,1346,1.1410478353500366,14.099834442138672,397,1,30,40,2.6825573979591835
Superpixel,714,3.2465829849243164,12.498822212219238,398,1,31,40,1.4229910714285714
CAM,714,1.399295687675476,12.498822212219238,398,1,31,40,1.4229910714285714
FAM,714,0.4112001061439514,12.498822212219238,398,1,31,40,1.4229910714285714
Random,714,0.6293436288833618,12.498822212219238,398,1,31,40,1.4229910714285714
Superpixel,1853,2.072328805923462,13.913810729980469,399,1,34,40,3.693000637755102
CAM,1853,1.4478050470352173,13.913810729980469,399,1,34,40,3.693000637755102
FAM,1853,-0.4817653894424438,13.913810729980469,399,1,34,40,3.693000637755102
Random,1853,0.7775841951370239,13.913810729980469,399,1,34,40,3.693000637755102
Superpixel,891,0.6735906004905701,14.361162185668944,400,1,32,40,1.775749362244898
CAM,891,2.815426111221313,14.361162185668944,400,1,32,40,1.775749362244898
FAM,891,-0.3946254253387451,14.361162185668944,400,1,32,40,1.775749362244898
Random,891,0.0787708312273025,14.361162185668944,400,1,32,40,1.775749362244898
Superpixel,1227,1.584511160850525,13.111021041870115,401,1,34,40,2.445392219387755
CAM,1227,1.5652079582214355,13.111021041870115,401,1,34,40,2.445392219387755
FAM,1227,0.1867336183786392,13.111021041870115,401,1,34,40,2.445392219387755
Random,1227,1.5790592432022097,13.111021041870115,401,1,34,40,2.445392219387755
Superpixel,3069,5.163177013397217,14.034173965454102,402,1,32,40,6.116470025510204
CAM,3069,7.395031929016113,14.034173965454102,402,1,32,40,6.116470025510204
FAM,3069,3.457846164703369,14.034173965454102,402,1,32,40,6.116470025510204
Random,3069,1.0264357328414917,14.034173965454102,402,1,32,40,6.116470025510204
Superpixel,1311,2.066845655441284,13.451725959777832,403,1,36,40,2.612802933673469
CAM,1311,6.391175270080566,13.451725959777832,403,1,36,40,2.612802933673469
FAM,1311,-0.289837896823883,13.451725959777832,403,1,36,40,2.612802933673469
Random,1311,2.1310598850250244,13.451725959777832,403,1,36,40,2.612802933673469
Superpixel,3192,1.6983319520950315,14.420814514160156,404,1,32,40,6.361607142857142
CAM,3192,5.148235321044922,14.420814514160156,404,1,32,40,6.361607142857142
FAM,3192,1.6064542531967163,14.420814514160156,404,1,32,40,6.361607142857142
Random,3192,0.9685626029968262,14.420814514160156,404,1,32,40,6.361607142857142
Superpixel,2385,0.7437440752983093,9.922111511230469,405,1,35,40,4.753268494897959
CAM,2385,1.6843782663345337,9.922111511230469,405,1,35,40,4.753268494897959
FAM,2385,0.5166457891464233,9.922111511230469,405,1,35,40,4.753268494897959
Random,2385,0.7384759187698364,9.922111511230469,405,1,35,40,4.753268494897959
Superpixel,1582,2.062091112136841,16.47260284423828,406,1,30,40,3.1529017857142856
CAM,1582,2.1239819526672363,16.47260284423828,406,1,30,40,3.1529017857142856
FAM,1582,1.1004536151885986,16.47260284423828,406,1,30,40,3.1529017857142856
Random,1582,0.434438407421112,16.47260284423828,406,1,30,40,3.1529017857142856
Superpixel,834,3.391449213027954,9.179950714111328,407,1,34,40,1.6621492346938775
CAM,834,0.2953011095523834,9.179950714111328,407,1,34,40,1.6621492346938775
FAM,834,0.0193043705075979,9.179950714111328,407,1,34,40,1.6621492346938775
Random,834,1.1727244853973389,9.179950714111328,407,1,34,40,1.6621492346938775
Superpixel,1902,0.8229144811630249,11.914968490600586,408,1,33,40,3.790656887755102
CAM,1902,0.8778502345085144,11.914968490600586,408,1,33,40,3.790656887755102
FAM,1902,0.0512909442186355,11.914968490600586,408,1,33,40,3.790656887755102
Random,1902,-0.3058752417564392,11.914968490600586,408,1,33,40,3.790656887755102
Superpixel,1020,4.52787446975708,15.533082008361816,409,1,33,40,2.032844387755102
CAM,1020,0.2548719644546509,15.533082008361816,409,1,33,40,2.032844387755102
FAM,1020,1.0498591661453247,15.533082008361816,409,1,33,40,2.032844387755102
Random,1020,0.2887750267982483,15.533082008361816,409,1,33,40,2.032844387755102
Superpixel,747,0.8915666341781616,10.72856616973877,410,1,34,40,1.4887595663265305
CAM,747,2.7924671173095703,10.72856616973877,410,1,34,40,1.4887595663265305
FAM,747,0.8441168069839478,10.72856616973877,410,1,34,40,1.4887595663265305
Random,747,0.4570481777191162,10.72856616973877,410,1,34,40,1.4887595663265305
Superpixel,3103,1.1205191612243652,14.577210426330566,411,1,29,40,6.184231505102041
CAM,3103,2.86316180229187,14.577210426330566,411,1,29,40,6.184231505102041
FAM,3103,1.1165462732315063,14.577210426330566,411,1,29,40,6.184231505102041
Random,3103,0.6925317049026489,14.577210426330566,411,1,29,40,6.184231505102041
Superpixel,1354,0.5607149600982666,15.82571506500244,412,1,34,40,2.698501275510204
CAM,1354,2.0821027755737305,15.82571506500244,412,1,34,40,2.698501275510204
FAM,1354,0.5140694379806519,15.82571506500244,412,1,34,40,2.698501275510204
Random,1354,-0.0764394104480743,15.82571506500244,412,1,34,40,2.698501275510204
Superpixel,820,0.4476984739303589,9.7201509475708,413,1,36,40,1.6342474489795915
CAM,820,0.5520077347755432,9.7201509475708,413,1,36,40,1.6342474489795915
FAM,820,0.2993577122688293,9.7201509475708,413,1,36,40,1.6342474489795915
Random,820,0.7288566827774048,9.7201509475708,413,1,36,40,1.6342474489795915
Superpixel,749,2.567135572433472,13.540246963500977,414,1,33,40,1.4927455357142858
CAM,749,0.2173046022653579,13.540246963500977,414,1,33,40,1.4927455357142858
FAM,749,-0.1981764286756515,13.540246963500977,414,1,33,40,1.4927455357142858
Random,749,0.0841150730848312,13.540246963500977,414,1,33,40,1.4927455357142858
Superpixel,1654,7.057267189025879,15.002659797668455,415,1,33,40,3.296396683673469
CAM,1654,-0.2286816239356994,15.002659797668455,415,1,33,40,3.296396683673469
FAM,1654,-0.0216964073479175,15.002659797668455,415,1,33,40,3.296396683673469
Random,1654,1.340659737586975,15.002659797668455,415,1,33,40,3.296396683673469
Superpixel,3119,5.038884162902832,14.43680191040039,416,1,33,40,6.216119260204081
CAM,3119,4.568052291870117,14.43680191040039,416,1,33,40,6.216119260204081
FAM,3119,-0.3733354210853576,14.43680191040039,416,1,33,40,6.216119260204081
Random,3119,0.937001883983612,14.43680191040039,416,1,33,40,6.216119260204081
Superpixel,1664,4.410516262054443,14.637850761413574,417,1,33,40,3.316326530612245
CAM,1664,1.1668720245361328,14.637850761413574,417,1,33,40,3.316326530612245
FAM,1664,-0.3422053456306457,14.637850761413574,417,1,33,40,3.316326530612245
Random,1664,-0.924307346343994,14.637850761413574,417,1,33,40,3.316326530612245
Superpixel,2160,4.883505821228027,12.88090705871582,418,1,32,40,4.30484693877551
CAM,2160,0.9896981120109558,12.88090705871582,418,1,32,40,4.30484693877551
FAM,2160,-0.2977913022041321,12.88090705871582,418,1,32,40,4.30484693877551
Random,2160,0.5087460875511169,12.88090705871582,418,1,32,40,4.30484693877551
Superpixel,3051,4.955310821533203,12.210949897766112,419,1,32,40,6.080596301020408
CAM,3051,6.35067081451416,12.210949897766112,419,1,32,40,6.080596301020408
FAM,3051,-0.2415254563093185,12.210949897766112,419,1,32,40,6.080596301020408
Random,3051,-0.6261060237884521,12.210949897766112,419,1,32,40,6.080596301020408
Superpixel,1695,7.460254669189453,14.427797317504885,420,1,31,40,3.378109056122449
CAM,1695,2.034134149551392,14.427797317504885,420,1,31,40,3.378109056122449
FAM,1695,-0.9782235622406006,14.427797317504885,420,1,31,40,3.378109056122449
Random,1695,0.3983990252017975,14.427797317504885,420,1,31,40,3.378109056122449
Superpixel,1680,7.172060966491699,16.625398635864258,421,1,34,40,3.3482142857142856
CAM,1680,0.365171879529953,16.625398635864258,421,1,34,40,3.3482142857142856
FAM,1680,-1.2869913578033447,16.625398635864258,421,1,34,40,3.3482142857142856
Random,1680,0.5436416864395142,16.625398635864258,421,1,34,40,3.3482142857142856
Superpixel,966,6.848320960998535,13.700872421264648,422,1,32,40,1.9252232142857144
CAM,966,0.7986820936203003,13.700872421264648,422,1,32,40,1.9252232142857144
FAM,966,-0.7756826877593994,13.700872421264648,422,1,32,40,1.9252232142857144
Random,966,-0.1690131872892379,13.700872421264648,422,1,32,40,1.9252232142857144
Superpixel,2611,6.172170162200928,11.946178436279297,423,1,32,40,5.203683035714286
CAM,2611,1.4068050384521484,11.946178436279297,423,1,32,40,5.203683035714286
FAM,2611,0.7392132878303528,11.946178436279297,423,1,32,40,5.203683035714286
Random,2611,-0.6000333428382874,11.946178436279297,423,1,32,40,5.203683035714286
Superpixel,1982,3.896902561187744,14.980913162231444,424,1,35,40,3.950095663265306
CAM,1982,1.2339017391204834,14.980913162231444,424,1,35,40,3.950095663265306
FAM,1982,3.207263946533203,14.980913162231444,424,1,35,40,3.950095663265306
Random,1982,-1.1770836114883425,14.980913162231444,424,1,35,40,3.950095663265306
Superpixel,3129,8.516260147094727,12.120121002197266,425,1,27,40,6.236049107142857
CAM,3129,3.77360725402832,12.120121002197266,425,1,27,40,6.236049107142857
FAM,3129,-1.3002759218215942,12.120121002197266,425,1,27,40,6.236049107142857
Random,3129,-0.2946467399597168,12.120121002197266,425,1,27,40,6.236049107142857
Superpixel,1607,3.1309139728546143,15.36510944366455,426,1,31,40,3.202726403061224
CAM,1607,1.383825421333313,15.36510944366455,426,1,31,40,3.202726403061224
FAM,1607,-0.6568087339401245,15.36510944366455,426,1,31,40,3.202726403061224
Random,1607,-0.4536741971969604,15.36510944366455,426,1,31,40,3.202726403061224
Superpixel,1831,3.109244108200073,16.099628448486328,427,1,34,40,3.649154974489796
CAM,1831,2.467799186706543,16.099628448486328,427,1,34,40,3.649154974489796
FAM,1831,-0.7252943515777588,16.099628448486328,427,1,34,40,3.649154974489796
Random,1831,0.606513500213623,16.099628448486328,427,1,34,40,3.649154974489796
Superpixel,1205,5.871731758117676,13.853906631469728,428,1,31,40,2.401546556122449
CAM,1205,3.471879482269287,13.853906631469728,428,1,31,40,2.401546556122449
FAM,1205,0.6026785373687744,13.853906631469728,428,1,31,40,2.401546556122449
Random,1205,0.4939073026180267,13.853906631469728,428,1,31,40,2.401546556122449
Superpixel,1297,3.014390468597412,7.009143352508545,429,1,33,40,2.5849011479591835
CAM,1297,1.964077591896057,7.009143352508545,429,1,33,40,2.5849011479591835
FAM,1297,2.330714702606201,7.009143352508545,429,1,33,40,2.5849011479591835
Random,1297,1.110926389694214,7.009143352508545,429,1,33,40,2.5849011479591835
Superpixel,1024,1.7553462982177734,11.486364364624023,430,1,35,40,2.0408163265306123
CAM,1024,-1.0115652084350586,11.486364364624023,430,1,35,40,2.0408163265306123
FAM,1024,-0.6898458003997803,11.486364364624023,430,1,35,40,2.0408163265306123
Random,1024,-0.9720630645751952,11.486364364624023,430,1,35,40,2.0408163265306123
Superpixel,2375,5.601212501525879,12.940951347351074,431,1,31,40,4.733338647959184
CAM,2375,2.55270791053772,12.940951347351074,431,1,31,40,4.733338647959184
FAM,2375,-0.5075262188911438,12.940951347351074,431,1,31,40,4.733338647959184
Random,2375,4.011987209320068,12.940951347351074,431,1,31,40,4.733338647959184
Superpixel,1463,7.473956108093262,10.296008110046388,432,1,31,40,2.915736607142857
CAM,1463,0.0066366903483867,10.296008110046388,432,1,31,40,2.915736607142857
FAM,1463,-0.5135369896888733,10.296008110046388,432,1,31,40,2.915736607142857
Random,1463,-1.514515042304993,10.296008110046388,432,1,31,40,2.915736607142857
Superpixel,1184,3.941415548324585,11.46733283996582,433,1,36,40,2.3596938775510203
CAM,1184,0.8576755523681641,11.46733283996582,433,1,36,40,2.3596938775510203
FAM,1184,0.0472539328038692,11.46733283996582,433,1,36,40,2.3596938775510203
Random,1184,1.4175618886947632,11.46733283996582,433,1,36,40,2.3596938775510203
Superpixel,1110,7.471921443939209,15.526396751403809,434,1,32,40,2.212213010204082
CAM,1110,2.4422683715820312,15.526396751403809,434,1,32,40,2.212213010204082
FAM,1110,-1.1362627744674685,15.526396751403809,434,1,32,40,2.212213010204082
Random,1110,-0.9742116332054138,15.526396751403809,434,1,32,40,2.212213010204082
Superpixel,1822,5.225973129272461,14.731511116027832,435,1,32,40,3.631218112244898
CAM,1822,1.8217034339904783,14.731511116027832,435,1,32,40,3.631218112244898
FAM,1822,-0.644849419593811,14.731511116027832,435,1,32,40,3.631218112244898
Random,1822,0.1948352754116058,14.731511116027832,435,1,32,40,3.631218112244898
Superpixel,1556,7.554131507873535,13.77619743347168,436,1,31,40,3.101084183673469
CAM,1556,0.6185488700866699,13.77619743347168,436,1,31,40,3.101084183673469
FAM,1556,1.1922563314437866,13.77619743347168,436,1,31,40,3.101084183673469
Random,1556,1.972660779953003,13.77619743347168,436,1,31,40,3.101084183673469
Superpixel,1387,1.6947895288467407,11.253127098083496,437,1,32,40,2.764269770408164
CAM,1387,-0.4709979295730591,11.253127098083496,437,1,32,40,2.764269770408164
FAM,1387,-0.0050213225185871,11.253127098083496,437,1,32,40,2.764269770408164
Random,1387,1.0290775299072266,11.253127098083496,437,1,32,40,2.764269770408164
Superpixel,1227,5.624307632446289,16.001462936401367,438,1,34,40,2.445392219387755
CAM,1227,2.8833119869232178,16.001462936401367,438,1,34,40,2.445392219387755
FAM,1227,-0.9952895641326904,16.001462936401367,438,1,34,40,2.445392219387755
Random,1227,-0.7900707721710205,16.001462936401367,438,1,34,40,2.445392219387755
Superpixel,2007,5.473390579223633,7.564890384674072,439,1,33,40,3.999920280612245
CAM,2007,2.1308434009552,7.564890384674072,439,1,33,40,3.999920280612245
FAM,2007,-1.204815149307251,7.564890384674072,439,1,33,40,3.999920280612245
Random,2007,-0.6809941530227661,7.564890384674072,439,1,33,40,3.999920280612245
Superpixel,842,4.9030046463012695,11.33091163635254,440,1,33,40,1.678093112244898
CAM,842,0.9588708281517028,11.33091163635254,440,1,33,40,1.678093112244898
FAM,842,-0.9827879667282104,11.33091163635254,440,1,33,40,1.678093112244898
Random,842,-0.7350366115570068,11.33091163635254,440,1,33,40,1.678093112244898
Superpixel,1440,5.337930679321289,13.593206405639648,441,1,29,40,2.8698979591836737
CAM,1440,2.320030689239502,13.593206405639648,441,1,29,40,2.8698979591836737
FAM,1440,-0.7265323400497437,13.593206405639648,441,1,29,40,2.8698979591836737
Random,1440,1.183376431465149,13.593206405639648,441,1,29,40,2.8698979591836737
Superpixel,1647,5.149216651916504,12.406341552734377,442,1,36,40,3.2824457908163267
CAM,1647,3.2091188430786133,12.406341552734377,442,1,36,40,3.2824457908163267
FAM,1647,3.421025276184082,12.406341552734377,442,1,36,40,3.2824457908163267
Random,1647,2.524176836013794,12.406341552734377,442,1,36,40,3.2824457908163267
Superpixel,3905,4.680688858032227,17.11969757080078,443,1,28,40,7.782605229591836
CAM,3905,7.28325605392456,17.11969757080078,443,1,28,40,7.782605229591836
FAM,3905,3.4447755813598637,17.11969757080078,443,1,28,40,7.782605229591836
Random,3905,3.102101325988769,17.11969757080078,443,1,28,40,7.782605229591836
Superpixel,1255,6.505181312561035,12.829252243041992,444,1,32,40,2.5011957908163263
CAM,1255,4.123186111450195,12.829252243041992,444,1,32,40,2.5011957908163263
FAM,1255,3.235043525695801,12.829252243041992,444,1,32,40,2.5011957908163263
Random,1255,2.009166955947876,12.829252243041992,444,1,32,40,2.5011957908163263
Superpixel,2092,6.605338096618652,11.656576156616213,445,1,32,40,4.169323979591836
CAM,2092,5.499907970428467,11.656576156616213,445,1,32,40,4.169323979591836
FAM,2092,3.412092447280884,11.656576156616213,445,1,32,40,4.169323979591836
Random,2092,2.5845956802368164,11.656576156616213,445,1,32,40,4.169323979591836
Superpixel,913,6.104950904846191,13.522462844848633,446,1,32,40,1.819595025510204
CAM,913,2.508258104324341,13.522462844848633,446,1,32,40,1.819595025510204
FAM,913,3.0756521224975586,13.522462844848633,446,1,32,40,1.819595025510204
Random,913,2.527463674545288,13.522462844848633,446,1,32,40,1.819595025510204
Superpixel,986,5.156307220458984,15.200650215148926,447,1,34,40,1.9650829081632653
CAM,986,4.988741874694824,15.200650215148926,447,1,34,40,1.9650829081632653
FAM,986,2.034520387649536,15.200650215148926,447,1,34,40,1.9650829081632653
Random,986,2.799769401550293,15.200650215148926,447,1,34,40,1.9650829081632653
Superpixel,883,5.619293689727783,15.618755340576172,448,1,36,40,1.7598054846938775
CAM,883,2.9973363876342773,15.618755340576172,448,1,36,40,1.7598054846938775
FAM,883,2.4488353729248047,15.618755340576172,448,1,36,40,1.7598054846938775
Random,883,2.9855051040649414,15.618755340576172,448,1,36,40,1.7598054846938775
Superpixel,2221,5.369077205657959,10.138473510742188,449,1,29,40,4.426419005102041
CAM,2221,3.778867959976196,10.138473510742188,449,1,29,40,4.426419005102041
FAM,2221,2.5647764205932617,10.138473510742188,449,1,29,40,4.426419005102041
Random,2221,2.919649600982666,10.138473510742188,449,1,29,40,4.426419005102041
Superpixel,1222,5.784030437469482,11.010433197021484,450,1,36,40,2.435427295918368
CAM,1222,2.9515881538391118,11.010433197021484,450,1,36,40,2.435427295918368
FAM,1222,3.804950714111328,11.010433197021484,450,1,36,40,2.435427295918368
Random,1222,3.390660047531128,11.010433197021484,450,1,36,40,2.435427295918368
Superpixel,1282,5.1096930503845215,13.473461151123049,451,1,35,40,2.5550063775510203
CAM,1282,3.0504770278930664,13.473461151123049,451,1,35,40,2.5550063775510203
FAM,1282,3.4144577980041504,13.473461151123049,451,1,35,40,2.5550063775510203
Random,1282,2.1940042972564697,13.473461151123049,451,1,35,40,2.5550063775510203
Superpixel,859,5.1020708084106445,13.558069229125977,452,1,32,40,1.7119738520408163
CAM,859,3.2372865676879883,13.558069229125977,452,1,32,40,1.7119738520408163
FAM,859,2.839708089828491,13.558069229125977,452,1,32,40,1.7119738520408163
Random,859,2.4691457748413086,13.558069229125977,452,1,32,40,1.7119738520408163
Superpixel,1237,5.764200210571289,15.751117706298828,453,1,31,40,2.4653220663265305
CAM,1237,3.3068675994873047,15.751117706298828,453,1,31,40,2.4653220663265305
FAM,1237,3.252938032150269,15.751117706298828,453,1,31,40,2.4653220663265305
Random,1237,3.455557346343994,15.751117706298828,453,1,31,40,2.4653220663265305
Superpixel,2597,5.556554794311523,10.423739433288574,454,1,34,40,5.17578125
CAM,2597,3.514275074005127,10.423739433288574,454,1,34,40,5.17578125
FAM,2597,4.887990474700928,10.423739433288574,454,1,34,40,5.17578125
Random,2597,3.0511507987976074,10.423739433288574,454,1,34,40,5.17578125
Superpixel,1533,4.29653263092041,12.612786293029783,455,1,34,40,3.0552455357142856
CAM,1533,2.6769847869873047,12.612786293029783,455,1,34,40,3.0552455357142856
FAM,1533,2.221381187438965,12.612786293029783,455,1,34,40,3.0552455357142856
Random,1533,1.9152326583862305,12.612786293029783,455,1,34,40,3.0552455357142856
Superpixel,744,4.035797595977783,14.01921272277832,456,1,32,40,1.482780612244898
CAM,744,2.2172658443450928,14.01921272277832,456,1,32,40,1.482780612244898
FAM,744,2.6760072708129883,14.01921272277832,456,1,32,40,1.482780612244898
Random,744,2.2759923934936523,14.01921272277832,456,1,32,40,1.482780612244898
Superpixel,1558,2.573561906814575,7.960134506225586,457,1,35,40,3.1050701530612246
CAM,1558,1.532272219657898,7.960134506225586,457,1,35,40,3.1050701530612246
FAM,1558,0.4468311071395874,7.960134506225586,457,1,35,40,3.1050701530612246
Random,1558,1.223841905593872,7.960134506225586,457,1,35,40,3.1050701530612246
Superpixel,1079,1.83264684677124,12.166885375976562,458,1,34,40,2.150430484693877
CAM,1079,1.3313696384429932,12.166885375976562,458,1,34,40,2.150430484693877
FAM,1079,0.8020987510681152,12.166885375976562,458,1,34,40,2.150430484693877
Random,1079,1.4208482503890991,12.166885375976562,458,1,34,40,2.150430484693877
Superpixel,1965,2.9382359981536865,14.432561874389648,459,1,31,40,3.916214923469388
CAM,1965,1.4497088193893433,14.432561874389648,459,1,31,40,3.916214923469388
FAM,1965,0.6446318030357361,14.432561874389648,459,1,31,40,3.916214923469388
Random,1965,1.1714736223220823,14.432561874389648,459,1,31,40,3.916214923469388
Superpixel,2504,1.3893646001815796,15.38392734527588,460,1,32,40,4.990433673469387
CAM,2504,2.016776323318481,15.38392734527588,460,1,32,40,4.990433673469387
FAM,2504,1.3776068687438965,15.38392734527588,460,1,32,40,4.990433673469387
Random,2504,1.0918681621551514,15.38392734527588,460,1,32,40,4.990433673469387
Superpixel,2715,2.5904109477996826,13.74164867401123,461,1,31,40,5.410953443877551
CAM,2715,2.241990327835083,13.74164867401123,461,1,31,40,5.410953443877551
FAM,2715,1.8611210584640503,13.74164867401123,461,1,31,40,5.410953443877551
Random,2715,1.9030818939208984,13.74164867401123,461,1,31,40,5.410953443877551
Superpixel,1528,2.844512701034546,12.440019607543944,462,1,33,40,3.045280612244898
CAM,1528,1.432733416557312,12.440019607543944,462,1,33,40,3.045280612244898
FAM,1528,0.5286624431610107,12.440019607543944,462,1,33,40,3.045280612244898
Random,1528,1.466750144958496,12.440019607543944,462,1,33,40,3.045280612244898
Superpixel,3525,2.68007493019104,17.04639434814453,463,1,31,40,7.025271045918367
CAM,3525,1.135571837425232,17.04639434814453,463,1,31,40,7.025271045918367
FAM,3525,1.327471137046814,17.04639434814453,463,1,31,40,7.025271045918367
Random,3525,3.2414982318878174,17.04639434814453,463,1,31,40,7.025271045918367
Superpixel,1809,1.8021420240402224,11.91197681427002,464,1,30,40,3.6053093112244894
CAM,1809,0.7854712009429932,11.91197681427002,464,1,30,40,3.6053093112244894
FAM,1809,1.3545655012130735,11.91197681427002,464,1,30,40,3.6053093112244894
Random,1809,1.1158522367477417,11.91197681427002,464,1,30,40,3.6053093112244894
Superpixel,2382,2.244428873062134,10.815690994262695,465,1,29,40,4.747289540816327
CAM,2382,1.085506558418274,10.815690994262695,465,1,29,40,4.747289540816327
FAM,2382,0.2401488274335861,10.815690994262695,465,1,29,40,4.747289540816327
Random,2382,1.1487159729003906,10.815690994262695,465,1,29,40,4.747289540816327
Superpixel,984,4.3793721199035645,8.3627290725708,466,1,29,40,1.9610969387755104
CAM,984,7.606420040130615,8.3627290725708,466,1,29,40,1.9610969387755104
FAM,984,1.276572585105896,8.3627290725708,466,1,29,40,1.9610969387755104
Random,984,0.9552630186080932,8.3627290725708,466,1,29,40,1.9610969387755104
Superpixel,1186,2.184328317642212,13.153190612792969,467,1,32,40,2.3636798469387754
CAM,1186,1.4797340631484983,13.153190612792969,467,1,32,40,2.3636798469387754
FAM,1186,1.4981540441513062,13.153190612792969,467,1,32,40,2.3636798469387754
Random,1186,1.4470187425613403,13.153190612792969,467,1,32,40,2.3636798469387754
Superpixel,951,3.0754432678222656,8.847951889038086,468,1,35,40,1.895328443877551
CAM,951,1.63231098651886,8.847951889038086,468,1,35,40,1.895328443877551
FAM,951,0.6498369574546814,8.847951889038086,468,1,35,40,1.895328443877551
Random,951,1.6131815910339355,8.847951889038086,468,1,35,40,1.895328443877551
Superpixel,2144,2.798057556152344,9.869564056396484,469,1,29,40,4.2729591836734695
CAM,2144,1.4140273332595823,9.869564056396484,469,1,29,40,4.2729591836734695
FAM,2144,1.4677897691726685,9.869564056396484,469,1,29,40,4.2729591836734695
Random,2144,1.421359300613403,9.869564056396484,469,1,29,40,4.2729591836734695
Superpixel,2403,2.175253868103028,8.535066604614258,470,1,33,40,4.789142219387755
CAM,2403,1.4194327592849731,8.535066604614258,470,1,33,40,4.789142219387755
FAM,2403,3.4117138385772705,8.535066604614258,470,1,33,40,4.789142219387755
Random,2403,1.7272273302078247,8.535066604614258,470,1,33,40,4.789142219387755
Superpixel,2262,2.422270536422729,12.632489204406738,471,1,30,40,4.50813137755102
CAM,2262,1.6138505935668943,12.632489204406738,471,1,30,40,4.50813137755102
FAM,2262,2.955104112625122,12.632489204406738,471,1,30,40,4.50813137755102
Random,2262,1.5044548511505127,12.632489204406738,471,1,30,40,4.50813137755102
Superpixel,2119,2.354621410369873,12.620854377746582,472,1,25,40,4.2231345663265305
CAM,2119,0.6119657754898071,12.620854377746582,472,1,25,40,4.2231345663265305
FAM,2119,1.2396647930145264,12.620854377746582,472,1,25,40,4.2231345663265305
Random,2119,2.4869377613067627,12.620854377746582,472,1,25,40,4.2231345663265305
Superpixel,2499,1.7743474245071411,13.987737655639648,473,1,35,40,4.98046875
CAM,2499,2.1720447540283203,13.987737655639648,473,1,35,40,4.98046875
FAM,2499,-0.5032371282577515,13.987737655639648,473,1,35,40,4.98046875
Random,2499,1.8574620485305784,13.987737655639648,473,1,35,40,4.98046875
Superpixel,1475,1.8702312707901,8.992033958435059,474,1,35,40,2.939652423469388
CAM,1475,0.7345705032348633,8.992033958435059,474,1,35,40,2.939652423469388
FAM,1475,1.192412257194519,8.992033958435059,474,1,35,40,2.939652423469388
Random,1475,1.6195285320281982,8.992033958435059,474,1,35,40,2.939652423469388
Superpixel,1375,2.111961126327514,13.59919548034668,475,1,36,40,2.7403539540816326
CAM,1375,1.062309741973877,13.59919548034668,475,1,36,40,2.7403539540816326
FAM,1375,0.8034002780914307,13.59919548034668,475,1,36,40,2.7403539540816326
Random,1375,1.208478569984436,13.59919548034668,475,1,36,40,2.7403539540816326
Superpixel,1984,2.247765302658081,11.059993743896484,476,1,30,40,3.9540816326530615
CAM,1984,1.8165918588638303,11.059993743896484,476,1,30,40,3.9540816326530615
FAM,1984,0.9957540035247804,11.059993743896484,476,1,30,40,3.9540816326530615
Random,1984,1.3121345043182373,11.059993743896484,476,1,30,40,3.9540816326530615
Superpixel,2683,2.2402236461639404,9.515256881713867,477,1,31,40,5.3471779336734695
CAM,2683,1.6277772188186646,9.515256881713867,477,1,31,40,5.3471779336734695
FAM,2683,1.1762032508850098,9.515256881713867,477,1,31,40,5.3471779336734695
Random,2683,1.2840486764907837,9.515256881713867,477,1,31,40,5.3471779336734695
Superpixel,1512,2.125341415405273,8.106038093566895,478,1,34,40,3.013392857142857
CAM,1512,-0.2266621589660644,8.106038093566895,478,1,34,40,3.013392857142857
FAM,1512,-0.2217473089694976,8.106038093566895,478,1,34,40,3.013392857142857
Random,1512,0.6488959193229675,8.106038093566895,478,1,34,40,3.013392857142857
Superpixel,1590,1.8803025484085083,9.32462215423584,479,1,31,40,3.168845663265306
CAM,1590,-2.575169801712036,9.32462215423584,479,1,31,40,3.168845663265306
FAM,1590,-0.5650232434272766,9.32462215423584,479,1,31,40,3.168845663265306
Random,1590,0.5469422340393066,9.32462215423584,479,1,31,40,3.168845663265306
Superpixel,1707,1.9155924320220947,8.69333267211914,480,1,32,40,3.40202487244898
CAM,1707,0.0970276221632957,8.69333267211914,480,1,32,40,3.40202487244898
FAM,1707,-0.6503807902336121,8.69333267211914,480,1,32,40,3.40202487244898
Random,1707,-0.0713187828660011,8.69333267211914,480,1,32,40,3.40202487244898
Superpixel,2259,2.933880567550659,12.91010856628418,481,1,34,40,4.502152423469387
CAM,2259,2.4916648864746094,12.91010856628418,481,1,34,40,4.502152423469387
FAM,2259,1.7858725786209106,12.91010856628418,481,1,34,40,4.502152423469387
Random,2259,2.432638645172119,12.91010856628418,481,1,34,40,4.502152423469387
Superpixel,1248,1.3646104335784912,11.24067497253418,482,1,34,40,2.4872448979591835
CAM,1248,0.4326117038726806,11.24067497253418,482,1,34,40,2.4872448979591835
FAM,1248,-0.376225471496582,11.24067497253418,482,1,34,40,2.4872448979591835
Random,1248,0.7565738558769226,11.24067497253418,482,1,34,40,2.4872448979591835
Superpixel,999,2.6221859455108643,12.510856628417969,483,1,32,40,1.9909917091836733
CAM,999,1.393668293952942,12.510856628417969,483,1,32,40,1.9909917091836733
FAM,999,0.7444261312484741,12.510856628417969,483,1,32,40,1.9909917091836733
Random,999,0.9116413593292236,12.510856628417969,483,1,32,40,1.9909917091836733
Superpixel,4358,3.2052927017211914,13.336052894592283,484,1,29,40,8.685427295918368
CAM,4358,1.5553474426269531,13.336052894592283,484,1,29,40,8.685427295918368
FAM,4358,2.9279592037200928,13.336052894592283,484,1,29,40,8.685427295918368
Random,4358,2.5659492015838623,13.336052894592283,484,1,29,40,8.685427295918368
Superpixel,2884,2.795410394668579,11.77963161468506,485,1,31,40,5.747767857142857
CAM,2884,2.441199541091919,11.77963161468506,485,1,31,40,5.747767857142857
FAM,2884,0.384484052658081,11.77963161468506,485,1,31,40,5.747767857142857
Random,2884,2.3297855854034424,11.77963161468506,485,1,31,40,5.747767857142857
Superpixel,3083,3.285095691680908,14.067773818969728,486,1,33,40,6.14437181122449
CAM,3083,0.6046116948127747,14.067773818969728,486,1,33,40,6.14437181122449
FAM,3083,0.7723940014839172,14.067773818969728,486,1,33,40,6.14437181122449
Random,3083,-0.2489007264375686,14.067773818969728,486,1,33,40,6.14437181122449
Superpixel,1414,3.1227481365203857,13.88963222503662,487,1,35,40,2.818080357142857
CAM,1414,0.7646376490592957,13.88963222503662,487,1,35,40,2.818080357142857
FAM,1414,1.9498780965805051,13.88963222503662,487,1,35,40,2.818080357142857
Random,1414,-0.1731034815311432,13.88963222503662,487,1,35,40,2.818080357142857
Superpixel,1783,0.6793283820152283,8.470479011535645,488,1,35,40,3.5534917091836733
CAM,1783,0.2209914922714233,8.470479011535645,488,1,35,40,3.5534917091836733
FAM,1783,0.159985139966011,8.470479011535645,488,1,35,40,3.5534917091836733
Random,1783,-1.0247976779937744,8.470479011535645,488,1,35,40,3.5534917091836733
Superpixel,1640,3.3807003498077397,12.820167541503906,489,1,32,40,3.2684948979591835
CAM,1640,0.5327304005622864,12.820167541503906,489,1,32,40,3.2684948979591835
FAM,1640,2.212095022201538,12.820167541503906,489,1,32,40,3.2684948979591835
Random,1640,1.6381109952926636,12.820167541503906,489,1,32,40,3.2684948979591835
Superpixel,2231,1.5937076807022097,14.74143409729004,490,1,30,40,4.446348852040816
CAM,2231,-0.3113964796066284,14.74143409729004,490,1,30,40,4.446348852040816
FAM,2231,-0.710936963558197,14.74143409729004,490,1,30,40,4.446348852040816
Random,2231,-0.2521873712539673,14.74143409729004,490,1,30,40,4.446348852040816
Superpixel,1661,3.4950220584869385,8.130158424377441,491,1,34,40,3.3103475765306123
CAM,1661,1.1243194341659546,8.130158424377441,491,1,34,40,3.3103475765306123
FAM,1661,1.1807072162628174,8.130158424377441,491,1,34,40,3.3103475765306123
Random,1661,0.5091437697410583,8.130158424377441,491,1,34,40,3.3103475765306123
Superpixel,917,1.183075189590454,16.23480224609375,492,1,35,40,1.8275669642857144
CAM,917,-0.2578363418579101,16.23480224609375,492,1,35,40,1.8275669642857144
FAM,917,0.6997390389442444,16.23480224609375,492,1,35,40,1.8275669642857144
Random,917,0.0659563019871711,16.23480224609375,492,1,35,40,1.8275669642857144
Superpixel,1050,1.7102049589157104,16.02787971496582,493,1,33,40,2.0926339285714284
CAM,1050,-0.5039033889770508,16.02787971496582,493,1,33,40,2.0926339285714284
FAM,1050,0.3149891197681427,16.02787971496582,493,1,33,40,2.0926339285714284
Random,1050,0.3796079158782959,16.02787971496582,493,1,33,40,2.0926339285714284
Superpixel,2169,2.6101322174072266,13.967168807983398,494,1,30,40,4.322783801020408
CAM,2169,0.4637861251831054,13.967168807983398,494,1,30,40,4.322783801020408
FAM,2169,1.0146375894546509,13.967168807983398,494,1,30,40,4.322783801020408
Random,2169,-1.6713690757751465,13.967168807983398,494,1,30,40,4.322783801020408
Superpixel,1863,3.2730088233947754,15.738525390625,495,1,31,40,3.712930484693878
CAM,1863,-0.0267814341932535,15.738525390625,495,1,31,40,3.712930484693878
FAM,1863,2.5006096363067627,15.738525390625,495,1,31,40,3.712930484693878
Random,1863,-0.2083469033241272,15.738525390625,495,1,31,40,3.712930484693878
Superpixel,1721,3.5015993118286133,10.49150562286377,496,1,33,40,3.4299266581632653
CAM,1721,-0.0671288147568702,10.49150562286377,496,1,33,40,3.4299266581632653
FAM,1721,0.4678938388824463,10.49150562286377,496,1,33,40,3.4299266581632653
Random,1721,-0.6363961100578308,10.49150562286377,496,1,33,40,3.4299266581632653
Superpixel,1548,3.7405192852020255,13.761595726013184,497,1,33,40,3.085140306122449
CAM,1548,0.437561571598053,13.761595726013184,497,1,33,40,3.085140306122449
FAM,1548,0.8772909045219421,13.761595726013184,497,1,33,40,3.085140306122449
Random,1548,0.529804527759552,13.761595726013184,497,1,33,40,3.085140306122449
Superpixel,855,4.126341819763184,15.232110977172852,498,1,36,40,1.704001913265306
CAM,855,0.1257128268480301,15.232110977172852,498,1,36,40,1.704001913265306
FAM,855,0.6844432950019836,15.232110977172852,498,1,36,40,1.704001913265306
Random,855,-0.9675230383872986,15.232110977172852,498,1,36,40,1.704001913265306
Superpixel,800,0.8019078373908997,11.105846405029297,499,1,35,40,1.594387755102041
CAM,800,0.3275341093540191,11.105846405029297,499,1,35,40,1.594387755102041
FAM,800,0.0802480801939964,11.105846405029297,499,1,35,40,1.594387755102041
Random,800,-0.6967326998710632,11.105846405029297,499,1,35,40,1.594387755102041
Superpixel,1592,5.183239459991455,13.099201202392578,0,1,44,50,3.172831632653061
CAM,1592,1.8321504592895508,13.099201202392578,0,1,44,50,3.172831632653061
FAM,1592,1.1656156778335571,13.099201202392578,0,1,44,50,3.172831632653061
Random,1592,2.817741870880127,13.099201202392578,0,1,44,50,3.172831632653061
Superpixel,1069,3.614228248596192,14.3037748336792,1,1,48,50,2.130500637755102
CAM,1069,0.9138371348381042,14.3037748336792,1,1,48,50,2.130500637755102
FAM,1069,1.910277724266052,14.3037748336792,1,1,48,50,2.130500637755102
Random,1069,1.291140079498291,14.3037748336792,1,1,48,50,2.130500637755102
Superpixel,1185,3.798879623413086,9.7085542678833,2,1,48,50,2.361686862244898
CAM,1185,1.3660634756088257,9.7085542678833,2,1,48,50,2.361686862244898
FAM,1185,3.6096813678741455,9.7085542678833,2,1,48,50,2.361686862244898
Random,1185,2.240457534790039,9.7085542678833,2,1,48,50,2.361686862244898
Superpixel,1129,6.678576469421387,12.617070198059082,3,1,46,50,2.250079719387755
CAM,1129,3.8216049671173096,12.617070198059082,3,1,46,50,2.250079719387755
FAM,1129,1.8948084115982056,12.617070198059082,3,1,46,50,2.250079719387755
Random,1129,2.797718048095703,12.617070198059082,3,1,46,50,2.250079719387755
Superpixel,2112,3.445505142211914,13.0728178024292,4,1,46,50,4.209183673469387
CAM,2112,1.951711893081665,13.0728178024292,4,1,46,50,4.209183673469387
FAM,2112,1.6440136432647705,13.0728178024292,4,1,46,50,4.209183673469387
Random,2112,1.89876925945282,13.0728178024292,4,1,46,50,4.209183673469387
Superpixel,3352,8.571932792663574,6.779087066650391,5,1,41,50,6.680484693877552
CAM,3352,4.359113693237305,6.779087066650391,5,1,41,50,6.680484693877552
FAM,3352,1.751111388206482,6.779087066650391,5,1,41,50,6.680484693877552
Random,3352,3.1602530479431152,6.779087066650391,5,1,41,50,6.680484693877552
Superpixel,2293,5.776621341705322,14.718029975891112,6,1,46,50,4.569913903061225
CAM,2293,1.0557292699813845,14.718029975891112,6,1,46,50,4.569913903061225
FAM,2293,1.678085446357727,14.718029975891112,6,1,46,50,4.569913903061225
Random,2293,3.905690908432007,14.718029975891112,6,1,46,50,4.569913903061225
Superpixel,1044,4.131261825561523,14.793753623962402,7,1,44,50,2.080676020408164
CAM,1044,1.1934137344360352,14.793753623962402,7,1,44,50,2.080676020408164
FAM,1044,1.6398485898971558,14.793753623962402,7,1,44,50,2.080676020408164
Random,1044,0.8985697031021118,14.793753623962402,7,1,44,50,2.080676020408164
Superpixel,1315,4.65817403793335,11.846647262573242,8,1,47,50,2.62077487244898
CAM,1315,0.5460802912712097,11.846647262573242,8,1,47,50,2.62077487244898
FAM,1315,-0.6346396803855896,11.846647262573242,8,1,47,50,2.62077487244898
Random,1315,0.9154486060142516,11.846647262573242,8,1,47,50,2.62077487244898
Superpixel,837,3.4089720249176025,15.714459419250488,9,1,47,50,1.6681281887755102
CAM,837,1.2789005041122437,15.714459419250488,9,1,47,50,1.6681281887755102
FAM,837,1.8303321599960327,15.714459419250488,9,1,47,50,1.6681281887755102
Random,837,2.186874389648437,15.714459419250488,9,1,47,50,1.6681281887755102
Superpixel,1055,4.571595668792725,14.797472953796388,10,1,48,50,2.1025988520408165
CAM,1055,-0.1630784571170807,14.797472953796388,10,1,48,50,2.1025988520408165
FAM,1055,-0.4548614919185638,14.797472953796388,10,1,48,50,2.1025988520408165
Random,1055,1.479745626449585,14.797472953796388,10,1,48,50,2.1025988520408165
Superpixel,1288,3.9754486083984375,15.955321311950684,11,1,44,50,2.5669642857142856
CAM,1288,1.1825066804885864,15.955321311950684,11,1,44,50,2.5669642857142856
FAM,1288,1.768330454826355,15.955321311950684,11,1,44,50,2.5669642857142856
Random,1288,1.5827128887176514,15.955321311950684,11,1,44,50,2.5669642857142856
Superpixel,933,2.456262826919556,12.503718376159668,12,1,43,50,1.8594547193877555
CAM,933,1.487130880355835,12.503718376159668,12,1,43,50,1.8594547193877555
FAM,933,0.4837789833545685,12.503718376159668,12,1,43,50,1.8594547193877555
Random,933,1.1831917762756348,12.503718376159668,12,1,43,50,1.8594547193877555
Superpixel,715,6.431746959686279,12.631207466125488,13,1,45,50,1.424984056122449
CAM,715,1.7219843864440918,12.631207466125488,13,1,45,50,1.424984056122449
FAM,715,2.440945863723755,12.631207466125488,13,1,45,50,1.424984056122449
Random,715,2.6082305908203125,12.631207466125488,13,1,45,50,1.424984056122449
Superpixel,1750,4.869713306427002,11.779589653015137,14,1,45,50,3.4877232142857144
CAM,1750,1.5247372388839722,11.779589653015137,14,1,45,50,3.4877232142857144
FAM,1750,1.1661258935928345,11.779589653015137,14,1,45,50,3.4877232142857144
Random,1750,2.319056510925293,11.779589653015137,14,1,45,50,3.4877232142857144
Superpixel,519,5.121050357818604,12.841392517089844,15,1,45,50,1.034359056122449
CAM,519,1.0101178884506226,12.841392517089844,15,1,45,50,1.034359056122449
FAM,519,0.5967615246772766,12.841392517089844,15,1,45,50,1.034359056122449
Random,519,1.3222547769546509,12.841392517089844,15,1,45,50,1.034359056122449
Superpixel,869,4.8693060874938965,11.09400463104248,16,1,44,50,1.7319036989795915
CAM,869,2.9927303791046143,11.09400463104248,16,1,44,50,1.7319036989795915
FAM,869,2.2708773612976074,11.09400463104248,16,1,44,50,1.7319036989795915
Random,869,2.131073236465454,11.09400463104248,16,1,44,50,1.7319036989795915
Superpixel,754,7.330874919891357,12.585721015930176,17,1,45,50,1.5027104591836735
CAM,754,2.701263904571533,12.585721015930176,17,1,45,50,1.5027104591836735
FAM,754,2.6250710487365723,12.585721015930176,17,1,45,50,1.5027104591836735
Random,754,2.3483235836029053,12.585721015930176,17,1,45,50,1.5027104591836735
Superpixel,1025,5.277656078338623,12.694380760192873,18,1,46,50,2.04280931122449
CAM,1025,1.906266570091248,12.694380760192873,18,1,46,50,2.04280931122449
FAM,1025,1.5885237455368042,12.694380760192873,18,1,46,50,2.04280931122449
Random,1025,0.7645016312599182,12.694380760192873,18,1,46,50,2.04280931122449
Superpixel,1429,3.764122009277344,12.989941596984863,19,1,46,50,2.8479751275510203
CAM,1429,2.5312588214874268,12.989941596984863,19,1,46,50,2.8479751275510203
FAM,1429,2.150711297988892,12.989941596984863,19,1,46,50,2.8479751275510203
Random,1429,1.2693954706192017,12.989941596984863,19,1,46,50,2.8479751275510203
Superpixel,1074,3.291510343551636,16.128185272216797,20,1,46,50,2.14046556122449
CAM,1074,1.285224437713623,16.128185272216797,20,1,46,50,2.14046556122449
FAM,1074,0.292397528886795,16.128185272216797,20,1,46,50,2.14046556122449
Random,1074,0.7697325348854065,16.128185272216797,20,1,46,50,2.14046556122449
Superpixel,1106,3.5571610927581787,12.184077262878418,21,1,46,50,2.204241071428572
CAM,1106,1.037083864212036,12.184077262878418,21,1,46,50,2.204241071428572
FAM,1106,0.4585326015949249,12.184077262878418,21,1,46,50,2.204241071428572
Random,1106,1.0324692726135254,12.184077262878418,21,1,46,50,2.204241071428572
Superpixel,547,3.2068371772766118,14.059261322021484,22,1,48,50,1.0901626275510203
CAM,547,0.8328988552093506,14.059261322021484,22,1,48,50,1.0901626275510203
FAM,547,0.2203924059867859,14.059261322021484,22,1,48,50,1.0901626275510203
Random,547,0.0743978321552276,14.059261322021484,22,1,48,50,1.0901626275510203
Superpixel,1130,3.649091482162476,12.09141731262207,23,1,41,50,2.2520727040816326
CAM,1130,0.8251920938491821,12.09141731262207,23,1,41,50,2.2520727040816326
FAM,1130,0.1571860015392303,12.09141731262207,23,1,41,50,2.2520727040816326
Random,1130,1.0720133781433103,12.09141731262207,23,1,41,50,2.2520727040816326
Superpixel,1107,4.661036491394043,12.06894302368164,24,1,46,50,2.206234056122449
CAM,1107,1.830793619155884,12.06894302368164,24,1,46,50,2.206234056122449
FAM,1107,2.9381086826324463,12.06894302368164,24,1,46,50,2.206234056122449
Random,1107,3.476196765899658,12.06894302368164,24,1,46,50,2.206234056122449
Superpixel,1047,2.824294328689575,9.44813632965088,25,1,47,50,2.086654974489796
CAM,1047,1.0173455476760864,9.44813632965088,25,1,47,50,2.086654974489796
FAM,1047,1.3944717645645142,9.44813632965088,25,1,47,50,2.086654974489796
Random,1047,1.8181984424591064,9.44813632965088,25,1,47,50,2.086654974489796
Superpixel,1083,8.744147300720215,13.162083625793455,26,1,45,50,2.158402423469388
CAM,1083,3.6373817920684814,13.162083625793455,26,1,45,50,2.158402423469388
FAM,1083,2.2478339672088623,13.162083625793455,26,1,45,50,2.158402423469388
Random,1083,2.639521837234497,13.162083625793455,26,1,45,50,2.158402423469388
Superpixel,1478,3.0135459899902344,12.336620330810549,27,1,47,50,2.9456313775510203
CAM,1478,3.0404129028320312,12.336620330810549,27,1,47,50,2.9456313775510203
FAM,1478,1.4681577682495115,12.336620330810549,27,1,47,50,2.9456313775510203
Random,1478,2.068244695663452,12.336620330810549,27,1,47,50,2.9456313775510203
Superpixel,1529,4.782865047454834,12.569396018981934,28,1,48,50,3.0472735969387754
CAM,1529,1.428184151649475,12.569396018981934,28,1,48,50,3.0472735969387754
FAM,1529,-0.6742256283760071,12.569396018981934,28,1,48,50,3.0472735969387754
Random,1529,2.917510271072388,12.569396018981934,28,1,48,50,3.0472735969387754
Superpixel,1673,4.234618663787842,11.978230476379396,29,1,47,50,3.3342633928571432
CAM,1673,0.8960628509521484,11.978230476379396,29,1,47,50,3.3342633928571432
FAM,1673,3.2572410106658936,11.978230476379396,29,1,47,50,3.3342633928571432
Random,1673,1.4824278354644775,11.978230476379396,29,1,47,50,3.3342633928571432
Superpixel,996,4.102112770080566,9.819235801696776,30,1,49,50,1.985012755102041
CAM,996,0.8029592037200928,9.819235801696776,30,1,49,50,1.985012755102041
FAM,996,1.1182917356491089,9.819235801696776,30,1,49,50,1.985012755102041
Random,996,1.0605168342590332,9.819235801696776,30,1,49,50,1.985012755102041
Superpixel,906,6.682782173156738,10.437777519226074,31,1,45,50,1.805644132653061
CAM,906,0.9565032720565796,10.437777519226074,31,1,45,50,1.805644132653061
FAM,906,1.2761119604110718,10.437777519226074,31,1,45,50,1.805644132653061
Random,906,0.569959282875061,10.437777519226074,31,1,45,50,1.805644132653061
Superpixel,847,7.898331642150879,14.931035041809082,32,1,44,50,1.6880580357142856
CAM,847,0.6447172164916992,14.931035041809082,32,1,44,50,1.6880580357142856
FAM,847,3.613144874572754,14.931035041809082,32,1,44,50,1.6880580357142856
Random,847,1.6537688970565796,14.931035041809082,32,1,44,50,1.6880580357142856
Superpixel,2229,10.735163688659668,16.01531219482422,33,1,46,50,4.442362882653061
CAM,2229,6.039358139038086,16.01531219482422,33,1,46,50,4.442362882653061
FAM,2229,2.4068422317504883,16.01531219482422,33,1,46,50,4.442362882653061
Random,2229,1.8427908420562744,16.01531219482422,33,1,46,50,4.442362882653061
Superpixel,563,5.800240993499756,8.661576271057129,34,1,47,50,1.1220503826530612
CAM,563,2.2378833293914795,8.661576271057129,34,1,47,50,1.1220503826530612
FAM,563,1.07310152053833,8.661576271057129,34,1,47,50,1.1220503826530612
Random,563,2.327808618545532,8.661576271057129,34,1,47,50,1.1220503826530612
Superpixel,1054,6.64984655380249,13.425541877746582,35,1,43,50,2.100605867346939
CAM,1054,1.417289972305298,13.425541877746582,35,1,43,50,2.100605867346939
FAM,1054,2.8609819412231445,13.425541877746582,35,1,43,50,2.100605867346939
Random,1054,2.847512722015381,13.425541877746582,35,1,43,50,2.100605867346939
Superpixel,1624,9.147787094116213,16.96900749206543,36,1,47,50,3.2366071428571432
CAM,1624,1.8086298704147337,16.96900749206543,36,1,47,50,3.2366071428571432
FAM,1624,1.4200879335403442,16.96900749206543,36,1,47,50,3.2366071428571432
Random,1624,1.736457109451294,16.96900749206543,36,1,47,50,3.2366071428571432
Superpixel,1054,7.518005847930908,13.132783889770508,37,1,46,50,2.100605867346939
CAM,1054,2.958433151245117,13.132783889770508,37,1,46,50,2.100605867346939
FAM,1054,3.84636664390564,13.132783889770508,37,1,46,50,2.100605867346939
Random,1054,2.2931149005889893,13.132783889770508,37,1,46,50,2.100605867346939
Superpixel,816,5.182621002197266,10.501419067382812,38,1,48,50,1.6262755102040818
CAM,816,1.895658016204834,10.501419067382812,38,1,48,50,1.6262755102040818
FAM,816,1.5220792293548584,10.501419067382812,38,1,48,50,1.6262755102040818
Random,816,2.2871038913726807,10.501419067382812,38,1,48,50,1.6262755102040818
Superpixel,1211,8.944499015808105,14.97776699066162,39,1,45,50,2.4135044642857144
CAM,1211,5.059106826782227,14.97776699066162,39,1,45,50,2.4135044642857144
FAM,1211,1.907269835472107,14.97776699066162,39,1,45,50,2.4135044642857144
Random,1211,1.5283143520355225,14.97776699066162,39,1,45,50,2.4135044642857144
Superpixel,1820,6.702174663543701,14.156771659851074,40,1,42,50,3.6272321428571432
CAM,1820,3.613704681396485,14.156771659851074,40,1,42,50,3.6272321428571432
FAM,1820,2.5548365116119385,14.156771659851074,40,1,42,50,3.6272321428571432
Random,1820,2.1252429485321045,14.156771659851074,40,1,42,50,3.6272321428571432
Superpixel,729,3.863772630691528,9.808170318603516,41,1,46,50,1.4528858418367347
CAM,729,1.7613507509231567,9.808170318603516,41,1,46,50,1.4528858418367347
FAM,729,0.9157581925392152,9.808170318603516,41,1,46,50,1.4528858418367347
Random,729,1.5639830827713013,9.808170318603516,41,1,46,50,1.4528858418367347
Superpixel,1703,5.478062152862549,6.9113450050354,42,1,46,50,3.394052933673469
CAM,1703,2.359203577041626,6.9113450050354,42,1,46,50,3.394052933673469
FAM,1703,1.8193076848983765,6.9113450050354,42,1,46,50,3.394052933673469
Random,1703,0.947323739528656,6.9113450050354,42,1,46,50,3.394052933673469
Superpixel,932,7.785115718841553,8.154461860656738,43,1,46,50,1.857461734693877
CAM,932,1.8940584659576416,8.154461860656738,43,1,46,50,1.857461734693877
FAM,932,2.137935876846313,8.154461860656738,43,1,46,50,1.857461734693877
Random,932,1.4636189937591553,8.154461860656738,43,1,46,50,1.857461734693877
Superpixel,629,1.2615540027618408,7.419267177581787,44,1,48,50,1.2535873724489797
CAM,629,-0.5799578428268433,7.419267177581787,44,1,48,50,1.2535873724489797
FAM,629,-0.531581699848175,7.419267177581787,44,1,48,50,1.2535873724489797
Random,629,-1.0818904638290403,7.419267177581787,44,1,48,50,1.2535873724489797
Superpixel,1692,7.001667499542236,16.02260971069336,45,1,46,50,3.3721301020408165
CAM,1692,0.8937807083129883,16.02260971069336,45,1,46,50,3.3721301020408165
FAM,1692,3.39938759803772,16.02260971069336,45,1,46,50,3.3721301020408165
Random,1692,2.186269044876098,16.02260971069336,45,1,46,50,3.3721301020408165
Superpixel,719,6.435895442962647,13.61289119720459,46,1,44,50,1.432955994897959
CAM,719,3.80401611328125,13.61289119720459,46,1,44,50,1.432955994897959
FAM,719,1.3358867168426514,13.61289119720459,46,1,44,50,1.432955994897959
Random,719,0.6131241917610168,13.61289119720459,46,1,44,50,1.432955994897959
Superpixel,1903,7.313453197479248,12.235228538513184,47,1,41,50,3.79264987244898
CAM,1903,3.62049412727356,12.235228538513184,47,1,41,50,3.79264987244898
FAM,1903,3.75699234008789,12.235228538513184,47,1,41,50,3.79264987244898
Random,1903,2.6235568523406982,12.235228538513184,47,1,41,50,3.79264987244898
Superpixel,1074,5.3366217613220215,6.241652488708496,48,1,49,50,2.14046556122449
CAM,1074,3.995344877243042,6.241652488708496,48,1,49,50,2.14046556122449
FAM,1074,2.3714711666107178,6.241652488708496,48,1,49,50,2.14046556122449
Random,1074,2.706106424331665,6.241652488708496,48,1,49,50,2.14046556122449
Superpixel,944,5.528017997741699,9.01724624633789,49,1,46,50,1.8813775510204085
CAM,944,2.759267807006836,9.01724624633789,49,1,46,50,1.8813775510204085
FAM,944,1.4452929496765137,9.01724624633789,49,1,46,50,1.8813775510204085
Random,944,2.9173858165740967,9.01724624633789,49,1,46,50,1.8813775510204085
Superpixel,1473,7.032066822052002,12.316967964172363,50,1,45,50,2.9356664540816326
CAM,1473,3.8352344036102295,12.316967964172363,50,1,45,50,2.9356664540816326
FAM,1473,3.4589288234710693,12.316967964172363,50,1,45,50,2.9356664540816326
Random,1473,3.339017629623413,12.316967964172363,50,1,45,50,2.9356664540816326
Superpixel,1273,3.4958865642547607,9.366311073303224,51,1,48,50,2.5370695153061225
CAM,1273,1.3800448179244995,9.366311073303224,51,1,48,50,2.5370695153061225
FAM,1273,2.988055229187012,9.366311073303224,51,1,48,50,2.5370695153061225
Random,1273,2.680899143218994,9.366311073303224,51,1,48,50,2.5370695153061225
Superpixel,1615,7.13518762588501,11.969888687133787,52,1,45,50,3.218670280612245
CAM,1615,2.9848599433898926,11.969888687133787,52,1,45,50,3.218670280612245
FAM,1615,2.6561946868896484,11.969888687133787,52,1,45,50,3.218670280612245
Random,1615,1.3130953311920166,11.969888687133787,52,1,45,50,3.218670280612245
Superpixel,1482,6.3717803955078125,8.190380096435547,53,1,45,50,2.9536033163265305
CAM,1482,2.0391201972961426,8.190380096435547,53,1,45,50,2.9536033163265305
FAM,1482,2.472719669342041,8.190380096435547,53,1,45,50,2.9536033163265305
Random,1482,2.008263111114502,8.190380096435547,53,1,45,50,2.9536033163265305
Superpixel,745,7.511034488677978,14.023322105407717,54,1,47,50,1.4847735969387754
CAM,745,2.0127532482147217,14.023322105407717,54,1,47,50,1.4847735969387754
FAM,745,1.4938929080963137,14.023322105407717,54,1,47,50,1.4847735969387754
Random,745,2.9396259784698486,14.023322105407717,54,1,47,50,1.4847735969387754
Superpixel,1097,7.813742637634277,13.847554206848145,55,1,47,50,2.1863042091836737
CAM,1097,2.742976665496826,13.847554206848145,55,1,47,50,2.1863042091836737
FAM,1097,2.4065141677856445,13.847554206848145,55,1,47,50,2.1863042091836737
Random,1097,2.4668009281158447,13.847554206848145,55,1,47,50,2.1863042091836737
Superpixel,573,6.784103393554688,9.499467849731444,56,1,46,50,1.1419802295918369
CAM,573,1.1250406503677368,9.499467849731444,56,1,46,50,1.1419802295918369
FAM,573,1.456682801246643,9.499467849731444,56,1,46,50,1.1419802295918369
Random,573,3.863412857055664,9.499467849731444,56,1,46,50,1.1419802295918369
Superpixel,1339,6.375357151031494,15.408567428588867,57,1,45,50,2.6686065051020407
CAM,1339,4.966907024383545,15.408567428588867,57,1,45,50,2.6686065051020407
FAM,1339,4.758316040039063,15.408567428588867,57,1,45,50,2.6686065051020407
Random,1339,4.504112720489502,15.408567428588867,57,1,45,50,2.6686065051020407
Superpixel,596,7.750131607055664,7.831768989562988,58,1,44,50,1.1878188775510203
CAM,596,0.8667346239089966,7.831768989562988,58,1,44,50,1.1878188775510203
FAM,596,1.307507872581482,7.831768989562988,58,1,44,50,1.1878188775510203
Random,596,1.1083288192749023,7.831768989562988,58,1,44,50,1.1878188775510203
Superpixel,1736,6.035621166229248,10.82791805267334,59,1,47,50,3.459821428571429
CAM,1736,5.5831618309021,10.82791805267334,59,1,47,50,3.459821428571429
FAM,1736,3.3583004474639893,10.82791805267334,59,1,47,50,3.459821428571429
Random,1736,3.907818078994751,10.82791805267334,59,1,47,50,3.459821428571429
Superpixel,1459,6.970712661743164,11.512099266052246,60,1,47,50,2.907764668367347
CAM,1459,3.3457674980163574,11.512099266052246,60,1,47,50,2.907764668367347
FAM,1459,1.8309009075164795,11.512099266052246,60,1,47,50,2.907764668367347
Random,1459,1.851427793502808,11.512099266052246,60,1,47,50,2.907764668367347
Superpixel,719,3.526476621627808,6.567867755889893,61,1,49,50,1.432955994897959
CAM,719,1.0427348613739014,6.567867755889893,61,1,49,50,1.432955994897959
FAM,719,0.1625518798828125,6.567867755889893,61,1,49,50,1.432955994897959
Random,719,1.3100707530975342,6.567867755889893,61,1,49,50,1.432955994897959
Superpixel,2013,6.712950706481934,12.996379852294922,62,1,46,50,4.01187818877551
CAM,2013,3.321152210235596,12.996379852294922,62,1,46,50,4.01187818877551
FAM,2013,5.367747783660889,12.996379852294922,62,1,46,50,4.01187818877551
Random,2013,4.276055335998535,12.996379852294922,62,1,46,50,4.01187818877551
Superpixel,1008,6.078869819641113,13.005719184875488,63,1,46,50,2.008928571428572
CAM,1008,2.164371490478516,13.005719184875488,63,1,46,50,2.008928571428572
FAM,1008,1.798326015472412,13.005719184875488,63,1,46,50,2.008928571428572
Random,1008,3.6269302368164062,13.005719184875488,63,1,46,50,2.008928571428572
Superpixel,843,5.94373893737793,14.693999290466309,64,1,49,50,1.6800860969387754
CAM,843,1.8555785417556765,14.693999290466309,64,1,49,50,1.6800860969387754
FAM,843,1.8451111316680908,14.693999290466309,64,1,49,50,1.6800860969387754
Random,843,2.531818151473999,14.693999290466309,64,1,49,50,1.6800860969387754
Superpixel,751,6.21891975402832,14.149901390075684,65,1,47,50,1.496731505102041
CAM,751,2.7328104972839355,14.149901390075684,65,1,47,50,1.496731505102041
FAM,751,2.041415214538574,14.149901390075684,65,1,47,50,1.496731505102041
Random,751,2.4036784172058105,14.149901390075684,65,1,47,50,1.496731505102041
Superpixel,593,6.315024375915527,18.68174362182617,66,1,43,50,1.1818399234693877
CAM,593,2.8003692626953125,18.68174362182617,66,1,43,50,1.1818399234693877
FAM,593,1.6598448753356934,18.68174362182617,66,1,43,50,1.1818399234693877
Random,593,1.7516000270843506,18.68174362182617,66,1,43,50,1.1818399234693877
Superpixel,899,1.8188486099243164,5.601407051086426,67,1,44,50,1.7916932397959182
CAM,899,0.9199231863021852,5.601407051086426,67,1,44,50,1.7916932397959182
FAM,899,0.7206078171730042,5.601407051086426,67,1,44,50,1.7916932397959182
Random,899,-0.6734029054641724,5.601407051086426,67,1,44,50,1.7916932397959182
Superpixel,2133,6.40598201751709,15.8436918258667,68,1,43,50,4.251036352040816
CAM,2133,3.564527750015259,15.8436918258667,68,1,43,50,4.251036352040816
FAM,2133,2.940804481506348,15.8436918258667,68,1,43,50,4.251036352040816
Random,2133,3.117546558380127,15.8436918258667,68,1,43,50,4.251036352040816
Superpixel,1258,8.716904640197754,10.574131965637209,69,1,46,50,2.5071747448979598
CAM,1258,2.2828481197357178,10.574131965637209,69,1,46,50,2.5071747448979598
FAM,1258,3.2663116455078125,10.574131965637209,69,1,46,50,2.5071747448979598
Random,1258,1.655486226081848,10.574131965637209,69,1,46,50,2.5071747448979598
Superpixel,873,6.321307182312012,10.96778392791748,70,1,45,50,1.739875637755102
CAM,873,2.786790370941162,10.96778392791748,70,1,45,50,1.739875637755102
FAM,873,1.8295872211456297,10.96778392791748,70,1,45,50,1.739875637755102
Random,873,3.12460994720459,10.96778392791748,70,1,45,50,1.739875637755102
Superpixel,916,6.895511627197266,13.712986946105955,71,1,44,50,1.8255739795918369
CAM,916,3.0111067295074463,13.712986946105955,71,1,44,50,1.8255739795918369
FAM,916,1.347713828086853,13.712986946105955,71,1,44,50,1.8255739795918369
Random,916,2.10459041595459,13.712986946105955,71,1,44,50,1.8255739795918369
Superpixel,918,6.869430065155029,7.891994476318359,72,1,45,50,1.829559948979592
CAM,918,2.1268882751464844,7.891994476318359,72,1,45,50,1.829559948979592
FAM,918,2.340902805328369,7.891994476318359,72,1,45,50,1.829559948979592
Random,918,1.6022692918777466,7.891994476318359,72,1,45,50,1.829559948979592
Superpixel,1214,7.515615463256836,9.226783752441406,73,1,43,50,2.419483418367347
CAM,1214,2.0002849102020264,9.226783752441406,73,1,43,50,2.419483418367347
FAM,1214,1.3140469789505005,9.226783752441406,73,1,43,50,2.419483418367347
Random,1214,2.6228535175323486,9.226783752441406,73,1,43,50,2.419483418367347
Superpixel,1891,5.933457374572754,13.885249137878418,74,1,40,50,3.768734056122449
CAM,1891,4.83685827255249,13.885249137878418,74,1,40,50,3.768734056122449
FAM,1891,4.860482215881348,13.885249137878418,74,1,40,50,3.768734056122449
Random,1891,5.413913726806641,13.885249137878418,74,1,40,50,3.768734056122449
Superpixel,984,7.95017147064209,12.7848539352417,75,1,46,50,1.9610969387755104
CAM,984,4.43717622756958,12.7848539352417,75,1,46,50,1.9610969387755104
FAM,984,1.4902000427246094,12.7848539352417,75,1,46,50,1.9610969387755104
Random,984,2.4554667472839355,12.7848539352417,75,1,46,50,1.9610969387755104
Superpixel,2467,8.529349327087402,14.082791328430176,76,1,44,50,4.916693239795919
CAM,2467,4.054766654968262,14.082791328430176,76,1,44,50,4.916693239795919
FAM,2467,3.2027759552001958,14.082791328430176,76,1,44,50,4.916693239795919
Random,2467,2.7454540729522705,14.082791328430176,76,1,44,50,4.916693239795919
Superpixel,1134,6.76729679107666,11.567422866821287,77,1,48,50,2.260044642857143
CAM,1134,1.5361719131469729,11.567422866821287,77,1,48,50,2.260044642857143
FAM,1134,4.139369010925293,11.567422866821287,77,1,48,50,2.260044642857143
Random,1134,2.3277158737182617,11.567422866821287,77,1,48,50,2.260044642857143
Superpixel,1137,6.199456214904785,9.01831340789795,78,1,46,50,2.2660235969387754
CAM,1137,3.804429292678833,9.01831340789795,78,1,46,50,2.2660235969387754
FAM,1137,2.2650022506713867,9.01831340789795,78,1,46,50,2.2660235969387754
Random,1137,3.041172742843628,9.01831340789795,78,1,46,50,2.2660235969387754
Superpixel,1617,4.169733047485352,11.042000770568848,79,1,47,50,3.22265625
CAM,1617,1.2367428541183472,11.042000770568848,79,1,47,50,3.22265625
FAM,1617,0.9070162177085876,11.042000770568848,79,1,47,50,3.22265625
Random,1617,0.8741796612739563,11.042000770568848,79,1,47,50,3.22265625
Superpixel,1227,7.020456314086914,13.937752723693848,80,1,49,50,2.445392219387755
CAM,1227,1.831712365150452,13.937752723693848,80,1,49,50,2.445392219387755
FAM,1227,1.934738039970398,13.937752723693848,80,1,49,50,2.445392219387755
Random,1227,1.6283460855484009,13.937752723693848,80,1,49,50,2.445392219387755
Superpixel,1648,6.595780372619629,15.349525451660156,81,1,46,50,3.284438775510204
CAM,1648,3.0593419075012207,15.349525451660156,81,1,46,50,3.284438775510204
FAM,1648,1.759723424911499,15.349525451660156,81,1,46,50,3.284438775510204
Random,1648,3.184713363647461,15.349525451660156,81,1,46,50,3.284438775510204
Superpixel,1196,7.397089004516602,17.41687774658203,82,1,47,50,2.383609693877551
CAM,1196,2.884036064147949,17.41687774658203,82,1,47,50,2.383609693877551
FAM,1196,2.317922592163086,17.41687774658203,82,1,47,50,2.383609693877551
Random,1196,2.5180225372314453,17.41687774658203,82,1,47,50,2.383609693877551
Superpixel,1539,5.910360813140869,10.657397270202637,83,1,45,50,3.067203443877551
CAM,1539,2.9217982292175293,10.657397270202637,83,1,45,50,3.067203443877551
FAM,1539,2.879844188690185,10.657397270202637,83,1,45,50,3.067203443877551
Random,1539,3.664692878723145,10.657397270202637,83,1,45,50,3.067203443877551
Superpixel,1012,7.151954650878906,13.52542209625244,84,1,48,50,2.016900510204082
CAM,1012,1.944769263267517,13.52542209625244,84,1,48,50,2.016900510204082
FAM,1012,1.8466205596923828,13.52542209625244,84,1,48,50,2.016900510204082
Random,1012,1.7747843265533447,13.52542209625244,84,1,48,50,2.016900510204082
Superpixel,1077,8.097506523132324,18.503782272338867,85,1,49,50,2.1464445153061225
CAM,1077,2.6760332584381104,18.503782272338867,85,1,49,50,2.1464445153061225
FAM,1077,2.956870079040528,18.503782272338867,85,1,49,50,2.1464445153061225
Random,1077,2.2304582595825195,18.503782272338867,85,1,49,50,2.1464445153061225
Superpixel,777,6.460642814636231,15.802794456481934,86,1,46,50,1.5485491071428572
CAM,777,1.757535457611084,15.802794456481934,86,1,46,50,1.5485491071428572
FAM,777,2.2467427253723145,15.802794456481934,86,1,46,50,1.5485491071428572
Random,777,2.2998085021972656,15.802794456481934,86,1,46,50,1.5485491071428572
Superpixel,520,5.934674739837647,15.148703575134276,87,1,48,50,1.0363520408163265
CAM,520,1.8543925285339355,15.148703575134276,87,1,48,50,1.0363520408163265
FAM,520,2.0360422134399414,15.148703575134276,87,1,48,50,1.0363520408163265
Random,520,2.460478544235229,15.148703575134276,87,1,48,50,1.0363520408163265
Superpixel,1154,-0.3480131924152374,11.899752616882324,88,1,44,50,2.2999043367346936
CAM,1154,-0.5994679927825928,11.899752616882324,88,1,44,50,2.2999043367346936
FAM,1154,-0.4481407701969147,11.899752616882324,88,1,44,50,2.2999043367346936
Random,1154,-0.0439446009695529,11.899752616882324,88,1,44,50,2.2999043367346936
Superpixel,1193,0.6918011903762817,11.500370025634766,89,1,46,50,2.377630739795918
CAM,1193,0.1967530250549316,11.500370025634766,89,1,46,50,2.377630739795918
FAM,1193,-1.058890700340271,11.500370025634766,89,1,46,50,2.377630739795918
Random,1193,-0.5630820393562317,11.500370025634766,89,1,46,50,2.377630739795918
Superpixel,1367,-0.3827686905860901,6.8654656410217285,90,1,45,50,2.7244100765306123
CAM,1367,-1.249369978904724,6.8654656410217285,90,1,45,50,2.7244100765306123
FAM,1367,-1.17498517036438,6.8654656410217285,90,1,45,50,2.7244100765306123
Random,1367,-1.0778920650482178,6.8654656410217285,90,1,45,50,2.7244100765306123
Superpixel,1369,-0.0372103787958622,14.688021659851074,91,1,49,50,2.728396045918368
CAM,1369,-1.920618176460266,14.688021659851074,91,1,49,50,2.728396045918368
FAM,1369,-2.1642234325408936,14.688021659851074,91,1,49,50,2.728396045918368
Random,1369,-0.4337324202060699,14.688021659851074,91,1,49,50,2.728396045918368
Superpixel,1489,0.1250220239162445,10.596505165100098,92,1,46,50,2.9675542091836737
CAM,1489,-1.625766634941101,10.596505165100098,92,1,46,50,2.9675542091836737
FAM,1489,-1.61396586894989,10.596505165100098,92,1,46,50,2.9675542091836737
Random,1489,0.2482457458972931,10.596505165100098,92,1,46,50,2.9675542091836737
Superpixel,1389,1.043917179107666,13.045243263244627,93,1,45,50,2.768255739795918
CAM,1389,-0.2760133147239685,13.045243263244627,93,1,45,50,2.768255739795918
FAM,1389,-2.182737350463867,13.045243263244627,93,1,45,50,2.768255739795918
Random,1389,-0.8408390879631042,13.045243263244627,93,1,45,50,2.768255739795918
Superpixel,1201,-0.0322911031544208,9.30405616760254,94,1,43,50,2.393574617346939
CAM,1201,-1.3495553731918335,9.30405616760254,94,1,43,50,2.393574617346939
FAM,1201,-0.4640974998474121,9.30405616760254,94,1,43,50,2.393574617346939
Random,1201,0.1496617197990417,9.30405616760254,94,1,43,50,2.393574617346939
Superpixel,1142,0.32188880443573,14.818351745605469,95,1,44,50,2.275988520408164
CAM,1142,-1.1442686319351196,14.818351745605469,95,1,44,50,2.275988520408164
FAM,1142,-0.6475847363471985,14.818351745605469,95,1,44,50,2.275988520408164
Random,1142,-0.856360912322998,14.818351745605469,95,1,44,50,2.275988520408164
Superpixel,1939,-0.075103610754013,12.893231391906738,96,1,42,50,3.864397321428571
CAM,1939,-3.054591417312622,12.893231391906738,96,1,42,50,3.864397321428571
FAM,1939,-0.0872246026992797,12.893231391906738,96,1,42,50,3.864397321428571
Random,1939,-1.2202107906341553,12.893231391906738,96,1,42,50,3.864397321428571
Superpixel,1151,0.0322530232369899,13.632012367248535,97,1,47,50,2.293925382653061
CAM,1151,-0.3360983729362488,13.632012367248535,97,1,47,50,2.293925382653061
FAM,1151,-1.159011960029602,13.632012367248535,97,1,47,50,2.293925382653061
Random,1151,-0.5735911130905151,13.632012367248535,97,1,47,50,2.293925382653061
Superpixel,2083,-0.0317683853209018,17.183658599853516,98,1,44,50,4.151387117346939
CAM,2083,-2.3076016902923584,17.183658599853516,98,1,44,50,4.151387117346939
FAM,2083,0.0085785947740077,17.183658599853516,98,1,44,50,4.151387117346939
Random,2083,1.1409772634506226,17.183658599853516,98,1,44,50,4.151387117346939
Superpixel,1558,0.194545716047287,14.828822135925291,99,1,46,50,3.1050701530612246
CAM,1558,-2.058827638626098,14.828822135925291,99,1,46,50,3.1050701530612246
FAM,1558,-0.131236582994461,14.828822135925291,99,1,46,50,3.1050701530612246
Random,1558,-1.5930144786834717,14.828822135925291,99,1,46,50,3.1050701530612246
Superpixel,802,-0.5239371061325073,12.216415405273438,100,1,49,50,1.5983737244897962
CAM,802,-2.2086386680603027,12.216415405273438,100,1,49,50,1.5983737244897962
FAM,802,-1.648080348968506,12.216415405273438,100,1,49,50,1.5983737244897962
Random,802,-1.7121254205703735,12.216415405273438,100,1,49,50,1.5983737244897962
Superpixel,1018,0.171779602766037,15.428936958312988,101,1,45,50,2.028858418367347
CAM,1018,-2.130288600921631,15.428936958312988,101,1,45,50,2.028858418367347
FAM,1018,-1.7368919849395752,15.428936958312988,101,1,45,50,2.028858418367347
Random,1018,-1.0678751468658447,15.428936958312988,101,1,45,50,2.028858418367347
Superpixel,1128,-0.2098171412944793,15.503938674926758,102,1,46,50,2.248086734693877
CAM,1128,-2.153480768203736,15.503938674926758,102,1,46,50,2.248086734693877
FAM,1128,-1.4034042358398438,15.503938674926758,102,1,46,50,2.248086734693877
Random,1128,-0.9785943031311036,15.503938674926758,102,1,46,50,2.248086734693877
Superpixel,1386,0.5174407362937927,18.070388793945312,103,1,42,50,2.7622767857142856
CAM,1386,-2.2486112117767334,18.070388793945312,103,1,42,50,2.7622767857142856
FAM,1386,-1.6928521394729614,18.070388793945312,103,1,42,50,2.7622767857142856
Random,1386,-0.4471421837806701,18.070388793945312,103,1,42,50,2.7622767857142856
Superpixel,989,0.3001889288425445,12.477803230285645,104,1,44,50,1.971061862244898
CAM,989,-1.618321180343628,12.477803230285645,104,1,44,50,1.971061862244898
FAM,989,-0.6766279339790344,12.477803230285645,104,1,44,50,1.971061862244898
Random,989,-0.9377182126045228,12.477803230285645,104,1,44,50,1.971061862244898
Superpixel,1081,0.5967172980308533,17.71215057373047,105,1,42,50,2.1544164540816326
CAM,1081,-1.4316636323928833,17.71215057373047,105,1,42,50,2.1544164540816326
FAM,1081,-0.947611689567566,17.71215057373047,105,1,42,50,2.1544164540816326
Random,1081,-0.906668484210968,17.71215057373047,105,1,42,50,2.1544164540816326
Superpixel,1327,0.0330305360257625,13.822314262390137,106,1,47,50,2.64469068877551
CAM,1327,-1.8872804641723635,13.822314262390137,106,1,47,50,2.64469068877551
FAM,1327,-0.8447237610816956,13.822314262390137,106,1,47,50,2.64469068877551
Random,1327,-1.180750012397766,13.822314262390137,106,1,47,50,2.64469068877551
Superpixel,2806,3.43698525428772,14.434985160827637,107,1,42,50,5.592315051020408
CAM,2806,-2.262953996658325,14.434985160827637,107,1,42,50,5.592315051020408
FAM,2806,-0.5222955942153931,14.434985160827637,107,1,42,50,5.592315051020408
Random,2806,0.3653664588928222,14.434985160827637,107,1,42,50,5.592315051020408
Superpixel,1869,1.1342229843139648,18.18814468383789,108,1,41,50,3.7248883928571432
CAM,1869,-1.854592442512512,18.18814468383789,108,1,41,50,3.7248883928571432
FAM,1869,-1.6974029541015625,18.18814468383789,108,1,41,50,3.7248883928571432
Random,1869,-0.5468393564224243,18.18814468383789,108,1,41,50,3.7248883928571432
Superpixel,960,1.2787405252456665,11.207807540893556,109,1,48,50,1.913265306122449
CAM,960,-0.6205729842185974,11.207807540893556,109,1,48,50,1.913265306122449
FAM,960,-1.616410255432129,11.207807540893556,109,1,48,50,1.913265306122449
Random,960,-1.033302664756775,11.207807540893556,109,1,48,50,1.913265306122449
Superpixel,1154,-0.0960485935211181,12.709710121154783,110,1,42,50,2.2999043367346936
CAM,1154,-2.658855676651001,12.709710121154783,110,1,42,50,2.2999043367346936
FAM,1154,-1.6207441091537476,12.709710121154783,110,1,42,50,2.2999043367346936
Random,1154,-0.5563797950744629,12.709710121154783,110,1,42,50,2.2999043367346936
Superpixel,1288,-0.1295981407165527,12.161798477172852,111,1,40,50,2.5669642857142856
CAM,1288,-1.8115321397781368,12.161798477172852,111,1,40,50,2.5669642857142856
FAM,1288,-0.2131615579128265,12.161798477172852,111,1,40,50,2.5669642857142856
Random,1288,-0.7850430011749268,12.161798477172852,111,1,40,50,2.5669642857142856
Superpixel,1664,0.0531665049493312,14.646283149719238,112,1,43,50,3.316326530612245
CAM,1664,-1.3756893873214722,14.646283149719238,112,1,43,50,3.316326530612245
FAM,1664,-2.0538041591644287,14.646283149719238,112,1,43,50,3.316326530612245
Random,1664,-3.540717840194702,14.646283149719238,112,1,43,50,3.316326530612245
Superpixel,1305,-0.1430006623268127,11.354926109313965,113,1,45,50,2.600845025510204
CAM,1305,-2.201972961425781,11.354926109313965,113,1,45,50,2.600845025510204
FAM,1305,-1.448149561882019,11.354926109313965,113,1,45,50,2.600845025510204
Random,1305,-0.3094397485256195,11.354926109313965,113,1,45,50,2.600845025510204
Superpixel,1461,2.329629421234131,11.279419898986816,114,1,49,50,2.911750637755102
CAM,1461,-2.000164270401001,11.279419898986816,114,1,49,50,2.911750637755102
FAM,1461,-1.091530203819275,11.279419898986816,114,1,49,50,2.911750637755102
Random,1461,-1.4773222208023071,11.279419898986816,114,1,49,50,2.911750637755102
Superpixel,1556,0.1120301783084869,9.643073081970217,115,1,45,50,3.101084183673469
CAM,1556,-1.142668604850769,9.643073081970217,115,1,45,50,3.101084183673469
FAM,1556,-1.717504382133484,9.643073081970217,115,1,45,50,3.101084183673469
Random,1556,0.4907636642456054,9.643073081970217,115,1,45,50,3.101084183673469
Superpixel,1152,3.395626306533813,9.141690254211426,116,1,45,50,2.295918367346939
CAM,1152,-0.3829029202461242,9.141690254211426,116,1,45,50,2.295918367346939
FAM,1152,0.5533027648925781,9.141690254211426,116,1,45,50,2.295918367346939
Random,1152,1.1524349451065063,9.141690254211426,116,1,45,50,2.295918367346939
Superpixel,1403,-0.2152193188667297,10.933367729187012,117,1,49,50,2.796157525510204
CAM,1403,-1.268036723136902,10.933367729187012,117,1,49,50,2.796157525510204
FAM,1403,-0.897191047668457,10.933367729187012,117,1,49,50,2.796157525510204
Random,1403,-1.1762710809707642,10.933367729187012,117,1,49,50,2.796157525510204
Superpixel,1793,2.5187721252441406,13.120966911315918,118,1,41,50,3.573421556122449
CAM,1793,4.780034065246582,13.120966911315918,118,1,41,50,3.573421556122449
FAM,1793,-0.5817360877990723,13.120966911315918,118,1,41,50,3.573421556122449
Random,1793,1.9235448837280276,13.120966911315918,118,1,41,50,3.573421556122449
Superpixel,1459,1.8630558252334597,16.402366638183594,119,1,46,50,2.907764668367347
CAM,1459,0.6140820980072021,16.402366638183594,119,1,46,50,2.907764668367347
FAM,1459,0.8735976815223694,16.402366638183594,119,1,46,50,2.907764668367347
Random,1459,1.678857445716858,16.402366638183594,119,1,46,50,2.907764668367347
Superpixel,1343,2.83486270904541,8.822118759155273,120,1,40,50,2.676578443877551
CAM,1343,0.8427935838699341,8.822118759155273,120,1,40,50,2.676578443877551
FAM,1343,0.1513006538152694,8.822118759155273,120,1,40,50,2.676578443877551
Random,1343,0.2144654542207718,8.822118759155273,120,1,40,50,2.676578443877551
Superpixel,867,1.7054519653320312,6.235069751739502,121,1,43,50,1.7279177295918366
CAM,867,4.862964153289795,6.235069751739502,121,1,43,50,1.7279177295918366
FAM,867,1.2093560695648191,6.235069751739502,121,1,43,50,1.7279177295918366
Random,867,0.0977503284811973,6.235069751739502,121,1,43,50,1.7279177295918366
Superpixel,1304,2.470067977905273,13.506736755371094,122,1,48,50,2.5988520408163263
CAM,1304,3.798859119415283,13.506736755371094,122,1,48,50,2.5988520408163263
FAM,1304,-1.261209487915039,13.506736755371094,122,1,48,50,2.5988520408163263
Random,1304,-0.8980132341384888,13.506736755371094,122,1,48,50,2.5988520408163263
Superpixel,1868,1.7632341384887695,11.120905876159668,123,1,40,50,3.722895408163265
CAM,1868,1.7588609457015991,11.120905876159668,123,1,40,50,3.722895408163265
FAM,1868,0.0150063335895538,11.120905876159668,123,1,40,50,3.722895408163265
Random,1868,0.2616143524646759,11.120905876159668,123,1,40,50,3.722895408163265
Superpixel,1115,2.4834094047546387,16.80983543395996,124,1,41,50,2.222177933673469
CAM,1115,0.79775470495224,16.80983543395996,124,1,41,50,2.222177933673469
FAM,1115,1.9635717868804927,16.80983543395996,124,1,41,50,2.222177933673469
Random,1115,0.8826786279678345,16.80983543395996,124,1,41,50,2.222177933673469
Superpixel,1160,4.495003700256348,16.302902221679688,125,1,44,50,2.3118622448979598
CAM,1160,0.7761785984039307,16.302902221679688,125,1,44,50,2.3118622448979598
FAM,1160,0.6832630634307861,16.302902221679688,125,1,44,50,2.3118622448979598
Random,1160,4.362508773803711,16.302902221679688,125,1,44,50,2.3118622448979598
Superpixel,1647,2.8259594440460205,14.29814910888672,126,1,44,50,3.2824457908163267
CAM,1647,-0.5792357921600342,14.29814910888672,126,1,44,50,3.2824457908163267
FAM,1647,0.8471553921699524,14.29814910888672,126,1,44,50,3.2824457908163267
Random,1647,-0.6983720064163208,14.29814910888672,126,1,44,50,3.2824457908163267
Superpixel,1472,3.269077777862549,13.200457572937012,127,1,46,50,2.933673469387755
CAM,1472,0.1613759249448776,13.200457572937012,127,1,46,50,2.933673469387755
FAM,1472,0.336177110671997,13.200457572937012,127,1,46,50,2.933673469387755
Random,1472,0.942119002342224,13.200457572937012,127,1,46,50,2.933673469387755
Superpixel,1043,2.521279811859131,9.345117568969728,128,1,48,50,2.0786830357142856
CAM,1043,0.6250126957893372,9.345117568969728,128,1,48,50,2.0786830357142856
FAM,1043,-0.3200819790363312,9.345117568969728,128,1,48,50,2.0786830357142856
Random,1043,-0.5451780557632446,9.345117568969728,128,1,48,50,2.0786830357142856
Superpixel,1944,5.504366397857666,13.32651424407959,129,1,45,50,3.8743622448979593
CAM,1944,5.187783241271973,13.32651424407959,129,1,45,50,3.8743622448979593
FAM,1944,0.832323431968689,13.32651424407959,129,1,45,50,3.8743622448979593
Random,1944,0.1994876414537429,13.32651424407959,129,1,45,50,3.8743622448979593
Superpixel,884,5.713865756988525,7.179259300231934,130,1,44,50,1.7617984693877553
CAM,884,2.289980173110962,7.179259300231934,130,1,44,50,1.7617984693877553
FAM,884,1.392153263092041,7.179259300231934,130,1,44,50,1.7617984693877553
Random,884,2.368628740310669,7.179259300231934,130,1,44,50,1.7617984693877553
Superpixel,1079,2.5855460166931152,12.296734809875488,131,1,46,50,2.150430484693877
CAM,1079,0.0876586213707923,12.296734809875488,131,1,46,50,2.150430484693877
FAM,1079,-0.5891279578208923,12.296734809875488,131,1,46,50,2.150430484693877
Random,1079,0.5143616795539856,12.296734809875488,131,1,46,50,2.150430484693877
Superpixel,1360,5.034284591674805,15.042993545532228,132,1,48,50,2.710459183673469
CAM,1360,3.091653347015381,15.042993545532228,132,1,48,50,2.710459183673469
FAM,1360,1.0470163822174072,15.042993545532228,132,1,48,50,2.710459183673469
Random,1360,-1.0177035331726074,15.042993545532228,132,1,48,50,2.710459183673469
Superpixel,1008,4.5804524421691895,12.704119682312012,133,1,40,50,2.008928571428572
CAM,1008,-0.1444728970527649,12.704119682312012,133,1,40,50,2.008928571428572
FAM,1008,0.7415423393249512,12.704119682312012,133,1,40,50,2.008928571428572
Random,1008,-0.5024248957633972,12.704119682312012,133,1,40,50,2.008928571428572
Superpixel,1516,7.773882865905762,9.561964988708496,134,1,44,50,3.021364795918368
CAM,1516,4.666739463806152,9.561964988708496,134,1,44,50,3.021364795918368
FAM,1516,0.9946391582489014,9.561964988708496,134,1,44,50,3.021364795918368
Random,1516,0.8391353487968445,9.561964988708496,134,1,44,50,3.021364795918368
Superpixel,1212,2.9779093265533447,11.64293098449707,135,1,41,50,2.415497448979592
CAM,1212,1.863486766815185,11.64293098449707,135,1,41,50,2.415497448979592
FAM,1212,0.6144236922264099,11.64293098449707,135,1,41,50,2.415497448979592
Random,1212,0.0297574326395988,11.64293098449707,135,1,41,50,2.415497448979592
Superpixel,1022,2.8837060928344727,11.275784492492676,136,1,47,50,2.036830357142857
CAM,1022,1.0576667785644531,11.275784492492676,136,1,47,50,2.036830357142857
FAM,1022,1.1875431537628174,11.275784492492676,136,1,47,50,2.036830357142857
Random,1022,0.7855468392372131,11.275784492492676,136,1,47,50,2.036830357142857
Superpixel,991,3.2443904876708984,15.144980430603027,137,1,45,50,1.975047831632653
CAM,991,1.5837184190750122,15.144980430603027,137,1,45,50,1.975047831632653
FAM,991,0.8166834712028503,15.144980430603027,137,1,45,50,1.975047831632653
Random,991,1.3464194536209106,15.144980430603027,137,1,45,50,1.975047831632653
Superpixel,1050,4.535472869873047,12.23999309539795,138,1,47,50,2.0926339285714284
CAM,1050,0.398755133152008,12.23999309539795,138,1,47,50,2.0926339285714284
FAM,1050,0.7251918911933899,12.23999309539795,138,1,47,50,2.0926339285714284
Random,1050,0.8429776430130005,12.23999309539795,138,1,47,50,2.0926339285714284
Superpixel,1147,2.233747720718384,6.806970119476318,139,1,46,50,2.285953443877551
CAM,1147,-0.5429813265800476,6.806970119476318,139,1,46,50,2.285953443877551
FAM,1147,-2.9836626052856445,6.806970119476318,139,1,46,50,2.285953443877551
Random,1147,-2.2832159996032715,6.806970119476318,139,1,46,50,2.285953443877551
Superpixel,1164,3.4591517448425293,11.610396385192873,140,1,48,50,2.319834183673469
CAM,1164,0.4756861627101898,11.610396385192873,140,1,48,50,2.319834183673469
FAM,1164,0.489040732383728,11.610396385192873,140,1,48,50,2.319834183673469
Random,1164,0.1450510621070861,11.610396385192873,140,1,48,50,2.319834183673469
Superpixel,965,4.942636966705322,15.713963508605955,141,1,44,50,1.9232302295918369
CAM,965,1.840678095817566,15.713963508605955,141,1,44,50,1.9232302295918369
FAM,965,1.3301622867584229,15.713963508605955,141,1,44,50,1.9232302295918369
Random,965,0.3631154894828796,15.713963508605955,141,1,44,50,1.9232302295918369
Superpixel,899,7.742993354797363,14.730679512023926,142,1,45,50,1.7916932397959182
CAM,899,0.2101565599441528,14.730679512023926,142,1,45,50,1.7916932397959182
FAM,899,0.0004697367548942,14.730679512023926,142,1,45,50,1.7916932397959182
Random,899,0.4841578006744385,14.730679512023926,142,1,45,50,1.7916932397959182
Superpixel,1945,7.383121013641357,14.311620712280272,143,1,43,50,3.876355229591837
CAM,1945,3.024842500686645,14.311620712280272,143,1,43,50,3.876355229591837
FAM,1945,2.695272207260132,14.311620712280272,143,1,43,50,3.876355229591837
Random,1945,0.4189125001430511,14.311620712280272,143,1,43,50,3.876355229591837
Superpixel,1682,6.99199914932251,13.337560653686523,144,1,42,50,3.3522002551020407
CAM,1682,1.4511407613754272,13.337560653686523,144,1,42,50,3.3522002551020407
FAM,1682,1.5304802656173706,13.337560653686523,144,1,42,50,3.3522002551020407
Random,1682,0.6691051721572876,13.337560653686523,144,1,42,50,3.3522002551020407
Superpixel,1035,3.264075517654419,17.006467819213867,145,1,45,50,2.0627391581632653
CAM,1035,0.3602344691753387,17.006467819213867,145,1,45,50,2.0627391581632653
FAM,1035,-0.4023719727993011,17.006467819213867,145,1,45,50,2.0627391581632653
Random,1035,0.6807876825332642,17.006467819213867,145,1,45,50,2.0627391581632653
Superpixel,687,3.526350498199463,13.564491271972656,146,1,42,50,1.3691804846938775
CAM,687,0.530012845993042,13.564491271972656,146,1,42,50,1.3691804846938775
FAM,687,-0.4324999749660492,13.564491271972656,146,1,42,50,1.3691804846938775
Random,687,0.9630292654037476,13.564491271972656,146,1,42,50,1.3691804846938775
Superpixel,859,3.2860121726989746,17.26859474182129,147,1,44,50,1.7119738520408163
CAM,859,1.1427137851715088,17.26859474182129,147,1,44,50,1.7119738520408163
FAM,859,0.6416028738021851,17.26859474182129,147,1,44,50,1.7119738520408163
Random,859,1.083308219909668,17.26859474182129,147,1,44,50,1.7119738520408163
Superpixel,683,1.6154403686523438,18.31349372863769,148,1,47,50,1.3612085459183674
CAM,683,1.0228348970413208,18.31349372863769,148,1,47,50,1.3612085459183674
FAM,683,0.7575010061264038,18.31349372863769,148,1,47,50,1.3612085459183674
Random,683,0.6238754987716675,18.31349372863769,148,1,47,50,1.3612085459183674
Superpixel,1103,1.4469455480575562,11.154372215270996,149,1,43,50,2.198262117346939
CAM,1103,-0.0254596173763275,11.154372215270996,149,1,43,50,2.198262117346939
FAM,1103,0.1565823853015899,11.154372215270996,149,1,43,50,2.198262117346939
Random,1103,-0.5623559951782227,11.154372215270996,149,1,43,50,2.198262117346939
Superpixel,1369,6.252356052398682,13.237960815429688,150,1,46,50,2.728396045918368
CAM,1369,0.8887732028961182,13.237960815429688,150,1,46,50,2.728396045918368
FAM,1369,-0.209640771150589,13.237960815429688,150,1,46,50,2.728396045918368
Random,1369,0.1520608365535736,13.237960815429688,150,1,46,50,2.728396045918368
Superpixel,901,3.3135008811950684,13.540781021118164,151,1,41,50,1.7956792091836735
CAM,901,0.3208031356334686,13.540781021118164,151,1,41,50,1.7956792091836735
FAM,901,0.9984073638916016,13.540781021118164,151,1,41,50,1.7956792091836735
Random,901,1.7208139896392822,13.540781021118164,151,1,41,50,1.7956792091836735
Superpixel,674,5.519626140594482,16.670333862304688,152,1,48,50,1.3432716836734695
CAM,674,-0.3863300383090973,16.670333862304688,152,1,48,50,1.3432716836734695
FAM,674,0.3550520837306976,16.670333862304688,152,1,48,50,1.3432716836734695
Random,674,0.7197200059890747,16.670333862304688,152,1,48,50,1.3432716836734695
Superpixel,858,5.093835353851318,14.594741821289062,153,1,46,50,1.709980867346939
CAM,858,0.4903694689273834,14.594741821289062,153,1,46,50,1.709980867346939
FAM,858,0.0067695081233978,14.594741821289062,153,1,46,50,1.709980867346939
Random,858,0.6852812767028809,14.594741821289062,153,1,46,50,1.709980867346939
Superpixel,599,3.608556270599365,13.016481399536133,154,1,46,50,1.1937978316326532
CAM,599,0.3676706850528717,13.016481399536133,154,1,46,50,1.1937978316326532
FAM,599,0.030744045972824,13.016481399536133,154,1,46,50,1.1937978316326532
Random,599,0.4638104140758514,13.016481399536133,154,1,46,50,1.1937978316326532
Superpixel,1402,6.838446140289307,9.030038833618164,155,1,47,50,2.7941645408163263
CAM,1402,0.1028259694576263,9.030038833618164,155,1,47,50,2.7941645408163263
FAM,1402,0.5529797077178955,9.030038833618164,155,1,47,50,2.7941645408163263
Random,1402,0.9402700662612916,9.030038833618164,155,1,47,50,2.7941645408163263
Superpixel,653,3.478696584701538,16.346372604370117,156,1,43,50,1.301419005102041
CAM,653,0.5631451606750488,16.346372604370117,156,1,43,50,1.301419005102041
FAM,653,1.005576729774475,16.346372604370117,156,1,43,50,1.301419005102041
Random,653,1.54076087474823,16.346372604370117,156,1,43,50,1.301419005102041
Superpixel,704,3.290130853652954,18.035762786865234,157,1,44,50,1.403061224489796
CAM,704,1.0564236640930176,18.035762786865234,157,1,44,50,1.403061224489796
FAM,704,0.960220217704773,18.035762786865234,157,1,44,50,1.403061224489796
Random,704,0.9797179698944092,18.035762786865234,157,1,44,50,1.403061224489796
Superpixel,697,2.70768404006958,14.329495429992676,158,1,48,50,1.3891103316326532
CAM,697,1.3715906143188477,14.329495429992676,158,1,48,50,1.3891103316326532
FAM,697,0.5786889791488647,14.329495429992676,158,1,48,50,1.3891103316326532
Random,697,0.0997924208641052,14.329495429992676,158,1,48,50,1.3891103316326532
Superpixel,949,5.038193702697754,15.876619338989258,159,1,42,50,1.891342474489796
CAM,949,0.9474774599075316,15.876619338989258,159,1,42,50,1.891342474489796
FAM,949,1.4679858684539795,15.876619338989258,159,1,42,50,1.891342474489796
Random,949,0.955979585647583,15.876619338989258,159,1,42,50,1.891342474489796
Superpixel,737,3.315887689590454,12.079415321350098,160,1,45,50,1.468829719387755
CAM,737,0.2339010536670684,12.079415321350098,160,1,45,50,1.468829719387755
FAM,737,0.8951436281204224,12.079415321350098,160,1,45,50,1.468829719387755
Random,737,0.842443585395813,12.079415321350098,160,1,45,50,1.468829719387755
Superpixel,1259,2.7791261672973637,17.422378540039062,161,1,45,50,2.5091677295918364
CAM,1259,0.0350984036922454,17.422378540039062,161,1,45,50,2.5091677295918364
FAM,1259,0.9224308729171752,17.422378540039062,161,1,45,50,2.5091677295918364
Random,1259,1.2686878442764282,17.422378540039062,161,1,45,50,2.5091677295918364
Superpixel,1129,2.429542303085327,15.753741264343262,162,1,46,50,2.250079719387755
CAM,1129,1.4325348138809204,15.753741264343262,162,1,46,50,2.250079719387755
FAM,1129,2.2707810401916504,15.753741264343262,162,1,46,50,2.250079719387755
Random,1129,0.233578473329544,15.753741264343262,162,1,46,50,2.250079719387755
Superpixel,1365,1.1797738075256348,11.835968017578123,163,1,43,50,2.720424107142857
CAM,1365,0.2291818559169769,11.835968017578123,163,1,43,50,2.720424107142857
FAM,1365,0.5123251676559448,11.835968017578123,163,1,43,50,2.720424107142857
Random,1365,-0.2583027184009552,11.835968017578123,163,1,43,50,2.720424107142857
Superpixel,2496,4.514299392700195,9.605253219604492,164,1,40,50,4.974489795918367
CAM,2496,1.3403806686401367,9.605253219604492,164,1,40,50,4.974489795918367
FAM,2496,-0.0200927555561065,9.605253219604492,164,1,40,50,4.974489795918367
Random,2496,0.6166125535964966,9.605253219604492,164,1,40,50,4.974489795918367
Superpixel,878,3.881014108657837,9.482483863830566,165,1,48,50,1.7498405612244898
CAM,878,0.4256563484668731,9.482483863830566,165,1,48,50,1.7498405612244898
FAM,878,1.1800192594528198,9.482483863830566,165,1,48,50,1.7498405612244898
Random,878,0.9161107540130616,9.482483863830566,165,1,48,50,1.7498405612244898
Superpixel,1862,4.561573505401611,12.970099449157717,166,1,45,50,3.7109375
CAM,1862,2.086040496826172,12.970099449157717,166,1,45,50,3.7109375
FAM,1862,2.58599853515625,12.970099449157717,166,1,45,50,3.7109375
Random,1862,-2.8894495964050293,12.970099449157717,166,1,45,50,3.7109375
Superpixel,923,3.802206516265869,14.106159210205078,167,1,49,50,1.83952487244898
CAM,923,-0.7655196189880371,14.106159210205078,167,1,49,50,1.83952487244898
FAM,923,-1.5994254350662231,14.106159210205078,167,1,49,50,1.83952487244898
Random,923,-1.9151862859725952,14.106159210205078,167,1,49,50,1.83952487244898
Superpixel,1127,3.624344825744629,15.383405685424805,168,1,48,50,2.24609375
CAM,1127,-0.186628445982933,15.383405685424805,168,1,48,50,2.24609375
FAM,1127,0.0656530112028122,15.383405685424805,168,1,48,50,2.24609375
Random,1127,-2.672478675842285,15.383405685424805,168,1,48,50,2.24609375
Superpixel,539,3.2006192207336426,9.903432846069336,169,1,47,50,1.07421875
CAM,539,0.939616322517395,9.903432846069336,169,1,47,50,1.07421875
FAM,539,0.9650224447250366,9.903432846069336,169,1,47,50,1.07421875
Random,539,-0.0472492277622222,9.903432846069336,169,1,47,50,1.07421875
Superpixel,1141,4.125890254974365,7.970113277435303,170,1,46,50,2.2739955357142856
CAM,1141,-1.8112791776657104,7.970113277435303,170,1,46,50,2.2739955357142856
FAM,1141,-2.055202007293701,7.970113277435303,170,1,46,50,2.2739955357142856
Random,1141,-1.7086340188980105,7.970113277435303,170,1,46,50,2.2739955357142856
Superpixel,1790,5.6800971031188965,8.926592826843262,171,1,47,50,3.5674426020408165
CAM,1790,4.483282089233398,8.926592826843262,171,1,47,50,3.5674426020408165
FAM,1790,1.5035524368286133,8.926592826843262,171,1,47,50,3.5674426020408165
Random,1790,0.5122783780097961,8.926592826843262,171,1,47,50,3.5674426020408165
Superpixel,1114,4.941411972045898,15.47469997406006,172,1,47,50,2.220184948979592
CAM,1114,0.5411942601203918,15.47469997406006,172,1,47,50,2.220184948979592
FAM,1114,-2.370913505554199,15.47469997406006,172,1,47,50,2.220184948979592
Random,1114,-2.820549488067627,15.47469997406006,172,1,47,50,2.220184948979592
Superpixel,2893,7.581566333770752,11.197237968444824,173,1,44,50,5.765704719387755
CAM,2893,1.368080496788025,11.197237968444824,173,1,44,50,5.765704719387755
FAM,2893,1.6189318895339966,11.197237968444824,173,1,44,50,5.765704719387755
Random,2893,-1.0591288805007937,11.197237968444824,173,1,44,50,5.765704719387755
Superpixel,1661,5.5151448249816895,15.447246551513672,174,1,47,50,3.3103475765306123
CAM,1661,-0.125702366232872,15.447246551513672,174,1,47,50,3.3103475765306123
FAM,1661,3.676072597503662,15.447246551513672,174,1,47,50,3.3103475765306123
Random,1661,-0.9585351943969728,15.447246551513672,174,1,47,50,3.3103475765306123
Superpixel,1051,1.4265278577804563,19.444435119628903,175,1,43,50,2.0946269132653064
CAM,1051,-2.360356330871582,19.444435119628903,175,1,43,50,2.0946269132653064
FAM,1051,-2.2448012828826904,19.444435119628903,175,1,43,50,2.0946269132653064
Random,1051,-2.5427937507629395,19.444435119628903,175,1,43,50,2.0946269132653064
Superpixel,662,2.499992847442627,13.659045219421388,176,1,46,50,1.3193558673469388
CAM,662,-0.1953777223825454,13.659045219421388,176,1,46,50,1.3193558673469388
FAM,662,-1.768797755241394,13.659045219421388,176,1,46,50,1.3193558673469388
Random,662,-3.011162281036377,13.659045219421388,176,1,46,50,1.3193558673469388
Superpixel,1468,2.749375104904175,11.38173007965088,177,1,44,50,2.925701530612245
CAM,1468,-0.7050642967224121,11.38173007965088,177,1,44,50,2.925701530612245
FAM,1468,0.6953423023223877,11.38173007965088,177,1,44,50,2.925701530612245
Random,1468,-0.8107796907424927,11.38173007965088,177,1,44,50,2.925701530612245
Superpixel,1925,4.350798606872559,11.553726196289062,178,1,47,50,3.8364955357142856
CAM,1925,-0.5940466523170471,11.553726196289062,178,1,47,50,3.8364955357142856
FAM,1925,0.3923775851726532,11.553726196289062,178,1,47,50,3.8364955357142856
Random,1925,0.0622256807982921,11.553726196289062,178,1,47,50,3.8364955357142856
Superpixel,1110,2.0701820850372314,11.74983024597168,179,1,43,50,2.212213010204082
CAM,1110,-1.351319432258606,11.74983024597168,179,1,43,50,2.212213010204082
FAM,1110,-2.050234079360962,11.74983024597168,179,1,43,50,2.212213010204082
Random,1110,-1.7974451780319214,11.74983024597168,179,1,43,50,2.212213010204082
Superpixel,1081,0.6482632160186768,11.495020866394045,180,1,45,50,2.1544164540816326
CAM,1081,-1.688012957572937,11.495020866394045,180,1,45,50,2.1544164540816326
FAM,1081,-1.9731782674789429,11.495020866394045,180,1,45,50,2.1544164540816326
Random,1081,-1.3498769998550415,11.495020866394045,180,1,45,50,2.1544164540816326
Superpixel,1532,2.0937633514404297,9.231075286865234,181,1,47,50,3.053252551020408
CAM,1532,-2.9182887077331543,9.231075286865234,181,1,47,50,3.053252551020408
FAM,1532,-1.0672985315322876,9.231075286865234,181,1,47,50,3.053252551020408
Random,1532,-1.4673784971237185,9.231075286865234,181,1,47,50,3.053252551020408
Superpixel,1564,0.99303936958313,11.02761173248291,182,1,47,50,3.11702806122449
CAM,1564,-1.6383445262908936,11.02761173248291,182,1,47,50,3.11702806122449
FAM,1564,-1.9529417753219604,11.02761173248291,182,1,47,50,3.11702806122449
Random,1564,-2.1329574584960938,11.02761173248291,182,1,47,50,3.11702806122449
Superpixel,1561,1.172261357307434,7.090257167816162,183,1,44,50,3.111049107142857
CAM,1561,-0.4364587068557739,7.090257167816162,183,1,44,50,3.111049107142857
FAM,1561,-0.7203416228294373,7.090257167816162,183,1,44,50,3.111049107142857
Random,1561,-0.5832371711730957,7.090257167816162,183,1,44,50,3.111049107142857
Superpixel,868,2.547470092773437,9.7734956741333,184,1,47,50,1.7299107142857144
CAM,868,2.749479055404663,9.7734956741333,184,1,47,50,1.7299107142857144
FAM,868,0.4639264643192291,9.7734956741333,184,1,47,50,1.7299107142857144
Random,868,0.4812431037425995,9.7734956741333,184,1,47,50,1.7299107142857144
Superpixel,1185,0.33921679854393,15.033140182495115,185,1,45,50,2.361686862244898
CAM,1185,-3.3458781242370605,15.033140182495115,185,1,45,50,2.361686862244898
FAM,1185,-1.82290518283844,15.033140182495115,185,1,45,50,2.361686862244898
Random,1185,-2.031210422515869,15.033140182495115,185,1,45,50,2.361686862244898
Superpixel,1308,1.2142685651779177,8.812786102294922,186,1,44,50,2.6068239795918364
CAM,1308,0.2288079857826233,8.812786102294922,186,1,44,50,2.6068239795918364
FAM,1308,1.7657082080841064,8.812786102294922,186,1,44,50,2.6068239795918364
Random,1308,-0.9308186769485474,8.812786102294922,186,1,44,50,2.6068239795918364
Superpixel,1109,0.7478477358818054,12.115702629089355,187,1,47,50,2.210220025510204
CAM,1109,-2.1083884239196777,12.115702629089355,187,1,47,50,2.210220025510204
FAM,1109,-0.9652619957923888,12.115702629089355,187,1,47,50,2.210220025510204
Random,1109,-1.9420284032821653,12.115702629089355,187,1,47,50,2.210220025510204
Superpixel,2441,3.0078859329223637,11.069998741149902,188,1,45,50,4.864875637755102
CAM,2441,1.6054706573486328,11.069998741149902,188,1,45,50,4.864875637755102
FAM,2441,1.2713521718978882,11.069998741149902,188,1,45,50,4.864875637755102
Random,2441,2.284101724624634,11.069998741149902,188,1,45,50,4.864875637755102
Superpixel,1551,0.8247578740119934,11.380338668823242,189,1,47,50,3.091119260204082
CAM,1551,-0.4694351851940155,11.380338668823242,189,1,47,50,3.091119260204082
FAM,1551,-1.4577580690383911,11.380338668823242,189,1,47,50,3.091119260204082
Random,1551,-0.7138627767562866,11.380338668823242,189,1,47,50,3.091119260204082
Superpixel,1299,2.452220678329468,6.347030162811279,190,1,46,50,2.588887117346939
CAM,1299,1.273349404335022,6.347030162811279,190,1,46,50,2.588887117346939
FAM,1299,1.5800937414169312,6.347030162811279,190,1,46,50,2.588887117346939
Random,1299,2.0304858684539795,6.347030162811279,190,1,46,50,2.588887117346939
Superpixel,539,2.88423752784729,12.793618202209473,191,1,43,50,1.07421875
CAM,539,1.6559816598892212,12.793618202209473,191,1,43,50,1.07421875
FAM,539,1.8565237522125244,12.793618202209473,191,1,43,50,1.07421875
Random,539,1.3986976146697998,12.793618202209473,191,1,43,50,1.07421875
Superpixel,1484,0.8435350060462952,12.087818145751951,192,1,47,50,2.9575892857142856
CAM,1484,0.0103043559938669,12.087818145751951,192,1,47,50,2.9575892857142856
FAM,1484,0.1120262369513511,12.087818145751951,192,1,47,50,2.9575892857142856
Random,1484,-0.6659635901451111,12.087818145751951,192,1,47,50,2.9575892857142856
Superpixel,1733,0.0981713756918907,13.9094820022583,193,1,46,50,3.453842474489796
CAM,1733,-1.9845536947250368,13.9094820022583,193,1,46,50,3.453842474489796
FAM,1733,-1.688151717185974,13.9094820022583,193,1,46,50,3.453842474489796
Random,1733,-1.7010133266448977,13.9094820022583,193,1,46,50,3.453842474489796
Superpixel,1281,2.199262380599976,6.818569183349609,194,1,44,50,2.553013392857143
CAM,1281,-0.3156001567840576,6.818569183349609,194,1,44,50,2.553013392857143
FAM,1281,0.6637579202651978,6.818569183349609,194,1,44,50,2.553013392857143
Random,1281,2.1784725189208984,6.818569183349609,194,1,44,50,2.553013392857143
Superpixel,1137,-0.2340757250785827,8.56313705444336,195,1,46,50,2.2660235969387754
CAM,1137,-2.826701641082764,8.56313705444336,195,1,46,50,2.2660235969387754
FAM,1137,-2.4935531616210938,8.56313705444336,195,1,46,50,2.2660235969387754
Random,1137,-2.208390712738037,8.56313705444336,195,1,46,50,2.2660235969387754
Superpixel,697,2.7407147884368896,12.835895538330078,196,1,46,50,1.3891103316326532
CAM,697,-0.9245675206184388,12.835895538330078,196,1,46,50,1.3891103316326532
FAM,697,0.060826651751995,12.835895538330078,196,1,46,50,1.3891103316326532
Random,697,0.1977006494998932,12.835895538330078,196,1,46,50,1.3891103316326532
Superpixel,705,3.0705888271331787,10.101577758789062,197,1,48,50,1.4050542091836735
CAM,705,2.213425874710083,10.101577758789062,197,1,48,50,1.4050542091836735
FAM,705,1.12320876121521,10.101577758789062,197,1,48,50,1.4050542091836735
Random,705,2.7986068725585938,10.101577758789062,197,1,48,50,1.4050542091836735
Superpixel,1210,2.6696226596832275,11.389898300170898,198,1,38,50,2.4115114795918364
CAM,1210,0.799470841884613,11.389898300170898,198,1,38,50,2.4115114795918364
FAM,1210,-0.455755352973938,11.389898300170898,198,1,38,50,2.4115114795918364
Random,1210,0.1699537336826324,11.389898300170898,198,1,38,50,2.4115114795918364
Superpixel,1344,2.1225063800811768,11.502920150756836,199,1,45,50,2.6785714285714284
CAM,1344,0.1125671193003654,11.502920150756836,199,1,45,50,2.6785714285714284
FAM,1344,-0.5064924359321594,11.502920150756836,199,1,45,50,2.6785714285714284
Random,1344,-0.3238386213779449,11.502920150756836,199,1,45,50,2.6785714285714284
Superpixel,985,-0.1329618394374847,8.195829391479492,200,1,42,50,1.963089923469388
CAM,985,-1.7663778066635132,8.195829391479492,200,1,42,50,1.963089923469388
FAM,985,-1.9629024267196653,8.195829391479492,200,1,42,50,1.963089923469388
Random,985,-1.8881735801696775,8.195829391479492,200,1,42,50,1.963089923469388
Superpixel,1412,2.565784454345703,11.555458068847656,201,1,41,50,2.814094387755102
CAM,1412,1.4628905057907104,11.555458068847656,201,1,41,50,2.814094387755102
FAM,1412,0.0258252248167991,11.555458068847656,201,1,41,50,2.814094387755102
Random,1412,2.0271732807159424,11.555458068847656,201,1,41,50,2.814094387755102
Superpixel,1979,2.027276992797852,10.537670135498049,202,1,39,50,3.944116709183673
CAM,1979,0.0615399703383445,10.537670135498049,202,1,39,50,3.944116709183673
FAM,1979,-0.1985650360584259,10.537670135498049,202,1,39,50,3.944116709183673
Random,1979,1.233104586601257,10.537670135498049,202,1,39,50,3.944116709183673
Superpixel,1403,0.2622230350971222,13.45071792602539,203,1,47,50,2.796157525510204
CAM,1403,-2.1116514205932617,13.45071792602539,203,1,47,50,2.796157525510204
FAM,1403,-1.1086574792861938,13.45071792602539,203,1,47,50,2.796157525510204
Random,1403,-1.038117289543152,13.45071792602539,203,1,47,50,2.796157525510204
Superpixel,1299,0.0564092323184013,14.600278854370115,204,1,44,50,2.588887117346939
CAM,1299,-2.619380474090576,14.600278854370115,204,1,44,50,2.588887117346939
FAM,1299,-2.191720485687256,14.600278854370115,204,1,44,50,2.588887117346939
Random,1299,-1.881108403205872,14.600278854370115,204,1,44,50,2.588887117346939
Superpixel,1039,2.954897165298462,11.467634201049805,205,1,43,50,2.0707110969387754
CAM,1039,-0.364944577217102,11.467634201049805,205,1,43,50,2.0707110969387754
FAM,1039,-0.9447594285011292,11.467634201049805,205,1,43,50,2.0707110969387754
Random,1039,-0.0143634434789419,11.467634201049805,205,1,43,50,2.0707110969387754
Superpixel,1052,1.7922471761703491,11.214329719543455,206,1,39,50,2.0966198979591835
CAM,1052,-0.3844026923179626,11.214329719543455,206,1,39,50,2.0966198979591835
FAM,1052,-0.7841957211494446,11.214329719543455,206,1,39,50,2.0966198979591835
Random,1052,0.875943124294281,11.214329719543455,206,1,39,50,2.0966198979591835
Superpixel,1955,3.3983333110809326,9.128189086914062,207,1,46,50,3.896285076530612
CAM,1955,0.6734358668327332,9.128189086914062,207,1,46,50,3.896285076530612
FAM,1955,0.9218473434448242,9.128189086914062,207,1,46,50,3.896285076530612
Random,1955,3.53983473777771,9.128189086914062,207,1,46,50,3.896285076530612
Superpixel,730,-0.8037131428718567,10.57050323486328,208,1,44,50,1.4548788265306123
CAM,730,-2.3246912956237797,10.57050323486328,208,1,44,50,1.4548788265306123
FAM,730,-1.952344298362732,10.57050323486328,208,1,44,50,1.4548788265306123
Random,730,-2.486741304397583,10.57050323486328,208,1,44,50,1.4548788265306123
Superpixel,1941,2.0221617221832275,14.310815811157228,209,1,43,50,3.868383290816327
CAM,1941,0.0929344519972801,14.310815811157228,209,1,43,50,3.868383290816327
FAM,1941,0.4219475984573364,14.310815811157228,209,1,43,50,3.868383290816327
Random,1941,0.3136841058731079,14.310815811157228,209,1,43,50,3.868383290816327
Superpixel,1102,1.9390740394592283,12.199350357055664,210,1,42,50,2.196269132653061
CAM,1102,-0.2325235605239868,12.199350357055664,210,1,42,50,2.196269132653061
FAM,1102,-0.7757399678230286,12.199350357055664,210,1,42,50,2.196269132653061
Random,1102,0.9812124371528624,12.199350357055664,210,1,42,50,2.196269132653061
Superpixel,1314,2.836745500564575,14.319704055786133,211,1,39,50,2.618781887755102
CAM,1314,-0.0289464350789785,14.319704055786133,211,1,39,50,2.618781887755102
FAM,1314,-1.030371904373169,14.319704055786133,211,1,39,50,2.618781887755102
Random,1314,0.9276770949363708,14.319704055786133,211,1,39,50,2.618781887755102
Superpixel,1848,2.216165542602539,14.56499481201172,212,1,44,50,3.6830357142857135
CAM,1848,-0.912179172039032,14.56499481201172,212,1,44,50,3.6830357142857135
FAM,1848,0.7774319052696228,14.56499481201172,212,1,44,50,3.6830357142857135
Random,1848,2.003314256668091,14.56499481201172,212,1,44,50,3.6830357142857135
Superpixel,1312,1.1595669984817505,10.492862701416016,213,1,44,50,2.614795918367347
CAM,1312,1.56311297416687,10.492862701416016,213,1,44,50,2.614795918367347
FAM,1312,1.302949070930481,10.492862701416016,213,1,44,50,2.614795918367347
Random,1312,2.2617673873901367,10.492862701416016,213,1,44,50,2.614795918367347
Superpixel,1919,2.6143295764923096,7.865429878234863,214,1,44,50,3.82453762755102
CAM,1919,1.6672672033309937,7.865429878234863,214,1,44,50,3.82453762755102
FAM,1919,0.2203152477741241,7.865429878234863,214,1,44,50,3.82453762755102
Random,1919,1.225295901298523,7.865429878234863,214,1,44,50,3.82453762755102
Superpixel,1757,7.153858661651611,13.465513229370115,215,1,46,50,3.5016741071428568
CAM,1757,0.6769281029701233,13.465513229370115,215,1,46,50,3.5016741071428568
FAM,1757,0.3251486718654632,13.465513229370115,215,1,46,50,3.5016741071428568
Random,1757,0.688112735748291,13.465513229370115,215,1,46,50,3.5016741071428568
Superpixel,1739,4.602007865905762,13.941645622253418,216,1,42,50,3.465800382653061
CAM,1739,4.998534202575684,13.941645622253418,216,1,42,50,3.465800382653061
FAM,1739,-0.987320065498352,13.941645622253418,216,1,42,50,3.465800382653061
Random,1739,-0.2743832767009735,13.941645622253418,216,1,42,50,3.465800382653061
Superpixel,1822,1.0989532470703125,13.641757011413574,217,1,40,50,3.631218112244898
CAM,1822,0.6640826463699341,13.641757011413574,217,1,40,50,3.631218112244898
FAM,1822,0.2139240205287933,13.641757011413574,217,1,40,50,3.631218112244898
Random,1822,2.107382535934448,13.641757011413574,217,1,40,50,3.631218112244898
Superpixel,1758,6.673127174377441,12.63535976409912,218,1,45,50,3.5036670918367347
CAM,1758,1.6184555292129517,12.63535976409912,218,1,45,50,3.5036670918367347
FAM,1758,1.0710225105285645,12.63535976409912,218,1,45,50,3.5036670918367347
Random,1758,3.444363832473755,12.63535976409912,218,1,45,50,3.5036670918367347
Superpixel,1197,-0.7021979093551636,6.633218288421631,219,1,47,50,2.3856026785714284
CAM,1197,-1.3768839836120603,6.633218288421631,219,1,47,50,2.3856026785714284
FAM,1197,-1.7968696355819702,6.633218288421631,219,1,47,50,2.3856026785714284
Random,1197,-2.6753334999084477,6.633218288421631,219,1,47,50,2.3856026785714284
Superpixel,1119,3.6691133975982666,10.356335639953612,220,1,39,50,2.23014987244898
CAM,1119,0.5495686531066895,10.356335639953612,220,1,39,50,2.23014987244898
FAM,1119,0.1489266008138656,10.356335639953612,220,1,39,50,2.23014987244898
Random,1119,0.8302770853042603,10.356335639953612,220,1,39,50,2.23014987244898
Superpixel,747,2.1693897247314453,9.833575248718262,221,1,44,50,1.4887595663265305
CAM,747,4.340799808502197,9.833575248718262,221,1,44,50,1.4887595663265305
FAM,747,-0.232752650976181,9.833575248718262,221,1,44,50,1.4887595663265305
Random,747,0.3753779232501983,9.833575248718262,221,1,44,50,1.4887595663265305
Superpixel,611,2.4372754096984863,12.622729301452637,222,1,43,50,1.2177136479591837
CAM,611,0.7012494802474976,12.622729301452637,222,1,43,50,1.2177136479591837
FAM,611,0.2487464845180511,12.622729301452637,222,1,43,50,1.2177136479591837
Random,611,0.3667527437210083,12.622729301452637,222,1,43,50,1.2177136479591837
Superpixel,1679,7.847227096557617,13.83360767364502,223,1,43,50,3.346221301020408
CAM,1679,3.853299856185913,13.83360767364502,223,1,43,50,3.346221301020408
FAM,1679,0.4489392042160034,13.83360767364502,223,1,43,50,3.346221301020408
Random,1679,0.8295688629150391,13.83360767364502,223,1,43,50,3.346221301020408
Superpixel,635,0.8723849058151245,9.163905143737791,224,1,43,50,1.265545280612245
CAM,635,2.4485960006713867,9.163905143737791,224,1,43,50,1.265545280612245
FAM,635,0.4937093555927276,9.163905143737791,224,1,43,50,1.265545280612245
Random,635,0.2936125993728637,9.163905143737791,224,1,43,50,1.265545280612245
Superpixel,1208,3.571297407150269,8.729039192199707,225,1,39,50,2.407525510204082
CAM,1208,-0.1085316315293312,8.729039192199707,225,1,39,50,2.407525510204082
FAM,1208,-0.7275395393371582,8.729039192199707,225,1,39,50,2.407525510204082
Random,1208,1.004139065742493,8.729039192199707,225,1,39,50,2.407525510204082
Superpixel,1588,2.250991106033325,11.11911678314209,226,1,44,50,3.164859693877551
CAM,1588,1.5957013368606567,11.11911678314209,226,1,44,50,3.164859693877551
FAM,1588,-0.3389007449150085,11.11911678314209,226,1,44,50,3.164859693877551
Random,1588,1.443514347076416,11.11911678314209,226,1,44,50,3.164859693877551
Superpixel,632,3.638845443725586,14.863521575927734,227,1,45,50,1.2595663265306123
CAM,632,0.4383149445056915,14.863521575927734,227,1,45,50,1.2595663265306123
FAM,632,-0.2026835083961486,14.863521575927734,227,1,45,50,1.2595663265306123
Random,632,4.261809825897217,14.863521575927734,227,1,45,50,1.2595663265306123
Superpixel,547,0.9329169392585754,7.561272621154785,228,1,45,50,1.0901626275510203
CAM,547,0.8372542858123779,7.561272621154785,228,1,45,50,1.0901626275510203
FAM,547,-0.3781358897686004,7.561272621154785,228,1,45,50,1.0901626275510203
Random,547,0.9045433402061462,7.561272621154785,228,1,45,50,1.0901626275510203
Superpixel,1530,4.030863761901856,12.991989135742188,229,1,36,50,3.049266581632653
CAM,1530,4.757933616638184,12.991989135742188,229,1,36,50,3.049266581632653
FAM,1530,1.9698364734649656,12.991989135742188,229,1,36,50,3.049266581632653
Random,1530,0.8590841889381409,12.991989135742188,229,1,36,50,3.049266581632653
Superpixel,644,2.7828564643859863,11.151324272155762,230,1,40,50,1.2834821428571428
CAM,644,0.5592361688613892,11.151324272155762,230,1,40,50,1.2834821428571428
FAM,644,-0.2360975742340088,11.151324272155762,230,1,40,50,1.2834821428571428
Random,644,0.2908518314361572,11.151324272155762,230,1,40,50,1.2834821428571428
Superpixel,536,4.232758045196533,11.318161964416504,231,1,42,50,1.0682397959183674
CAM,536,4.569421768188477,11.318161964416504,231,1,42,50,1.0682397959183674
FAM,536,-0.1597258150577545,11.318161964416504,231,1,42,50,1.0682397959183674
Random,536,1.6642014980316162,11.318161964416504,231,1,42,50,1.0682397959183674
Superpixel,1587,0.9480840563774108,14.989322662353516,232,1,36,50,3.1628667091836733
CAM,1587,0.5786201357841492,14.989322662353516,232,1,36,50,3.1628667091836733
FAM,1587,1.1992483139038086,14.989322662353516,232,1,36,50,3.1628667091836733
Random,1587,0.8082089424133301,14.989322662353516,232,1,36,50,3.1628667091836733
Superpixel,1690,0.9366474151611328,10.468459129333496,233,1,45,50,3.368144132653061
CAM,1690,0.0421546325087547,10.468459129333496,233,1,45,50,3.368144132653061
FAM,1690,0.4891073405742645,10.468459129333496,233,1,45,50,3.368144132653061
Random,1690,-0.1845521628856659,10.468459129333496,233,1,45,50,3.368144132653061
Superpixel,1467,2.6294875144958496,14.936963081359863,234,1,47,50,2.923708545918368
CAM,1467,3.294546842575073,14.936963081359863,234,1,47,50,2.923708545918368
FAM,1467,0.2101546823978424,14.936963081359863,234,1,47,50,2.923708545918368
Random,1467,0.9678459167480468,14.936963081359863,234,1,47,50,2.923708545918368
Superpixel,2486,8.351945877075195,15.006619453430176,235,1,39,50,4.954559948979592
CAM,2486,5.874168395996094,15.006619453430176,235,1,39,50,4.954559948979592
FAM,2486,-0.3037583231925964,15.006619453430176,235,1,39,50,4.954559948979592
Random,2486,-0.6529941558837891,15.006619453430176,235,1,39,50,4.954559948979592
Superpixel,1427,5.532073974609375,13.495749473571776,236,1,46,50,2.8439891581632653
CAM,1427,5.593268394470215,13.495749473571776,236,1,46,50,2.8439891581632653
FAM,1427,0.9349557757377625,13.495749473571776,236,1,46,50,2.8439891581632653
Random,1427,1.390143871307373,13.495749473571776,236,1,46,50,2.8439891581632653
Superpixel,2075,5.372932434082031,14.807310104370115,237,1,42,50,4.135443239795919
CAM,2075,4.261381149291992,14.807310104370115,237,1,42,50,4.135443239795919
FAM,2075,1.0366597175598145,14.807310104370115,237,1,42,50,4.135443239795919
Random,2075,0.3166553378105163,14.807310104370115,237,1,42,50,4.135443239795919
Superpixel,1311,3.3117196559906006,10.925312042236328,238,1,47,50,2.612802933673469
CAM,1311,1.3828020095825195,10.925312042236328,238,1,47,50,2.612802933673469
FAM,1311,0.5603461861610413,10.925312042236328,238,1,47,50,2.612802933673469
Random,1311,-0.5079382061958313,10.925312042236328,238,1,47,50,2.612802933673469
Superpixel,1489,2.724846601486206,13.17171573638916,239,1,48,50,2.9675542091836737
CAM,1489,4.55472469329834,13.17171573638916,239,1,48,50,2.9675542091836737
FAM,1489,0.4583039879798889,13.17171573638916,239,1,48,50,2.9675542091836737
Random,1489,1.1859548091888428,13.17171573638916,239,1,48,50,2.9675542091836737
Superpixel,911,2.7588083744049072,13.959877967834473,240,1,48,50,1.815609056122449
CAM,911,0.6347675919532776,13.959877967834473,240,1,48,50,1.815609056122449
FAM,911,0.7507379055023193,13.959877967834473,240,1,48,50,1.815609056122449
Random,911,0.9301668405532836,13.959877967834473,240,1,48,50,1.815609056122449
Superpixel,1684,9.458571434020996,14.099804878234863,241,1,45,50,3.356186224489796
CAM,1684,1.6414422988891602,14.099804878234863,241,1,45,50,3.356186224489796
FAM,1684,0.1177757903933525,14.099804878234863,241,1,45,50,3.356186224489796
Random,1684,1.543802261352539,14.099804878234863,241,1,45,50,3.356186224489796
Superpixel,1070,1.3582532405853271,13.501015663146973,242,1,43,50,2.13249362244898
CAM,1070,0.071455530822277,13.501015663146973,242,1,43,50,2.13249362244898
FAM,1070,0.3335899114608764,13.501015663146973,242,1,43,50,2.13249362244898
Random,1070,1.806867837905884,13.501015663146973,242,1,43,50,2.13249362244898
Superpixel,1082,0.339724600315094,15.295615196228027,243,1,45,50,2.15640943877551
CAM,1082,-1.7985774278640747,15.295615196228027,243,1,45,50,2.15640943877551
FAM,1082,-1.2178226709365845,15.295615196228027,243,1,45,50,2.15640943877551
Random,1082,-1.68218195438385,15.295615196228027,243,1,45,50,2.15640943877551
Superpixel,1855,0.1309594064950943,9.232186317443848,244,1,43,50,3.6969866071428568
CAM,1855,-2.4187490940093994,9.232186317443848,244,1,43,50,3.6969866071428568
FAM,1855,-2.0566439628601074,9.232186317443848,244,1,43,50,3.6969866071428568
Random,1855,-1.4323575496673584,9.232186317443848,244,1,43,50,3.6969866071428568
Superpixel,809,-0.4603747129440307,15.88653564453125,245,1,47,50,1.612324617346939
CAM,809,-1.8273760080337524,15.88653564453125,245,1,47,50,1.612324617346939
FAM,809,-1.8469786643981931,15.88653564453125,245,1,47,50,1.612324617346939
Random,809,-1.8186674118041992,15.88653564453125,245,1,47,50,1.612324617346939
Superpixel,973,1.4273793697357178,10.786697387695312,246,1,45,50,1.9391741071428568
CAM,973,0.79535973072052,10.786697387695312,246,1,45,50,1.9391741071428568
FAM,973,0.2139227390289306,10.786697387695312,246,1,45,50,1.9391741071428568
Random,973,0.2587271630764007,10.786697387695312,246,1,45,50,1.9391741071428568
Superpixel,1264,2.857043027877808,11.99916648864746,247,1,44,50,2.5191326530612246
CAM,1264,1.267446756362915,11.99916648864746,247,1,44,50,2.5191326530612246
FAM,1264,1.9867703914642332,11.99916648864746,247,1,44,50,2.5191326530612246
Random,1264,0.821962296962738,11.99916648864746,247,1,44,50,2.5191326530612246
Superpixel,1285,-0.3756101727485657,11.57615089416504,248,1,43,50,2.560985331632653
CAM,1285,-2.2819294929504395,11.57615089416504,248,1,43,50,2.560985331632653
FAM,1285,-1.1010600328445437,11.57615089416504,248,1,43,50,2.560985331632653
Random,1285,-1.254705548286438,11.57615089416504,248,1,43,50,2.560985331632653
Superpixel,1600,0.0823298767209053,14.28640842437744,249,1,37,50,3.188775510204082
CAM,1600,-1.6790605783462524,14.28640842437744,249,1,37,50,3.188775510204082
FAM,1600,0.139517679810524,14.28640842437744,249,1,37,50,3.188775510204082
Random,1600,-1.0305182933807373,14.28640842437744,249,1,37,50,3.188775510204082
Superpixel,798,-0.5161176323890686,8.568169593811035,250,1,46,50,1.5904017857142856
CAM,798,-2.3616087436676025,8.568169593811035,250,1,46,50,1.5904017857142856
FAM,798,-1.0704766511917114,8.568169593811035,250,1,46,50,1.5904017857142856
Random,798,-1.0840983390808103,8.568169593811035,250,1,46,50,1.5904017857142856
Superpixel,1068,0.092102013528347,7.943912029266357,251,1,46,50,2.1285076530612246
CAM,1068,-2.324398994445801,7.943912029266357,251,1,46,50,2.1285076530612246
FAM,1068,-2.4008893966674805,7.943912029266357,251,1,46,50,2.1285076530612246
Random,1068,-2.138462781906128,7.943912029266357,251,1,46,50,2.1285076530612246
Superpixel,1399,2.223710298538208,12.735684394836426,252,1,45,50,2.7881855867346936
CAM,1399,1.666501760482788,12.735684394836426,252,1,45,50,2.7881855867346936
FAM,1399,1.149927854537964,12.735684394836426,252,1,45,50,2.7881855867346936
Random,1399,2.420393943786621,12.735684394836426,252,1,45,50,2.7881855867346936
Superpixel,1745,-1.3674371242523191,8.80982494354248,253,1,47,50,3.4777582908163267
CAM,1745,-3.2652480602264404,8.80982494354248,253,1,47,50,3.4777582908163267
FAM,1745,-3.734662771224976,8.80982494354248,253,1,47,50,3.4777582908163267
Random,1745,-4.003873348236084,8.80982494354248,253,1,47,50,3.4777582908163267
Superpixel,951,-0.7740548849105835,9.8247652053833,254,1,45,50,1.895328443877551
CAM,951,-2.49562668800354,9.8247652053833,254,1,45,50,1.895328443877551
FAM,951,-1.691181182861328,9.8247652053833,254,1,45,50,1.895328443877551
Random,951,-1.7855305671691897,9.8247652053833,254,1,45,50,1.895328443877551
Superpixel,907,-1.2343685626983645,10.662772178649902,255,1,45,50,1.807637117346939
CAM,907,-2.639880895614624,10.662772178649902,255,1,45,50,1.807637117346939
FAM,907,-2.133312225341797,10.662772178649902,255,1,45,50,1.807637117346939
Random,907,-1.647732138633728,10.662772178649902,255,1,45,50,1.807637117346939
Superpixel,1068,2.106537342071533,15.382043838500977,256,1,45,50,2.1285076530612246
CAM,1068,-2.62936806678772,15.382043838500977,256,1,45,50,2.1285076530612246
FAM,1068,-2.303692579269409,15.382043838500977,256,1,45,50,2.1285076530612246
Random,1068,-0.730391263961792,15.382043838500977,256,1,45,50,2.1285076530612246
Superpixel,2044,-0.6891043782234192,10.048593521118164,257,1,43,50,4.073660714285714
CAM,2044,-2.0261847972869877,10.048593521118164,257,1,43,50,4.073660714285714
FAM,2044,-1.1755396127700806,10.048593521118164,257,1,43,50,4.073660714285714
Random,2044,-0.5032694339752197,10.048593521118164,257,1,43,50,4.073660714285714
Superpixel,690,-1.293997883796692,9.058530807495115,258,1,48,50,1.3751594387755102
CAM,690,-1.808871388435364,9.058530807495115,258,1,48,50,1.3751594387755102
FAM,690,-1.858763694763184,9.058530807495115,258,1,48,50,1.3751594387755102
Random,690,-1.7938312292099,9.058530807495115,258,1,48,50,1.3751594387755102
Superpixel,1102,-0.0433367863297462,11.10348129272461,259,1,47,50,2.196269132653061
CAM,1102,-1.5724716186523438,11.10348129272461,259,1,47,50,2.196269132653061
FAM,1102,-2.190259456634521,11.10348129272461,259,1,47,50,2.196269132653061
Random,1102,-2.563461303710937,11.10348129272461,259,1,47,50,2.196269132653061
Superpixel,990,-1.4638621807098389,7.782178401947021,260,1,49,50,1.9730548469387756
CAM,990,-1.9150261878967283,7.782178401947021,260,1,49,50,1.9730548469387756
FAM,990,-2.36874794960022,7.782178401947021,260,1,49,50,1.9730548469387756
Random,990,-1.9598544836044312,7.782178401947021,260,1,49,50,1.9730548469387756
Superpixel,1048,2.3899402618408203,10.589920997619627,261,1,42,50,2.0886479591836737
CAM,1048,1.62909197807312,10.589920997619627,261,1,42,50,2.0886479591836737
FAM,1048,2.7849040031433105,10.589920997619627,261,1,42,50,2.0886479591836737
Random,1048,1.7882379293441772,10.589920997619627,261,1,42,50,2.0886479591836737
Superpixel,1969,2.519928216934204,10.4232177734375,262,1,48,50,3.924186862244898
CAM,1969,0.948390007019043,10.4232177734375,262,1,48,50,3.924186862244898
FAM,1969,0.9078529477119446,10.4232177734375,262,1,48,50,3.924186862244898
Random,1969,2.950268507003784,10.4232177734375,262,1,48,50,3.924186862244898
Superpixel,1154,-1.0791873931884766,12.715682983398438,263,1,45,50,2.2999043367346936
CAM,1154,-1.871029496192932,12.715682983398438,263,1,45,50,2.2999043367346936
FAM,1154,-3.64682674407959,12.715682983398438,263,1,45,50,2.2999043367346936
Random,1154,-2.9749467372894287,12.715682983398438,263,1,45,50,2.2999043367346936
Superpixel,1594,2.06176233291626,8.014638900756836,264,1,45,50,3.1768176020408165
CAM,1594,2.0248544216156006,8.014638900756836,264,1,45,50,3.1768176020408165
FAM,1594,0.4857016205787658,8.014638900756836,264,1,45,50,3.1768176020408165
Random,1594,1.042164921760559,8.014638900756836,264,1,45,50,3.1768176020408165
Superpixel,1527,0.2029830366373062,16.590599060058594,265,1,44,50,3.0432876275510203
CAM,1527,-2.364137887954712,16.590599060058594,265,1,44,50,3.0432876275510203
FAM,1527,-0.990068256855011,16.590599060058594,265,1,44,50,3.0432876275510203
Random,1527,-0.6669336557388306,16.590599060058594,265,1,44,50,3.0432876275510203
Superpixel,1131,-0.3823116421699524,11.956788063049316,266,1,49,50,2.25406568877551
CAM,1131,-2.438417673110962,11.956788063049316,266,1,49,50,2.25406568877551
FAM,1131,-1.4744316339492798,11.956788063049316,266,1,49,50,2.25406568877551
Random,1131,-2.3300960063934326,11.956788063049316,266,1,49,50,2.25406568877551
Superpixel,882,2.187220811843872,13.110607147216797,267,1,49,50,1.7578125
CAM,882,2.3287203311920166,13.110607147216797,267,1,49,50,1.7578125
FAM,882,2.429663896560669,13.110607147216797,267,1,49,50,1.7578125
Random,882,1.6483757495880127,13.110607147216797,267,1,49,50,1.7578125
Superpixel,981,0.0758785232901573,10.649499893188477,268,1,48,50,1.955117984693877
CAM,981,1.0819910764694214,10.649499893188477,268,1,48,50,1.955117984693877
FAM,981,0.5216571688652039,10.649499893188477,268,1,48,50,1.955117984693877
Random,981,-1.4698469638824463,10.649499893188477,268,1,48,50,1.955117984693877
Superpixel,1260,1.0298763513565063,11.300662994384766,269,1,47,50,2.5111607142857144
CAM,1260,-1.2238311767578125,11.300662994384766,269,1,47,50,2.5111607142857144
FAM,1260,0.0734049901366233,11.300662994384766,269,1,47,50,2.5111607142857144
Random,1260,1.553254008293152,11.300662994384766,269,1,47,50,2.5111607142857144
Superpixel,657,-0.5738011598587036,13.387718200683594,270,1,39,50,1.309390943877551
CAM,657,-2.95618224143982,13.387718200683594,270,1,39,50,1.309390943877551
FAM,657,-1.767027735710144,13.387718200683594,270,1,39,50,1.309390943877551
Random,657,-1.6797420978546145,13.387718200683594,270,1,39,50,1.309390943877551
Superpixel,657,0.9766519069671632,8.00174331665039,271,1,48,50,1.309390943877551
CAM,657,-0.1296670287847519,8.00174331665039,271,1,48,50,1.309390943877551
FAM,657,0.180069699883461,8.00174331665039,271,1,48,50,1.309390943877551
Random,657,0.4878211617469787,8.00174331665039,271,1,48,50,1.309390943877551
Superpixel,2459,0.50925213098526,10.862751960754396,272,1,41,50,4.900749362244898
CAM,2459,-2.016807079315185,10.862751960754396,272,1,41,50,4.900749362244898
FAM,2459,-1.124240756034851,10.862751960754396,272,1,41,50,4.900749362244898
Random,2459,-0.4298536777496338,10.862751960754396,272,1,41,50,4.900749362244898
Superpixel,1140,0.2888373732566833,12.18566608428955,273,1,48,50,2.272002551020408
CAM,1140,-0.337818443775177,12.18566608428955,273,1,48,50,2.272002551020408
FAM,1140,-1.3539187908172607,12.18566608428955,273,1,48,50,2.272002551020408
Random,1140,-0.9539562463760376,12.18566608428955,273,1,48,50,2.272002551020408
Superpixel,887,0.6131375432014465,16.64673614501953,274,1,42,50,1.767777423469388
CAM,887,0.4671017527580261,16.64673614501953,274,1,42,50,1.767777423469388
FAM,887,-1.1966110467910769,16.64673614501953,274,1,42,50,1.767777423469388
Random,887,-1.297239899635315,16.64673614501953,274,1,42,50,1.767777423469388
Superpixel,619,0.8353484272956848,15.19886589050293,275,1,48,50,1.233657525510204
CAM,619,-1.173855900764465,15.19886589050293,275,1,48,50,1.233657525510204
FAM,619,-0.8916414380073547,15.19886589050293,275,1,48,50,1.233657525510204
Random,619,-1.0426424741744995,15.19886589050293,275,1,48,50,1.233657525510204
Superpixel,1496,2.239641666412353,13.627459526062012,276,1,44,50,2.9815051020408165
CAM,1496,-1.2441365718841553,13.627459526062012,276,1,44,50,2.9815051020408165
FAM,1496,-1.2563738822937012,13.627459526062012,276,1,44,50,2.9815051020408165
Random,1496,-0.5712321400642395,13.627459526062012,276,1,44,50,2.9815051020408165
Superpixel,1064,0.6718583106994629,10.346400260925291,277,1,48,50,2.1205357142857144
CAM,1064,-1.4654990434646606,10.346400260925291,277,1,48,50,2.1205357142857144
FAM,1064,0.3975704312324524,10.346400260925291,277,1,48,50,2.1205357142857144
Random,1064,-0.0426076203584671,10.346400260925291,277,1,48,50,2.1205357142857144
Superpixel,959,1.5342345237731934,11.518095016479492,278,1,42,50,1.911272321428572
CAM,959,-0.266150414943695,11.518095016479492,278,1,42,50,1.911272321428572
FAM,959,0.1414469927549362,11.518095016479492,278,1,42,50,1.911272321428572
Random,959,-0.8752002120018005,11.518095016479492,278,1,42,50,1.911272321428572
Superpixel,1600,1.3919916152954102,9.506635665893556,279,1,45,50,3.188775510204082
CAM,1600,-0.4714177250862121,9.506635665893556,279,1,45,50,3.188775510204082
FAM,1600,-1.0733381509780884,9.506635665893556,279,1,45,50,3.188775510204082
Random,1600,-1.170235276222229,9.506635665893556,279,1,45,50,3.188775510204082
Superpixel,2580,1.183685064315796,9.351788520812988,280,1,40,50,5.141900510204081
CAM,2580,-0.987937867641449,9.351788520812988,280,1,40,50,5.141900510204081
FAM,2580,-0.0957768708467483,9.351788520812988,280,1,40,50,5.141900510204081
Random,2580,-1.011728048324585,9.351788520812988,280,1,40,50,5.141900510204081
Superpixel,2976,9.768380165100098,15.694868087768556,281,1,42,50,5.931122448979592
CAM,2976,0.6556670069694519,15.694868087768556,281,1,42,50,5.931122448979592
FAM,2976,3.1584360599517822,15.694868087768556,281,1,42,50,5.931122448979592
Random,2976,-0.146216407418251,15.694868087768556,281,1,42,50,5.931122448979592
Superpixel,1211,1.2109462022781372,13.979659080505373,282,1,48,50,2.4135044642857144
CAM,1211,-0.18828184902668,13.979659080505373,282,1,48,50,2.4135044642857144
FAM,1211,1.039505124092102,13.979659080505373,282,1,48,50,2.4135044642857144
Random,1211,-1.2063924074172974,13.979659080505373,282,1,48,50,2.4135044642857144
Superpixel,1937,1.687662959098816,13.835700035095217,283,1,41,50,3.860411352040817
CAM,1937,-1.2468373775482178,13.835700035095217,283,1,41,50,3.860411352040817
FAM,1937,0.5932934880256653,13.835700035095217,283,1,41,50,3.860411352040817
Random,1937,0.1809009760618209,13.835700035095217,283,1,41,50,3.860411352040817
Superpixel,760,0.2501561939716339,9.070479393005373,284,1,48,50,1.5146683673469388
CAM,760,-0.1425637900829315,9.070479393005373,284,1,48,50,1.5146683673469388
FAM,760,-0.7391887903213501,9.070479393005373,284,1,48,50,1.5146683673469388
Random,760,-0.7357581853866577,9.070479393005373,284,1,48,50,1.5146683673469388
Superpixel,571,0.3708947300910949,11.145997047424316,285,1,45,50,1.1379942602040818
CAM,571,-1.1760646104812622,11.145997047424316,285,1,45,50,1.1379942602040818
FAM,571,-1.2581541538238523,11.145997047424316,285,1,45,50,1.1379942602040818
Random,571,-1.4668620824813845,11.145997047424316,285,1,45,50,1.1379942602040818
Superpixel,629,0.1442903727293014,12.168622970581056,286,1,44,50,1.2535873724489797
CAM,629,-0.9454972147941588,12.168622970581056,286,1,44,50,1.2535873724489797
FAM,629,-0.5486801266670227,12.168622970581056,286,1,44,50,1.2535873724489797
Random,629,-1.0374575853347778,12.168622970581056,286,1,44,50,1.2535873724489797
Superpixel,751,0.4230682253837585,15.902518272399902,287,1,45,50,1.496731505102041
CAM,751,-0.0829195529222488,15.902518272399902,287,1,45,50,1.496731505102041
FAM,751,0.4583846926689148,15.902518272399902,287,1,45,50,1.496731505102041
Random,751,-1.6631497144699097,15.902518272399902,287,1,45,50,1.496731505102041
Superpixel,653,0.67161625623703,14.044625282287598,288,1,48,50,1.301419005102041
CAM,653,-0.8409807085990906,14.044625282287598,288,1,48,50,1.301419005102041
FAM,653,-0.5910283923149109,14.044625282287598,288,1,48,50,1.301419005102041
Random,653,-1.0067392587661743,14.044625282287598,288,1,48,50,1.301419005102041
Superpixel,2625,1.4887847900390625,11.880253791809082,289,1,39,50,5.231584821428571
CAM,2625,-1.8557053804397583,11.880253791809082,289,1,39,50,5.231584821428571
FAM,2625,0.9723373055458068,11.880253791809082,289,1,39,50,5.231584821428571
Random,2625,-0.5332180857658386,11.880253791809082,289,1,39,50,5.231584821428571
Superpixel,648,0.8309653401374817,14.989495277404783,290,1,46,50,1.2914540816326532
CAM,648,-1.4128564596176147,14.989495277404783,290,1,46,50,1.2914540816326532
FAM,648,-1.0608352422714231,14.989495277404783,290,1,46,50,1.2914540816326532
Random,648,-0.7915453314781189,14.989495277404783,290,1,46,50,1.2914540816326532
Superpixel,1589,4.730329513549805,17.239116668701172,291,1,44,50,3.166852678571429
CAM,1589,-0.7818902134895325,17.239116668701172,291,1,44,50,3.166852678571429
FAM,1589,0.6495813727378845,17.239116668701172,291,1,44,50,3.166852678571429
Random,1589,-0.2623327374458313,17.239116668701172,291,1,44,50,3.166852678571429
Superpixel,1786,1.0313652753829956,12.583741188049316,292,1,48,50,3.559470663265306
CAM,1786,-0.0009852200746536,12.583741188049316,292,1,48,50,3.559470663265306
FAM,1786,0.748656690120697,12.583741188049316,292,1,48,50,3.559470663265306
Random,1786,0.3178238868713379,12.583741188049316,292,1,48,50,3.559470663265306
Superpixel,1160,3.126338243484497,14.344529151916504,293,1,44,50,2.3118622448979598
CAM,1160,-0.5960559248924255,14.344529151916504,293,1,44,50,2.3118622448979598
FAM,1160,-0.6170052886009216,14.344529151916504,293,1,44,50,2.3118622448979598
Random,1160,-0.7801306843757629,14.344529151916504,293,1,44,50,2.3118622448979598
Superpixel,1593,2.9075300693511963,9.774456977844238,294,1,40,50,3.1748246173469385
CAM,1593,0.0258620232343673,9.774456977844238,294,1,40,50,3.1748246173469385
FAM,1593,2.8876051902771,9.774456977844238,294,1,40,50,3.1748246173469385
Random,1593,-0.919778287410736,9.774456977844238,294,1,40,50,3.1748246173469385
Superpixel,770,3.601996660232544,15.452606201171877,295,1,47,50,1.5345982142857142
CAM,770,-0.1169660836458206,15.452606201171877,295,1,47,50,1.5345982142857142
FAM,770,0.7734028697013855,15.452606201171877,295,1,47,50,1.5345982142857142
Random,770,-0.8888421654701233,15.452606201171877,295,1,47,50,1.5345982142857142
Superpixel,2058,2.508159875869751,13.88781452178955,296,1,44,50,4.1015625
CAM,2058,0.5197084546089172,13.88781452178955,296,1,44,50,4.1015625
FAM,2058,2.109081029891968,13.88781452178955,296,1,44,50,4.1015625
Random,2058,-1.0425487756729126,13.88781452178955,296,1,44,50,4.1015625
Superpixel,1199,1.53345787525177,16.863059997558594,297,1,41,50,2.3895886479591835
CAM,1199,-0.5101227164268494,16.863059997558594,297,1,41,50,2.3895886479591835
FAM,1199,-0.127244547009468,16.863059997558594,297,1,41,50,2.3895886479591835
Random,1199,-1.1454004049301147,16.863059997558594,297,1,41,50,2.3895886479591835
Superpixel,1001,4.5716962814331055,14.96630573272705,298,1,46,50,1.9949776785714284
CAM,1001,0.2916905283927917,14.96630573272705,298,1,46,50,1.9949776785714284
FAM,1001,0.4661614298820495,14.96630573272705,298,1,46,50,1.9949776785714284
Random,1001,-0.7723855376243591,14.96630573272705,298,1,46,50,1.9949776785714284
Superpixel,2268,-0.587836742401123,13.316693305969238,299,1,45,50,4.520089285714286
CAM,2268,-1.3651612997055054,13.316693305969238,299,1,45,50,4.520089285714286
FAM,2268,-0.7120040059089661,13.316693305969238,299,1,45,50,4.520089285714286
Random,2268,-1.248548150062561,13.316693305969238,299,1,45,50,4.520089285714286
Superpixel,1087,0.5823977589607239,11.20712184906006,300,1,49,50,2.166374362244898
CAM,1087,-0.4337582886219024,11.20712184906006,300,1,49,50,2.166374362244898
FAM,1087,-0.3175525367259979,11.20712184906006,300,1,49,50,2.166374362244898
Random,1087,-0.8359835743904114,11.20712184906006,300,1,49,50,2.166374362244898
Superpixel,890,-0.2028130441904068,15.920042991638184,301,1,44,50,1.7737563775510203
CAM,890,-0.7234432697296143,15.920042991638184,301,1,44,50,1.7737563775510203
FAM,890,-1.2826218605041504,15.920042991638184,301,1,44,50,1.7737563775510203
Random,890,-1.5586758852005005,15.920042991638184,301,1,44,50,1.7737563775510203
Superpixel,1658,-0.6254905462265015,12.91293239593506,302,1,47,50,3.30436862244898
CAM,1658,-2.232656717300415,12.91293239593506,302,1,47,50,3.30436862244898
FAM,1658,-1.2448064088821411,12.91293239593506,302,1,47,50,3.30436862244898
Random,1658,-0.9953501224517822,12.91293239593506,302,1,47,50,3.30436862244898
Superpixel,1359,-0.4679869413375854,8.65047550201416,303,1,47,50,2.708466198979592
CAM,1359,-1.822235107421875,8.65047550201416,303,1,47,50,2.708466198979592
FAM,1359,-2.576680421829224,8.65047550201416,303,1,47,50,2.708466198979592
Random,1359,-2.3908932209014893,8.65047550201416,303,1,47,50,2.708466198979592
Superpixel,1062,-0.9835141897201538,7.639223575592041,304,1,48,50,2.1165497448979598
CAM,1062,-1.3187808990478516,7.639223575592041,304,1,48,50,2.1165497448979598
FAM,1062,-1.196402072906494,7.639223575592041,304,1,48,50,2.1165497448979598
Random,1062,-0.6781102418899536,7.639223575592041,304,1,48,50,2.1165497448979598
Superpixel,1238,-0.8000311851501465,10.562777519226074,305,1,48,50,2.467315051020408
CAM,1238,-2.0768325328826904,10.562777519226074,305,1,48,50,2.467315051020408
FAM,1238,-0.8335350751876831,10.562777519226074,305,1,48,50,2.467315051020408
Random,1238,-1.569905400276184,10.562777519226074,305,1,48,50,2.467315051020408
Superpixel,975,-0.5232551097869873,12.521405220031738,306,1,48,50,1.943160076530612
CAM,975,-0.8083210587501526,12.521405220031738,306,1,48,50,1.943160076530612
FAM,975,-1.1532710790634155,12.521405220031738,306,1,48,50,1.943160076530612
Random,975,-1.6884262561798096,12.521405220031738,306,1,48,50,1.943160076530612
Superpixel,1104,2.6556997299194336,7.956989765167236,307,1,48,50,2.2002551020408165
CAM,1104,1.456901788711548,7.956989765167236,307,1,48,50,2.2002551020408165
FAM,1104,1.2838927507400513,7.956989765167236,307,1,48,50,2.2002551020408165
Random,1104,0.689016580581665,7.956989765167236,307,1,48,50,2.2002551020408165
Superpixel,1508,1.7753897905349731,7.983482360839844,308,1,43,50,3.005420918367347
CAM,1508,1.2194548845291138,7.983482360839844,308,1,43,50,3.005420918367347
FAM,1508,0.2098182886838913,7.983482360839844,308,1,43,50,3.005420918367347
Random,1508,0.9805560111999512,7.983482360839844,308,1,43,50,3.005420918367347
Superpixel,1980,-0.2273802906274795,13.487833976745604,309,1,44,50,3.946109693877551
CAM,1980,-0.776839017868042,13.487833976745604,309,1,44,50,3.946109693877551
FAM,1980,-1.910166382789612,13.487833976745604,309,1,44,50,3.946109693877551
Random,1980,-1.2918285131454468,13.487833976745604,309,1,44,50,3.946109693877551
Superpixel,1043,0.7236090898513794,11.885712623596191,310,1,47,50,2.0786830357142856
CAM,1043,-0.8415618538856506,11.885712623596191,310,1,47,50,2.0786830357142856
FAM,1043,-0.6996107697486877,11.885712623596191,310,1,47,50,2.0786830357142856
Random,1043,-1.8007824420928955,11.885712623596191,310,1,47,50,2.0786830357142856
Superpixel,1186,-0.78432297706604,9.580245018005373,311,1,48,50,2.3636798469387754
CAM,1186,-2.399686813354492,9.580245018005373,311,1,48,50,2.3636798469387754
FAM,1186,-2.6760096549987797,9.580245018005373,311,1,48,50,2.3636798469387754
Random,1186,-1.958017945289612,9.580245018005373,311,1,48,50,2.3636798469387754
Superpixel,1009,0.2963494062423706,15.623077392578123,312,1,47,50,2.010921556122449
CAM,1009,-1.0631729364395142,15.623077392578123,312,1,47,50,2.010921556122449
FAM,1009,-0.904329240322113,15.623077392578123,312,1,47,50,2.010921556122449
Random,1009,0.0470096059143543,15.623077392578123,312,1,47,50,2.010921556122449
Superpixel,1521,0.8683301210403442,10.70521068572998,313,1,45,50,3.031329719387755
CAM,1521,-0.6521779298782349,10.70521068572998,313,1,45,50,3.031329719387755
FAM,1521,-1.4811121225357056,10.70521068572998,313,1,45,50,3.031329719387755
Random,1521,-1.313051700592041,10.70521068572998,313,1,45,50,3.031329719387755
Superpixel,843,-0.9901469945907592,8.181416511535645,314,1,48,50,1.6800860969387754
CAM,843,-0.9972784519195556,8.181416511535645,314,1,48,50,1.6800860969387754
FAM,843,-0.9340490102767944,8.181416511535645,314,1,48,50,1.6800860969387754
Random,843,-1.1365383863449097,8.181416511535645,314,1,48,50,1.6800860969387754
Superpixel,1293,0.414458155632019,16.103334426879883,315,1,44,50,2.5769292091836737
CAM,1293,-0.1999391466379165,16.103334426879883,315,1,44,50,2.5769292091836737
FAM,1293,-0.7706447243690491,16.103334426879883,315,1,44,50,2.5769292091836737
Random,1293,-0.8612698316574097,16.103334426879883,315,1,44,50,2.5769292091836737
Superpixel,915,-0.3009457588195801,11.279531478881836,316,1,46,50,1.823580994897959
CAM,915,-1.497745394706726,11.279531478881836,316,1,46,50,1.823580994897959
FAM,915,-1.0653449296951294,11.279531478881836,316,1,46,50,1.823580994897959
Random,915,-1.0218513011932373,11.279531478881836,316,1,46,50,1.823580994897959
Superpixel,1316,-0.4759270250797272,12.5090913772583,317,1,45,50,2.622767857142857
CAM,1316,-1.650755524635315,12.5090913772583,317,1,45,50,2.622767857142857
FAM,1316,-0.8701065182685852,12.5090913772583,317,1,45,50,2.622767857142857
Random,1316,-1.6149779558181765,12.5090913772583,317,1,45,50,2.622767857142857
Superpixel,1812,-0.412784993648529,8.307381629943848,318,1,43,50,3.611288265306122
CAM,1812,-0.6806910037994385,8.307381629943848,318,1,43,50,3.611288265306122
FAM,1812,-1.657521367073059,8.307381629943848,318,1,43,50,3.611288265306122
Random,1812,-1.021009922027588,8.307381629943848,318,1,43,50,3.611288265306122
Superpixel,2009,-0.6879789233207703,16.697917938232422,319,1,44,50,4.00390625
CAM,2009,-1.684473752975464,16.697917938232422,319,1,44,50,4.00390625
FAM,2009,-1.8619816303253172,16.697917938232422,319,1,44,50,4.00390625
Random,2009,-2.2464165687561035,16.697917938232422,319,1,44,50,4.00390625
Superpixel,902,-0.5856858491897583,12.64309787750244,320,1,46,50,1.797672193877551
CAM,902,-1.212653398513794,12.64309787750244,320,1,46,50,1.797672193877551
FAM,902,-1.141358733177185,12.64309787750244,320,1,46,50,1.797672193877551
Random,902,-0.6649504899978638,12.64309787750244,320,1,46,50,1.797672193877551
Superpixel,750,-0.2993576526641845,13.365646362304688,321,1,44,50,1.4947385204081631
CAM,750,-0.8660191297531128,13.365646362304688,321,1,44,50,1.4947385204081631
FAM,750,-0.8700564503669739,13.365646362304688,321,1,44,50,1.4947385204081631
Random,750,-1.0976940393447876,13.365646362304688,321,1,44,50,1.4947385204081631
Superpixel,1268,-0.4046993851661682,15.43865203857422,322,1,44,50,2.5271045918367347
CAM,1268,-1.2228114604949951,15.43865203857422,322,1,44,50,2.5271045918367347
FAM,1268,-1.5974605083465576,15.43865203857422,322,1,44,50,2.5271045918367347
Random,1268,-1.576621174812317,15.43865203857422,322,1,44,50,2.5271045918367347
Superpixel,1482,-0.4831204116344452,12.263620376586914,323,1,44,50,2.9536033163265305
CAM,1482,-1.575503706932068,12.263620376586914,323,1,44,50,2.9536033163265305
FAM,1482,-1.1820669174194336,12.263620376586914,323,1,44,50,2.9536033163265305
Random,1482,-1.8990916013717647,12.263620376586914,323,1,44,50,2.9536033163265305
Superpixel,951,-0.7789798378944397,9.488368034362791,324,1,47,50,1.895328443877551
CAM,951,-0.9267079830169678,9.488368034362791,324,1,47,50,1.895328443877551
FAM,951,-0.9724088311195374,9.488368034362791,324,1,47,50,1.895328443877551
Random,951,-1.0773627758026123,9.488368034362791,324,1,47,50,1.895328443877551
Superpixel,853,-0.468618094921112,13.348353385925291,325,1,43,50,1.700015943877551
CAM,853,-2.192003965377808,13.348353385925291,325,1,43,50,1.700015943877551
FAM,853,-1.6922807693481443,13.348353385925291,325,1,43,50,1.700015943877551
Random,853,-2.3969202041625977,13.348353385925291,325,1,43,50,1.700015943877551
Superpixel,988,-0.8765803575515747,10.921833038330078,326,1,49,50,1.9690688775510203
CAM,988,-1.4495025873184204,10.921833038330078,326,1,49,50,1.9690688775510203
FAM,988,-1.000055193901062,10.921833038330078,326,1,49,50,1.9690688775510203
Random,988,-0.9794143438339232,10.921833038330078,326,1,49,50,1.9690688775510203
Superpixel,949,-0.5508061051368713,15.813647270202637,327,1,46,50,1.891342474489796
CAM,949,-0.6057590842247009,15.813647270202637,327,1,46,50,1.891342474489796
FAM,949,-1.0779155492782593,15.813647270202637,327,1,46,50,1.891342474489796
Random,949,-1.3981462717056274,15.813647270202637,327,1,46,50,1.891342474489796
Superpixel,1519,-0.9044355750083924,10.02759075164795,328,1,44,50,3.02734375
CAM,1519,-1.2299206256866455,10.02759075164795,328,1,44,50,3.02734375
FAM,1519,-1.3592989444732666,10.02759075164795,328,1,44,50,3.02734375
Random,1519,-2.534709453582764,10.02759075164795,328,1,44,50,3.02734375
Superpixel,903,4.7166032791137695,14.073040008544922,329,1,47,50,1.7996651785714284
CAM,903,1.5749590396881104,14.073040008544922,329,1,47,50,1.7996651785714284
FAM,903,0.4441035985946655,14.073040008544922,329,1,47,50,1.7996651785714284
Random,903,1.5656565427780151,14.073040008544922,329,1,47,50,1.7996651785714284
Superpixel,1234,3.791376829147339,12.550060272216797,330,1,46,50,2.459343112244898
CAM,1234,1.4326733350753784,12.550060272216797,330,1,46,50,2.459343112244898
FAM,1234,1.4479142427444458,12.550060272216797,330,1,46,50,2.459343112244898
Random,1234,0.721416175365448,12.550060272216797,330,1,46,50,2.459343112244898
Superpixel,734,5.360608100891113,13.943770408630373,331,1,48,50,1.4628507653061225
CAM,734,0.8054459095001221,13.943770408630373,331,1,48,50,1.4628507653061225
FAM,734,0.6815805435180664,13.943770408630373,331,1,48,50,1.4628507653061225
Random,734,1.1174155473709106,13.943770408630373,331,1,48,50,1.4628507653061225
Superpixel,765,2.966200351715088,13.27929973602295,332,1,47,50,1.5246332908163265
CAM,765,1.366905689239502,13.27929973602295,332,1,47,50,1.5246332908163265
FAM,765,0.6126348972320557,13.27929973602295,332,1,47,50,1.5246332908163265
Random,765,1.0680513381958008,13.27929973602295,332,1,47,50,1.5246332908163265
Superpixel,688,2.4076945781707764,15.010395050048828,333,1,45,50,1.371173469387755
CAM,688,0.658402681350708,15.010395050048828,333,1,45,50,1.371173469387755
FAM,688,0.4522652328014374,15.010395050048828,333,1,45,50,1.371173469387755
Random,688,1.4832628965377808,15.010395050048828,333,1,45,50,1.371173469387755
Superpixel,770,1.470391869544983,12.984274864196776,334,1,47,50,1.5345982142857142
CAM,770,2.359469175338745,12.984274864196776,334,1,47,50,1.5345982142857142
FAM,770,-0.4854147434234619,12.984274864196776,334,1,47,50,1.5345982142857142
Random,770,0.0637208893895149,12.984274864196776,334,1,47,50,1.5345982142857142
Superpixel,550,0.5056496262550354,10.79786777496338,335,1,47,50,1.0961415816326532
CAM,550,-0.2645482122898102,10.79786777496338,335,1,47,50,1.0961415816326532
FAM,550,-0.6572509407997131,10.79786777496338,335,1,47,50,1.0961415816326532
Random,550,-0.0612848177552223,10.79786777496338,335,1,47,50,1.0961415816326532
Superpixel,1305,5.930985450744629,13.823429107666016,336,1,46,50,2.600845025510204
CAM,1305,2.2358298301696777,13.823429107666016,336,1,46,50,2.600845025510204
FAM,1305,2.18147873878479,13.823429107666016,336,1,46,50,2.600845025510204
Random,1305,1.0456029176712036,13.823429107666016,336,1,46,50,2.600845025510204
Superpixel,1267,4.437522888183594,13.756704330444336,337,1,47,50,2.525111607142857
CAM,1267,1.2701014280319214,13.756704330444336,337,1,47,50,2.525111607142857
FAM,1267,0.6855828762054443,13.756704330444336,337,1,47,50,2.525111607142857
Random,1267,2.6161253452301025,13.756704330444336,337,1,47,50,2.525111607142857
Superpixel,1087,3.631661176681519,15.13203239440918,338,1,48,50,2.166374362244898
CAM,1087,5.131817817687988,15.13203239440918,338,1,48,50,2.166374362244898
FAM,1087,0.3518615961074829,15.13203239440918,338,1,48,50,2.166374362244898
Random,1087,0.6920990943908691,15.13203239440918,338,1,48,50,2.166374362244898
Superpixel,1329,6.571956634521484,11.01680850982666,339,1,44,50,2.6486766581632653
CAM,1329,2.990233898162842,11.01680850982666,339,1,44,50,2.6486766581632653
FAM,1329,0.3170648515224457,11.01680850982666,339,1,44,50,2.6486766581632653
Random,1329,0.753246545791626,11.01680850982666,339,1,44,50,2.6486766581632653
Superpixel,1085,10.056112289428713,15.919769287109377,340,1,46,50,2.162388392857143
CAM,1085,7.565481662750244,15.919769287109377,340,1,46,50,2.162388392857143
FAM,1085,0.8935062885284424,15.919769287109377,340,1,46,50,2.162388392857143
Random,1085,1.6538203954696655,15.919769287109377,340,1,46,50,2.162388392857143
Superpixel,898,6.566887855529785,16.254274368286133,341,1,43,50,1.789700255102041
CAM,898,0.8688271045684814,16.254274368286133,341,1,43,50,1.789700255102041
FAM,898,1.2466038465499878,16.254274368286133,341,1,43,50,1.789700255102041
Random,898,1.0946754217147827,16.254274368286133,341,1,43,50,1.789700255102041
Superpixel,922,3.96668553352356,14.408669471740724,342,1,47,50,1.837531887755102
CAM,922,0.5071601867675781,14.408669471740724,342,1,47,50,1.837531887755102
FAM,922,-0.0372480824589729,14.408669471740724,342,1,47,50,1.837531887755102
Random,922,0.619415819644928,14.408669471740724,342,1,47,50,1.837531887755102
Superpixel,1031,6.692993640899658,12.208805084228516,343,1,44,50,2.054767219387755
CAM,1031,2.4955103397369385,12.208805084228516,343,1,44,50,2.054767219387755
FAM,1031,0.1078201010823249,12.208805084228516,343,1,44,50,2.054767219387755
Random,1031,3.0269887447357178,12.208805084228516,343,1,44,50,2.054767219387755
Superpixel,774,4.37614631652832,13.76335906982422,344,1,46,50,1.5425701530612246
CAM,774,0.8084732294082642,13.76335906982422,344,1,46,50,1.5425701530612246
FAM,774,0.6499899625778198,13.76335906982422,344,1,46,50,1.5425701530612246
Random,774,5.466540813446045,13.76335906982422,344,1,46,50,1.5425701530612246
Superpixel,535,3.628525257110596,13.20321273803711,345,1,42,50,1.0662468112244898
CAM,535,1.6712020635604858,13.20321273803711,345,1,42,50,1.0662468112244898
FAM,535,0.4858441650867462,13.20321273803711,345,1,42,50,1.0662468112244898
Random,535,2.673053979873657,13.20321273803711,345,1,42,50,1.0662468112244898
Superpixel,873,3.1458208560943604,16.150007247924805,346,1,48,50,1.739875637755102
CAM,873,1.4708908796310425,16.150007247924805,346,1,48,50,1.739875637755102
FAM,873,0.6858574151992798,16.150007247924805,346,1,48,50,1.739875637755102
Random,873,0.7349045276641846,16.150007247924805,346,1,48,50,1.739875637755102
Superpixel,707,6.146780014038086,12.391377449035645,347,1,43,50,1.4090401785714286
CAM,707,1.2605621814727783,12.391377449035645,347,1,43,50,1.4090401785714286
FAM,707,-0.3134170174598694,12.391377449035645,347,1,43,50,1.4090401785714286
Random,707,0.502246618270874,12.391377449035645,347,1,43,50,1.4090401785714286
Superpixel,938,1.5780261754989624,10.273602485656738,348,1,40,50,1.8694196428571428
CAM,938,3.000941753387451,10.273602485656738,348,1,40,50,1.8694196428571428
FAM,938,-0.9093677997589112,10.273602485656738,348,1,40,50,1.8694196428571428
Random,938,-0.1554262787103653,10.273602485656738,348,1,40,50,1.8694196428571428
Superpixel,1160,3.8601224422454834,10.695701599121094,349,1,37,50,2.3118622448979598
CAM,1160,1.2608765363693235,10.695701599121094,349,1,37,50,2.3118622448979598
FAM,1160,1.645862698554993,10.695701599121094,349,1,37,50,2.3118622448979598
Random,1160,1.4778077602386477,10.695701599121094,349,1,37,50,2.3118622448979598
Superpixel,920,2.8505663871765137,13.8681640625,350,1,40,50,1.833545918367347
CAM,920,2.575730085372925,13.8681640625,350,1,40,50,1.833545918367347
FAM,920,0.6547213792800903,13.8681640625,350,1,40,50,1.833545918367347
Random,920,0.7609567642211914,13.8681640625,350,1,40,50,1.833545918367347
Superpixel,960,5.208899021148682,11.2779541015625,351,1,45,50,1.913265306122449
CAM,960,2.9824254512786865,11.2779541015625,351,1,45,50,1.913265306122449
FAM,960,0.142896369099617,11.2779541015625,351,1,45,50,1.913265306122449
Random,960,1.2920197248458862,11.2779541015625,351,1,45,50,1.913265306122449
Superpixel,1426,5.801445960998535,8.580537796020508,352,1,39,50,2.841996173469388
CAM,1426,4.639449596405029,8.580537796020508,352,1,39,50,2.841996173469388
FAM,1426,0.4143202006816864,8.580537796020508,352,1,39,50,2.841996173469388
Random,1426,2.847184658050537,8.580537796020508,352,1,39,50,2.841996173469388
Superpixel,1464,6.229455947875977,11.65229606628418,353,1,46,50,2.9177295918367347
CAM,1464,2.3966734409332275,11.65229606628418,353,1,46,50,2.9177295918367347
FAM,1464,0.1844119727611541,11.65229606628418,353,1,46,50,2.9177295918367347
Random,1464,0.6954191327095032,11.65229606628418,353,1,46,50,2.9177295918367347
Superpixel,797,3.1595771312713623,12.064424514770508,354,1,41,50,1.5884088010204085
CAM,797,0.837306022644043,12.064424514770508,354,1,41,50,1.5884088010204085
FAM,797,0.9152829647064208,12.064424514770508,354,1,41,50,1.5884088010204085
Random,797,0.1562381088733673,12.064424514770508,354,1,41,50,1.5884088010204085
Superpixel,729,8.196178436279297,12.731801986694336,355,1,46,50,1.4528858418367347
CAM,729,3.455408811569214,12.731801986694336,355,1,46,50,1.4528858418367347
FAM,729,0.2848017513751983,12.731801986694336,355,1,46,50,1.4528858418367347
Random,729,2.382591724395752,12.731801986694336,355,1,46,50,1.4528858418367347
Superpixel,1022,5.728419303894043,12.03252410888672,356,1,44,50,2.036830357142857
CAM,1022,1.626453518867493,12.03252410888672,356,1,44,50,2.036830357142857
FAM,1022,0.5865992903709412,12.03252410888672,356,1,44,50,2.036830357142857
Random,1022,2.3474719524383545,12.03252410888672,356,1,44,50,2.036830357142857
Superpixel,1182,4.409498691558838,11.188125610351562,357,1,42,50,2.3557079081632653
CAM,1182,3.9979541301727295,11.188125610351562,357,1,42,50,2.3557079081632653
FAM,1182,0.7360029220581055,11.188125610351562,357,1,42,50,2.3557079081632653
Random,1182,1.4691927433013916,11.188125610351562,357,1,42,50,2.3557079081632653
Superpixel,1035,7.573880195617676,15.25149154663086,358,1,44,50,2.0627391581632653
CAM,1035,4.945212364196777,15.25149154663086,358,1,44,50,2.0627391581632653
FAM,1035,0.2034913152456283,15.25149154663086,358,1,44,50,2.0627391581632653
Random,1035,2.0400543212890625,15.25149154663086,358,1,44,50,2.0627391581632653
Superpixel,1789,1.166936993598938,12.692386627197266,359,1,42,50,3.5654496173469385
CAM,1789,1.4424264430999756,12.692386627197266,359,1,42,50,3.5654496173469385
FAM,1789,-1.911383390426636,12.692386627197266,359,1,42,50,3.5654496173469385
Random,1789,-0.1044873371720314,12.692386627197266,359,1,42,50,3.5654496173469385
Superpixel,632,2.2505133152008057,9.10841178894043,360,1,46,50,1.2595663265306123
CAM,632,1.0011448860168457,9.10841178894043,360,1,46,50,1.2595663265306123
FAM,632,-0.1420933306217193,9.10841178894043,360,1,46,50,1.2595663265306123
Random,632,0.4007581770420074,9.10841178894043,360,1,46,50,1.2595663265306123
Superpixel,1066,4.884603023529053,9.318045616149902,361,1,44,50,2.124521683673469
CAM,1066,4.2930755615234375,9.318045616149902,361,1,44,50,2.124521683673469
FAM,1066,0.2313266694545745,9.318045616149902,361,1,44,50,2.124521683673469
Random,1066,-0.5096355080604553,9.318045616149902,361,1,44,50,2.124521683673469
Superpixel,774,1.1884472370147705,8.096786499023438,362,1,46,50,1.5425701530612246
CAM,774,0.9242305159568788,8.096786499023438,362,1,46,50,1.5425701530612246
FAM,774,0.4625493586063385,8.096786499023438,362,1,46,50,1.5425701530612246
Random,774,-0.0149533217772841,8.096786499023438,362,1,46,50,1.5425701530612246
Superpixel,1263,0.2420335859060287,15.25532341003418,363,1,47,50,2.517139668367347
CAM,1263,1.2093943357467651,15.25532341003418,363,1,47,50,2.517139668367347
FAM,1263,-1.0604959726333618,15.25532341003418,363,1,47,50,2.517139668367347
Random,1263,-0.3368843495845794,15.25532341003418,363,1,47,50,2.517139668367347
Superpixel,629,2.0894346237182617,13.018765449523926,364,1,48,50,1.2535873724489797
CAM,629,0.4868341386318207,13.018765449523926,364,1,48,50,1.2535873724489797
FAM,629,-0.353545993566513,13.018765449523926,364,1,48,50,1.2535873724489797
Random,629,-1.1073806285858154,13.018765449523926,364,1,48,50,1.2535873724489797
Superpixel,970,0.5163049697875977,10.416288375854492,365,1,47,50,1.9331951530612248
CAM,970,-0.8610079288482666,10.416288375854492,365,1,47,50,1.9331951530612248
FAM,970,-0.7435639500617981,10.416288375854492,365,1,47,50,1.9331951530612248
Random,970,-0.7460258603096008,10.416288375854492,365,1,47,50,1.9331951530612248
Superpixel,1175,5.855158805847168,10.232054710388184,366,1,49,50,2.3417570153061225
CAM,1175,0.8356606364250183,10.232054710388184,366,1,49,50,2.3417570153061225
FAM,1175,-0.5257208943367004,10.232054710388184,366,1,49,50,2.3417570153061225
Random,1175,0.0016407603397965,10.232054710388184,366,1,49,50,2.3417570153061225
Superpixel,842,0.8340264558792114,13.314410209655762,367,1,48,50,1.678093112244898
CAM,842,0.3227425515651703,13.314410209655762,367,1,48,50,1.678093112244898
FAM,842,-0.3174627125263214,13.314410209655762,367,1,48,50,1.678093112244898
Random,842,-0.042761243879795,13.314410209655762,367,1,48,50,1.678093112244898
Superpixel,1484,2.796020030975342,11.276439666748049,368,1,44,50,2.9575892857142856
CAM,1484,2.2830770015716557,11.276439666748049,368,1,44,50,2.9575892857142856
FAM,1484,0.1374602019786834,11.276439666748049,368,1,44,50,2.9575892857142856
Random,1484,0.1713820397853851,11.276439666748049,368,1,44,50,2.9575892857142856
Superpixel,859,5.042127132415772,13.268479347229004,369,1,46,50,1.7119738520408163
CAM,859,-0.3645257651805877,13.268479347229004,369,1,46,50,1.7119738520408163
FAM,859,-1.3771140575408936,13.268479347229004,369,1,46,50,1.7119738520408163
Random,859,-0.701129138469696,13.268479347229004,369,1,46,50,1.7119738520408163
Superpixel,1023,0.2280214428901672,13.779359817504885,370,1,47,50,2.0388233418367347
CAM,1023,-0.7105033993721008,13.779359817504885,370,1,47,50,2.0388233418367347
FAM,1023,-0.3738957643508911,13.779359817504885,370,1,47,50,2.0388233418367347
Random,1023,-0.1358149945735931,13.779359817504885,370,1,47,50,2.0388233418367347
Superpixel,1424,1.496103286743164,7.364414691925049,371,1,34,50,2.8380102040816326
CAM,1424,-0.9648533463478088,7.364414691925049,371,1,34,50,2.8380102040816326
FAM,1424,-0.1091574504971504,7.364414691925049,371,1,34,50,2.8380102040816326
Random,1424,0.5398457050323486,7.364414691925049,371,1,34,50,2.8380102040816326
Superpixel,1009,1.320515751838684,12.759831428527832,372,1,46,50,2.010921556122449
CAM,1009,0.2561263740062713,12.759831428527832,372,1,46,50,2.010921556122449
FAM,1009,-0.368220716714859,12.759831428527832,372,1,46,50,2.010921556122449
Random,1009,-0.3886895179748535,12.759831428527832,372,1,46,50,2.010921556122449
Superpixel,1405,8.147995948791504,12.169473648071287,373,1,46,50,2.8001434948979598
CAM,1405,1.8276402950286863,12.169473648071287,373,1,46,50,2.8001434948979598
FAM,1405,-0.1838525235652923,12.169473648071287,373,1,46,50,2.8001434948979598
Random,1405,-0.1262619197368621,12.169473648071287,373,1,46,50,2.8001434948979598
Superpixel,1072,1.1249651908874512,12.124338150024414,374,1,44,50,2.1364795918367347
CAM,1072,-0.5141535401344299,12.124338150024414,374,1,44,50,2.1364795918367347
FAM,1072,-1.5097458362579346,12.124338150024414,374,1,44,50,2.1364795918367347
Random,1072,-0.6336650252342224,12.124338150024414,374,1,44,50,2.1364795918367347
Superpixel,1346,5.202903747558594,12.336267471313477,375,1,46,50,2.6825573979591835
CAM,1346,2.136237859725952,12.336267471313477,375,1,46,50,2.6825573979591835
FAM,1346,0.2484084218740463,12.336267471313477,375,1,46,50,2.6825573979591835
Random,1346,1.1528626680374146,12.336267471313477,375,1,46,50,2.6825573979591835
Superpixel,689,4.94305419921875,12.838436126708984,376,1,48,50,1.3731664540816326
CAM,689,0.9134848117828368,12.838436126708984,376,1,48,50,1.3731664540816326
FAM,689,-0.2231265604496002,12.838436126708984,376,1,48,50,1.3731664540816326
Random,689,-0.8376137614250183,12.838436126708984,376,1,48,50,1.3731664540816326
Superpixel,1362,4.024387359619141,13.869569778442385,377,1,45,50,2.7144451530612246
CAM,1362,3.713392496109009,13.869569778442385,377,1,45,50,2.7144451530612246
FAM,1362,-0.9909219741821288,13.869569778442385,377,1,45,50,2.7144451530612246
Random,1362,-0.122601605951786,13.869569778442385,377,1,45,50,2.7144451530612246
Superpixel,696,2.415794610977173,11.192914962768556,378,1,47,50,1.3871173469387754
CAM,696,-0.0821842327713966,11.192914962768556,378,1,47,50,1.3871173469387754
FAM,696,-0.674985408782959,11.192914962768556,378,1,47,50,1.3871173469387754
Random,696,0.2733445465564728,11.192914962768556,378,1,47,50,1.3871173469387754
Superpixel,932,2.022031545639038,10.514068603515623,379,1,47,50,1.857461734693877
CAM,932,0.8120725750923157,10.514068603515623,379,1,47,50,1.857461734693877
FAM,932,0.1530908644199371,10.514068603515623,379,1,47,50,1.857461734693877
Random,932,-0.5490620136260986,10.514068603515623,379,1,47,50,1.857461734693877
Superpixel,1359,4.163799285888672,12.40369987487793,380,1,44,50,2.708466198979592
CAM,1359,1.818178653717041,12.40369987487793,380,1,44,50,2.708466198979592
FAM,1359,-1.04333758354187,12.40369987487793,380,1,44,50,2.708466198979592
Random,1359,0.01741673797369,12.40369987487793,380,1,44,50,2.708466198979592
Superpixel,1219,0.6429957747459412,11.587076187133787,381,1,47,50,2.4294483418367347
CAM,1219,4.112125873565674,11.587076187133787,381,1,47,50,2.4294483418367347
FAM,1219,-0.4239248037338257,11.587076187133787,381,1,47,50,2.4294483418367347
Random,1219,0.4562986493110657,11.587076187133787,381,1,47,50,2.4294483418367347
Superpixel,1540,3.627454996109009,9.604865074157717,382,1,43,50,3.0691964285714284
CAM,1540,1.343937635421753,9.604865074157717,382,1,43,50,3.0691964285714284
FAM,1540,-0.9651071429252625,9.604865074157717,382,1,43,50,3.0691964285714284
Random,1540,0.2789194583892822,9.604865074157717,382,1,43,50,3.0691964285714284
Superpixel,1001,0.6636389493942261,9.45546054840088,383,1,48,50,1.9949776785714284
CAM,1001,2.733346700668335,9.45546054840088,383,1,48,50,1.9949776785714284
FAM,1001,-0.3010470569133758,9.45546054840088,383,1,48,50,1.9949776785714284
Random,1001,0.1339624226093292,9.45546054840088,383,1,48,50,1.9949776785714284
Superpixel,1062,0.3109243810176849,10.80064582824707,384,1,47,50,2.1165497448979598
CAM,1062,0.9764650464057922,10.80064582824707,384,1,47,50,2.1165497448979598
FAM,1062,-1.284180998802185,10.80064582824707,384,1,47,50,2.1165497448979598
Random,1062,-0.2880143225193023,10.80064582824707,384,1,47,50,2.1165497448979598
Superpixel,1386,4.990024089813232,10.962685585021973,385,1,47,50,2.7622767857142856
CAM,1386,3.1860673427581787,10.962685585021973,385,1,47,50,2.7622767857142856
FAM,1386,3.206900358200073,10.962685585021973,385,1,47,50,2.7622767857142856
Random,1386,-0.0749017968773841,10.962685585021973,385,1,47,50,2.7622767857142856
Superpixel,1037,1.390674114227295,11.96926212310791,386,1,49,50,2.0667251275510203
CAM,1037,1.2621071338653564,11.96926212310791,386,1,49,50,2.0667251275510203
FAM,1037,-0.5820052027702332,11.96926212310791,386,1,49,50,2.0667251275510203
Random,1037,-0.3102079331874847,11.96926212310791,386,1,49,50,2.0667251275510203
Superpixel,875,2.303672313690185,12.72247314453125,387,1,45,50,1.7438616071428572
CAM,875,2.071532726287842,12.72247314453125,387,1,45,50,1.7438616071428572
FAM,875,-0.6947020292282104,12.72247314453125,387,1,45,50,1.7438616071428572
Random,875,0.0210898965597152,12.72247314453125,387,1,45,50,1.7438616071428572
Superpixel,913,1.8281556367874143,12.81272792816162,388,1,46,50,1.819595025510204
CAM,913,0.9678915143013,12.81272792816162,388,1,46,50,1.819595025510204
FAM,913,-0.4275193214416504,12.81272792816162,388,1,46,50,1.819595025510204
Random,913,0.4831778407096863,12.81272792816162,388,1,46,50,1.819595025510204
Superpixel,887,3.277867078781128,14.838385581970217,389,1,41,50,1.767777423469388
CAM,887,2.3694562911987305,14.838385581970217,389,1,41,50,1.767777423469388
FAM,887,0.5372743010520935,14.838385581970217,389,1,41,50,1.767777423469388
Random,887,1.2425066232681274,14.838385581970217,389,1,41,50,1.767777423469388
Superpixel,1065,1.3449015617370603,14.416349411010742,390,1,48,50,2.122528698979592
CAM,1065,3.233222723007202,14.416349411010742,390,1,48,50,2.122528698979592
FAM,1065,-0.2240019589662552,14.416349411010742,390,1,48,50,2.122528698979592
Random,1065,-0.2406637519598007,14.416349411010742,390,1,48,50,2.122528698979592
Superpixel,842,1.6588863134384155,10.637313842773438,391,1,44,50,1.678093112244898
CAM,842,3.245176076889038,10.637313842773438,391,1,44,50,1.678093112244898
FAM,842,0.9557942152023317,10.637313842773438,391,1,44,50,1.678093112244898
Random,842,0.728937029838562,10.637313842773438,391,1,44,50,1.678093112244898
Superpixel,1070,3.4357895851135254,14.043931007385254,392,1,48,50,2.13249362244898
CAM,1070,3.1149141788482666,14.043931007385254,392,1,48,50,2.13249362244898
FAM,1070,0.3189601302146911,14.043931007385254,392,1,48,50,2.13249362244898
Random,1070,0.9512443542480468,14.043931007385254,392,1,48,50,2.13249362244898
Superpixel,1080,1.1073907613754272,13.663690567016602,393,1,45,50,2.152423469387755
CAM,1080,0.861030638217926,13.663690567016602,393,1,45,50,2.152423469387755
FAM,1080,-0.0560334473848342,13.663690567016602,393,1,45,50,2.152423469387755
Random,1080,1.1282953023910522,13.663690567016602,393,1,45,50,2.152423469387755
Superpixel,2385,2.448761224746704,13.726884841918944,394,1,41,50,4.753268494897959
CAM,2385,5.486972808837891,13.726884841918944,394,1,41,50,4.753268494897959
FAM,2385,0.4408912062644958,13.726884841918944,394,1,41,50,4.753268494897959
Random,2385,0.5901026129722595,13.726884841918944,394,1,41,50,4.753268494897959
Superpixel,1456,2.586125373840332,9.495702743530272,395,1,47,50,2.9017857142857144
CAM,1456,-0.0678747296333313,9.495702743530272,395,1,47,50,2.9017857142857144
FAM,1456,-0.2174206972122192,9.495702743530272,395,1,47,50,2.9017857142857144
Random,1456,1.0866988897323608,9.495702743530272,395,1,47,50,2.9017857142857144
Superpixel,1666,2.5120937824249268,12.505420684814451,396,1,45,50,3.3203125
CAM,1666,2.640302419662476,12.505420684814451,396,1,45,50,3.3203125
FAM,1666,1.0562255382537842,12.505420684814451,396,1,45,50,3.3203125
Random,1666,1.0243240594863892,12.505420684814451,396,1,45,50,3.3203125
Superpixel,627,3.573920249938965,14.099834442138672,397,1,41,50,1.2496014030612246
CAM,627,1.2583240270614624,14.099834442138672,397,1,41,50,1.2496014030612246
FAM,627,-0.2720471024513244,14.099834442138672,397,1,41,50,1.2496014030612246
Random,627,0.91312175989151,14.099834442138672,397,1,41,50,1.2496014030612246
Superpixel,1963,1.4997626543045044,12.498822212219238,398,1,42,50,3.9122289540816326
CAM,1963,3.137312173843384,12.498822212219238,398,1,42,50,3.9122289540816326
FAM,1963,1.504042625427246,12.498822212219238,398,1,42,50,3.9122289540816326
Random,1963,2.410151720046997,12.498822212219238,398,1,42,50,3.9122289540816326
Superpixel,2619,4.59447717666626,13.913810729980469,399,1,43,50,5.219626913265306
CAM,2619,3.823996543884277,13.913810729980469,399,1,43,50,5.219626913265306
FAM,2619,-0.3059078454971313,13.913810729980469,399,1,43,50,5.219626913265306
Random,2619,0.5014815330505371,13.913810729980469,399,1,43,50,5.219626913265306
Superpixel,1022,1.850094437599182,14.361162185668944,400,1,46,50,2.036830357142857
CAM,1022,2.959566354751587,14.361162185668944,400,1,46,50,2.036830357142857
FAM,1022,-0.211200550198555,14.361162185668944,400,1,46,50,2.036830357142857
Random,1022,0.5112984776496887,14.361162185668944,400,1,46,50,2.036830357142857
Superpixel,1237,1.29485023021698,13.111021041870115,401,1,47,50,2.4653220663265305
CAM,1237,1.5133187770843506,13.111021041870115,401,1,47,50,2.4653220663265305
FAM,1237,0.2544664144515991,13.111021041870115,401,1,47,50,2.4653220663265305
Random,1237,0.1180680617690086,13.111021041870115,401,1,47,50,2.4653220663265305
Superpixel,1774,1.1096495389938354,14.034173965454102,402,1,45,50,3.535554846938776
CAM,1774,3.6044209003448486,14.034173965454102,402,1,45,50,3.535554846938776
FAM,1774,3.272411346435547,14.034173965454102,402,1,45,50,3.535554846938776
Random,1774,2.0602869987487797,14.034173965454102,402,1,45,50,3.535554846938776
Superpixel,1058,0.8158268928527832,13.451725959777832,403,1,47,50,2.108577806122449
CAM,1058,3.616273641586304,13.451725959777832,403,1,47,50,2.108577806122449
FAM,1058,-0.5028601884841919,13.451725959777832,403,1,47,50,2.108577806122449
Random,1058,1.008156180381775,13.451725959777832,403,1,47,50,2.108577806122449
Superpixel,1812,1.0823334455490112,14.420814514160156,404,1,42,50,3.611288265306122
CAM,1812,3.806573152542114,14.420814514160156,404,1,42,50,3.611288265306122
FAM,1812,1.27542245388031,14.420814514160156,404,1,42,50,3.611288265306122
Random,1812,1.343567967414856,14.420814514160156,404,1,42,50,3.611288265306122
Superpixel,1711,0.8231983184814453,9.922111511230469,405,1,49,50,3.4099968112244894
CAM,1711,1.6473212242126465,9.922111511230469,405,1,49,50,3.4099968112244894
FAM,1711,0.3625344038009643,9.922111511230469,405,1,49,50,3.4099968112244894
Random,1711,0.3755825757980346,9.922111511230469,405,1,49,50,3.4099968112244894
Superpixel,1549,1.769267201423645,16.47260284423828,406,1,41,50,3.0871332908163263
CAM,1549,2.2516467571258545,16.47260284423828,406,1,41,50,3.0871332908163263
FAM,1549,1.4144585132598877,16.47260284423828,406,1,41,50,3.0871332908163263
Random,1549,1.397233963012695,16.47260284423828,406,1,41,50,3.0871332908163263
Superpixel,1493,2.844764947891236,9.179950714111328,407,1,46,50,2.9755261479591835
CAM,1493,0.2743103504180908,9.179950714111328,407,1,46,50,2.9755261479591835
FAM,1493,0.1152875646948814,9.179950714111328,407,1,46,50,2.9755261479591835
Random,1493,1.3305928707122805,9.179950714111328,407,1,46,50,2.9755261479591835
Superpixel,1027,1.275886058807373,11.914968490600586,408,1,48,50,2.046795280612245
CAM,1027,0.277605652809143,11.914968490600586,408,1,48,50,2.046795280612245
FAM,1027,-0.1798154860734939,11.914968490600586,408,1,48,50,2.046795280612245
Random,1027,2.147457361221313,11.914968490600586,408,1,48,50,2.046795280612245
Superpixel,1014,5.046872138977051,15.533082008361816,409,1,44,50,2.0208864795918364
CAM,1014,0.2934376001358032,15.533082008361816,409,1,44,50,2.0208864795918364
FAM,1014,1.0214678049087524,15.533082008361816,409,1,44,50,2.0208864795918364
Random,1014,1.0783425569534302,15.533082008361816,409,1,44,50,2.0208864795918364
Superpixel,1127,1.159047245979309,10.72856616973877,410,1,46,50,2.24609375
CAM,1127,3.71787428855896,10.72856616973877,410,1,46,50,2.24609375
FAM,1127,1.169889211654663,10.72856616973877,410,1,46,50,2.24609375
Random,1127,0.1724750846624374,10.72856616973877,410,1,46,50,2.24609375
Superpixel,1959,0.7108747959136963,14.577210426330566,411,1,42,50,3.904257015306122
CAM,1959,1.742800235748291,14.577210426330566,411,1,42,50,3.904257015306122
FAM,1959,0.6013424396514893,14.577210426330566,411,1,42,50,3.904257015306122
Random,1959,0.7475955486297607,14.577210426330566,411,1,42,50,3.904257015306122
Superpixel,618,0.710050642490387,15.82571506500244,412,1,47,50,1.2316645408163265
CAM,618,0.8815157413482666,15.82571506500244,412,1,47,50,1.2316645408163265
FAM,618,0.3418658971786499,15.82571506500244,412,1,47,50,1.2316645408163265
Random,618,-0.1275835782289505,15.82571506500244,412,1,47,50,1.2316645408163265
Superpixel,884,0.6171119213104248,9.7201509475708,413,1,49,50,1.7617984693877553
CAM,884,0.5813025832176208,9.7201509475708,413,1,49,50,1.7617984693877553
FAM,884,0.2880828976631164,9.7201509475708,413,1,49,50,1.7617984693877553
Random,884,0.2096334099769592,9.7201509475708,413,1,49,50,1.7617984693877553
Superpixel,2027,2.9568521976470947,13.540246963500977,414,1,46,50,4.039779974489796
CAM,2027,0.7076268792152405,13.540246963500977,414,1,46,50,4.039779974489796
FAM,2027,0.4331004619598388,13.540246963500977,414,1,46,50,4.039779974489796
Random,2027,1.0319490432739258,13.540246963500977,414,1,46,50,4.039779974489796
Superpixel,1510,6.489086151123047,15.002659797668455,415,1,41,50,3.009406887755102
CAM,1510,-0.8677709102630615,15.002659797668455,415,1,41,50,3.009406887755102
FAM,1510,-1.0917067527770996,15.002659797668455,415,1,41,50,3.009406887755102
Random,1510,0.7098368406295776,15.002659797668455,415,1,41,50,3.009406887755102
Superpixel,1138,6.152606010437012,14.43680191040039,416,1,44,50,2.268016581632653
CAM,1138,1.5804290771484375,14.43680191040039,416,1,44,50,2.268016581632653
FAM,1138,-0.1151157617568969,14.43680191040039,416,1,44,50,2.268016581632653
Random,1138,-0.2455365806818008,14.43680191040039,416,1,44,50,2.268016581632653
Superpixel,1900,5.583735466003418,14.637850761413574,417,1,44,50,3.786670918367347
CAM,1900,2.408254146575928,14.637850761413574,417,1,44,50,3.786670918367347
FAM,1900,-0.5140806436538696,14.637850761413574,417,1,44,50,3.786670918367347
Random,1900,1.252381443977356,14.637850761413574,417,1,44,50,3.786670918367347
Superpixel,2451,5.315120697021484,12.88090705871582,418,1,44,50,4.884805484693878
CAM,2451,1.2829372882843018,12.88090705871582,418,1,44,50,4.884805484693878
FAM,2451,-0.4561192691326141,12.88090705871582,418,1,44,50,4.884805484693878
Random,2451,1.614335298538208,12.88090705871582,418,1,44,50,4.884805484693878
Superpixel,1278,4.072808742523193,12.210949897766112,419,1,43,50,2.54703443877551
CAM,1278,2.843050479888916,12.210949897766112,419,1,43,50,2.54703443877551
FAM,1278,-0.5331242084503174,12.210949897766112,419,1,43,50,2.54703443877551
Random,1278,-0.1448078751564026,12.210949897766112,419,1,43,50,2.54703443877551
Superpixel,1294,6.9630045890808105,14.427797317504885,420,1,43,50,2.578922193877551
CAM,1294,1.1464881896972656,14.427797317504885,420,1,43,50,2.578922193877551
FAM,1294,-0.5008047819137573,14.427797317504885,420,1,43,50,2.578922193877551
Random,1294,2.289041519165039,14.427797317504885,420,1,43,50,2.578922193877551
Superpixel,884,4.456720352172852,16.625398635864258,421,1,47,50,1.7617984693877553
CAM,884,0.1146996021270752,16.625398635864258,421,1,47,50,1.7617984693877553
FAM,884,-1.1612800359725952,16.625398635864258,421,1,47,50,1.7617984693877553
Random,884,-0.957753598690033,16.625398635864258,421,1,47,50,1.7617984693877553
Superpixel,1416,4.987716197967529,13.700872421264648,422,1,45,50,2.8220663265306123
CAM,1416,1.74361252784729,13.700872421264648,422,1,45,50,2.8220663265306123
FAM,1416,-0.7463897466659546,13.700872421264648,422,1,45,50,2.8220663265306123
Random,1416,2.0838749408721924,13.700872421264648,422,1,45,50,2.8220663265306123
Superpixel,922,3.051240921020508,11.946178436279297,423,1,45,50,1.837531887755102
CAM,922,0.0070784306153655,11.946178436279297,423,1,45,50,1.837531887755102
FAM,922,0.654218852519989,11.946178436279297,423,1,45,50,1.837531887755102
Random,922,-0.5236490964889526,11.946178436279297,423,1,45,50,1.837531887755102
Superpixel,870,3.938607931137085,14.980913162231444,424,1,48,50,1.7338966836734693
CAM,870,-0.2835584282875061,14.980913162231444,424,1,48,50,1.7338966836734693
FAM,870,0.8998507261276245,14.980913162231444,424,1,48,50,1.7338966836734693
Random,870,-0.4308210015296936,14.980913162231444,424,1,48,50,1.7338966836734693
Superpixel,2971,7.021852016448975,12.120121002197266,425,1,41,50,5.921157525510204
CAM,2971,3.727305173873901,12.120121002197266,425,1,41,50,5.921157525510204
FAM,2971,-1.3018643856048584,12.120121002197266,425,1,41,50,5.921157525510204
Random,2971,0.9962180256843568,12.120121002197266,425,1,41,50,5.921157525510204
Superpixel,1172,4.4215850830078125,15.36510944366455,426,1,42,50,2.33577806122449
CAM,1172,0.8368842601776123,15.36510944366455,426,1,42,50,2.33577806122449
FAM,1172,-0.6514919400215149,15.36510944366455,426,1,42,50,2.33577806122449
Random,1172,-0.8232192993164062,15.36510944366455,426,1,42,50,2.33577806122449
Superpixel,1985,2.618871688842773,16.099628448486328,427,1,47,50,3.9560746173469385
CAM,1985,2.4038548469543457,16.099628448486328,427,1,47,50,3.9560746173469385
FAM,1985,-0.8365170955657959,16.099628448486328,427,1,47,50,3.9560746173469385
Random,1985,-0.6029961109161377,16.099628448486328,427,1,47,50,3.9560746173469385
Superpixel,1661,6.111798286437988,13.853906631469728,428,1,43,50,3.3103475765306123
CAM,1661,5.85411262512207,13.853906631469728,428,1,43,50,3.3103475765306123
FAM,1661,0.0998550504446029,13.853906631469728,428,1,43,50,3.3103475765306123
Random,1661,1.0807991027832031,13.853906631469728,428,1,43,50,3.3103475765306123
Superpixel,693,3.636510610580444,7.009143352508545,429,1,44,50,1.3811383928571428
CAM,693,1.7594285011291504,7.009143352508545,429,1,44,50,1.3811383928571428
FAM,693,1.022536039352417,7.009143352508545,429,1,44,50,1.3811383928571428
Random,693,0.0551525577902793,7.009143352508545,429,1,44,50,1.3811383928571428
Superpixel,1005,1.7265664339065552,11.486364364624023,430,1,49,50,2.002949617346939
CAM,1005,-1.0954129695892334,11.486364364624023,430,1,49,50,2.002949617346939
FAM,1005,-0.7082135677337646,11.486364364624023,430,1,49,50,2.002949617346939
Random,1005,0.269465833902359,11.486364364624023,430,1,49,50,2.002949617346939
Superpixel,1834,6.188774585723877,12.940951347351074,431,1,46,50,3.655133928571429
CAM,1834,1.5647693872451782,12.940951347351074,431,1,46,50,3.655133928571429
FAM,1834,-0.8984050750732422,12.940951347351074,431,1,46,50,3.655133928571429
Random,1834,2.2611327171325684,12.940951347351074,431,1,46,50,3.655133928571429
Superpixel,1207,5.150837421417236,10.296008110046388,432,1,47,50,2.405532525510204
CAM,1207,-0.1816797852516174,10.296008110046388,432,1,47,50,2.405532525510204
FAM,1207,-0.3935883045196533,10.296008110046388,432,1,47,50,2.405532525510204
Random,1207,-0.497499406337738,10.296008110046388,432,1,47,50,2.405532525510204
Superpixel,1083,2.5733532905578613,11.46733283996582,433,1,47,50,2.158402423469388
CAM,1083,1.256544828414917,11.46733283996582,433,1,47,50,2.158402423469388
FAM,1083,0.1574423611164093,11.46733283996582,433,1,47,50,2.158402423469388
Random,1083,-0.2227301895618438,11.46733283996582,433,1,47,50,2.158402423469388
Superpixel,715,4.594326496124268,15.526396751403809,434,1,44,50,1.424984056122449
CAM,715,1.6898998022079468,15.526396751403809,434,1,44,50,1.424984056122449
FAM,715,-1.0066338777542114,15.526396751403809,434,1,44,50,1.424984056122449
Random,715,-0.1681380569934845,15.526396751403809,434,1,44,50,1.424984056122449
Superpixel,827,5.187555313110352,14.731511116027832,435,1,42,50,1.6481983418367347
CAM,827,0.5010297298431396,14.731511116027832,435,1,42,50,1.6481983418367347
FAM,827,-0.9536747336387634,14.731511116027832,435,1,42,50,1.6481983418367347
Random,827,-0.6140919327735901,14.731511116027832,435,1,42,50,1.6481983418367347
Superpixel,1472,5.98618221282959,13.77619743347168,436,1,45,50,2.933673469387755
CAM,1472,0.0157938562333583,13.77619743347168,436,1,45,50,2.933673469387755
FAM,1472,1.1360868215560913,13.77619743347168,436,1,45,50,2.933673469387755
Random,1472,-0.7771865129470825,13.77619743347168,436,1,45,50,2.933673469387755
Superpixel,572,2.794207096099853,11.253127098083496,437,1,43,50,1.139987244897959
CAM,572,0.2638486921787262,11.253127098083496,437,1,43,50,1.139987244897959
FAM,572,-0.2364556640386581,11.253127098083496,437,1,43,50,1.139987244897959
Random,572,0.2067678123712539,11.253127098083496,437,1,43,50,1.139987244897959
Superpixel,1234,5.496955394744873,16.001462936401367,438,1,48,50,2.459343112244898
CAM,1234,3.1489927768707275,16.001462936401367,438,1,48,50,2.459343112244898
FAM,1234,-0.9554820656776428,16.001462936401367,438,1,48,50,2.459343112244898
Random,1234,-0.5908682942390442,16.001462936401367,438,1,48,50,2.459343112244898
Superpixel,743,3.8719499111175537,7.564890384674072,439,1,47,50,1.4807876275510203
CAM,743,-0.5137436389923096,7.564890384674072,439,1,47,50,1.4807876275510203
FAM,743,-1.2811775207519531,7.564890384674072,439,1,47,50,1.4807876275510203
Random,743,-0.4905902743339538,7.564890384674072,439,1,47,50,1.4807876275510203
Superpixel,775,4.931200981140137,11.33091163635254,440,1,48,50,1.544563137755102
CAM,775,0.8689152002334595,11.33091163635254,440,1,48,50,1.544563137755102
FAM,775,-1.084726333618164,11.33091163635254,440,1,48,50,1.544563137755102
Random,775,-0.6082807779312134,11.33091163635254,440,1,48,50,1.544563137755102
Superpixel,1867,5.644696235656738,13.593206405639648,441,1,43,50,3.720902423469388
CAM,1867,3.707161903381348,13.593206405639648,441,1,43,50,3.720902423469388
FAM,1867,-0.5335097312927246,13.593206405639648,441,1,43,50,3.720902423469388
Random,1867,0.9789120554924012,13.593206405639648,441,1,43,50,3.720902423469388
Superpixel,910,6.072279930114746,12.406341552734377,442,1,46,50,1.813616071428572
CAM,910,3.040752410888672,12.406341552734377,442,1,46,50,1.813616071428572
FAM,910,3.167715311050415,12.406341552734377,442,1,46,50,1.813616071428572
Random,910,2.250898599624634,12.406341552734377,442,1,46,50,1.813616071428572
Superpixel,614,4.995687961578369,17.11969757080078,443,1,41,50,1.2236926020408163
CAM,614,2.509077548980713,17.11969757080078,443,1,41,50,1.2236926020408163
FAM,614,2.682903528213501,17.11969757080078,443,1,41,50,1.2236926020408163
Random,614,2.6663601398468018,17.11969757080078,443,1,41,50,1.2236926020408163
Superpixel,1135,4.753614902496338,12.829252243041992,444,1,45,50,2.2620376275510203
CAM,1135,4.13316535949707,12.829252243041992,444,1,45,50,2.2620376275510203
FAM,1135,3.155895709991455,12.829252243041992,444,1,45,50,2.2620376275510203
Random,1135,3.745040893554688,12.829252243041992,444,1,45,50,2.2620376275510203
Superpixel,1119,5.359324455261231,11.656576156616213,445,1,49,50,2.23014987244898
CAM,1119,3.37799072265625,11.656576156616213,445,1,49,50,2.23014987244898
FAM,1119,2.6512792110443115,11.656576156616213,445,1,49,50,2.23014987244898
Random,1119,2.646348476409912,11.656576156616213,445,1,49,50,2.23014987244898
Superpixel,562,6.046667098999023,13.522462844848633,446,1,44,50,1.1200573979591837
CAM,562,3.0926198959350586,13.522462844848633,446,1,44,50,1.1200573979591837
FAM,562,2.8042683601379395,13.522462844848633,446,1,44,50,1.1200573979591837
Random,562,1.900546908378601,13.522462844848633,446,1,44,50,1.1200573979591837
Superpixel,1283,6.56942892074585,15.200650215148926,447,1,43,50,2.556999362244898
CAM,1283,5.888096809387207,15.200650215148926,447,1,43,50,2.556999362244898
FAM,1283,2.1036863327026367,15.200650215148926,447,1,43,50,2.556999362244898
Random,1283,2.1630289554595947,15.200650215148926,447,1,43,50,2.556999362244898
Superpixel,1832,5.580583572387695,15.618755340576172,448,1,47,50,3.651147959183673
CAM,1832,3.2216625213623047,15.618755340576172,448,1,47,50,3.651147959183673
FAM,1832,5.038475513458252,15.618755340576172,448,1,47,50,3.651147959183673
Random,1832,3.1352107524871826,15.618755340576172,448,1,47,50,3.651147959183673
Superpixel,901,7.454732894897461,10.138473510742188,449,1,41,50,1.7956792091836735
CAM,901,3.3486862182617188,10.138473510742188,449,1,41,50,1.7956792091836735
FAM,901,2.833354949951172,10.138473510742188,449,1,41,50,1.7956792091836735
Random,901,2.2505643367767334,10.138473510742188,449,1,41,50,1.7956792091836735
Superpixel,910,5.663159370422363,11.010433197021484,450,1,45,50,1.813616071428572
CAM,910,2.7739295959472656,11.010433197021484,450,1,45,50,1.813616071428572
FAM,910,2.711453437805176,11.010433197021484,450,1,45,50,1.813616071428572
Random,910,2.2107765674591064,11.010433197021484,450,1,45,50,1.813616071428572
Superpixel,869,5.165006637573242,13.473461151123049,451,1,47,50,1.7319036989795915
CAM,869,2.070046186447144,13.473461151123049,451,1,47,50,1.7319036989795915
FAM,869,3.274460792541504,13.473461151123049,451,1,47,50,1.7319036989795915
Random,869,2.511249542236328,13.473461151123049,451,1,47,50,1.7319036989795915
Superpixel,1504,6.484002113342285,13.558069229125977,452,1,45,50,2.9974489795918364
CAM,1504,5.603615760803223,13.558069229125977,452,1,45,50,2.9974489795918364
FAM,1504,3.204813003540039,13.558069229125977,452,1,45,50,2.9974489795918364
Random,1504,2.5466175079345703,13.558069229125977,452,1,45,50,2.9974489795918364
Superpixel,679,5.375205993652344,15.751117706298828,453,1,45,50,1.3532366071428572
CAM,679,2.182090759277344,15.751117706298828,453,1,45,50,1.3532366071428572
FAM,679,2.236550807952881,15.751117706298828,453,1,45,50,1.3532366071428572
Random,679,2.637627601623535,15.751117706298828,453,1,45,50,1.3532366071428572
Superpixel,1197,6.599544048309326,10.423739433288574,454,1,46,50,2.3856026785714284
CAM,1197,3.781348705291748,10.423739433288574,454,1,46,50,2.3856026785714284
FAM,1197,3.7662878036499023,10.423739433288574,454,1,46,50,2.3856026785714284
Random,1197,2.8202056884765625,10.423739433288574,454,1,46,50,2.3856026785714284
Superpixel,836,3.5452370643615723,12.612786293029783,455,1,48,50,1.6661352040816326
CAM,836,2.79915452003479,12.612786293029783,455,1,48,50,1.6661352040816326
FAM,836,2.559217929840088,12.612786293029783,455,1,48,50,1.6661352040816326
Random,836,2.1272575855255127,12.612786293029783,455,1,48,50,1.6661352040816326
Superpixel,1842,9.0846529006958,14.01921272277832,456,1,46,50,3.671077806122449
CAM,1842,5.82398796081543,14.01921272277832,456,1,46,50,3.671077806122449
FAM,1842,2.675770998001098,14.01921272277832,456,1,46,50,3.671077806122449
Random,1842,2.6978249549865723,14.01921272277832,456,1,46,50,3.671077806122449
Superpixel,900,2.47139310836792,7.960134506225586,457,1,47,50,1.7936862244897962
CAM,900,0.562784731388092,7.960134506225586,457,1,47,50,1.7936862244897962
FAM,900,0.10862697660923,7.960134506225586,457,1,47,50,1.7936862244897962
Random,900,1.691825032234192,7.960134506225586,457,1,47,50,1.7936862244897962
Superpixel,1205,1.369182825088501,12.166885375976562,458,1,45,50,2.401546556122449
CAM,1205,1.9117796421051023,12.166885375976562,458,1,45,50,2.401546556122449
FAM,1205,0.466153085231781,12.166885375976562,458,1,45,50,2.401546556122449
Random,1205,0.8417048454284668,12.166885375976562,458,1,45,50,2.401546556122449
Superpixel,2033,1.693509578704834,14.432561874389648,459,1,44,50,4.051737882653061
CAM,2033,1.4306719303131104,14.432561874389648,459,1,44,50,4.051737882653061
FAM,2033,0.6427403688430786,14.432561874389648,459,1,44,50,4.051737882653061
Random,2033,2.258142471313477,14.432561874389648,459,1,44,50,4.051737882653061
Superpixel,754,1.8902487754821775,15.38392734527588,460,1,41,50,1.5027104591836735
CAM,754,0.4929820895195007,15.38392734527588,460,1,41,50,1.5027104591836735
FAM,754,0.5513960123062134,15.38392734527588,460,1,41,50,1.5027104591836735
Random,754,0.6643195748329163,15.38392734527588,460,1,41,50,1.5027104591836735
Superpixel,1419,2.4440181255340576,13.74164867401123,461,1,43,50,2.828045280612245
CAM,1419,1.4365278482437134,13.74164867401123,461,1,43,50,2.828045280612245
FAM,1419,1.7192083597183228,13.74164867401123,461,1,43,50,2.828045280612245
Random,1419,1.827797532081604,13.74164867401123,461,1,43,50,2.828045280612245
Superpixel,1809,1.9422755241394043,12.440019607543944,462,1,43,50,3.6053093112244894
CAM,1809,1.986357808113098,12.440019607543944,462,1,43,50,3.6053093112244894
FAM,1809,0.4469438195228576,12.440019607543944,462,1,43,50,3.6053093112244894
Random,1809,0.8806962966918945,12.440019607543944,462,1,43,50,3.6053093112244894
Superpixel,2246,2.8394336700439453,17.04639434814453,463,1,42,50,4.47624362244898
CAM,2246,1.5473908185958862,17.04639434814453,463,1,42,50,4.47624362244898
FAM,2246,1.3968452215194702,17.04639434814453,463,1,42,50,4.47624362244898
Random,2246,1.9454500675201416,17.04639434814453,463,1,42,50,4.47624362244898
Superpixel,1494,2.228426694869995,11.91197681427002,464,1,43,50,2.977519132653061
CAM,1494,0.8600757718086243,11.91197681427002,464,1,43,50,2.977519132653061
FAM,1494,0.8703855276107788,11.91197681427002,464,1,43,50,2.977519132653061
Random,1494,0.9114832878112792,11.91197681427002,464,1,43,50,2.977519132653061
Superpixel,1160,2.276602506637573,10.815690994262695,465,1,41,50,2.3118622448979598
CAM,1160,0.867835521697998,10.815690994262695,465,1,41,50,2.3118622448979598
FAM,1160,0.4431307315826416,10.815690994262695,465,1,41,50,2.3118622448979598
Random,1160,-0.2103782743215561,10.815690994262695,465,1,41,50,2.3118622448979598
Superpixel,1147,4.8053388595581055,8.3627290725708,466,1,45,50,2.285953443877551
CAM,1147,8.097079277038574,8.3627290725708,466,1,45,50,2.285953443877551
FAM,1147,1.898645281791687,8.3627290725708,466,1,45,50,2.285953443877551
Random,1147,1.0050594806671145,8.3627290725708,466,1,45,50,2.285953443877551
Superpixel,1592,2.2089736461639404,13.153190612792969,467,1,47,50,3.172831632653061
CAM,1592,1.3000671863555908,13.153190612792969,467,1,47,50,3.172831632653061
FAM,1592,1.5436660051345823,13.153190612792969,467,1,47,50,3.172831632653061
Random,1592,2.391540288925171,13.153190612792969,467,1,47,50,3.172831632653061
Superpixel,865,4.272986888885498,8.847951889038086,468,1,47,50,1.7239317602040818
CAM,865,1.499232292175293,8.847951889038086,468,1,47,50,1.7239317602040818
FAM,865,0.5825737714767456,8.847951889038086,468,1,47,50,1.7239317602040818
Random,865,1.057417631149292,8.847951889038086,468,1,47,50,1.7239317602040818
Superpixel,1087,1.944201111793518,9.869564056396484,469,1,44,50,2.166374362244898
CAM,1087,1.1860908269882202,9.869564056396484,469,1,44,50,2.166374362244898
FAM,1087,1.466729998588562,9.869564056396484,469,1,44,50,2.166374362244898
Random,1087,1.002776265144348,9.869564056396484,469,1,44,50,2.166374362244898
Superpixel,1542,1.7605561017990112,8.535066604614258,470,1,41,50,3.0731823979591835
CAM,1542,0.5969245433807373,8.535066604614258,470,1,41,50,3.0731823979591835
FAM,1542,3.306363821029663,8.535066604614258,470,1,41,50,3.0731823979591835
Random,1542,1.2564024925231934,8.535066604614258,470,1,41,50,3.0731823979591835
Superpixel,1252,2.440858840942383,12.632489204406738,471,1,40,50,2.4952168367346936
CAM,1252,0.9958763122558594,12.632489204406738,471,1,40,50,2.4952168367346936
FAM,1252,1.578410506248474,12.632489204406738,471,1,40,50,2.4952168367346936
Random,1252,1.649112105369568,12.632489204406738,471,1,40,50,2.4952168367346936
Superpixel,1772,2.377014398574829,12.620854377746582,472,1,39,50,3.5315688775510203
CAM,1772,0.5954214334487915,12.620854377746582,472,1,39,50,3.5315688775510203
FAM,1772,0.3928075432777405,12.620854377746582,472,1,39,50,3.5315688775510203
Random,1772,2.812272310256958,12.620854377746582,472,1,39,50,3.5315688775510203
Superpixel,1193,2.873570680618286,13.987737655639648,473,1,45,50,2.377630739795918
CAM,1193,1.2518805265426636,13.987737655639648,473,1,45,50,2.377630739795918
FAM,1193,0.5035158395767212,13.987737655639648,473,1,45,50,2.377630739795918
Random,1193,0.8987442255020142,13.987737655639648,473,1,45,50,2.377630739795918
Superpixel,1073,3.1102569103240967,8.992033958435059,474,1,48,50,2.1384725765306123
CAM,1073,0.6198996305465698,8.992033958435059,474,1,48,50,2.1384725765306123
FAM,1073,0.9330435991287231,8.992033958435059,474,1,48,50,2.1384725765306123
Random,1073,0.5033197999000549,8.992033958435059,474,1,48,50,2.1384725765306123
Superpixel,1507,1.46942400932312,13.59919548034668,475,1,48,50,3.003427933673469
CAM,1507,1.1908183097839355,13.59919548034668,475,1,48,50,3.003427933673469
FAM,1507,0.831162691116333,13.59919548034668,475,1,48,50,3.003427933673469
Random,1507,0.8932749032974243,13.59919548034668,475,1,48,50,3.003427933673469
Superpixel,1750,2.4087069034576416,11.059993743896484,476,1,45,50,3.4877232142857144
CAM,1750,1.8455897569656368,11.059993743896484,476,1,45,50,3.4877232142857144
FAM,1750,0.988495945930481,11.059993743896484,476,1,45,50,3.4877232142857144
Random,1750,2.428065538406372,11.059993743896484,476,1,45,50,3.4877232142857144
Superpixel,1067,2.0981619358062744,9.515256881713867,477,1,48,50,2.126514668367347
CAM,1067,1.2838391065597534,9.515256881713867,477,1,48,50,2.126514668367347
FAM,1067,0.3409531116485595,9.515256881713867,477,1,48,50,2.126514668367347
Random,1067,1.3041213750839231,9.515256881713867,477,1,48,50,2.126514668367347
Superpixel,1228,1.403971791267395,8.106038093566895,478,1,46,50,2.4473852040816326
CAM,1228,-0.5406484603881836,8.106038093566895,478,1,46,50,2.4473852040816326
FAM,1228,-0.2115070968866348,8.106038093566895,478,1,46,50,2.4473852040816326
Random,1228,-0.4251149296760559,8.106038093566895,478,1,46,50,2.4473852040816326
Superpixel,1447,2.033247947692871,9.32462215423584,479,1,43,50,2.8838488520408165
CAM,1447,-2.0650174617767334,9.32462215423584,479,1,43,50,2.8838488520408165
FAM,1447,-0.3500363528728485,9.32462215423584,479,1,43,50,2.8838488520408165
Random,1447,-0.3905157744884491,9.32462215423584,479,1,43,50,2.8838488520408165
Superpixel,1215,1.5787596702575684,8.69333267211914,480,1,44,50,2.4214764030612246
CAM,1215,0.3053789436817169,8.69333267211914,480,1,44,50,2.4214764030612246
FAM,1215,-0.1391501277685165,8.69333267211914,480,1,44,50,2.4214764030612246
Random,1215,1.1223253011703491,8.69333267211914,480,1,44,50,2.4214764030612246
Superpixel,1143,2.455000638961792,12.91010856628418,481,1,44,50,2.2779815051020407
CAM,1143,2.0829501152038574,12.91010856628418,481,1,44,50,2.2779815051020407
FAM,1143,1.2272378206253052,12.91010856628418,481,1,44,50,2.2779815051020407
Random,1143,1.2094274759292605,12.91010856628418,481,1,44,50,2.2779815051020407
Superpixel,1788,2.282622098922729,11.24067497253418,482,1,44,50,3.563456632653061
CAM,1788,0.6454298496246338,11.24067497253418,482,1,44,50,3.563456632653061
FAM,1788,0.014542669057846,11.24067497253418,482,1,44,50,3.563456632653061
Random,1788,0.8717218637466431,11.24067497253418,482,1,44,50,3.563456632653061
Superpixel,1022,3.404510259628296,12.510856628417969,483,1,39,50,2.036830357142857
CAM,1022,1.4317795038223269,12.510856628417969,483,1,39,50,2.036830357142857
FAM,1022,0.6393046379089355,12.510856628417969,483,1,39,50,2.036830357142857
Random,1022,1.5634701251983645,12.510856628417969,483,1,39,50,2.036830357142857
Superpixel,1758,2.8131840229034424,13.336052894592283,484,1,38,50,3.5036670918367347
CAM,1758,1.0180691480636597,13.336052894592283,484,1,38,50,3.5036670918367347
FAM,1758,1.5331157445907593,13.336052894592283,484,1,38,50,3.5036670918367347
Random,1758,1.264272928237915,13.336052894592283,484,1,38,50,3.5036670918367347
Superpixel,1045,2.6074068546295166,11.77963161468506,485,1,42,50,2.0826690051020407
CAM,1045,0.8245540857315063,11.77963161468506,485,1,42,50,2.0826690051020407
FAM,1045,0.4704968929290771,11.77963161468506,485,1,42,50,2.0826690051020407
Random,1045,0.993643045425415,11.77963161468506,485,1,42,50,2.0826690051020407
Superpixel,682,2.3275606632232666,14.067773818969728,486,1,48,50,1.3592155612244898
CAM,682,-0.2572201192378998,14.067773818969728,486,1,48,50,1.3592155612244898
FAM,682,-0.3288891911506653,14.067773818969728,486,1,48,50,1.3592155612244898
Random,682,-0.0435594841837883,14.067773818969728,486,1,48,50,1.3592155612244898
Superpixel,1054,2.2778878211975098,13.88963222503662,487,1,45,50,2.100605867346939
CAM,1054,0.6571165919303894,13.88963222503662,487,1,45,50,2.100605867346939
FAM,1054,2.05407190322876,13.88963222503662,487,1,45,50,2.100605867346939
Random,1054,-0.5940504670143127,13.88963222503662,487,1,45,50,2.100605867346939
Superpixel,1487,0.6780588030815125,8.470479011535645,488,1,45,50,2.963568239795918
CAM,1487,0.4321586489677429,8.470479011535645,488,1,45,50,2.963568239795918
FAM,1487,0.7447487711906433,8.470479011535645,488,1,45,50,2.963568239795918
Random,1487,-1.329286813735962,8.470479011535645,488,1,45,50,2.963568239795918
Superpixel,766,2.284554004669189,12.820167541503906,489,1,43,50,1.526626275510204
CAM,766,0.4609580636024475,12.820167541503906,489,1,43,50,1.526626275510204
FAM,766,0.6460040807723999,12.820167541503906,489,1,43,50,1.526626275510204
Random,766,0.0442291423678398,12.820167541503906,489,1,43,50,1.526626275510204
Superpixel,2564,3.869073152542114,14.74143409729004,490,1,39,50,5.110012755102041
CAM,2564,-0.3475190103054046,14.74143409729004,490,1,39,50,5.110012755102041
FAM,2564,-0.06610057502985,14.74143409729004,490,1,39,50,5.110012755102041
Random,2564,-2.218888282775879,14.74143409729004,490,1,39,50,5.110012755102041
Superpixel,870,3.0082287788391118,8.130158424377441,491,1,49,50,1.7338966836734693
CAM,870,0.8195483684539795,8.130158424377441,491,1,49,50,1.7338966836734693
FAM,870,-0.1600734591484069,8.130158424377441,491,1,49,50,1.7338966836734693
Random,870,1.1593655347824097,8.130158424377441,491,1,49,50,1.7338966836734693
Superpixel,706,1.3622974157333374,16.23480224609375,492,1,47,50,1.407047193877551
CAM,706,-0.4471307396888733,16.23480224609375,492,1,47,50,1.407047193877551
FAM,706,0.6474832892417908,16.23480224609375,492,1,47,50,1.407047193877551
Random,706,-0.0983783528208732,16.23480224609375,492,1,47,50,1.407047193877551
Superpixel,570,1.401865839958191,16.02787971496582,493,1,48,50,1.136001275510204
CAM,570,-0.2238518148660659,16.02787971496582,493,1,48,50,1.136001275510204
FAM,570,0.0656609758734703,16.02787971496582,493,1,48,50,1.136001275510204
Random,570,-0.0732215419411659,16.02787971496582,493,1,48,50,1.136001275510204
Superpixel,2180,1.117029309272766,13.967168807983398,494,1,45,50,4.344706632653061
CAM,2180,0.5164842009544373,13.967168807983398,494,1,45,50,4.344706632653061
FAM,2180,0.9101226925849916,13.967168807983398,494,1,45,50,4.344706632653061
Random,2180,-0.8905483484268188,13.967168807983398,494,1,45,50,4.344706632653061
Superpixel,1125,2.9777379035949707,15.738525390625,495,1,42,50,2.242107780612245
CAM,1125,-0.2930832207202911,15.738525390625,495,1,42,50,2.242107780612245
FAM,1125,1.5537084341049194,15.738525390625,495,1,42,50,2.242107780612245
Random,1125,0.637577474117279,15.738525390625,495,1,42,50,2.242107780612245
Superpixel,1746,3.625598907470703,10.49150562286377,496,1,44,50,3.479751275510204
CAM,1746,-0.0737449005246162,10.49150562286377,496,1,44,50,3.479751275510204
FAM,1746,0.4325804412364959,10.49150562286377,496,1,44,50,3.479751275510204
Random,1746,-0.4275765120983124,10.49150562286377,496,1,44,50,3.479751275510204
Superpixel,771,1.369662880897522,13.761595726013184,497,1,48,50,1.5365911989795915
CAM,771,0.1175635084509849,13.761595726013184,497,1,48,50,1.5365911989795915
FAM,771,-0.0607376173138618,13.761595726013184,497,1,48,50,1.5365911989795915
Random,771,0.6175795197486877,13.761595726013184,497,1,48,50,1.5365911989795915
Superpixel,1168,3.977912187576294,15.232110977172852,498,1,49,50,2.32780612244898
CAM,1168,0.7625823616981506,15.232110977172852,498,1,49,50,2.32780612244898
FAM,1168,0.6631169319152832,15.232110977172852,498,1,49,50,2.32780612244898
Random,1168,-1.2588080167770386,15.232110977172852,498,1,49,50,2.32780612244898
Superpixel,577,0.6861853003501892,11.105846405029297,499,1,46,50,1.1499521683673468
CAM,577,0.2360142022371292,11.105846405029297,499,1,46,50,1.1499521683673468
FAM,577,0.3797008991241455,11.105846405029297,499,1,46,50,1.1499521683673468
Random,577,-0.4193470776081085,11.105846405029297,499,1,46,50,1.1499521683673468
